=== [capture] started 2026-08-07 20:24:46 pid=10308 ===
=== [capture] attached port=COM118 2026-08-07 20:24:46 pid=10308 ===

[build] env=blipscope-s3-128 fw=v5 features=no-cloud
[build] confirm this matches the image you intended BEFORE diagnosing any symptom
[ota-slot] boot running=app0 @0x020000 state=UNDEFINED next=app1 fw=5
[disp] tft.init=1 240x240  backbuffer ok; psram_free=8326252 heap_free=290240
*wm:v2.0.17  D:2
[WiFi] no saved credentials: portal stays up indefinitely for first setup
[wifi-reset] boot touch window: driver=1 polls=147 touched=0
[WiFi] fast join: ch=1 bssid=60:B7:6E:8D:38:2A
[WiFi] STA started; hostname=Blipscope-326E20, TX 19.5dBm
[WiFi] Associated with "Tony", waiting for IP...
[WiFi] CONNECTED  IP=192.168.86.32  RSSI=-60 dBm
[WiFi] fast join OK in 1650 ms
[WiFi] pinned AP ch=1 RSSI=-60 dBm for the next boot
[ota] channel=s3-128 current=5 latest=4
[web] config server listening on :80 (http://Blipscope-326E20.local)
[logbook] loaded 220 types (75 claimed), 120 airlines (9), 38 countries (3), 17561 contacts
[adsbdb] a9fd11 -> type=R44 operator=Leading Edge Flight Academy reg=N7425T
[dim] brightness -> 51 (night)
[adsbdb] a214de -> type=E75L operator=American Eagle reg=N233NN
[adsbdb] acaec5 -> unknown aircraft
[health] frame avg=30.1ms p95=30.7ms max=32.7ms  n=3 ap=329  heap free=90044 largest=46068 free8=90044 tlsOk=1 rej=0  allocFail=0 hardFail=0  tls=3/2  interval=217632ms
[health] touch-wd wedges=0 recovered=0/0 (soft=0 hard=0) wakes=0 probes=2/0 maxOutage=0ms rebootRec=0
[GET] Handling request to config web server...
[GET] heap free=87076 largest-block=41972
[ 53990][E][Preferences.cpp:506] getString(): nvs_get_str len fail: local-details NOT_FOUND
[GET] Handling request to config web server...
[GET] heap free=86660 largest-block=41972
[ 56381][E][Preferences.cpp:506] getString(): nvs_get_str len fail: local-details NOT_FOUND
[GET] Handling request to config web server...
[GET] heap free=86404 largest-block=41972
[ 58729][E][Preferences.cpp:506] getString(): nvs_get_str len fail: local-details NOT_FOUND
[perf] 2026-08-08T03:25:47Z polls=1 busy=4%(fetch=1% enrich=2%) parse=2ms/poll bytes=0/poll ac=3/3 lag=avg0ms,max0ms gapMax=0ms episodes=0 cache=H0/S0/M0 enrichReqs=3
[health] frame avg=31.7ms p95=35.6ms max=108.7ms  n=3 ap=329  heap free=88848 largest=44020 free8=88848 tlsOk=1 rej=0  allocFail=0 hardFail=0  tls=3/2  interval=217632ms
[health] touch-wd wedges=0 recovered=0/0 (soft=0 hard=0) wakes=0 probes=5/0 maxOutage=0ms rebootRec=0
[GET] Handling request to config web server...
[GET] heap free=88044 largest-block=41972
[ 61076][E][Preferences.cpp:506] getString(): nvs_get_str len fail: local-details NOT_FOUND
[GET] Handling request to config web server...
[GET] heap free=85060 largest-block=39924
[ 63627][E][Preferences.cpp:506] getString(): nvs_get_str len fail: local-details NOT_FOUND
[GET] Handling request to config web server...
[GET] heap free=85636 largest-block=41972
[ 65941][E][Preferences.cpp:506] getString(): nvs_get_str len fail: local-details NOT_FOUND
[GET] Handling request to config web server...
[GET] heap free=84536 largest-block=41972
[ 68276][E][Preferences.cpp:506] getString(): nvs_get_str len fail: local-details NOT_FOUND
[GET] Handling request to config web server...
[GET] heap free=85124 largest-block=41972
[ 70635][E][Preferences.cpp:506] getString(): nvs_get_str len fail: local-details NOT_FOUND
[health] frame avg=29.3ms p95=30.4ms max=111.3ms  n=3 ap=329  heap free=87568 largest=44020 free8=87568 tlsOk=1 rej=0  allocFail=0 hardFail=0  tls=3/2  interval=217632ms
[health] touch-wd wedges=0 recovered=0/0 (soft=0 hard=0) wakes=0 probes=8/0 maxOutage=0ms rebootRec=0
[health] frame avg=28.4ms p95=28.5ms max=30.3ms  n=3 ap=329  heap free=85140 largest=41972 free8=85140 tlsOk=1 rej=0  allocFail=0 hardFail=0  tls=3/2  interval=217632ms
[health] touch-wd wedges=0 recovered=0/0 (soft=0 hard=0) wakes=0 probes=11/0 maxOutage=0ms rebootRec=0
[health] frame avg=28.4ms p95=28.5ms max=30.4ms  n=3 ap=329  heap free=85180 largest=41972 free8=85180 tlsOk=1 rej=0  allocFail=0 hardFail=0  tls=3/2  interval=217632ms
[health] touch-wd wedges=0 recovered=0/0 (soft=0 hard=0) wakes=0 probes=14/0 maxOutage=0ms rebootRec=0
[health] frame avg=28.4ms p95=28.6ms max=30.6ms  n=3 ap=329  heap free=85948 largest=41972 free8=85948 tlsOk=1 rej=0  allocFail=0 hardFail=0  tls=3/2  interval=217632ms
[health] touch-wd wedges=0 recovered=0/0 (soft=0 hard=0) wakes=0 probes=17/0 maxOutage=0ms rebootRec=0
[health] frame avg=28.4ms p95=28.5ms max=29.9ms  n=3 ap=329  heap free=87228 largest=44020 free8=87228 tlsOk=1 rej=0  allocFail=0 hardFail=0  tls=3/2  interval=217632ms
[health] touch-wd wedges=0 recovered=0/0 (soft=0 hard=0) wakes=0 probes=20/0 maxOutage=0ms rebootRec=0
[adsbdb] a7de30 -> type=C152 operator=Hillsboro Aero Academy LLC reg=N606GS
[adsbdb] ad5e27 -> type=B737 operator=Southwest Airlines reg=N960WN
[perf] 2026-08-08T03:28:47Z polls=1 busy=4%(fetch=1% enrich=2%) parse=2ms/poll bytes=0/poll ac=5/5 lag=avg0ms,max0ms gapMax=217649ms episodes=1 cache=H0/S0/M0 enrichReqs=2
[health] frame avg=30.5ms p95=31.1ms max=35.1ms  n=5 ap=329  heap free=87336 largest=40948 free8=87336 tlsOk=1 rej=0  allocFail=0 hardFail=0  tls=5/3  interval=217632ms
[health] touch-wd wedges=0 recovered=0/0 (soft=0 hard=0) wakes=0 probes=23/0 maxOutage=0ms rebootRec=0
[adsbdb] a4496c -> unknown aircraft
[adsbdb] a03d4e -> type=SH33 operator=United States Forestry Service reg=N114Z
[health] frame avg=30.6ms p95=31.2ms max=32.7ms  n=5 ap=329  heap free=87288 largest=40948 free8=87288 tlsOk=1 rej=0  allocFail=0 hardFail=0  tls=5/5  interval=217632ms
[health] touch-wd wedges=0 recovered=0/0 (soft=0 hard=0) wakes=0 probes=26/0 maxOutage=0ms rebootRec=0
[perf] 2026-08-08T03:29:47Z polls=0 busy=0%(fetch=0% enrich=0%) parse=0ms/poll bytes=0/poll ac=0/0 lag=avg0ms,max0ms gapMax=0ms episodes=0 cache=H0/S0/M0 enrichReqs=2
[health] frame avg=30.6ms p95=31.2ms max=32.7ms  n=5 ap=329  heap free=87288 largest=40948 free8=87288 tlsOk=1 rej=0  allocFail=0 hardFail=0  tls=5/5  interval=217632ms
[health] touch-wd wedges=0 recovered=0/0 (soft=0 hard=0) wakes=0 probes=29/0 maxOutage=0ms rebootRec=0
[health] frame avg=28.9ms p95=29.1ms max=32.0ms  n=5 ap=329  heap free=84880 largest=38900 free8=84880 tlsOk=1 rej=0  allocFail=0 hardFail=0  tls=5/5  interval=217632ms
[health] touch-wd wedges=0 recovered=0/0 (soft=0 hard=0) wakes=0 probes=32/0 maxOutage=0ms rebootRec=0
[touch] 342040 press (69,158) inDetail=0
[touch] 342128 release start=(69,158) end=(69,158) d=(0,0) held=88ms -> TAP
[adsbdb] route N3755G -> unknown
[touch] 345242 press (124,121) inDetail=1
[touch] 345359 release start=(124,121) end=(121,120) d=(-3,-1) held=117ms -> TAP
[touch] tap-in-detail hasPhoto=0 page=0 -> CLOSE
[touch] 346667 press (94,157) inDetail=0
[touch] 346784 release start=(94,157) end=(94,157) d=(0,0) held=117ms -> TAP
[touch] 348123 press (130,116) inDetail=1
[touch] 348210 release start=(130,116) end=(130,116) d=(0,0) held=87ms -> TAP
[touch] tap-in-detail hasPhoto=0 page=0 -> CLOSE
[touch] 349198 press (151,112) inDetail=0
[touch] 349285 release start=(151,112) end=(151,112) d=(0,0) held=87ms -> TAP
[adsbdb] route N7425T -> unknown
[touch] 353243 press (161,119) inDetail=1
[touch] 353301 release start=(161,119) end=(161,119) d=(0,0) held=58ms -> TAP
[touch] tap-in-detail hasPhoto=0 page=0 -> CLOSE
[touch] 354842 press (180,105) inDetail=0
[touch] 354958 release start=(180,105) end=(180,105) d=(0,0) held=116ms -> TAP
[adsbdb] route N606GS -> unknown
[touch] 357793 press (147,108) inDetail=1
[touch] 357881 release start=(147,108) end=(147,107) d=(0,-1) held=88ms -> TAP
[touch] tap-in-detail hasPhoto=0 page=0 -> CLOSE
[touch] 358723 press (200,155) inDetail=0
[touch] 358869 release start=(200,155) end=(199,155) d=(-1,0) held=146ms -> TAP
[adsbdb] route SWA1309 -> SJC->SNA
[perf] 2026-08-08T03:30:47Z polls=0 busy=3%(fetch=0% enrich=3%) parse=0ms/poll bytes=0/poll ac=0/0 lag=avg0ms,max0ms gapMax=0ms episodes=1 cache=H0/S0/M0 enrichReqs=4
[health] frame avg=29.3ms p95=29.7ms max=41.4ms  n=5 ap=329  heap free=87412 largest=39924 free8=87412 tlsOk=1 rej=0  allocFail=0 hardFail=0  tls=7/8  interval=217632ms
[health] touch-wd wedges=0 recovered=0/0 (soft=0 hard=0) wakes=0 probes=44/0 maxOutage=0ms rebootRec=0
[touch] 365453 press (148,108) inDetail=1
[touch] 365542 release start=(148,108) end=(147,107) d=(-1,-1) held=89ms -> TAP
[touch] tap-in-detail hasPhoto=1 page=0 -> flip-to-data
[touch] 367013 press (139,115) inDetail=1
[touch] 367102 release start=(139,115) end=(139,115) d=(0,0) held=89ms -> TAP
[touch] tap-in-detail hasPhoto=1 page=1 -> CLOSE
[touch] 368118 press (151,115) inDetail=0
[touch] 368206 release start=(151,115) end=(151,115) d=(0,0) held=88ms -> TAP
[touch] 371867 press (126,98) inDetail=1
[touch] 371955 release start=(126,98) end=(126,97) d=(0,-1) held=88ms -> TAP
[touch] tap-in-detail hasPhoto=0 page=0 -> CLOSE
[health] frame avg=29.0ms p95=29.1ms max=30.9ms  n=5 ap=329  heap free=87412 largest=39924 free8=87412 tlsOk=1 rej=0  allocFail=0 hardFail=0  tls=7/8  interval=217632ms
[health] touch-wd wedges=0 recovered=0/0 (soft=0 hard=0) wakes=0 probes=51/0 maxOutage=0ms rebootRec=0
[perf] 2026-08-08T03:31:47Z polls=0 busy=1%(fetch=0% enrich=1%) parse=0ms/poll bytes=0/poll ac=0/0 lag=avg0ms,max0ms gapMax=0ms episodes=0 cache=H0/S0/M0 enrichReqs=1
[health] frame avg=29.0ms p95=29.1ms max=31.4ms  n=5 ap=329  heap free=87412 largest=39924 free8=87412 tlsOk=1 rej=0  allocFail=0 hardFail=0  tls=7/8  interval=217632ms
[health] touch-wd wedges=0 recovered=0/0 (soft=0 hard=0) wakes=0 probes=54/0 maxOutage=0ms rebootRec=0
[health] frame avg=29.8ms p95=31.4ms max=34.3ms  n=5 ap=329  heap free=84256 largest=35828 free8=84256 tlsOk=1 rej=0  allocFail=0 hardFail=0  tls=8/8  interval=217632ms
[health] touch-wd wedges=0 recovered=0/0 (soft=0 hard=0) wakes=0 probes=57/0 maxOutage=0ms rebootRec=0
[perf] 2026-08-08T03:32:47Z polls=1 busy=1%(fetch=1% enrich=0%) parse=2ms/poll bytes=0/poll ac=5/5 lag=avg0ms,max0ms gapMax=217763ms episodes=0 cache=H0/S0/M0 enrichReqs=0
[health] frame avg=30.7ms p95=31.3ms max=33.3ms  n=5 ap=329  heap free=84512 largest=35828 free8=84512 tlsOk=1 rej=0  allocFail=0 hardFail=0  tls=8/8  interval=217632ms
[health] touch-wd wedges=0 recovered=0/0 (soft=0 hard=0) wakes=0 probes=60/0 maxOutage=0ms rebootRec=0
[health] frame avg=30.5ms p95=31.1ms max=32.9ms  n=5 ap=329  heap free=84504 largest=35828 free8=84504 tlsOk=1 rej=0  allocFail=0 hardFail=0  tls=8/8  interval=217632ms
[health] touch-wd wedges=0 recovered=0/0 (soft=0 hard=0) wakes=0 probes=63/0 maxOutage=0ms rebootRec=0
[health] frame avg=28.9ms p95=29.1ms max=32.7ms  n=5 ap=329  heap free=82088 largest=33780 free8=82088 tlsOk=1 rej=0  allocFail=0 hardFail=0  tls=8/8  interval=217632ms
[health] touch-wd wedges=0 recovered=0/0 (soft=0 hard=0) wakes=0 probes=66/0 maxOutage=0ms rebootRec=0
[health] frame avg=28.9ms p95=29.2ms max=31.1ms  n=5 ap=329  heap free=82088 largest=33780 free8=82088 tlsOk=1 rej=0  allocFail=0 hardFail=0  tls=8/8  interval=217632ms
[health] touch-wd wedges=0 recovered=0/0 (soft=0 hard=0) wakes=0 probes=69/0 maxOutage=0ms rebootRec=0
[health] frame avg=28.9ms p95=29.3ms max=31.3ms  n=5 ap=329  heap free=82088 largest=33780 free8=82088 tlsOk=1 rej=0  allocFail=0 hardFail=0  tls=8/8  interval=217632ms
[health] touch-wd wedges=0 recovered=0/0 (soft=0 hard=0) wakes=0 probes=72/0 maxOutage=0ms rebootRec=0
[logbook] persisted (75/220 types claimed, 120 airlines, 38 countries, 17568 contacts; 10749 B blobs, 1970 NVS entries free)
[health] frame avg=28.9ms p95=29.0ms max=87.6ms  n=5 ap=329  heap free=82088 largest=33780 free8=82088 tlsOk=1 rej=0  allocFail=0 hardFail=0  tls=8/8  interval=217632ms
[health] touch-wd wedges=0 recovered=0/0 (soft=0 hard=0) wakes=0 probes=75/0 maxOutage=0ms rebootRec=0
[health] frame avg=28.9ms p95=29.0ms max=31.6ms  n=5 ap=329  heap free=82088 largest=33780 free8=82088 tlsOk=1 rej=0  allocFail=0 hardFail=0  tls=8/8  interval=217632ms
[health] touch-wd wedges=0 recovered=0/0 (soft=0 hard=0) wakes=0 probes=78/0 maxOutage=0ms rebootRec=0
[GET] stale keep-alive (-2) on reused socket; retrying fresh
[adsbdb] a9db89 -> type=C172 operator=Leading Edge Aviation reg=N734ST
[adsbdb] a35ec2 -> type=E75L operator=SkyWest Airlines reg=N316SY
[adsbdb] a2b1ab -> type=B739 operator=Alaska Airlines reg=N273AK
[adsbdb] a10dee -> unknown aircraft
[health] frame avg=31.1ms p95=31.8ms max=36.4ms  n=8 ap=329  heap free=83940 largest=36852 free8=83940 tlsOk=1 rej=0  allocFail=0 hardFail=0  tls=9/12  interval=217632ms
[health] touch-wd wedges=0 recovered=0/0 (soft=0 hard=0) wakes=0 probes=81/0 maxOutage=0ms rebootRec=0
[perf] 2026-08-08T03:36:47Z polls=1 busy=4%(fetch=1% enrich=3%) parse=3ms/poll bytes=0/poll ac=8/8 lag=avg0ms,max0ms gapMax=217509ms episodes=1 cache=H0/S0/M0 enrichReqs=4
[health] frame avg=31.2ms p95=32.1ms max=33.6ms  n=8 ap=329  heap free=83940 largest=36852 free8=83940 tlsOk=1 rej=0  allocFail=0 hardFail=0  tls=9/12  interval=217632ms
[health] touch-wd wedges=0 recovered=0/0 (soft=0 hard=0) wakes=0 probes=84/0 maxOutage=0ms rebootRec=0
[health] frame avg=29.5ms p95=29.8ms max=33.3ms  n=8 ap=329  heap free=81532 largest=34804 free8=81532 tlsOk=1 rej=0  allocFail=0 hardFail=0  tls=9/12  interval=217632ms
[health] touch-wd wedges=0 recovered=0/0 (soft=0 hard=0) wakes=0 probes=87/0 maxOutage=0ms rebootRec=0
[health] frame avg=29.5ms p95=29.7ms max=32.1ms  n=8 ap=329  heap free=81532 largest=34804 free8=81532 tlsOk=1 rej=0  allocFail=0 hardFail=0  tls=9/12  interval=217632ms
[health] touch-wd wedges=0 recovered=0/0 (soft=0 hard=0) wakes=0 probes=90/0 maxOutage=0ms rebootRec=0
[health] frame avg=29.6ms p95=29.8ms max=31.7ms  n=8 ap=329  heap free=81532 largest=34804 free8=81532 tlsOk=1 rej=0  allocFail=0 hardFail=0  tls=9/12  interval=217632ms
[health] touch-wd wedges=0 recovered=0/0 (soft=0 hard=0) wakes=0 probes=93/0 maxOutage=0ms rebootRec=0
[health] frame avg=29.6ms p95=29.8ms max=31.9ms  n=8 ap=329  heap free=81532 largest=34804 free8=81532 tlsOk=1 rej=0  allocFail=0 hardFail=0  tls=9/12  interval=217632ms
[health] touch-wd wedges=0 recovered=0/0 (soft=0 hard=0) wakes=0 probes=96/0 maxOutage=0ms rebootRec=0
[health] frame avg=29.6ms p95=29.8ms max=32.5ms  n=8 ap=329  heap free=81532 largest=34804 free8=81532 tlsOk=1 rej=0  allocFail=0 hardFail=0  tls=9/12  interval=217632ms
[health] touch-wd wedges=0 recovered=0/0 (soft=0 hard=0) wakes=0 probes=99/0 maxOutage=0ms rebootRec=0
[adsbdb] a73220 -> type=B738 operator=Alaska Airlines reg=N563AS
[adsbdb] a32c1e -> type=E75L operator=Delta Connection reg=N303SY
[adsbdb] aaa0fc -> type=CRJ7 operator=United Express reg=N784SK
[perf] 2026-08-08T03:39:47Z polls=1 busy=4%(fetch=1% enrich=2%) parse=3ms/poll bytes=0/poll ac=8/8 lag=avg0ms,max0ms gapMax=217723ms episodes=1 cache=H0/S0/M0 enrichReqs=3
[health] frame avg=31.2ms p95=31.8ms max=37.5ms  n=8 ap=329  heap free=83856 largest=34804 free8=83856 tlsOk=1 rej=0  allocFail=0 hardFail=0  tls=11/14  interval=217632ms
[health] touch-wd wedges=0 recovered=0/0 (soft=0 hard=0) wakes=0 probes=102/0 maxOutage=0ms rebootRec=0
[health] frame avg=31.3ms p95=32.0ms max=34.1ms  n=8 ap=329  heap free=83856 largest=34804 free8=83856 tlsOk=1 rej=0  allocFail=0 hardFail=0  tls=11/14  interval=217632ms
[health] touch-wd wedges=0 recovered=0/0 (soft=0 hard=0) wakes=0 probes=105/0 maxOutage=0ms rebootRec=0
[health] frame avg=30.7ms p95=31.8ms max=33.8ms  n=8 ap=329  heap free=81440 largest=34804 free8=81440 tlsOk=1 rej=0  allocFail=0 hardFail=0  tls=11/14  interval=217632ms
[health] touch-wd wedges=0 recovered=0/0 (soft=0 hard=0) wakes=0 probes=108/0 maxOutage=0ms rebootRec=0
[health] frame avg=29.6ms p95=29.8ms max=31.9ms  n=8 ap=329  heap free=81440 largest=34804 free8=81440 tlsOk=1 rej=0  allocFail=0 hardFail=0  tls=11/14  interval=217632ms
[health] touch-wd wedges=0 recovered=0/0 (soft=0 hard=0) wakes=0 probes=111/0 maxOutage=0ms rebootRec=0
[health] frame avg=29.6ms p95=29.7ms max=32.4ms  n=8 ap=329  heap free=81440 largest=34804 free8=81440 tlsOk=1 rej=0  allocFail=0 hardFail=0  tls=11/14  interval=217632ms
[health] touch-wd wedges=0 recovered=0/0 (soft=0 hard=0) wakes=0 probes=114/0 maxOutage=0ms rebootRec=0
[health] frame avg=29.6ms p95=29.7ms max=31.8ms  n=8 ap=329  heap free=81440 largest=34804 free8=81440 tlsOk=1 rej=0  allocFail=0 hardFail=0  tls=11/14  interval=217632ms
[health] touch-wd wedges=0 recovered=0/0 (soft=0 hard=0) wakes=0 probes=117/0 maxOutage=0ms rebootRec=0
[health] frame avg=29.6ms p95=29.9ms max=31.7ms  n=8 ap=329  heap free=81440 largest=34804 free8=81440 tlsOk=1 rej=0  allocFail=0 hardFail=0  tls=11/14  interval=217632ms
[health] touch-wd wedges=0 recovered=0/0 (soft=0 hard=0) wakes=0 probes=120/0 maxOutage=0ms rebootRec=0
[health] frame avg=30.5ms p95=31.2ms max=35.3ms  n=5 ap=329  heap free=84548 largest=32756 free8=84548 tlsOk=1 rej=0  allocFail=0 hardFail=0  tls=12/14  interval=217632ms
[health] touch-wd wedges=0 recovered=0/0 (soft=0 hard=0) wakes=0 probes=123/0 maxOutage=0ms rebootRec=0
[perf] 2026-08-08T03:43:47Z polls=1 busy=1%(fetch=1% enrich=0%) parse=2ms/poll bytes=0/poll ac=5/5 lag=avg0ms,max0ms gapMax=217716ms episodes=1 cache=H0/S0/M0 enrichReqs=0
[health] frame avg=30.4ms p95=31.2ms max=33.2ms  n=5 ap=329  heap free=84548 largest=32756 free8=84548 tlsOk=1 rej=0  allocFail=0 hardFail=0  tls=12/14  interval=217632ms
[health] touch-wd wedges=0 recovered=0/0 (soft=0 hard=0) wakes=0 probes=126/0 maxOutage=0ms rebootRec=0
[health] frame avg=30.4ms p95=31.1ms max=32.4ms  n=5 ap=329  heap free=84548 largest=32756 free8=84548 tlsOk=1 rej=0  allocFail=0 hardFail=0  tls=12/14  interval=217632ms
[health] touch-wd wedges=0 recovered=0/0 (soft=0 hard=0) wakes=0 probes=129/0 maxOutage=0ms rebootRec=0
[health] frame avg=28.9ms p95=29.0ms max=32.5ms  n=5 ap=329  heap free=82132 largest=32756 free8=82132 tlsOk=1 rej=0  allocFail=0 hardFail=0  tls=12/14  interval=217632ms
[health] touch-wd wedges=0 recovered=0/0 (soft=0 hard=0) wakes=0 probes=132/0 maxOutage=0ms rebootRec=0
[logbook] persisted (75/220 types claimed, 120 airlines, 38 countries, 17575 contacts; 10749 B blobs, 1970 NVS entries free)
[health] frame avg=29.0ms p95=29.2ms max=145.1ms  n=5 ap=329  heap free=82136 largest=32756 free8=82136 tlsOk=1 rej=0  allocFail=0 hardFail=0  tls=12/14  interval=217632ms
[health] touch-wd wedges=0 recovered=0/0 (soft=0 hard=0) wakes=0 probes=135/0 maxOutage=0ms rebootRec=0
[health] frame avg=28.9ms p95=29.1ms max=31.4ms  n=5 ap=329  heap free=82136 largest=32756 free8=82136 tlsOk=1 rej=0  allocFail=0 hardFail=0  tls=12/14  interval=217632ms
[health] touch-wd wedges=0 recovered=0/0 (soft=0 hard=0) wakes=0 probes=138/0 maxOutage=0ms rebootRec=0
[health] frame avg=28.9ms p95=29.1ms max=31.9ms  n=5 ap=329  heap free=82136 largest=32756 free8=82136 tlsOk=1 rej=0  allocFail=0 hardFail=0  tls=12/14  interval=217632ms
[health] touch-wd wedges=0 recovered=0/0 (soft=0 hard=0) wakes=0 probes=141/0 maxOutage=0ms rebootRec=0
[GET] stale keep-alive (-2) on reused socket; retrying fresh
[perf] 2026-08-08T03:46:47Z polls=1 busy=1%(fetch=1% enrich=0%) parse=2ms/poll bytes=0/poll ac=4/4 lag=avg0ms,max0ms gapMax=217538ms episodes=1 cache=H0/S0/M0 enrichReqs=0
[health] frame avg=29.7ms p95=31.8ms max=36.0ms  n=4 ap=329  heap free=81580 largest=34804 free8=81580 tlsOk=1 rej=0  allocFail=0 hardFail=0  tls=13/15  interval=217632ms
[health] touch-wd wedges=0 recovered=0/0 (soft=0 hard=0) wakes=0 probes=144/0 maxOutage=0ms rebootRec=0
[adsbdb] a262ad -> type=B739 operator=Alaska Airlines reg=N253AK
[adsbdb] aa9b82 -> type=B738 operator=United Airlines reg=N78285
[health] frame avg=30.4ms p95=31.1ms max=33.4ms  n=4 ap=329  heap free=88308 largest=34804 free8=88308 tlsOk=1 rej=0  allocFail=0 hardFail=0  tls=13/16  interval=217632ms
[health] touch-wd wedges=0 recovered=0/0 (soft=0 hard=0) wakes=0 probes=147/0 maxOutage=0ms rebootRec=0
[touch] 1366618 press (67,117) inDetail=0
[touch] 1366742 release start=(67,117) end=(67,117) d=(0,0) held=124ms -> TAP
[adsbdb] route ASA417 -> PIT->SEA
[touch] 1369276 press (138,105) inDetail=1
[touch] 1369365 release start=(138,105) end=(138,105) d=(0,0) held=89ms -> TAP
[touch] tap-in-detail hasPhoto=1 page=0 -> flip-to-data
[touch] 1370012 press (151,109) inDetail=1
[touch] 1370100 release start=(151,109) end=(151,109) d=(0,0) held=88ms -> TAP
[touch] tap-in-detail hasPhoto=1 page=1 -> CLOSE
[touch] 1371091 press (150,122) inDetail=0
[touch] 1371183 release start=(150,122) end=(150,122) d=(0,0) held=92ms -> TAP
[touch] 1373586 press (155,114) inDetail=1
[touch] 1373675 release start=(155,114) end=(154,113) d=(-1,-1) held=89ms -> TAP
[touch] tap-in-detail hasPhoto=0 page=0 -> CLOSE
[touch] 1374979 press (59,181) inDetail=0
[touch] 1375099 release start=(59,181) end=(59,181) d=(0,0) held=120ms -> TAP
[adsbdb] route UAL684T -> LAX->SEA
[touch] 1378453 press (129,114) inDetail=1
[touch] 1378542 release start=(129,114) end=(129,114) d=(0,0) held=89ms -> TAP
[touch] tap-in-detail hasPhoto=1 page=0 -> flip-to-data
[touch] 1379101 press (141,114) inDetail=1
[touch] 1379190 release start=(141,114) end=(141,114) d=(0,0) held=89ms -> TAP
[touch] tap-in-detail hasPhoto=1 page=1 -> CLOSE
[perf] 2026-08-08T03:47:47Z polls=0 busy=8%(fetch=0% enrich=8%) parse=0ms/poll bytes=0/poll ac=0/0 lag=avg0ms,max0ms gapMax=0ms episodes=0 cache=H0/S0/M0 enrichReqs=6
[health] frame avg=29.9ms p95=31.0ms max=42.6ms  n=4 ap=329  heap free=87880 largest=34804 free8=87880 tlsOk=1 rej=0  allocFail=0 hardFail=0  tls=16/17  interval=217632ms
[health] touch-wd wedges=0 recovered=0/0 (soft=0 hard=0) wakes=0 probes=158/0 maxOutage=0ms rebootRec=0
[health] frame avg=28.8ms p95=29.0ms max=32.1ms  n=4 ap=329  heap free=87880 largest=34804 free8=87880 tlsOk=1 rej=0  allocFail=0 hardFail=0  tls=16/17  interval=217632ms
[health] touch-wd wedges=0 recovered=0/0 (soft=0 hard=0) wakes=0 probes=161/0 maxOutage=0ms rebootRec=0
[touch] 1419995 press (147,113) inDetail=0
[touch] 1420111 release start=(147,113) end=(147,113) d=(0,0) held=116ms -> TAP
[touch] 1421549 press (126,114) inDetail=1
[touch] 1421667 release start=(126,114) end=(126,114) d=(0,0) held=118ms -> TAP
[touch] tap-in-detail hasPhoto=0 page=0 -> CLOSE
[touch] 1422448 press (61,80) inDetail=0
[touch] 1422564 release start=(61,80) end=(61,80) d=(0,0) held=116ms -> TAP
[touch] 1423558 press (135,109) inDetail=1
[touch] 1423618 release start=(135,109) end=(135,109) d=(0,0) held=60ms -> TAP
[touch] tap-in-detail hasPhoto=1 page=0 -> flip-to-data
[touch] 1424150 press (158,98) inDetail=1
[touch] 1424239 release start=(158,98) end=(158,98) d=(0,0) held=89ms -> TAP
[touch] tap-in-detail hasPhoto=1 page=1 -> CLOSE
[perf] 2026-08-08T03:48:47Z polls=0 busy=0%(fetch=0% enrich=0%) parse=0ms/poll bytes=0/poll ac=0/0 lag=avg0ms,max0ms gapMax=0ms episodes=1 cache=H0/S0/M0 enrichReqs=1
[health] frame avg=28.8ms p95=29.0ms max=42.5ms  n=4 ap=329  heap free=87880 largest=34804 free8=87880 tlsOk=1 rej=0  allocFail=0 hardFail=0  tls=16/18  interval=217632ms
[health] touch-wd wedges=0 recovered=0/0 (soft=0 hard=0) wakes=0 probes=169/0 maxOutage=0ms rebootRec=0
[health] frame avg=28.8ms p95=29.0ms max=30.5ms  n=4 ap=329  heap free=87880 largest=34804 free8=87880 tlsOk=1 rej=0  allocFail=0 hardFail=0  tls=16/18  interval=217632ms
[health] touch-wd wedges=0 recovered=0/0 (soft=0 hard=0) wakes=0 probes=172/0 maxOutage=0ms rebootRec=0
[health] frame avg=28.9ms p95=29.1ms max=31.1ms  n=4 ap=329  heap free=86232 largest=34804 free8=86232 tlsOk=1 rej=0  allocFail=0 hardFail=0  tls=16/18  interval=217632ms
[health] touch-wd wedges=0 recovered=0/0 (soft=0 hard=0) wakes=0 probes=175/0 maxOutage=0ms rebootRec=0
[health] frame avg=28.9ms p95=29.0ms max=30.5ms  n=4 ap=329  heap free=86232 largest=34804 free8=86232 tlsOk=1 rej=0  allocFail=0 hardFail=0  tls=16/18  interval=217632ms
[health] touch-wd wedges=0 recovered=0/0 (soft=0 hard=0) wakes=0 probes=178/0 maxOutage=0ms rebootRec=0
[adsbdb] ac7261 -> unknown aircraft
[adsbdb] a18ce7 -> type=COL4 operator=CHURCH AVIATION LLC reg=N1997
[adsbdb] ab967b -> type=B739 operator=Delta Air Lines reg=N846DN
[adsbdb] ac259b -> type=B739 operator=Delta Air Lines reg=N882DN
[adsbdb] a4995f -> type=B738 operator=Delta Air Lines reg=N396DA
[perf] 2026-08-08T03:50:47Z polls=1 busy=5%(fetch=1% enrich=3%) parse=3ms/poll bytes=0/poll ac=7/7 lag=avg0ms,max0ms gapMax=217655ms episodes=0 cache=H0/S0/M0 enrichReqs=5
[health] frame avg=30.8ms p95=31.5ms max=35.3ms  n=7 ap=329  heap free=85016 largest=31732 free8=85016 tlsOk=1 rej=0  allocFail=0 hardFail=0  tls=18/22  interval=217632ms
[health] touch-wd wedges=0 recovered=0/0 (soft=0 hard=0) wakes=0 probes=181/0 maxOutage=0ms rebootRec=0
[adsbdb] a804a3 -> type=C172 operator=SHAW CHRISTOPHER A reg=N6157E
[adsbdb] aae59e -> type=B38M operator=Alaska Airlines reg=N801AK
[health] frame avg=30.9ms p95=31.7ms max=34.4ms  n=7 ap=329  heap free=84928 largest=31732 free8=84928 tlsOk=1 rej=0  allocFail=0 hardFail=0  tls=18/24  interval=217632ms
[health] touch-wd wedges=0 recovered=0/0 (soft=0 hard=0) wakes=0 probes=184/0 maxOutage=0ms rebootRec=0
[perf] 2026-08-08T03:51:47Z polls=0 busy=0%(fetch=0% enrich=0%) parse=0ms/poll bytes=0/poll ac=0/0 lag=avg0ms,max0ms gapMax=0ms episodes=1 cache=H0/S0/M0 enrichReqs=2
[health] frame avg=29.5ms p95=29.7ms max=33.6ms  n=7 ap=329  heap free=84928 largest=31732 free8=84928 tlsOk=1 rej=0  allocFail=0 hardFail=0  tls=18/24  interval=217632ms
[health] touch-wd wedges=0 recovered=0/0 (soft=0 hard=0) wakes=0 probes=187/0 maxOutage=0ms rebootRec=0
[health] frame avg=29.6ms p95=29.7ms max=32.2ms  n=7 ap=329  heap free=82512 largest=31732 free8=82512 tlsOk=1 rej=0  allocFail=0 hardFail=0  tls=18/24  interval=217632ms
[health] touch-wd wedges=0 recovered=0/0 (soft=0 hard=0) wakes=0 probes=190/0 maxOutage=0ms rebootRec=0
[health] frame avg=29.5ms p95=29.7ms max=31.3ms  n=7 ap=329  heap free=82512 largest=31732 free8=82512 tlsOk=1 rej=0  allocFail=0 hardFail=0  tls=18/24  interval=217632ms
[health] touch-wd wedges=0 recovered=0/0 (soft=0 hard=0) wakes=0 probes=193/0 maxOutage=0ms rebootRec=0
[health] frame avg=29.5ms p95=29.7ms max=31.6ms  n=7 ap=329  heap free=82512 largest=31732 free8=82512 tlsOk=1 rej=0  allocFail=0 hardFail=0  tls=18/24  interval=217632ms
[health] touch-wd wedges=0 recovered=0/0 (soft=0 hard=0) wakes=0 probes=196/0 maxOutage=0ms rebootRec=0
[health] frame avg=29.6ms p95=29.9ms max=31.8ms  n=7 ap=329  heap free=82512 largest=31732 free8=82512 tlsOk=1 rej=0  allocFail=0 hardFail=0  tls=18/24  interval=217632ms
[health] touch-wd wedges=0 recovered=0/0 (soft=0 hard=0) wakes=0 probes=199/0 maxOutage=0ms rebootRec=0
[adsbdb] a8d27e -> unknown aircraft
[health] frame avg=30.0ms p95=30.8ms max=37.3ms  n=3 ap=329  heap free=89752 largest=31732 free8=89752 tlsOk=1 rej=0  allocFail=0 hardFail=0  tls=20/24  interval=217632ms
[health] touch-wd wedges=0 recovered=0/0 (soft=0 hard=0) wakes=0 probes=202/0 maxOutage=0ms rebootRec=0
[perf] 2026-08-08T03:54:47Z polls=1 busy=4%(fetch=2% enrich=2%) parse=2ms/poll bytes=0/poll ac=3/3 lag=avg0ms,max0ms gapMax=217818ms episodes=0 cache=H0/S0/M0 enrichReqs=1
[health] frame avg=30.0ms p95=30.9ms max=31.9ms  n=3 ap=329  heap free=89752 largest=31732 free8=89752 tlsOk=1 rej=0  allocFail=0 hardFail=0  tls=20/24  interval=217632ms
[health] touch-wd wedges=0 recovered=0/0 (soft=0 hard=0) wakes=0 probes=205/0 maxOutage=0ms rebootRec=0
[logbook] persisted (75/220 types claimed, 120 airlines, 38 countries, 17585 contacts; 10749 B blobs, 1970 NVS entries free)
[health] frame avg=29.8ms p95=30.8ms max=143.0ms  n=3 ap=329  heap free=87320 largest=31732 free8=87320 tlsOk=1 rej=0  allocFail=0 hardFail=0  tls=20/24  interval=217632ms
[health] touch-wd wedges=0 recovered=0/0 (soft=0 hard=0) wakes=0 probes=208/0 maxOutage=0ms rebootRec=0
[health] frame avg=28.6ms p95=28.7ms max=30.2ms  n=3 ap=329  heap free=87320 largest=31732 free8=87320 tlsOk=1 rej=0  allocFail=0 hardFail=0  tls=20/24  interval=217632ms
[health] touch-wd wedges=0 recovered=0/0 (soft=0 hard=0) wakes=0 probes=211/0 maxOutage=0ms rebootRec=0
[health] frame avg=28.6ms p95=28.8ms max=30.9ms  n=3 ap=329  heap free=87340 largest=31732 free8=87340 tlsOk=1 rej=0  allocFail=0 hardFail=0  tls=20/24  interval=217632ms
[health] touch-wd wedges=0 recovered=0/0 (soft=0 hard=0) wakes=0 probes=214/0 maxOutage=0ms rebootRec=0
[health] frame avg=28.7ms p95=28.9ms max=30.5ms  n=3 ap=329  heap free=87340 largest=31732 free8=87340 tlsOk=1 rej=0  allocFail=0 hardFail=0  tls=20/24  interval=217632ms
[health] touch-wd wedges=0 recovered=0/0 (soft=0 hard=0) wakes=0 probes=217/0 maxOutage=0ms rebootRec=0
[health] frame avg=28.6ms p95=28.8ms max=31.1ms  n=3 ap=329  heap free=87340 largest=31732 free8=87340 tlsOk=1 rej=0  allocFail=0 hardFail=0  tls=20/24  interval=217632ms
[health] touch-wd wedges=0 recovered=0/0 (soft=0 hard=0) wakes=0 probes=220/0 maxOutage=0ms rebootRec=0
[adsbdb] a6f5b5 -> type=B738 operator=Alaska Airlines reg=N548AS
[perf] 2026-08-08T03:57:47Z polls=1 busy=4%(fetch=2% enrich=2%) parse=2ms/poll bytes=0/poll ac=3/3 lag=avg0ms,max0ms gapMax=218029ms episodes=1 cache=H0/S0/M0 enrichReqs=1
[health] frame avg=30.1ms p95=31.0ms max=35.0ms  n=3 ap=329  heap free=89596 largest=31732 free8=89596 tlsOk=1 rej=0  allocFail=0 hardFail=0  tls=22/24  interval=217632ms
[health] touch-wd wedges=0 recovered=0/0 (soft=0 hard=0) wakes=0 probes=223/0 maxOutage=0ms rebootRec=0
[health] frame avg=30.2ms p95=31.0ms max=32.3ms  n=3 ap=329  heap free=89596 largest=31732 free8=89596 tlsOk=1 rej=0  allocFail=0 hardFail=0  tls=22/24  interval=217632ms
[health] touch-wd wedges=0 recovered=0/0 (soft=0 hard=0) wakes=0 probes=226/0 maxOutage=0ms rebootRec=0
[health] frame avg=30.1ms p95=30.9ms max=32.3ms  n=3 ap=329  heap free=87180 largest=31732 free8=87180 tlsOk=1 rej=0  allocFail=0 hardFail=0  tls=22/24  interval=217632ms
[health] touch-wd wedges=0 recovered=0/0 (soft=0 hard=0) wakes=0 probes=229/0 maxOutage=0ms rebootRec=0
[health] frame avg=28.7ms p95=28.8ms max=32.1ms  n=3 ap=329  heap free=87180 largest=31732 free8=87180 tlsOk=1 rej=0  allocFail=0 hardFail=0  tls=22/24  interval=217632ms
[health] touch-wd wedges=0 recovered=0/0 (soft=0 hard=0) wakes=0 probes=232/0 maxOutage=0ms rebootRec=0
[health] frame avg=28.7ms p95=28.8ms max=30.9ms  n=3 ap=329  heap free=87180 largest=31732 free8=87180 tlsOk=1 rej=0  allocFail=0 hardFail=0  tls=22/24  interval=217632ms
[health] touch-wd wedges=0 recovered=0/0 (soft=0 hard=0) wakes=0 probes=235/0 maxOutage=0ms rebootRec=0
[health] frame avg=28.7ms p95=28.8ms max=30.4ms  n=3 ap=329  heap free=87180 largest=31732 free8=87180 tlsOk=1 rej=0  allocFail=0 hardFail=0  tls=22/24  interval=217632ms
[health] touch-wd wedges=0 recovered=0/0 (soft=0 hard=0) wakes=0 probes=238/0 maxOutage=0ms rebootRec=0
[health] frame avg=28.6ms p95=28.8ms max=30.2ms  n=3 ap=329  heap free=87180 largest=31732 free8=87180 tlsOk=1 rej=0  allocFail=0 hardFail=0  tls=22/24  interval=217632ms
[health] touch-wd wedges=0 recovered=0/0 (soft=0 hard=0) wakes=0 probes=241/0 maxOutage=0ms rebootRec=0
[health] frame avg=29.3ms p95=31.6ms max=35.2ms  n=3 ap=329  heap free=82720 largest=31732 free8=82720 tlsOk=1 rej=0  allocFail=0 hardFail=0  tls=24/24  interval=217632ms
[health] touch-wd wedges=0 recovered=0/0 (soft=0 hard=0) wakes=0 probes=244/0 maxOutage=0ms rebootRec=0
[adsbdb] ab761c -> unknown aircraft
[perf] 2026-08-08T04:01:47Z polls=1 busy=3%(fetch=1% enrich=2%) parse=1ms/poll bytes=0/poll ac=3/3 lag=avg0ms,max0ms gapMax=217100ms episodes=1 cache=H0/S0/M0 enrichReqs=1
[health] frame avg=30.1ms p95=30.9ms max=32.7ms  n=3 ap=329  heap free=89664 largest=31732 free8=89664 tlsOk=1 rej=0  allocFail=0 hardFail=0  tls=24/24  interval=217632ms
[health] touch-wd wedges=0 recovered=0/0 (soft=0 hard=0) wakes=0 probes=247/0 maxOutage=0ms rebootRec=0
[health] frame avg=30.0ms p95=30.8ms max=32.4ms  n=3 ap=329  heap free=89664 largest=31732 free8=89664 tlsOk=1 rej=0  allocFail=0 hardFail=0  tls=24/24  interval=217632ms
[health] touch-wd wedges=0 recovered=0/0 (soft=0 hard=0) wakes=0 probes=250/0 maxOutage=0ms rebootRec=0
[health] frame avg=28.5ms p95=28.7ms max=32.1ms  n=3 ap=329  heap free=87248 largest=31732 free8=87248 tlsOk=1 rej=0  allocFail=0 hardFail=0  tls=24/24  interval=217632ms
[health] touch-wd wedges=0 recovered=0/0 (soft=0 hard=0) wakes=0 probes=253/0 maxOutage=0ms rebootRec=0
[health] frame avg=28.5ms p95=28.7ms max=30.3ms  n=3 ap=329  heap free=87248 largest=31732 free8=87248 tlsOk=1 rej=0  allocFail=0 hardFail=0  tls=24/24  interval=217632ms
[health] touch-wd wedges=0 recovered=0/0 (soft=0 hard=0) wakes=0 probes=256/0 maxOutage=0ms rebootRec=0
[health] frame avg=28.5ms p95=28.7ms max=30.0ms  n=3 ap=329  heap free=87248 largest=31732 free8=87248 tlsOk=1 rej=0  allocFail=0 hardFail=0  tls=24/24  interval=217632ms
[health] touch-wd wedges=0 recovered=0/0 (soft=0 hard=0) wakes=0 probes=259/0 maxOutage=0ms rebootRec=0
[health] frame avg=28.7ms p95=28.9ms max=31.3ms  n=3 ap=329  heap free=87248 largest=31732 free8=87248 tlsOk=1 rej=0  allocFail=0 hardFail=0  tls=24/24  interval=217632ms
[health] touch-wd wedges=0 recovered=0/0 (soft=0 hard=0) wakes=0 probes=262/0 maxOutage=0ms rebootRec=0
[health] frame avg=28.6ms p95=28.8ms max=30.8ms  n=3 ap=329  heap free=87248 largest=31732 free8=87248 tlsOk=1 rej=0  allocFail=0 hardFail=0  tls=24/24  interval=217632ms
[health] touch-wd wedges=0 recovered=0/0 (soft=0 hard=0) wakes=0 probes=265/0 maxOutage=0ms rebootRec=0
[adsbdb] a6f96c -> type=B738 operator=Alaska Airlines reg=N549AS
[logbook] persisted (75/220 types claimed, 120 airlines, 38 countries, 17590 contacts; 10749 B blobs, 1970 NVS entries free)
[adsbdb] a4dd35 -> type=E75L operator=Alaska Airlines reg=N412SY
[adsbdb] a154e6 -> type=E75L operator=Alaska Airlines reg=N185SY
[health] frame avg=30.4ms p95=31.2ms max=140.3ms  n=5 ap=329  heap free=87484 largest=33780 free8=87484 tlsOk=1 rej=0  allocFail=0 hardFail=0  tls=26/26  interval=217632ms
[health] touch-wd wedges=0 recovered=0/0 (soft=0 hard=0) wakes=0 probes=268/0 maxOutage=0ms rebootRec=0
[perf] 2026-08-08T04:05:47Z polls=1 busy=4%(fetch=1% enrich=2%) parse=2ms/poll bytes=0/poll ac=5/5 lag=avg0ms,max0ms gapMax=217652ms episodes=1 cache=H0/S0/M0 enrichReqs=3
[health] frame avg=30.5ms p95=31.3ms max=32.7ms  n=5 ap=329  heap free=87484 largest=33780 free8=87484 tlsOk=1 rej=0  allocFail=0 hardFail=0  tls=26/26  interval=217632ms
[health] touch-wd wedges=0 recovered=0/0 (soft=0 hard=0) wakes=0 probes=271/0 maxOutage=0ms rebootRec=0
[health] frame avg=28.9ms p95=29.0ms max=32.3ms  n=5 ap=329  heap free=85068 largest=33780 free8=85068 tlsOk=1 rej=0  allocFail=0 hardFail=0  tls=26/26  interval=217632ms
[health] touch-wd wedges=0 recovered=0/0 (soft=0 hard=0) wakes=0 probes=274/0 maxOutage=0ms rebootRec=0
[health] frame avg=28.9ms p95=29.0ms max=31.9ms  n=5 ap=329  heap free=85068 largest=33780 free8=85068 tlsOk=1 rej=0  allocFail=0 hardFail=0  tls=26/26  interval=217632ms
[health] touch-wd wedges=0 recovered=0/0 (soft=0 hard=0) wakes=0 probes=277/0 maxOutage=0ms rebootRec=0
[health] frame avg=28.9ms p95=29.1ms max=30.9ms  n=5 ap=329  heap free=85068 largest=33780 free8=85068 tlsOk=1 rej=0  allocFail=0 hardFail=0  tls=26/26  interval=217632ms
[health] touch-wd wedges=0 recovered=0/0 (soft=0 hard=0) wakes=0 probes=280/0 maxOutage=0ms rebootRec=0
[health] frame avg=28.9ms p95=29.1ms max=30.9ms  n=5 ap=329  heap free=85100 largest=33780 free8=85100 tlsOk=1 rej=0  allocFail=0 hardFail=0  tls=26/26  interval=217632ms
[health] touch-wd wedges=0 recovered=0/0 (soft=0 hard=0) wakes=0 probes=283/0 maxOutage=0ms rebootRec=0
[health] frame avg=29.0ms p95=29.3ms max=32.0ms  n=5 ap=329  heap free=85100 largest=33780 free8=85100 tlsOk=1 rej=0  allocFail=0 hardFail=0  tls=26/26  interval=217632ms
[health] touch-wd wedges=0 recovered=0/0 (soft=0 hard=0) wakes=0 probes=286/0 maxOutage=0ms rebootRec=0
[adsbdb] a60df8 -> type=C172 operator=Leading Edge Flight Academy reg=N49CG
[adsbdb] a6ea35 -> type=C172 operator=Hillsboro Aero Academy LLC reg=N54477
[adsbdb] ae571a -> type=B737 operator=United States Navy reg=169036
[perf] 2026-08-08T04:08:47Z polls=1 busy=4%(fetch=1% enrich=2%) parse=3ms/poll bytes=0/poll ac=6/6 lag=avg0ms,max0ms gapMax=217657ms episodes=1 cache=H0/S0/M0 enrichReqs=3
[adsbdb] aa7abe -> type=B739 operator=United Airlines reg=N77431
[health] frame avg=32.2ms p95=33.0ms max=37.5ms  n=6 ap=329  heap free=86076 largest=33780 free8=86076 tlsOk=1 rej=0  allocFail=0 hardFail=0  tls=28/29  interval=217632ms
[health] touch-wd wedges=0 recovered=0/0 (soft=0 hard=0) wakes=0 probes=289/0 maxOutage=0ms rebootRec=0
[health] frame avg=32.3ms p95=33.1ms max=34.5ms  n=6 ap=329  heap free=86076 largest=33780 free8=86076 tlsOk=1 rej=0  allocFail=0 hardFail=0  tls=28/29  interval=217632ms
[health] touch-wd wedges=0 recovered=0/0 (soft=0 hard=0) wakes=0 probes=292/0 maxOutage=0ms rebootRec=0
[perf] 2026-08-08T04:09:47Z polls=0 busy=0%(fetch=0% enrich=0%) parse=0ms/poll bytes=0/poll ac=0/0 lag=avg0ms,max0ms gapMax=0ms episodes=1 cache=H0/S0/M0 enrichReqs=1
[health] frame avg=32.0ms p95=33.1ms max=34.6ms  n=6 ap=329  heap free=86076 largest=33780 free8=86076 tlsOk=1 rej=0  allocFail=0 hardFail=0  tls=28/29  interval=217632ms
[health] touch-wd wedges=0 recovered=0/0 (soft=0 hard=0) wakes=0 probes=295/0 maxOutage=0ms rebootRec=0
[health] frame avg=30.9ms p95=31.1ms max=33.3ms  n=6 ap=329  heap free=83660 largest=33780 free8=83660 tlsOk=1 rej=0  allocFail=0 hardFail=0  tls=28/29  interval=217632ms
[health] touch-wd wedges=0 recovered=0/0 (soft=0 hard=0) wakes=0 probes=298/0 maxOutage=0ms rebootRec=0
[health] frame avg=30.9ms p95=31.1ms max=32.7ms  n=6 ap=329  heap free=83660 largest=33780 free8=83660 tlsOk=1 rej=0  allocFail=0 hardFail=0  tls=28/29  interval=217632ms
[health] touch-wd wedges=0 recovered=0/0 (soft=0 hard=0) wakes=0 probes=301/0 maxOutage=0ms rebootRec=0
[health] frame avg=30.9ms p95=31.2ms max=32.8ms  n=6 ap=329  heap free=83660 largest=33780 free8=83660 tlsOk=1 rej=0  allocFail=0 hardFail=0  tls=28/29  interval=217632ms
[health] touch-wd wedges=0 recovered=0/0 (soft=0 hard=0) wakes=0 probes=304/0 maxOutage=0ms rebootRec=0
[health] frame avg=31.0ms p95=31.1ms max=33.5ms  n=6 ap=329  heap free=83660 largest=33780 free8=83660 tlsOk=1 rej=0  allocFail=0 hardFail=0  tls=28/29  interval=217632ms
[health] touch-wd wedges=0 recovered=0/0 (soft=0 hard=0) wakes=0 probes=307/0 maxOutage=0ms rebootRec=0
[adsbdb] a804a3 -> type=C172 operator=SHAW CHRISTOPHER A reg=N6157E
[adsbdb] a48a83 -> type=B738 operator=Delta Air Lines reg=N392DA
[health] frame avg=31.7ms p95=33.3ms max=37.8ms  n=6 ap=329  heap free=85988 largest=33780 free8=85988 tlsOk=1 rej=0  allocFail=0 hardFail=0  tls=30/30  interval=217632ms
[health] touch-wd wedges=0 recovered=0/0 (soft=0 hard=0) wakes=0 probes=310/0 maxOutage=0ms rebootRec=0
[perf] 2026-08-08T04:12:48Z polls=1 busy=4%(fetch=1% enrich=2%) parse=4ms/poll bytes=0/poll ac=6/6 lag=avg0ms,max0ms gapMax=217645ms episodes=0 cache=H0/S0/M0 enrichReqs=2
[health] frame avg=30.9ms p95=31.7ms max=33.6ms  n=6 ap=329  heap free=85988 largest=33780 free8=85988 tlsOk=1 rej=0  allocFail=0 hardFail=0  tls=30/30  interval=217632ms
[health] touch-wd wedges=0 recovered=0/0 (soft=0 hard=0) wakes=0 probes=313/0 maxOutage=0ms rebootRec=0
[health] frame avg=30.7ms p95=31.5ms max=33.2ms  n=6 ap=329  heap free=85988 largest=33780 free8=85988 tlsOk=1 rej=0  allocFail=0 hardFail=0  tls=30/30  interval=217632ms
[health] touch-wd wedges=0 recovered=0/0 (soft=0 hard=0) wakes=0 probes=316/0 maxOutage=0ms rebootRec=0
[health] frame avg=29.2ms p95=29.4ms max=33.3ms  n=6 ap=329  heap free=83572 largest=33780 free8=83572 tlsOk=1 rej=0  allocFail=0 hardFail=0  tls=30/30  interval=217632ms
[health] touch-wd wedges=0 recovered=0/0 (soft=0 hard=0) wakes=0 probes=319/0 maxOutage=0ms rebootRec=0
[health] frame avg=29.2ms p95=29.4ms max=30.1ms  n=6 ap=329  heap free=83572 largest=33780 free8=83572 tlsOk=1 rej=0  allocFail=0 hardFail=0  tls=30/30  interval=217632ms
[health] touch-wd wedges=0 recovered=0/0 (soft=0 hard=0) wakes=0 probes=322/0 maxOutage=0ms rebootRec=0
[health] frame avg=29.2ms p95=29.3ms max=31.1ms  n=6 ap=329  heap free=83572 largest=33780 free8=83572 tlsOk=1 rej=0  allocFail=0 hardFail=0  tls=30/30  interval=217632ms
[health] touch-wd wedges=0 recovered=0/0 (soft=0 hard=0) wakes=0 probes=325/0 maxOutage=0ms rebootRec=0
[logbook] persisted (75/220 types claimed, 120 airlines, 38 countries, 17596 contacts; 10749 B blobs, 1970 NVS entries free)
[health] frame avg=29.3ms p95=29.5ms max=143.9ms  n=6 ap=329  heap free=83572 largest=33780 free8=83572 tlsOk=1 rej=0  allocFail=0 hardFail=0  tls=30/30  interval=217632ms
[health] touch-wd wedges=0 recovered=0/0 (soft=0 hard=0) wakes=0 probes=328/0 maxOutage=0ms rebootRec=0
[health] frame avg=29.7ms p95=31.4ms max=34.6ms  n=4 ap=329  heap free=85628 largest=33780 free8=85628 tlsOk=1 rej=0  allocFail=0 hardFail=0  tls=31/30  interval=217632ms
[health] touch-wd wedges=0 recovered=0/0 (soft=0 hard=0) wakes=0 probes=331/0 maxOutage=0ms rebootRec=0
[health] frame avg=30.4ms p95=31.1ms max=33.2ms  n=4 ap=329  heap free=85628 largest=33780 free8=85628 tlsOk=1 rej=0  allocFail=0 hardFail=0  tls=31/30  interval=217632ms
[health] touch-wd wedges=0 recovered=0/0 (soft=0 hard=0) wakes=0 probes=334/0 maxOutage=0ms rebootRec=0
[perf] 2026-08-08T04:16:48Z polls=1 busy=2%(fetch=2% enrich=0%) parse=2ms/poll bytes=0/poll ac=4/4 lag=avg0ms,max0ms gapMax=218083ms episodes=1 cache=H0/S0/M0 enrichReqs=0
[health] frame avg=30.2ms p95=31.0ms max=33.8ms  n=4 ap=329  heap free=85628 largest=33780 free8=85628 tlsOk=1 rej=0  allocFail=0 hardFail=0  tls=31/30  interval=217632ms
[health] touch-wd wedges=0 recovered=0/0 (soft=0 hard=0) wakes=0 probes=337/0 maxOutage=0ms rebootRec=0
[health] frame avg=28.8ms p95=29.4ms max=31.8ms  n=4 ap=329  heap free=83212 largest=33780 free8=83212 tlsOk=1 rej=0  allocFail=0 hardFail=0  tls=31/30  interval=217632ms
[health] touch-wd wedges=0 recovered=0/0 (soft=0 hard=0) wakes=0 probes=340/0 maxOutage=0ms rebootRec=0
[health] frame avg=28.8ms p95=29.5ms max=32.6ms  n=4 ap=329  heap free=83212 largest=33780 free8=83212 tlsOk=1 rej=0  allocFail=0 hardFail=0  tls=31/30  interval=217632ms
[health] touch-wd wedges=0 recovered=0/0 (soft=0 hard=0) wakes=0 probes=343/0 maxOutage=0ms rebootRec=0
[health] frame avg=28.7ms p95=28.9ms max=31.5ms  n=4 ap=329  heap free=83212 largest=33780 free8=83212 tlsOk=1 rej=0  allocFail=0 hardFail=0  tls=31/30  interval=217632ms
[health] touch-wd wedges=0 recovered=0/0 (soft=0 hard=0) wakes=0 probes=346/0 maxOutage=0ms rebootRec=0
[health] frame avg=28.8ms p95=28.9ms max=31.0ms  n=4 ap=329  heap free=83212 largest=33780 free8=83212 tlsOk=1 rej=0  allocFail=0 hardFail=0  tls=31/30  interval=217632ms
[health] touch-wd wedges=0 recovered=0/0 (soft=0 hard=0) wakes=0 probes=349/0 maxOutage=0ms rebootRec=0
[health] frame avg=28.8ms p95=28.9ms max=30.4ms  n=4 ap=329  heap free=83212 largest=33780 free8=83212 tlsOk=1 rej=0  allocFail=0 hardFail=0  tls=31/30  interval=217632ms
[health] touch-wd wedges=0 recovered=0/0 (soft=0 hard=0) wakes=0 probes=352/0 maxOutage=0ms rebootRec=0
[GET] stale keep-alive (-2) on reused socket; retrying fresh
[perf] 2026-08-08T04:19:48Z polls=1 busy=1%(fetch=1% enrich=0%) parse=1ms/poll bytes=0/poll ac=3/3 lag=avg0ms,max0ms gapMax=217246ms episodes=1 cache=H0/S0/M0 enrichReqs=0
[health] frame avg=30.1ms p95=30.9ms max=35.9ms  n=3 ap=329  heap free=86864 largest=33780 free8=86864 tlsOk=1 rej=0  allocFail=0 hardFail=0  tls=31/31  interval=217632ms
[health] touch-wd wedges=0 recovered=0/0 (soft=0 hard=0) wakes=0 probes=355/0 maxOutage=0ms rebootRec=0
[health] frame avg=30.1ms p95=30.8ms max=32.2ms  n=3 ap=329  heap free=86864 largest=33780 free8=86864 tlsOk=1 rej=0  allocFail=0 hardFail=0  tls=31/31  interval=217632ms
[health] touch-wd wedges=0 recovered=0/0 (soft=0 hard=0) wakes=0 probes=358/0 maxOutage=0ms rebootRec=0
[health] frame avg=28.5ms p95=28.6ms max=32.0ms  n=3 ap=329  heap free=84448 largest=33780 free8=84448 tlsOk=1 rej=0  allocFail=0 hardFail=0  tls=31/31  interval=217632ms
[health] touch-wd wedges=0 recovered=0/0 (soft=0 hard=0) wakes=0 probes=361/0 maxOutage=0ms rebootRec=0
[health] frame avg=28.5ms p95=28.7ms max=29.7ms  n=3 ap=329  heap free=84448 largest=33780 free8=84448 tlsOk=1 rej=0  allocFail=0 hardFail=0  tls=31/31  interval=217632ms
[health] touch-wd wedges=0 recovered=0/0 (soft=0 hard=0) wakes=0 probes=364/0 maxOutage=0ms rebootRec=0
[health] frame avg=28.5ms p95=28.7ms max=30.6ms  n=3 ap=329  heap free=84448 largest=33780 free8=84448 tlsOk=1 rej=0  allocFail=0 hardFail=0  tls=31/31  interval=217632ms
[health] touch-wd wedges=0 recovered=0/0 (soft=0 hard=0) wakes=0 probes=367/0 maxOutage=0ms rebootRec=0
[health] frame avg=28.6ms p95=28.9ms max=30.2ms  n=3 ap=329  heap free=84448 largest=33780 free8=84448 tlsOk=1 rej=0  allocFail=0 hardFail=0  tls=31/31  interval=217632ms
[health] touch-wd wedges=0 recovered=0/0 (soft=0 hard=0) wakes=0 probes=370/0 maxOutage=0ms rebootRec=0
[health] frame avg=28.6ms p95=28.7ms max=29.8ms  n=3 ap=329  heap free=84448 largest=33780 free8=84448 tlsOk=1 rej=0  allocFail=0 hardFail=0  tls=31/31  interval=217632ms
[health] touch-wd wedges=0 recovered=0/0 (soft=0 hard=0) wakes=0 probes=373/0 maxOutage=0ms rebootRec=0
[GET] stale keep-alive (-2) on reused socket; retrying fresh
[adsbdb] a29cbf -> type=B739 operator=Alaska Airlines reg=N268AK
[adsbdb] a1589d -> type=E75L operator=Alaska Airlines reg=N186SY
[touch] 3507780 press (123,86) inDetail=0
[touch] 3507899 release start=(123,86) end=(123,86) d=(0,0) held=119ms -> TAP
[adsbdb] route ASA1398 -> LAX->MZT
[touch] 3510859 press (147,118) inDetail=1
[touch] 3511008 release start=(147,118) end=(142,118) d=(-5,0) held=149ms -> TAP
[touch] tap-in-detail hasPhoto=1 page=0 -> flip-to-data
[health] frame avg=29.7ms p95=30.1ms max=44.4ms  n=5 ap=329  heap free=87292 largest=41972 free8=87292 tlsOk=1 rej=0  allocFail=0 hardFail=0  tls=33/34  interval=217632ms
[health] touch-wd wedges=0 recovered=0/0 (soft=0 hard=0) wakes=0 probes=378/0 maxOutage=0ms rebootRec=0
[touch] 3511716 press (139,110) inDetail=1
[touch] 3511804 release start=(139,110) end=(139,110) d=(0,0) held=88ms -> TAP
[touch] tap-in-detail hasPhoto=1 page=1 -> CLOSE
[perf] 2026-08-08T04:23:48Z polls=1 busy=6%(fetch=1% enrich=4%) parse=2ms/poll bytes=0/poll ac=5/5 lag=avg0ms,max0ms gapMax=217610ms episodes=1 cache=H0/S0/M0 enrichReqs=4
[health] frame avg=30.5ms p95=31.2ms max=32.8ms  n=5 ap=329  heap free=87292 largest=41972 free8=87292 tlsOk=1 rej=0  allocFail=0 hardFail=0  tls=33/34  interval=217632ms
[health] touch-wd wedges=0 recovered=0/0 (soft=0 hard=0) wakes=0 probes=382/0 maxOutage=0ms rebootRec=0
[health] frame avg=30.2ms p95=31.2ms max=32.6ms  n=5 ap=329  heap free=87292 largest=41972 free8=87292 tlsOk=1 rej=0  allocFail=0 hardFail=0  tls=33/34  interval=217632ms
[health] touch-wd wedges=0 recovered=0/0 (soft=0 hard=0) wakes=0 probes=385/0 maxOutage=0ms rebootRec=0
[health] frame avg=29.0ms p95=29.1ms max=31.1ms  n=5 ap=329  heap free=84876 largest=39924 free8=84876 tlsOk=1 rej=0  allocFail=0 hardFail=0  tls=33/34  interval=217632ms
[health] touch-wd wedges=0 recovered=0/0 (soft=0 hard=0) wakes=0 probes=388/0 maxOutage=0ms rebootRec=0
[logbook] persisted (75/220 types claimed, 120 airlines, 38 countries, 17598 contacts; 10749 B blobs, 1970 NVS entries free)
[health] frame avg=29.1ms p95=29.3ms max=143.8ms  n=5 ap=329  heap free=85132 largest=39924 free8=85132 tlsOk=1 rej=0  allocFail=0 hardFail=0  tls=33/34  interval=217632ms
[health] touch-wd wedges=0 recovered=0/0 (soft=0 hard=0) wakes=0 probes=391/0 maxOutage=0ms rebootRec=0
[health] frame avg=29.1ms p95=29.2ms max=31.0ms  n=5 ap=329  heap free=85132 largest=39924 free8=85132 tlsOk=1 rej=0  allocFail=0 hardFail=0  tls=33/34  interval=217632ms
[health] touch-wd wedges=0 recovered=0/0 (soft=0 hard=0) wakes=0 probes=394/0 maxOutage=0ms rebootRec=0
[health] frame avg=29.0ms p95=29.2ms max=30.8ms  n=5 ap=329  heap free=85132 largest=39924 free8=85132 tlsOk=1 rej=0  allocFail=0 hardFail=0  tls=33/34  interval=217632ms
[health] touch-wd wedges=0 recovered=0/0 (soft=0 hard=0) wakes=0 probes=397/0 maxOutage=0ms rebootRec=0
[perf] 2026-08-08T04:26:48Z polls=1 busy=1%(fetch=1% enrich=0%) parse=1ms/poll bytes=0/poll ac=3/3 lag=avg0ms,max0ms gapMax=217717ms episodes=1 cache=H0/S0/M0 enrichReqs=0
[health] frame avg=30.1ms p95=30.8ms max=34.8ms  n=3 ap=329  heap free=86860 largest=35828 free8=86860 tlsOk=1 rej=0  allocFail=0 hardFail=0  tls=34/34  interval=217632ms
[health] touch-wd wedges=0 recovered=0/0 (soft=0 hard=0) wakes=0 probes=400/0 maxOutage=0ms rebootRec=0
[health] frame avg=30.2ms p95=30.8ms max=32.4ms  n=3 ap=329  heap free=86860 largest=35828 free8=86860 tlsOk=1 rej=0  allocFail=0 hardFail=0  tls=34/34  interval=217632ms
[health] touch-wd wedges=0 recovered=0/0 (soft=0 hard=0) wakes=0 probes=403/0 maxOutage=0ms rebootRec=0
[health] frame avg=30.1ms p95=30.8ms max=31.9ms  n=3 ap=329  heap free=86860 largest=35828 free8=86860 tlsOk=1 rej=0  allocFail=0 hardFail=0  tls=34/34  interval=217632ms
[health] touch-wd wedges=0 recovered=0/0 (soft=0 hard=0) wakes=0 probes=406/0 maxOutage=0ms rebootRec=0
[health] frame avg=28.6ms p95=28.9ms max=32.0ms  n=3 ap=329  heap free=84444 largest=35828 free8=84444 tlsOk=1 rej=0  allocFail=0 hardFail=0  tls=34/34  interval=217632ms
[health] touch-wd wedges=0 recovered=0/0 (soft=0 hard=0) wakes=0 probes=409/0 maxOutage=0ms rebootRec=0
[health] frame avg=28.6ms p95=28.7ms max=30.3ms  n=3 ap=329  heap free=84444 largest=35828 free8=84444 tlsOk=1 rej=0  allocFail=0 hardFail=0  tls=34/34  interval=217632ms
[health] touch-wd wedges=0 recovered=0/0 (soft=0 hard=0) wakes=0 probes=412/0 maxOutage=0ms rebootRec=0
[GET] Handling request to config web server...
[GET] heap free=80748 largest-block=32756
[3867741][E][Preferences.cpp:506] getString(): nvs_get_str len fail: local-details NOT_FOUND
[health] frame avg=29.7ms p95=29.2ms max=113.5ms  n=3 ap=329  heap free=83932 largest=35828 free8=83932 tlsOk=1 rej=0  allocFail=0 hardFail=0  tls=34/34  interval=217632ms
[health] touch-wd wedges=0 recovered=0/0 (soft=0 hard=0) wakes=0 probes=415/0 maxOutage=0ms rebootRec=0
[health] frame avg=28.6ms p95=29.2ms max=32.1ms  n=3 ap=329  heap free=83932 largest=35828 free8=83932 tlsOk=1 rej=0  allocFail=0 hardFail=0  tls=34/34  interval=217632ms
[health] touch-wd wedges=0 recovered=0/0 (soft=0 hard=0) wakes=0 probes=418/0 maxOutage=0ms rebootRec=0
[GET] Handling request to config web server...
[GET] heap free=81592 largest-block=32756
[3930107][E][Preferences.cpp:506] getString(): nvs_get_str len fail: local-details NOT_FOUND
[GET] stale keep-alive (-2) on reused socket; retrying fresh
[health] frame avg=31.3ms p95=46.7ms max=109.3ms  n=3 ap=329  heap free=83304 largest=39924 free8=83304 tlsOk=1 rej=0  allocFail=0 hardFail=0  tls=35/35  interval=217632ms
[health] touch-wd wedges=0 recovered=0/0 (soft=0 hard=0) wakes=0 probes=421/0 maxOutage=0ms rebootRec=0
[adsbdb] a95cbd -> type=PC24 operator=Helicopter Transport Services Inc reg=N702HT
[perf] 2026-08-08T04:30:48Z polls=1 busy=3%(fetch=1% enrich=2%) parse=2ms/poll bytes=0/poll ac=3/3 lag=avg0ms,max0ms gapMax=217534ms episodes=1 cache=H0/S0/M0 enrichReqs=1
[health] frame avg=30.2ms p95=30.9ms max=33.0ms  n=3 ap=329  heap free=88660 largest=41972 free8=88660 tlsOk=1 rej=0  allocFail=0 hardFail=0  tls=35/35  interval=217632ms
[health] touch-wd wedges=0 recovered=0/0 (soft=0 hard=0) wakes=0 probes=424/0 maxOutage=0ms rebootRec=0
[health] frame avg=30.2ms p95=30.8ms max=33.0ms  n=3 ap=329  heap free=89172 largest=41972 free8=89172 tlsOk=1 rej=0  allocFail=0 hardFail=0  tls=35/35  interval=217632ms
[health] touch-wd wedges=0 recovered=0/0 (soft=0 hard=0) wakes=0 probes=427/0 maxOutage=0ms rebootRec=0
[health] frame avg=28.6ms p95=28.7ms max=31.6ms  n=3 ap=329  heap free=86756 largest=41972 free8=86756 tlsOk=1 rej=0  allocFail=0 hardFail=0  tls=35/35  interval=217632ms
[health] touch-wd wedges=0 recovered=0/0 (soft=0 hard=0) wakes=0 probes=430/0 maxOutage=0ms rebootRec=0
[health] frame avg=28.6ms p95=28.7ms max=32.1ms  n=3 ap=329  heap free=87268 largest=41972 free8=87268 tlsOk=1 rej=0  allocFail=0 hardFail=0  tls=35/35  interval=217632ms
[health] touch-wd wedges=0 recovered=0/0 (soft=0 hard=0) wakes=0 probes=433/0 maxOutage=0ms rebootRec=0
[health] frame avg=28.5ms p95=28.7ms max=31.3ms  n=3 ap=329  heap free=87268 largest=41972 free8=87268 tlsOk=1 rej=0  allocFail=0 hardFail=0  tls=35/35  interval=217632ms
[health] touch-wd wedges=0 recovered=0/0 (soft=0 hard=0) wakes=0 probes=436/0 maxOutage=0ms rebootRec=0
[health] frame avg=28.6ms p95=28.9ms max=31.9ms  n=3 ap=329  heap free=87268 largest=41972 free8=87268 tlsOk=1 rej=0  allocFail=0 hardFail=0  tls=35/35  interval=217632ms
[health] touch-wd wedges=0 recovered=0/0 (soft=0 hard=0) wakes=0 probes=439/0 maxOutage=0ms rebootRec=0
[GET] Handling request to config web server...
[GET] heap free=83192 largest-block=38900
[4136627][E][Preferences.cpp:506] getString(): nvs_get_str len fail: local-details NOT_FOUND
[health] frame avg=28.6ms p95=28.7ms max=107.7ms  n=3 ap=329  heap free=86756 largest=41972 free8=86756 tlsOk=1 rej=0  allocFail=0 hardFail=0  tls=35/35  interval=217632ms
[health] touch-wd wedges=0 recovered=0/0 (soft=0 hard=0) wakes=0 probes=442/0 maxOutage=0ms rebootRec=0
[adsbdb] a1460a -> type=E75L operator=Alaska Airlines reg=N181SY
[adsbdb] a9dc0b -> type=C172 operator=HARMON ROBERT N reg=N734XY
[adsbdb] a9aebc -> type=B39M operator=Boeing reg=N723AL
[health] frame avg=31.0ms p95=31.6ms max=36.9ms  n=6 ap=329  heap free=85688 largest=34804 free8=85688 tlsOk=1 rej=0  allocFail=0 hardFail=0  tls=37/37  interval=217632ms
[health] touch-wd wedges=0 recovered=0/0 (soft=0 hard=0) wakes=0 probes=445/0 maxOutage=0ms rebootRec=0
[GET] Handling request to config web server...
[GET] heap free=81732 largest-block=34804
[4184457][E][Preferences.cpp:506] getString(): nvs_get_str len fail: local-details NOT_FOUND
[perf] 2026-08-08T04:34:48Z polls=1 busy=4%(fetch=1% enrich=2%) parse=3ms/poll bytes=0/poll ac=6/6 lag=avg0ms,max0ms gapMax=217738ms episodes=1 cache=H0/S0/M0 enrichReqs=3
[health] frame avg=30.9ms p95=31.5ms max=112.2ms  n=6 ap=329  heap free=85176 largest=34804 free8=85176 tlsOk=1 rej=0  allocFail=0 hardFail=0  tls=37/37  interval=217632ms
[health] touch-wd wedges=0 recovered=0/0 (soft=0 hard=0) wakes=0 probes=448/0 maxOutage=0ms rebootRec=0
[logbook] persisted (75/220 types claimed, 120 airlines, 38 countries, 17602 contacts; 10749 B blobs, 1970 NVS entries free)
[health] frame avg=29.2ms p95=29.3ms max=141.0ms  n=6 ap=329  heap free=82760 largest=34804 free8=82760 tlsOk=1 rej=0  allocFail=0 hardFail=0  tls=37/37  interval=217632ms
[health] touch-wd wedges=0 recovered=0/0 (soft=0 hard=0) wakes=0 probes=451/0 maxOutage=0ms rebootRec=0
[health] frame avg=29.2ms p95=29.4ms max=32.1ms  n=6 ap=329  heap free=83272 largest=34804 free8=83272 tlsOk=1 rej=0  allocFail=0 hardFail=0  tls=37/37  interval=217632ms
[health] touch-wd wedges=0 recovered=0/0 (soft=0 hard=0) wakes=0 probes=454/0 maxOutage=0ms rebootRec=0
[GET] Handling request to config web server...
[GET] heap free=77952 largest-block=31732
[4275395][E][Preferences.cpp:506] getString(): nvs_get_str len fail: local-details NOT_FOUND
[health] frame avg=29.2ms p95=29.4ms max=111.5ms  n=6 ap=329  heap free=82752 largest=34804 free8=82752 tlsOk=1 rej=0  allocFail=0 hardFail=0  tls=37/37  interval=217632ms
[health] touch-wd wedges=0 recovered=0/0 (soft=0 hard=0) wakes=0 probes=457/0 maxOutage=0ms rebootRec=0
[health] frame avg=29.3ms p95=29.4ms max=31.2ms  n=6 ap=329  heap free=83264 largest=34804 free8=83264 tlsOk=1 rej=0  allocFail=0 hardFail=0  tls=37/37  interval=217632ms
[health] touch-wd wedges=0 recovered=0/0 (soft=0 hard=0) wakes=0 probes=460/0 maxOutage=0ms rebootRec=0
[health] frame avg=29.2ms p95=29.4ms max=30.9ms  n=6 ap=329  heap free=83264 largest=34804 free8=83264 tlsOk=1 rej=0  allocFail=0 hardFail=0  tls=37/37  interval=217632ms
[health] touch-wd wedges=0 recovered=0/0 (soft=0 hard=0) wakes=0 probes=463/0 maxOutage=0ms rebootRec=0
[adsbdb] acb0b6 -> type=B39M operator=Alaska Airlines reg=N917AK
[perf] 2026-08-08T04:37:48Z polls=1 busy=4%(fetch=1% enrich=2%) parse=2ms/poll bytes=0/poll ac=5/5 lag=avg0ms,max0ms gapMax=217584ms episodes=1 cache=H0/S0/M0 enrichReqs=1
[health] frame avg=30.8ms p95=31.4ms max=35.8ms  n=5 ap=329  heap free=86964 largest=37876 free8=86964 tlsOk=1 rej=0  allocFail=0 hardFail=0  tls=39/37  interval=217632ms
[health] touch-wd wedges=0 recovered=0/0 (soft=0 hard=0) wakes=0 probes=466/0 maxOutage=0ms rebootRec=0
[health] frame avg=30.8ms p95=31.4ms max=33.5ms  n=5 ap=329  heap free=87484 largest=37876 free8=87484 tlsOk=1 rej=0  allocFail=0 hardFail=0  tls=39/37  interval=217632ms
[health] touch-wd wedges=0 recovered=0/0 (soft=0 hard=0) wakes=0 probes=469/0 maxOutage=0ms rebootRec=0
[health] frame avg=30.3ms p95=31.2ms max=33.1ms  n=5 ap=329  heap free=85068 largest=37876 free8=85068 tlsOk=1 rej=0  allocFail=0 hardFail=0  tls=39/37  interval=217632ms
[health] touch-wd wedges=0 recovered=0/0 (soft=0 hard=0) wakes=0 probes=472/0 maxOutage=0ms rebootRec=0
[health] frame avg=28.9ms p95=29.1ms max=31.0ms  n=5 ap=329  heap free=85068 largest=37876 free8=85068 tlsOk=1 rej=0  allocFail=0 hardFail=0  tls=39/37  interval=217632ms
[health] touch-wd wedges=0 recovered=0/0 (soft=0 hard=0) wakes=0 probes=475/0 maxOutage=0ms rebootRec=0
[health] frame avg=28.9ms p95=29.1ms max=30.7ms  n=5 ap=329  heap free=85068 largest=37876 free8=85068 tlsOk=1 rej=0  allocFail=0 hardFail=0  tls=39/37  interval=217632ms
[health] touch-wd wedges=0 recovered=0/0 (soft=0 hard=0) wakes=0 probes=478/0 maxOutage=0ms rebootRec=0
[health] frame avg=28.9ms p95=29.1ms max=31.2ms  n=5 ap=329  heap free=85068 largest=37876 free8=85068 tlsOk=1 rej=0  allocFail=0 hardFail=0  tls=39/37  interval=217632ms
[health] touch-wd wedges=0 recovered=0/0 (soft=0 hard=0) wakes=0 probes=481/0 maxOutage=0ms rebootRec=0
[GET] Handling request to config web server...
[GET] heap free=81516 largest-block=34804
[4537363][E][Preferences.cpp:506] getString(): nvs_get_str len fail: local-details NOT_FOUND
[health] frame avg=29.0ms p95=29.1ms max=108.1ms  n=5 ap=329  heap free=84804 largest=37876 free8=84804 tlsOk=1 rej=0  allocFail=0 hardFail=0  tls=39/37  interval=217632ms
[health] touch-wd wedges=0 recovered=0/0 (soft=0 hard=0) wakes=0 probes=484/0 maxOutage=0ms rebootRec=0
[adsbdb] ab10d4 -> unknown aircraft
[health] frame avg=30.4ms p95=31.0ms max=34.3ms  n=4 ap=329  heap free=88352 largest=40948 free8=88352 tlsOk=1 rej=0  allocFail=0 hardFail=0  tls=41/37  interval=217632ms
[health] touch-wd wedges=0 recovered=0/0 (soft=0 hard=0) wakes=0 probes=487/0 maxOutage=0ms rebootRec=0
[GET] Handling request to config web server...
[GET] heap free=84244 largest-block=38900
[4618579][E][Preferences.cpp:506] getString(): nvs_get_str len fail: local-details NOT_FOUND
[perf] 2026-08-08T04:41:48Z polls=1 busy=4%(fetch=1% enrich=2%) parse=1ms/poll bytes=0/poll ac=4/4 lag=avg0ms,max0ms gapMax=217617ms episodes=1 cache=H0/S0/M0 enrichReqs=1
[health] frame avg=32.4ms p95=35.4ms max=110.5ms  n=4 ap=329  heap free=87840 largest=40948 free8=87840 tlsOk=1 rej=0  allocFail=0 hardFail=0  tls=41/37  interval=217632ms
[health] touch-wd wedges=0 recovered=0/0 (soft=0 hard=0) wakes=0 probes=490/0 maxOutage=0ms rebootRec=0
[health] frame avg=30.4ms p95=31.0ms max=32.6ms  n=4 ap=329  heap free=85424 largest=40948 free8=85424 tlsOk=1 rej=0  allocFail=0 hardFail=0  tls=41/37  interval=217632ms
[health] touch-wd wedges=0 recovered=0/0 (soft=0 hard=0) wakes=0 probes=493/0 maxOutage=0ms rebootRec=0
[health] frame avg=28.7ms p95=28.8ms max=32.1ms  n=4 ap=329  heap free=85688 largest=40948 free8=85688 tlsOk=1 rej=0  allocFail=0 hardFail=0  tls=41/37  interval=217632ms
[health] touch-wd wedges=0 recovered=0/0 (soft=0 hard=0) wakes=0 probes=496/0 maxOutage=0ms rebootRec=0
[health] frame avg=28.7ms p95=28.8ms max=30.2ms  n=4 ap=329  heap free=85688 largest=40948 free8=85688 tlsOk=1 rej=0  allocFail=0 hardFail=0  tls=41/37  interval=217632ms
[health] touch-wd wedges=0 recovered=0/0 (soft=0 hard=0) wakes=0 probes=499/0 maxOutage=0ms rebootRec=0
[health] frame avg=28.7ms p95=28.8ms max=30.3ms  n=4 ap=329  heap free=86200 largest=40948 free8=86200 tlsOk=1 rej=0  allocFail=0 hardFail=0  tls=41/37  interval=217632ms
[health] touch-wd wedges=0 recovered=0/0 (soft=0 hard=0) wakes=0 probes=502/0 maxOutage=0ms rebootRec=0
[health] frame avg=28.7ms p95=28.8ms max=30.3ms  n=4 ap=329  heap free=86200 largest=40948 free8=86200 tlsOk=1 rej=0  allocFail=0 hardFail=0  tls=41/37  interval=217632ms
[health] touch-wd wedges=0 recovered=0/0 (soft=0 hard=0) wakes=0 probes=505/0 maxOutage=0ms rebootRec=0
[health] frame avg=29.1ms p95=30.4ms max=36.5ms  n=3 ap=329  heap free=86868 largest=36852 free8=86868 tlsOk=1 rej=0  allocFail=0 hardFail=0  tls=42/37  interval=217632ms
[health] touch-wd wedges=0 recovered=0/0 (soft=0 hard=0) wakes=0 probes=508/0 maxOutage=0ms rebootRec=0
[logbook] persisted (75/220 types claimed, 120 airlines, 38 countries, 17604 contacts; 10749 B blobs, 1970 NVS entries free)
[health] frame avg=30.2ms p95=30.8ms max=146.3ms  n=3 ap=329  heap free=86868 largest=36852 free8=86868 tlsOk=1 rej=0  allocFail=0 hardFail=0  tls=42/37  interval=217632ms
[health] touch-wd wedges=0 recovered=0/0 (soft=0 hard=0) wakes=0 probes=511/0 maxOutage=0ms rebootRec=0
[GET] Handling request to config web server...
[GET] heap free=82796 largest-block=36852
[4842344][E][Preferences.cpp:506] getString(): nvs_get_str len fail: local-details NOT_FOUND
[GET] Handling request to config web server...
[GET] heap free=82668 largest-block=36852
[4843913][E][Preferences.cpp:506] getString(): nvs_get_str len fail: local-details NOT_FOUND
[perf] 2026-08-08T04:45:48Z polls=1 busy=1%(fetch=1% enrich=0%) parse=1ms/poll bytes=0/poll ac=3/3 lag=avg0ms,max0ms gapMax=217668ms episodes=1 cache=H0/S0/M0 enrichReqs=0
[health] frame avg=30.2ms p95=30.8ms max=111.2ms  n=3 ap=329  heap free=86100 largest=36852 free8=86100 tlsOk=1 rej=0  allocFail=0 hardFail=0  tls=42/37  interval=217632ms
[health] touch-wd wedges=0 recovered=0/0 (soft=0 hard=0) wakes=0 probes=514/0 maxOutage=0ms rebootRec=0
[GET] Handling request to config web server...
[GET] heap free=79876 largest-block=33780
[4882558][E][Preferences.cpp:506] getString(): nvs_get_str len fail: local-details NOT_FOUND
[GET] Handling request to config web server...
[GET] heap free=78836 largest-block=31732
[4883708][E][Preferences.cpp:506] getString(): nvs_get_str len fail: local-details NOT_FOUND
[health] frame avg=28.6ms p95=28.7ms max=111.8ms  n=3 ap=329  heap free=83172 largest=36852 free8=83172 tlsOk=1 rej=0  allocFail=0 hardFail=0  tls=42/37  interval=217632ms
[health] touch-wd wedges=0 recovered=0/0 (soft=0 hard=0) wakes=0 probes=517/0 maxOutage=0ms rebootRec=0
[health] frame avg=28.5ms p95=28.6ms max=31.4ms  n=3 ap=329  heap free=83428 largest=36852 free8=83428 tlsOk=1 rej=0  allocFail=0 hardFail=0  tls=42/37  interval=217632ms
[health] touch-wd wedges=0 recovered=0/0 (soft=0 hard=0) wakes=0 probes=520/0 maxOutage=0ms rebootRec=0
[health] frame avg=28.5ms p95=28.6ms max=30.3ms  n=3 ap=329  heap free=83428 largest=36852 free8=83428 tlsOk=1 rej=0  allocFail=0 hardFail=0  tls=42/37  interval=217632ms
[health] touch-wd wedges=0 recovered=0/0 (soft=0 hard=0) wakes=0 probes=523/0 maxOutage=0ms rebootRec=0
[health] frame avg=28.5ms p95=28.7ms max=30.0ms  n=3 ap=329  heap free=83940 largest=36852 free8=83940 tlsOk=1 rej=0  allocFail=0 hardFail=0  tls=42/37  interval=217632ms
[health] touch-wd wedges=0 recovered=0/0 (soft=0 hard=0) wakes=0 probes=526/0 maxOutage=0ms rebootRec=0
[health] frame avg=28.5ms p95=28.7ms max=30.5ms  n=3 ap=329  heap free=84452 largest=36852 free8=84452 tlsOk=1 rej=0  allocFail=0 hardFail=0  tls=42/37  interval=217632ms
[health] touch-wd wedges=0 recovered=0/0 (soft=0 hard=0) wakes=0 probes=529/0 maxOutage=0ms rebootRec=0
[GET] stale keep-alive (-2) on reused socket; retrying fresh
[perf] 2026-08-08T04:48:48Z polls=1 busy=1%(fetch=1% enrich=0%) parse=1ms/poll bytes=0/poll ac=3/3 lag=avg0ms,max0ms gapMax=217645ms episodes=1 cache=H0/S0/M0 enrichReqs=0
[health] frame avg=30.3ms p95=30.9ms max=35.6ms  n=3 ap=329  heap free=86884 largest=38900 free8=86884 tlsOk=1 rej=0  allocFail=0 hardFail=0  tls=42/38  interval=217632ms
[health] touch-wd wedges=0 recovered=0/0 (soft=0 hard=0) wakes=0 probes=532/0 maxOutage=0ms rebootRec=0
[GET] Handling request to config web server...
[GET] heap free=82792 largest-block=36852
[5071751][E][Preferences.cpp:506] getString(): nvs_get_str len fail: local-details NOT_FOUND
[health] frame avg=31.1ms p95=31.3ms max=111.2ms  n=3 ap=329  heap free=85788 largest=38900 free8=85788 tlsOk=1 rej=0  allocFail=0 hardFail=0  tls=42/38  interval=217632ms
[health] touch-wd wedges=0 recovered=0/0 (soft=0 hard=0) wakes=0 probes=535/0 maxOutage=0ms rebootRec=0
[health] frame avg=28.5ms p95=28.7ms max=32.3ms  n=3 ap=329  heap free=84212 largest=38900 free8=84212 tlsOk=1 rej=0  allocFail=0 hardFail=0  tls=42/38  interval=217632ms
[health] touch-wd wedges=0 recovered=0/0 (soft=0 hard=0) wakes=0 probes=538/0 maxOutage=0ms rebootRec=0
[health] frame avg=28.5ms p95=28.7ms max=29.9ms  n=3 ap=329  heap free=84212 largest=38900 free8=84212 tlsOk=1 rej=0  allocFail=0 hardFail=0  tls=42/38  interval=217632ms
[health] touch-wd wedges=0 recovered=0/0 (soft=0 hard=0) wakes=0 probes=541/0 maxOutage=0ms rebootRec=0
[health] frame avg=28.5ms p95=28.7ms max=29.8ms  n=3 ap=329  heap free=84212 largest=38900 free8=84212 tlsOk=1 rej=0  allocFail=0 hardFail=0  tls=42/38  interval=217632ms
[health] touch-wd wedges=0 recovered=0/0 (soft=0 hard=0) wakes=0 probes=544/0 maxOutage=0ms rebootRec=0
[health] frame avg=28.5ms p95=28.7ms max=30.5ms  n=3 ap=329  heap free=84468 largest=38900 free8=84468 tlsOk=1 rej=0  allocFail=0 hardFail=0  tls=42/38  interval=217632ms
[health] touch-wd wedges=0 recovered=0/0 (soft=0 hard=0) wakes=0 probes=547/0 maxOutage=0ms rebootRec=0
[health] frame avg=28.6ms p95=28.8ms max=31.1ms  n=3 ap=329  heap free=84468 largest=38900 free8=84468 tlsOk=1 rej=0  allocFail=0 hardFail=0  tls=42/38  interval=217632ms
[health] touch-wd wedges=0 recovered=0/0 (soft=0 hard=0) wakes=0 probes=550/0 maxOutage=0ms rebootRec=0
[GET] stale keep-alive (-2) on reused socket; retrying fresh
[adsbdb] ad79e8 -> type=B39M operator=Alaska Airlines reg=N968AK
[adsbdb] a30d6b -> type=E75L operator=Delta Connection reg=N296SY
[health] frame avg=30.7ms p95=31.4ms max=36.1ms  n=5 ap=329  heap free=87456 largest=40948 free8=87456 tlsOk=1 rej=0  allocFail=0 hardFail=0  tls=43/40  interval=217632ms
[health] touch-wd wedges=0 recovered=0/0 (soft=0 hard=0) wakes=0 probes=553/0 maxOutage=0ms rebootRec=0
[GET] Handling request to config web server...
[GET] heap free=84652 largest-block=40948
[5270683][E][Preferences.cpp:506] getString(): nvs_get_str len fail: local-details NOT_FOUND
[GET] Handling request to config web server...
[GET] heap free=83656 largest-block=36852
[5271150][E][Preferences.cpp:506] getString(): nvs_get_str len fail: local-details NOT_FOUND
[GET] Handling request to config web server...
[GET] heap free=83388 largest-block=36852
[5271536][E][Preferences.cpp:506] getString(): nvs_get_str len fail: local-details NOT_FOUND
[perf] 2026-08-08T04:52:48Z polls=1 busy=4%(fetch=1% enrich=2%) parse=3ms/poll bytes=0/poll ac=5/5 lag=avg0ms,max0ms gapMax=217668ms episodes=1 cache=H0/S0/M0 enrichReqs=2
[health] frame avg=30.7ms p95=31.3ms max=111.8ms  n=5 ap=329  heap free=86684 largest=40948 free8=86684 tlsOk=1 rej=0  allocFail=0 hardFail=0  tls=43/40  interval=217632ms
[health] touch-wd wedges=0 recovered=0/0 (soft=0 hard=0) wakes=0 probes=556/0 maxOutage=0ms rebootRec=0
[health] frame avg=30.5ms p95=31.2ms max=35.0ms  n=5 ap=329  heap free=84268 largest=38900 free8=84268 tlsOk=1 rej=0  allocFail=0 hardFail=0  tls=43/40  interval=217632ms
[health] touch-wd wedges=0 recovered=0/0 (soft=0 hard=0) wakes=0 probes=559/0 maxOutage=0ms rebootRec=0
[health] frame avg=29.1ms p95=29.3ms max=30.6ms  n=5 ap=329  heap free=84268 largest=38900 free8=84268 tlsOk=1 rej=0  allocFail=0 hardFail=0  tls=43/40  interval=217632ms
[health] touch-wd wedges=0 recovered=0/0 (soft=0 hard=0) wakes=0 probes=562/0 maxOutage=0ms rebootRec=0
[health] frame avg=29.0ms p95=29.2ms max=30.3ms  n=5 ap=329  heap free=84268 largest=38900 free8=84268 tlsOk=1 rej=0  allocFail=0 hardFail=0  tls=43/40  interval=217632ms
[health] touch-wd wedges=0 recovered=0/0 (soft=0 hard=0) wakes=0 probes=565/0 maxOutage=0ms rebootRec=0
[health] frame avg=29.1ms p95=29.3ms max=30.7ms  n=5 ap=329  heap free=85040 largest=38900 free8=85040 tlsOk=1 rej=0  allocFail=0 hardFail=0  tls=43/40  interval=217632ms
[health] touch-wd wedges=0 recovered=0/0 (soft=0 hard=0) wakes=0 probes=568/0 maxOutage=0ms rebootRec=0
[logbook] persisted (75/220 types claimed, 120 airlines, 38 countries, 17606 contacts; 10749 B blobs, 1970 NVS entries free)
[health] frame avg=29.0ms p95=29.1ms max=142.6ms  n=5 ap=329  heap free=85040 largest=38900 free8=85040 tlsOk=1 rej=0  allocFail=0 hardFail=0  tls=43/40  interval=217632ms
[health] touch-wd wedges=0 recovered=0/0 (soft=0 hard=0) wakes=0 probes=571/0 maxOutage=0ms rebootRec=0
[adsbdb] aa56b8 -> type=B738 operator=United Airlines reg=N76519
[adsbdb] a82d14 -> type=A321 operator=Bank of Utah Trustee reg=N626FR
[perf] 2026-08-08T04:55:48Z polls=1 busy=4%(fetch=1% enrich=2%) parse=2ms/poll bytes=0/poll ac=3/3 lag=avg0ms,max0ms gapMax=217582ms episodes=1 cache=H0/S0/M0 enrichReqs=2
[health] frame avg=30.2ms p95=30.8ms max=35.7ms  n=3 ap=329  heap free=89612 largest=44020 free8=89612 tlsOk=1 rej=0  allocFail=0 hardFail=0  tls=45/41  interval=217632ms
[health] touch-wd wedges=0 recovered=0/0 (soft=0 hard=0) wakes=0 probes=574/0 maxOutage=0ms rebootRec=0
[health] frame avg=30.2ms p95=30.9ms max=32.0ms  n=3 ap=329  heap free=89612 largest=44020 free8=89612 tlsOk=1 rej=0  allocFail=0 hardFail=0  tls=45/41  interval=217632ms
[health] touch-wd wedges=0 recovered=0/0 (soft=0 hard=0) wakes=0 probes=577/0 maxOutage=0ms rebootRec=0
[health] frame avg=30.2ms p95=30.9ms max=33.1ms  n=3 ap=329  heap free=89612 largest=44020 free8=89612 tlsOk=1 rej=0  allocFail=0 hardFail=0  tls=45/41  interval=217632ms
[health] touch-wd wedges=0 recovered=0/0 (soft=0 hard=0) wakes=0 probes=580/0 maxOutage=0ms rebootRec=0
[health] frame avg=28.5ms p95=28.7ms max=31.9ms  n=3 ap=329  heap free=87196 largest=41972 free8=87196 tlsOk=1 rej=0  allocFail=0 hardFail=0  tls=45/41  interval=217632ms
[health] touch-wd wedges=0 recovered=0/0 (soft=0 hard=0) wakes=0 probes=583/0 maxOutage=0ms rebootRec=0
[health] frame avg=28.5ms p95=28.6ms max=30.5ms  n=3 ap=329  heap free=87196 largest=41972 free8=87196 tlsOk=1 rej=0  allocFail=0 hardFail=0  tls=45/41  interval=217632ms
[health] touch-wd wedges=0 recovered=0/0 (soft=0 hard=0) wakes=0 probes=586/0 maxOutage=0ms rebootRec=0
[health] frame avg=28.5ms p95=28.7ms max=30.1ms  n=3 ap=329  heap free=87196 largest=41972 free8=87196 tlsOk=1 rej=0  allocFail=0 hardFail=0  tls=45/41  interval=217632ms
[health] touch-wd wedges=0 recovered=0/0 (soft=0 hard=0) wakes=0 probes=589/0 maxOutage=0ms rebootRec=0
[health] frame avg=28.5ms p95=28.6ms max=30.6ms  n=3 ap=329  heap free=87196 largest=41972 free8=87196 tlsOk=1 rej=0  allocFail=0 hardFail=0  tls=45/41  interval=217632ms
[health] touch-wd wedges=0 recovered=0/0 (soft=0 hard=0) wakes=0 probes=592/0 maxOutage=0ms rebootRec=0
[health] frame avg=28.8ms p95=29.7ms max=34.4ms  n=2 ap=329  heap free=95584 largest=45044 free8=95584 tlsOk=1 rej=0  allocFail=0 hardFail=0  tls=47/41  interval=217632ms
[health] touch-wd wedges=0 recovered=0/0 (soft=0 hard=0) wakes=0 probes=595/0 maxOutage=0ms rebootRec=0
[adsbdb] a60df8 -> type=C172 operator=Leading Edge Flight Academy reg=N49CG
[perf] 2026-08-08T04:59:48Z polls=1 busy=4%(fetch=1% enrich=2%) parse=2ms/poll bytes=0/poll ac=2/2 lag=avg0ms,max0ms gapMax=217702ms episodes=1 cache=H0/S0/M0 enrichReqs=1
[health] frame avg=30.0ms p95=30.6ms max=31.7ms  n=2 ap=329  heap free=90884 largest=45044 free8=90884 tlsOk=1 rej=0  allocFail=0 hardFail=0  tls=47/41  interval=217632ms
[health] touch-wd wedges=0 recovered=0/0 (soft=0 hard=0) wakes=0 probes=598/0 maxOutage=0ms rebootRec=0
[health] frame avg=29.9ms p95=30.6ms max=31.9ms  n=2 ap=329  heap free=90884 largest=45044 free8=90884 tlsOk=1 rej=0  allocFail=0 hardFail=0  tls=47/41  interval=217632ms
[health] touch-wd wedges=0 recovered=0/0 (soft=0 hard=0) wakes=0 probes=601/0 maxOutage=0ms rebootRec=0
[health] frame avg=28.3ms p95=28.5ms max=31.8ms  n=2 ap=329  heap free=88468 largest=42996 free8=88468 tlsOk=1 rej=0  allocFail=0 hardFail=0  tls=47/41  interval=217632ms
[health] touch-wd wedges=0 recovered=0/0 (soft=0 hard=0) wakes=0 probes=604/0 maxOutage=0ms rebootRec=0
[health] frame avg=28.3ms p95=28.5ms max=29.7ms  n=2 ap=329  heap free=88468 largest=42996 free8=88468 tlsOk=1 rej=0  allocFail=0 hardFail=0  tls=47/41  interval=217632ms
[health] touch-wd wedges=0 recovered=0/0 (soft=0 hard=0) wakes=0 probes=607/0 maxOutage=0ms rebootRec=0
[health] frame avg=28.4ms p95=28.5ms max=30.1ms  n=2 ap=329  heap free=88468 largest=42996 free8=88468 tlsOk=1 rej=0  allocFail=0 hardFail=0  tls=47/41  interval=217632ms
[health] touch-wd wedges=0 recovered=0/0 (soft=0 hard=0) wakes=0 probes=610/0 maxOutage=0ms rebootRec=0
[health] frame avg=28.3ms p95=28.5ms max=29.9ms  n=2 ap=329  heap free=88468 largest=42996 free8=88468 tlsOk=1 rej=0  allocFail=0 hardFail=0  tls=47/41  interval=217632ms
[health] touch-wd wedges=0 recovered=0/0 (soft=0 hard=0) wakes=0 probes=613/0 maxOutage=0ms rebootRec=0
[GET] Handling request to config web server...
[GET] heap free=85620 largest-block=37876
[5874846][E][Preferences.cpp:506] getString(): nvs_get_str len fail: local-details NOT_FOUND
[health] frame avg=28.4ms p95=28.5ms max=105.8ms  n=2 ap=329  heap free=88212 largest=42996 free8=88212 tlsOk=1 rej=0  allocFail=0 hardFail=0  tls=47/41  interval=217632ms
[health] touch-wd wedges=0 recovered=0/0 (soft=0 hard=0) wakes=0 probes=616/0 maxOutage=0ms rebootRec=0
[adsbdb] a2c087 -> type=B739 operator=Alaska Airlines reg=N277AK
[adsbdb] a68a95 -> type=E75L operator=SkyWest Airlines reg=N520SY
[health] frame avg=30.4ms p95=31.1ms max=34.5ms  n=4 ap=329  heap free=88296 largest=41972 free8=88296 tlsOk=1 rej=0  allocFail=0 hardFail=0  tls=49/42  interval=217632ms
[health] touch-wd wedges=0 recovered=0/0 (soft=0 hard=0) wakes=0 probes=619/0 maxOutage=0ms rebootRec=0
[perf] 2026-08-08T05:03:48Z polls=1 busy=4%(fetch=1% enrich=2%) parse=2ms/poll bytes=0/poll ac=4/4 lag=avg0ms,max0ms gapMax=217618ms episodes=1 cache=H0/S0/M0 enrichReqs=2
[health] frame avg=30.4ms p95=31.1ms max=32.5ms  n=4 ap=329  heap free=88296 largest=41972 free8=88296 tlsOk=1 rej=0  allocFail=0 hardFail=0  tls=49/42  interval=217632ms
[health] touch-wd wedges=0 recovered=0/0 (soft=0 hard=0) wakes=0 probes=622/0 maxOutage=0ms rebootRec=0
[health] frame avg=28.8ms p95=28.9ms max=32.4ms  n=4 ap=329  heap free=85880 largest=39924 free8=85880 tlsOk=1 rej=0  allocFail=0 hardFail=0  tls=49/42  interval=217632ms
[health] touch-wd wedges=0 recovered=0/0 (soft=0 hard=0) wakes=0 probes=625/0 maxOutage=0ms rebootRec=0
[health] frame avg=28.8ms p95=29.0ms max=30.8ms  n=4 ap=329  heap free=86136 largest=39924 free8=86136 tlsOk=1 rej=0  allocFail=0 hardFail=0  tls=49/42  interval=217632ms
[health] touch-wd wedges=0 recovered=0/0 (soft=0 hard=0) wakes=0 probes=628/0 maxOutage=0ms rebootRec=0
[logbook] persisted (75/220 types claimed, 120 airlines, 38 countries, 17611 contacts; 10749 B blobs, 1970 NVS entries free)
[health] frame avg=28.8ms p95=29.0ms max=139.3ms  n=4 ap=329  heap free=86136 largest=39924 free8=86136 tlsOk=1 rej=0  allocFail=0 hardFail=0  tls=49/42  interval=217632ms
[health] touch-wd wedges=0 recovered=0/0 (soft=0 hard=0) wakes=0 probes=631/0 maxOutage=0ms rebootRec=0
[health] frame avg=28.9ms p95=29.1ms max=30.7ms  n=4 ap=329  heap free=86136 largest=39924 free8=86136 tlsOk=1 rej=0  allocFail=0 hardFail=0  tls=49/42  interval=217632ms
[health] touch-wd wedges=0 recovered=0/0 (soft=0 hard=0) wakes=0 probes=634/0 maxOutage=0ms rebootRec=0
[health] frame avg=28.8ms p95=29.0ms max=30.9ms  n=4 ap=329  heap free=86136 largest=39924 free8=86136 tlsOk=1 rej=0  allocFail=0 hardFail=0  tls=49/42  interval=217632ms
[health] touch-wd wedges=0 recovered=0/0 (soft=0 hard=0) wakes=0 probes=637/0 maxOutage=0ms rebootRec=0
[adsbdb] a9d284 -> unknown aircraft
[perf] 2026-08-08T05:06:48Z polls=1 busy=4%(fetch=1% enrich=2%) parse=2ms/poll bytes=0/poll ac=4/4 lag=avg0ms,max0ms gapMax=217683ms episodes=1 cache=H0/S0/M0 enrichReqs=1
[health] frame avg=30.3ms p95=31.1ms max=34.6ms  n=4 ap=329  heap free=88568 largest=41972 free8=88568 tlsOk=1 rej=0  allocFail=0 hardFail=0  tls=51/42  interval=217632ms
[health] touch-wd wedges=0 recovered=0/0 (soft=0 hard=0) wakes=0 probes=640/0 maxOutage=0ms rebootRec=0
[health] frame avg=30.4ms p95=31.1ms max=33.0ms  n=4 ap=329  heap free=88568 largest=41972 free8=88568 tlsOk=1 rej=0  allocFail=0 hardFail=0  tls=51/42  interval=217632ms
[health] touch-wd wedges=0 recovered=0/0 (soft=0 hard=0) wakes=0 probes=643/0 maxOutage=0ms rebootRec=0
[health] frame avg=30.2ms p95=31.0ms max=31.9ms  n=4 ap=329  heap free=86152 largest=41972 free8=86152 tlsOk=1 rej=0  allocFail=0 hardFail=0  tls=51/42  interval=217632ms
[health] touch-wd wedges=0 recovered=0/0 (soft=0 hard=0) wakes=0 probes=646/0 maxOutage=0ms rebootRec=0
[health] frame avg=28.7ms p95=28.9ms max=30.8ms  n=4 ap=329  heap free=86152 largest=41972 free8=86152 tlsOk=1 rej=0  allocFail=0 hardFail=0  tls=51/42  interval=217632ms
[health] touch-wd wedges=0 recovered=0/0 (soft=0 hard=0) wakes=0 probes=649/0 maxOutage=0ms rebootRec=0
[health] frame avg=28.7ms p95=28.9ms max=31.0ms  n=4 ap=329  heap free=86152 largest=41972 free8=86152 tlsOk=1 rej=0  allocFail=0 hardFail=0  tls=51/42  interval=217632ms
[health] touch-wd wedges=0 recovered=0/0 (soft=0 hard=0) wakes=0 probes=652/0 maxOutage=0ms rebootRec=0
[health] frame avg=28.8ms p95=28.9ms max=30.7ms  n=4 ap=329  heap free=86152 largest=41972 free8=86152 tlsOk=1 rej=0  allocFail=0 hardFail=0  tls=51/42  interval=217632ms
[health] touch-wd wedges=0 recovered=0/0 (soft=0 hard=0) wakes=0 probes=655/0 maxOutage=0ms rebootRec=0
[health] frame avg=28.8ms p95=28.9ms max=30.9ms  n=4 ap=329  heap free=86152 largest=41972 free8=86152 tlsOk=1 rej=0  allocFail=0 hardFail=0  tls=51/42  interval=217632ms
[health] touch-wd wedges=0 recovered=0/0 (soft=0 hard=0) wakes=0 probes=658/0 maxOutage=0ms rebootRec=0
[adsbdb] abb288 -> type=PC12 operator=Metro Aviation reg=N853AL
[adsbdb] a590a4 -> type=BE36 operator=VLIEGTUIG HOLDINGS LLC reg=N458JH
[health] frame avg=30.6ms p95=31.4ms max=34.7ms  n=6 ap=329  heap free=86400 largest=36852 free8=86400 tlsOk=1 rej=0  allocFail=0 hardFail=0  tls=53/43  interval=217632ms
[health] touch-wd wedges=0 recovered=0/0 (soft=0 hard=0) wakes=0 probes=661/0 maxOutage=0ms rebootRec=0
[adsbdb] ac24e4 -> type=B38M operator=Southwest Airlines reg=N8817L
[perf] 2026-08-08T05:10:48Z polls=1 busy=4%(fetch=1% enrich=2%) parse=3ms/poll bytes=0/poll ac=6/6 lag=avg0ms,max0ms gapMax=217609ms episodes=1 cache=H0/S0/M0 enrichReqs=3
[health] frame avg=30.7ms p95=31.4ms max=33.3ms  n=6 ap=329  heap free=86348 largest=36852 free8=86348 tlsOk=1 rej=0  allocFail=0 hardFail=0  tls=53/44  interval=217632ms
[health] touch-wd wedges=0 recovered=0/0 (soft=0 hard=0) wakes=0 probes=664/0 maxOutage=0ms rebootRec=0
[health] frame avg=30.6ms p95=31.3ms max=34.2ms  n=6 ap=329  heap free=86348 largest=36852 free8=86348 tlsOk=1 rej=0  allocFail=0 hardFail=0  tls=53/44  interval=217632ms
[health] touch-wd wedges=0 recovered=0/0 (soft=0 hard=0) wakes=0 probes=667/0 maxOutage=0ms rebootRec=0
[health] frame avg=29.1ms p95=29.7ms max=32.8ms  n=6 ap=329  heap free=83932 largest=36852 free8=83932 tlsOk=1 rej=0  allocFail=0 hardFail=0  tls=53/44  interval=217632ms
[health] touch-wd wedges=0 recovered=0/0 (soft=0 hard=0) wakes=0 probes=670/0 maxOutage=0ms rebootRec=0
[health] frame avg=29.2ms p95=29.7ms max=31.4ms  n=6 ap=329  heap free=83932 largest=36852 free8=83932 tlsOk=1 rej=0  allocFail=0 hardFail=0  tls=53/44  interval=217632ms
[health] touch-wd wedges=0 recovered=0/0 (soft=0 hard=0) wakes=0 probes=673/0 maxOutage=0ms rebootRec=0
[health] frame avg=29.2ms p95=29.7ms max=31.0ms  n=6 ap=329  heap free=83932 largest=36852 free8=83932 tlsOk=1 rej=0  allocFail=0 hardFail=0  tls=53/44  interval=217632ms
[health] touch-wd wedges=0 recovered=0/0 (soft=0 hard=0) wakes=0 probes=676/0 maxOutage=0ms rebootRec=0
[health] frame avg=29.2ms p95=29.4ms max=31.6ms  n=6 ap=329  heap free=83932 largest=36852 free8=83932 tlsOk=1 rej=0  allocFail=0 hardFail=0  tls=53/44  interval=217632ms
[health] touch-wd wedges=0 recovered=0/0 (soft=0 hard=0) wakes=0 probes=679/0 maxOutage=0ms rebootRec=0
[health] frame avg=29.5ms p95=31.1ms max=35.6ms  n=5 ap=329  heap free=129464 largest=38900 free8=129464 tlsOk=1 rej=0  allocFail=0 hardFail=0  tls=55/44  interval=217632ms
[health] touch-wd wedges=0 recovered=0/0 (soft=0 hard=0) wakes=0 probes=682/0 maxOutage=0ms rebootRec=0
[adsbdb] a8268d -> type=E75L operator=Alaska Airlines reg=N624QX
[health] frame avg=30.5ms p95=31.2ms max=36.1ms  n=5 ap=329  heap free=87452 largest=36852 free8=87452 tlsOk=1 rej=0  allocFail=0 hardFail=0  tls=55/44  interval=217632ms
[health] touch-wd wedges=0 recovered=0/0 (soft=0 hard=0) wakes=0 probes=685/0 maxOutage=0ms rebootRec=0
[perf] 2026-08-08T05:14:48Z polls=1 busy=8%(fetch=1% enrich=6%) parse=3ms/poll bytes=0/poll ac=5/5 lag=avg0ms,max0ms gapMax=217647ms episodes=1 cache=H0/S0/M0 enrichReqs=1
[health] frame avg=30.4ms p95=31.1ms max=33.0ms  n=5 ap=329  heap free=87452 largest=36852 free8=87452 tlsOk=1 rej=0  allocFail=0 hardFail=0  tls=55/44  interval=217632ms
[health] touch-wd wedges=0 recovered=0/0 (soft=0 hard=0) wakes=0 probes=688/0 maxOutage=0ms rebootRec=0
[logbook] persisted (75/220 types claimed, 120 airlines, 38 countries, 17616 contacts; 10749 B blobs, 1970 NVS entries free)
[health] frame avg=29.0ms p95=29.3ms max=146.5ms  n=5 ap=329  heap free=85036 largest=36852 free8=85036 tlsOk=1 rej=0  allocFail=0 hardFail=0  tls=55/44  interval=217632ms
[health] touch-wd wedges=0 recovered=0/0 (soft=0 hard=0) wakes=0 probes=691/0 maxOutage=0ms rebootRec=0
[health] frame avg=29.0ms p95=29.3ms max=31.1ms  n=5 ap=329  heap free=85036 largest=36852 free8=82664 tlsOk=1 rej=0  allocFail=0 hardFail=0  tls=55/44  interval=217632ms
[health] touch-wd wedges=0 recovered=0/0 (soft=0 hard=0) wakes=0 probes=694/0 maxOutage=0ms rebootRec=0
[health] frame avg=29.0ms p95=29.1ms max=31.4ms  n=5 ap=329  heap free=85036 largest=36852 free8=85036 tlsOk=1 rej=0  allocFail=0 hardFail=0  tls=55/44  interval=217632ms
[health] touch-wd wedges=0 recovered=0/0 (soft=0 hard=0) wakes=0 probes=697/0 maxOutage=0ms rebootRec=0
[health] frame avg=29.0ms p95=29.1ms max=31.1ms  n=5 ap=329  heap free=85036 largest=36852 free8=85036 tlsOk=1 rej=0  allocFail=0 hardFail=0  tls=55/44  interval=217632ms
[health] touch-wd wedges=0 recovered=0/0 (soft=0 hard=0) wakes=0 probes=700/0 maxOutage=0ms rebootRec=0
[health] frame avg=29.0ms p95=29.3ms max=30.6ms  n=5 ap=329  heap free=85036 largest=36852 free8=85036 tlsOk=1 rej=0  allocFail=0 hardFail=0  tls=55/44  interval=217632ms
[health] touch-wd wedges=0 recovered=0/0 (soft=0 hard=0) wakes=0 probes=703/0 maxOutage=0ms rebootRec=0
[adsbdb] a9fd11 -> type=R44 operator=Leading Edge Flight Academy reg=N7425T
[perf] 2026-08-08T05:17:48Z polls=1 busy=4%(fetch=1% enrich=2%) parse=2ms/poll bytes=0/poll ac=5/5 lag=avg0ms,max0ms gapMax=217726ms episodes=1 cache=H0/S0/M0 enrichReqs=1
[health] frame avg=30.4ms p95=31.2ms max=34.7ms  n=5 ap=329  heap free=87476 largest=38900 free8=87476 tlsOk=1 rej=0  allocFail=0 hardFail=0  tls=57/44  interval=217632ms
[health] touch-wd wedges=0 recovered=0/0 (soft=0 hard=0) wakes=0 probes=706/0 maxOutage=0ms rebootRec=0
[health] frame avg=30.4ms p95=31.2ms max=32.7ms  n=5 ap=329  heap free=87476 largest=38900 free8=87476 tlsOk=1 rej=0  allocFail=0 hardFail=0  tls=57/44  interval=217632ms
[health] touch-wd wedges=0 recovered=0/0 (soft=0 hard=0) wakes=0 probes=709/0 maxOutage=0ms rebootRec=0
[health] frame avg=28.9ms p95=29.1ms max=32.6ms  n=5 ap=329  heap free=85060 largest=38900 free8=85060 tlsOk=1 rej=0  allocFail=0 hardFail=0  tls=57/44  interval=217632ms
[health] touch-wd wedges=0 recovered=0/0 (soft=0 hard=0) wakes=0 probes=712/0 maxOutage=0ms rebootRec=0
[health] frame avg=28.8ms p95=29.0ms max=30.9ms  n=5 ap=329  heap free=85060 largest=38900 free8=85060 tlsOk=1 rej=0  allocFail=0 hardFail=0  tls=57/44  interval=217632ms
[health] touch-wd wedges=0 recovered=0/0 (soft=0 hard=0) wakes=0 probes=715/0 maxOutage=0ms rebootRec=0
[health] frame avg=28.8ms p95=29.0ms max=30.6ms  n=5 ap=329  heap free=85060 largest=38900 free8=85060 tlsOk=1 rej=0  allocFail=0 hardFail=0  tls=57/44  interval=217632ms
[health] touch-wd wedges=0 recovered=0/0 (soft=0 hard=0) wakes=0 probes=718/0 maxOutage=0ms rebootRec=0
[health] frame avg=28.8ms p95=29.0ms max=30.6ms  n=5 ap=329  heap free=85060 largest=38900 free8=85060 tlsOk=1 rej=0  allocFail=0 hardFail=0  tls=57/44  interval=217632ms
[health] touch-wd wedges=0 recovered=0/0 (soft=0 hard=0) wakes=0 probes=721/0 maxOutage=0ms rebootRec=0
[health] frame avg=28.9ms p95=29.0ms max=31.0ms  n=5 ap=329  heap free=85060 largest=38900 free8=85060 tlsOk=1 rej=0  allocFail=0 hardFail=0  tls=57/44  interval=217632ms
[health] touch-wd wedges=0 recovered=0/0 (soft=0 hard=0) wakes=0 probes=724/0 maxOutage=0ms rebootRec=0
[adsbdb] a8268d -> type=E75L operator=Alaska Airlines reg=N624QX
[health] frame avg=30.4ms p95=31.1ms max=36.2ms  n=5 ap=329  heap free=87392 largest=42996 free8=87392 tlsOk=1 rej=0  allocFail=0 hardFail=0  tls=59/44  interval=217632ms
[health] touch-wd wedges=0 recovered=0/0 (soft=0 hard=0) wakes=0 probes=727/0 maxOutage=0ms rebootRec=0
[perf] 2026-08-08T05:21:49Z polls=1 busy=4%(fetch=1% enrich=2%) parse=2ms/poll bytes=0/poll ac=5/5 lag=avg0ms,max0ms gapMax=217684ms episodes=1 cache=H0/S0/M0 enrichReqs=1
[health] frame avg=30.4ms p95=31.1ms max=33.1ms  n=5 ap=329  heap free=87392 largest=42996 free8=87392 tlsOk=1 rej=0  allocFail=0 hardFail=0  tls=59/44  interval=217632ms
[health] touch-wd wedges=0 recovered=0/0 (soft=0 hard=0) wakes=0 probes=730/0 maxOutage=0ms rebootRec=0
[health] frame avg=30.3ms p95=31.0ms max=32.6ms  n=5 ap=329  heap free=84976 largest=40948 free8=84976 tlsOk=1 rej=0  allocFail=0 hardFail=0  tls=59/44  interval=217632ms
[health] touch-wd wedges=0 recovered=0/0 (soft=0 hard=0) wakes=0 probes=733/0 maxOutage=0ms rebootRec=0
[health] frame avg=29.0ms p95=29.1ms max=30.9ms  n=5 ap=329  heap free=84976 largest=40948 free8=84976 tlsOk=1 rej=0  allocFail=0 hardFail=0  tls=59/44  interval=217632ms
[health] touch-wd wedges=0 recovered=0/0 (soft=0 hard=0) wakes=0 probes=736/0 maxOutage=0ms rebootRec=0
[health] frame avg=29.0ms p95=29.1ms max=30.9ms  n=5 ap=329  heap free=84976 largest=40948 free8=84976 tlsOk=1 rej=0  allocFail=0 hardFail=0  tls=59/44  interval=217632ms
[health] touch-wd wedges=0 recovered=0/0 (soft=0 hard=0) wakes=0 probes=739/0 maxOutage=0ms rebootRec=0
[health] frame avg=29.0ms p95=29.1ms max=30.9ms  n=5 ap=329  heap free=84976 largest=40948 free8=84976 tlsOk=1 rej=0  allocFail=0 hardFail=0  tls=59/44  interval=217632ms
[health] touch-wd wedges=0 recovered=0/0 (soft=0 hard=0) wakes=0 probes=742/0 maxOutage=0ms rebootRec=0
[health] frame avg=29.0ms p95=29.4ms max=31.6ms  n=5 ap=329  heap free=84976 largest=40948 free8=84976 tlsOk=1 rej=0  allocFail=0 hardFail=0  tls=59/44  interval=217632ms
[health] touch-wd wedges=0 recovered=0/0 (soft=0 hard=0) wakes=0 probes=745/0 maxOutage=0ms rebootRec=0
[perf] 2026-08-08T05:24:49Z polls=1 busy=1%(fetch=1% enrich=0%) parse=2ms/poll bytes=0/poll ac=4/4 lag=avg0ms,max0ms gapMax=217553ms episodes=1 cache=H0/S0/M0 enrichReqs=0
[health] frame avg=30.1ms p95=30.7ms max=34.4ms  n=4 ap=329  heap free=85756 largest=35828 free8=85756 tlsOk=1 rej=0  allocFail=0 hardFail=0  tls=60/44  interval=217632ms
[health] touch-wd wedges=0 recovered=0/0 (soft=0 hard=0) wakes=0 probes=748/0 maxOutage=0ms rebootRec=0
[logbook] persisted (75/220 types claimed, 120 airlines, 38 countries, 17618 contacts; 10749 B blobs, 1970 NVS entries free)
[health] frame avg=30.1ms p95=30.8ms max=145.6ms  n=4 ap=329  heap free=85756 largest=35828 free8=85756 tlsOk=1 rej=0  allocFail=0 hardFail=0  tls=60/44  interval=217632ms
[health] touch-wd wedges=0 recovered=0/0 (soft=0 hard=0) wakes=0 probes=751/0 maxOutage=0ms rebootRec=0
[health] frame avg=30.1ms p95=30.7ms max=32.8ms  n=4 ap=329  heap free=85756 largest=35828 free8=85756 tlsOk=1 rej=0  allocFail=0 hardFail=0  tls=60/44  interval=217632ms
[health] touch-wd wedges=0 recovered=0/0 (soft=0 hard=0) wakes=0 probes=754/0 maxOutage=0ms rebootRec=0
[health] frame avg=28.7ms p95=28.9ms max=34.0ms  n=4 ap=329  heap free=83340 largest=35828 free8=83340 tlsOk=1 rej=0  allocFail=0 hardFail=0  tls=60/44  interval=217632ms
[health] touch-wd wedges=0 recovered=0/0 (soft=0 hard=0) wakes=0 probes=757/0 maxOutage=0ms rebootRec=0
[health] frame avg=28.8ms p95=28.9ms max=30.8ms  n=4 ap=329  heap free=83340 largest=35828 free8=83340 tlsOk=1 rej=0  allocFail=0 hardFail=0  tls=60/44  interval=217632ms
[health] touch-wd wedges=0 recovered=0/0 (soft=0 hard=0) wakes=0 probes=760/0 maxOutage=0ms rebootRec=0
[health] frame avg=28.7ms p95=28.9ms max=30.2ms  n=4 ap=329  heap free=83340 largest=35828 free8=83340 tlsOk=1 rej=0  allocFail=0 hardFail=0  tls=60/44  interval=217632ms
[health] touch-wd wedges=0 recovered=0/0 (soft=0 hard=0) wakes=0 probes=763/0 maxOutage=0ms rebootRec=0
[health] frame avg=28.8ms p95=28.9ms max=30.5ms  n=4 ap=329  heap free=83340 largest=35828 free8=83340 tlsOk=1 rej=0  allocFail=0 hardFail=0  tls=60/44  interval=217632ms
[health] touch-wd wedges=0 recovered=0/0 (soft=0 hard=0) wakes=0 probes=766/0 maxOutage=0ms rebootRec=0
[GET] stale keep-alive (-2) on reused socket; retrying fresh
[health] frame avg=29.0ms p95=30.3ms max=35.8ms  n=4 ap=329  heap free=86024 largest=40948 free8=86024 tlsOk=1 rej=0  allocFail=0 hardFail=0  tls=60/45  interval=217632ms
[health] touch-wd wedges=0 recovered=0/0 (soft=0 hard=0) wakes=0 probes=769/0 maxOutage=0ms rebootRec=0
[adsbdb] ace96a -> type=B39M operator=Alaska Airlines reg=N931AK
[adsbdb] abe579 -> type=B739 operator=Delta Air Lines reg=N866DN
[adsbdb] a6ea35 -> type=C172 operator=Hillsboro Aero Academy LLC reg=N54477
[perf] 2026-08-08T05:28:49Z polls=1 busy=4%(fetch=1% enrich=3%) parse=3ms/poll bytes=0/poll ac=4/4 lag=avg0ms,max0ms gapMax=217664ms episodes=1 cache=H0/S0/M0 enrichReqs=3
[health] frame avg=30.2ms p95=30.8ms max=35.6ms  n=4 ap=329  heap free=88596 largest=36852 free8=88596 tlsOk=1 rej=0  allocFail=0 hardFail=0  tls=61/47  interval=217632ms
[health] touch-wd wedges=0 recovered=0/0 (soft=0 hard=0) wakes=0 probes=772/0 maxOutage=0ms rebootRec=0
[health] frame avg=30.1ms p95=30.8ms max=33.0ms  n=4 ap=329  heap free=88596 largest=36852 free8=88596 tlsOk=1 rej=0  allocFail=0 hardFail=0  tls=61/47  interval=217632ms
[health] touch-wd wedges=0 recovered=0/0 (soft=0 hard=0) wakes=0 probes=775/0 maxOutage=0ms rebootRec=0
[health] frame avg=28.8ms p95=28.9ms max=32.4ms  n=4 ap=329  heap free=86180 largest=36852 free8=86180 tlsOk=1 rej=0  allocFail=0 hardFail=0  tls=61/47  interval=217632ms
[health] touch-wd wedges=0 recovered=0/0 (soft=0 hard=0) wakes=0 probes=778/0 maxOutage=0ms rebootRec=0
[health] frame avg=28.8ms p95=29.0ms max=30.2ms  n=4 ap=329  heap free=86180 largest=36852 free8=86180 tlsOk=1 rej=0  allocFail=0 hardFail=0  tls=61/47  interval=217632ms
[health] touch-wd wedges=0 recovered=0/0 (soft=0 hard=0) wakes=0 probes=781/0 maxOutage=0ms rebootRec=0
[health] frame avg=28.8ms p95=29.0ms max=30.9ms  n=4 ap=329  heap free=86180 largest=36852 free8=86180 tlsOk=1 rej=0  allocFail=0 hardFail=0  tls=61/47  interval=217632ms
[health] touch-wd wedges=0 recovered=0/0 (soft=0 hard=0) wakes=0 probes=784/0 maxOutage=0ms rebootRec=0
[health] frame avg=28.8ms p95=29.0ms max=32.7ms  n=4 ap=329  heap free=86180 largest=36852 free8=86180 tlsOk=1 rej=0  allocFail=0 hardFail=0  tls=61/47  interval=217632ms
[health] touch-wd wedges=0 recovered=0/0 (soft=0 hard=0) wakes=0 probes=787/0 maxOutage=0ms rebootRec=0
[health] frame avg=28.9ms p95=29.0ms max=31.0ms  n=4 ap=329  heap free=86180 largest=36852 free8=86180 tlsOk=1 rej=0  allocFail=0 hardFail=0  tls=61/47  interval=217632ms
[health] touch-wd wedges=0 recovered=0/0 (soft=0 hard=0) wakes=0 probes=790/0 maxOutage=0ms rebootRec=0
[adsbdb] a44a61 -> type=B738 operator=Delta Air Lines reg=N376DA
[adsbdb] a842e7 -> type=E75L operator=Alaska Airlines reg=N631QX
[adsbdb] a98386 -> unknown aircraft
[health] frame avg=30.7ms p95=31.3ms max=34.5ms  n=6 ap=329  heap free=86244 largest=36852 free8=86244 tlsOk=1 rej=0  allocFail=0 hardFail=0  tls=63/49  interval=217632ms
[health] touch-wd wedges=0 recovered=0/0 (soft=0 hard=0) wakes=0 probes=793/0 maxOutage=0ms rebootRec=0
[perf] 2026-08-08T05:32:49Z polls=1 busy=4%(fetch=1% enrich=2%) parse=2ms/poll bytes=0/poll ac=6/6 lag=avg0ms,max0ms gapMax=217660ms episodes=1 cache=H0/S0/M0 enrichReqs=3
[health] frame avg=30.7ms p95=31.3ms max=33.5ms  n=6 ap=329  heap free=86244 largest=36852 free8=86244 tlsOk=1 rej=0  allocFail=0 hardFail=0  tls=63/49  interval=217632ms
[health] touch-wd wedges=0 recovered=0/0 (soft=0 hard=0) wakes=0 probes=796/0 maxOutage=0ms rebootRec=0
[health] frame avg=29.2ms p95=29.4ms max=32.9ms  n=6 ap=329  heap free=83828 largest=36852 free8=83828 tlsOk=1 rej=0  allocFail=0 hardFail=0  tls=63/49  interval=217632ms
[health] touch-wd wedges=0 recovered=0/0 (soft=0 hard=0) wakes=0 probes=799/0 maxOutage=0ms rebootRec=0
[health] frame avg=29.2ms p95=29.3ms max=30.8ms  n=6 ap=329  heap free=83828 largest=36852 free8=83828 tlsOk=1 rej=0  allocFail=0 hardFail=0  tls=63/49  interval=217632ms
[health] touch-wd wedges=0 recovered=0/0 (soft=0 hard=0) wakes=0 probes=802/0 maxOutage=0ms rebootRec=0
[health] frame avg=29.2ms p95=29.4ms max=30.7ms  n=6 ap=329  heap free=83828 largest=36852 free8=83828 tlsOk=1 rej=0  allocFail=0 hardFail=0  tls=63/49  interval=217632ms
[health] touch-wd wedges=0 recovered=0/0 (soft=0 hard=0) wakes=0 probes=805/0 maxOutage=0ms rebootRec=0
[health] frame avg=29.2ms p95=29.4ms max=31.4ms  n=6 ap=329  heap free=83828 largest=36852 free8=83828 tlsOk=1 rej=0  allocFail=0 hardFail=0  tls=63/49  interval=217632ms
[health] touch-wd wedges=0 recovered=0/0 (soft=0 hard=0) wakes=0 probes=808/0 maxOutage=0ms rebootRec=0
[logbook] persisted (75/220 types claimed, 120 airlines, 38 countries, 17624 contacts; 10749 B blobs, 1970 NVS entries free)
[health] frame avg=29.3ms p95=29.6ms max=139.5ms  n=6 ap=329  heap free=83828 largest=36852 free8=83828 tlsOk=1 rej=0  allocFail=0 hardFail=0  tls=63/49  interval=217632ms
[health] touch-wd wedges=0 recovered=0/0 (soft=0 hard=0) wakes=0 probes=811/0 maxOutage=0ms rebootRec=0
[perf] 2026-08-08T05:35:49Z polls=1 busy=1%(fetch=1% enrich=0%) parse=2ms/poll bytes=0/poll ac=4/4 lag=avg0ms,max0ms gapMax=217594ms episodes=1 cache=H0/S0/M0 enrichReqs=0
[health] frame avg=30.3ms p95=30.9ms max=34.9ms  n=4 ap=329  heap free=85776 largest=34804 free8=85776 tlsOk=1 rej=0  allocFail=0 hardFail=0  tls=64/49  interval=217632ms
[health] touch-wd wedges=0 recovered=0/0 (soft=0 hard=0) wakes=0 probes=814/0 maxOutage=0ms rebootRec=0
[health] frame avg=30.2ms p95=30.9ms max=32.7ms  n=4 ap=329  heap free=85776 largest=34804 free8=85776 tlsOk=1 rej=0  allocFail=0 hardFail=0  tls=64/49  interval=217632ms
[health] touch-wd wedges=0 recovered=0/0 (soft=0 hard=0) wakes=0 probes=817/0 maxOutage=0ms rebootRec=0
[health] frame avg=30.0ms p95=30.6ms max=33.4ms  n=4 ap=329  heap free=85776 largest=34804 free8=85776 tlsOk=1 rej=0  allocFail=0 hardFail=0  tls=64/49  interval=217632ms
[health] touch-wd wedges=0 recovered=0/0 (soft=0 hard=0) wakes=0 probes=820/0 maxOutage=0ms rebootRec=0
[health] frame avg=28.6ms p95=28.8ms max=31.5ms  n=4 ap=329  heap free=83360 largest=32756 free8=83360 tlsOk=1 rej=0  allocFail=0 hardFail=0  tls=64/49  interval=217632ms
[health] touch-wd wedges=0 recovered=0/0 (soft=0 hard=0) wakes=0 probes=823/0 maxOutage=0ms rebootRec=0
[health] frame avg=28.6ms p95=28.8ms max=32.2ms  n=4 ap=329  heap free=83360 largest=32756 free8=83360 tlsOk=1 rej=0  allocFail=0 hardFail=0  tls=64/49  interval=217632ms
[health] touch-wd wedges=0 recovered=0/0 (soft=0 hard=0) wakes=0 probes=826/0 maxOutage=0ms rebootRec=0
[health] frame avg=28.7ms p95=28.8ms max=30.2ms  n=4 ap=329  heap free=83360 largest=32756 free8=83360 tlsOk=1 rej=0  allocFail=0 hardFail=0  tls=64/49  interval=217632ms
[health] touch-wd wedges=0 recovered=0/0 (soft=0 hard=0) wakes=0 probes=829/0 maxOutage=0ms rebootRec=0
[health] frame avg=28.7ms p95=28.8ms max=30.4ms  n=4 ap=329  heap free=83360 largest=32756 free8=83360 tlsOk=1 rej=0  allocFail=0 hardFail=0  tls=64/49  interval=217632ms
[health] touch-wd wedges=0 recovered=0/0 (soft=0 hard=0) wakes=0 probes=832/0 maxOutage=0ms rebootRec=0
[GET] stale keep-alive (-2) on reused socket; retrying fresh
[health] frame avg=29.7ms p95=30.4ms max=36.9ms  n=2 ap=329  heap free=88000 largest=34804 free8=88000 tlsOk=1 rej=0  allocFail=0 hardFail=0  tls=64/50  interval=217632ms
[health] touch-wd wedges=0 recovered=0/0 (soft=0 hard=0) wakes=0 probes=835/0 maxOutage=0ms rebootRec=0
[perf] 2026-08-08T05:39:49Z polls=1 busy=1%(fetch=1% enrich=0%) parse=1ms/poll bytes=0/poll ac=2/2 lag=avg0ms,max0ms gapMax=217663ms episodes=1 cache=H0/S0/M0 enrichReqs=0
[health] frame avg=29.7ms p95=30.4ms max=31.8ms  n=2 ap=329  heap free=88000 largest=34804 free8=88000 tlsOk=1 rej=0  allocFail=0 hardFail=0  tls=64/50  interval=217632ms
[health] touch-wd wedges=0 recovered=0/0 (soft=0 hard=0) wakes=0 probes=838/0 maxOutage=0ms rebootRec=0
[health] frame avg=29.7ms p95=30.4ms max=31.8ms  n=2 ap=329  heap free=88000 largest=34804 free8=88000 tlsOk=1 rej=0  allocFail=0 hardFail=0  tls=64/50  interval=217632ms
[health] touch-wd wedges=0 recovered=0/0 (soft=0 hard=0) wakes=0 probes=841/0 maxOutage=0ms rebootRec=0
[health] frame avg=28.4ms p95=28.6ms max=31.3ms  n=2 ap=329  heap free=85584 largest=34804 free8=85584 tlsOk=1 rej=0  allocFail=0 hardFail=0  tls=64/50  interval=217632ms
[health] touch-wd wedges=0 recovered=0/0 (soft=0 hard=0) wakes=0 probes=844/0 maxOutage=0ms rebootRec=0
[health] frame avg=28.3ms p95=28.5ms max=29.7ms  n=2 ap=329  heap free=85584 largest=34804 free8=85584 tlsOk=1 rej=0  allocFail=0 hardFail=0  tls=64/50  interval=217632ms
[health] touch-wd wedges=0 recovered=0/0 (soft=0 hard=0) wakes=0 probes=847/0 maxOutage=0ms rebootRec=0
[health] frame avg=28.3ms p95=28.5ms max=30.3ms  n=2 ap=329  heap free=85584 largest=34804 free8=85584 tlsOk=1 rej=0  allocFail=0 hardFail=0  tls=64/50  interval=217632ms
[health] touch-wd wedges=0 recovered=0/0 (soft=0 hard=0) wakes=0 probes=850/0 maxOutage=0ms rebootRec=0
[health] frame avg=28.4ms p95=28.5ms max=29.7ms  n=2 ap=329  heap free=85584 largest=34804 free8=85584 tlsOk=1 rej=0  allocFail=0 hardFail=0  tls=64/50  interval=217632ms
[health] touch-wd wedges=0 recovered=0/0 (soft=0 hard=0) wakes=0 probes=853/0 maxOutage=0ms rebootRec=0
[GET] stale keep-alive (-2) on reused socket; retrying fresh
[health] frame avg=28.5ms p95=29.4ms max=35.0ms  n=2 ap=329  heap free=83276 largest=38900 free8=83276 tlsOk=1 rej=0  allocFail=0 hardFail=0  tls=64/51  interval=217632ms
[health] touch-wd wedges=0 recovered=0/0 (soft=0 hard=0) wakes=0 probes=856/0 maxOutage=0ms rebootRec=0
[adsbdb] a57b4d -> type=A320 operator=United Airlines reg=N452UA
[health] frame avg=29.8ms p95=30.4ms max=33.2ms  n=2 ap=329  heap free=90728 largest=42996 free8=90728 tlsOk=1 rej=0  allocFail=0 hardFail=0  tls=65/51  interval=217632ms
[health] touch-wd wedges=0 recovered=0/0 (soft=0 hard=0) wakes=0 probes=859/0 maxOutage=0ms rebootRec=0
[perf] 2026-08-08T05:43:49Z polls=1 busy=3%(fetch=1% enrich=2%) parse=1ms/poll bytes=0/poll ac=2/2 lag=avg0ms,max0ms gapMax=217635ms episodes=1 cache=H0/S0/M0 enrichReqs=1
[health] frame avg=29.8ms p95=30.5ms max=32.0ms  n=2 ap=329  heap free=90728 largest=42996 free8=90728 tlsOk=1 rej=0  allocFail=0 hardFail=0  tls=65/51  interval=217632ms
[health] touch-wd wedges=0 recovered=0/0 (soft=0 hard=0) wakes=0 probes=862/0 maxOutage=0ms rebootRec=0
[health] frame avg=28.4ms p95=28.5ms max=31.6ms  n=2 ap=329  heap free=88312 largest=42996 free8=88312 tlsOk=1 rej=0  allocFail=0 hardFail=0  tls=65/51  interval=217632ms
[health] touch-wd wedges=0 recovered=0/0 (soft=0 hard=0) wakes=0 probes=865/0 maxOutage=0ms rebootRec=0
[health] frame avg=28.4ms p95=28.5ms max=30.6ms  n=2 ap=329  heap free=88312 largest=42996 free8=88312 tlsOk=1 rej=0  allocFail=0 hardFail=0  tls=65/51  interval=217632ms
[health] touch-wd wedges=0 recovered=0/0 (soft=0 hard=0) wakes=0 probes=868/0 maxOutage=0ms rebootRec=0
[logbook] persisted (75/220 types claimed, 120 airlines, 38 countries, 17625 contacts; 10749 B blobs, 1970 NVS entries free)
[health] frame avg=28.4ms p95=28.6ms max=145.4ms  n=2 ap=329  heap free=88312 largest=42996 free8=88312 tlsOk=1 rej=0  allocFail=0 hardFail=0  tls=65/51  interval=217632ms
[health] touch-wd wedges=0 recovered=0/0 (soft=0 hard=0) wakes=0 probes=871/0 maxOutage=0ms rebootRec=0
[health] frame avg=28.5ms p95=28.6ms max=30.0ms  n=2 ap=329  heap free=88312 largest=42996 free8=88312 tlsOk=1 rej=0  allocFail=0 hardFail=0  tls=65/51  interval=217632ms
[health] touch-wd wedges=0 recovered=0/0 (soft=0 hard=0) wakes=0 probes=874/0 maxOutage=0ms rebootRec=0
[health] frame avg=28.5ms p95=28.6ms max=30.0ms  n=2 ap=329  heap free=88312 largest=42996 free8=88312 tlsOk=1 rej=0  allocFail=0 hardFail=0  tls=65/51  interval=217632ms
[health] touch-wd wedges=0 recovered=0/0 (soft=0 hard=0) wakes=0 probes=877/0 maxOutage=0ms rebootRec=0
[perf] 2026-08-08T05:46:49Z polls=1 busy=1%(fetch=1% enrich=0%) parse=0ms/poll bytes=0/poll ac=1/1 lag=avg0ms,max0ms gapMax=217642ms episodes=1 cache=H0/S0/M0 enrichReqs=0
[health] frame avg=29.7ms p95=30.4ms max=34.0ms  n=1 ap=329  heap free=89024 largest=36852 free8=89024 tlsOk=1 rej=0  allocFail=0 hardFail=0  tls=66/51  interval=217632ms
[health] touch-wd wedges=0 recovered=0/0 (soft=0 hard=0) wakes=0 probes=879/0 maxOutage=0ms rebootRec=0
[health] frame avg=29.6ms p95=30.3ms max=31.9ms  n=1 ap=329  heap free=89024 largest=36852 free8=89024 tlsOk=1 rej=0  allocFail=0 hardFail=0  tls=66/51  interval=217632ms
[health] touch-wd wedges=0 recovered=0/0 (soft=0 hard=0) wakes=0 probes=882/0 maxOutage=0ms rebootRec=0
[health] frame avg=28.1ms p95=28.2ms max=31.7ms  n=1 ap=329  heap free=86608 largest=36852 free8=86608 tlsOk=1 rej=0  allocFail=0 hardFail=0  tls=66/51  interval=217632ms
[health] touch-wd wedges=0 recovered=0/0 (soft=0 hard=0) wakes=0 probes=885/0 maxOutage=0ms rebootRec=0
[health] frame avg=28.1ms p95=28.3ms max=29.2ms  n=1 ap=329  heap free=86608 largest=36852 free8=86608 tlsOk=1 rej=0  allocFail=0 hardFail=0  tls=66/51  interval=217632ms
[health] touch-wd wedges=0 recovered=0/0 (soft=0 hard=0) wakes=0 probes=888/0 maxOutage=0ms rebootRec=0
[health] frame avg=28.1ms p95=28.2ms max=29.5ms  n=1 ap=329  heap free=86608 largest=36852 free8=86608 tlsOk=1 rej=0  allocFail=0 hardFail=0  tls=66/51  interval=217632ms
[health] touch-wd wedges=0 recovered=0/0 (soft=0 hard=0) wakes=0 probes=891/0 maxOutage=0ms rebootRec=0
[health] frame avg=28.1ms p95=28.3ms max=29.5ms  n=1 ap=329  heap free=86608 largest=36852 free8=86608 tlsOk=1 rej=0  allocFail=0 hardFail=0  tls=66/51  interval=217632ms
[health] touch-wd wedges=0 recovered=0/0 (soft=0 hard=0) wakes=0 probes=894/0 maxOutage=0ms rebootRec=0
[health] frame avg=28.1ms p95=28.3ms max=29.3ms  n=1 ap=329  heap free=86608 largest=36852 free8=86608 tlsOk=1 rej=0  allocFail=0 hardFail=0  tls=66/51  interval=217632ms
[health] touch-wd wedges=0 recovered=0/0 (soft=0 hard=0) wakes=0 probes=897/0 maxOutage=0ms rebootRec=0
[GET] stale keep-alive (-2) on reused socket; retrying fresh
[adsbdb] a8a478 -> type=E75L operator=HORIZON AIR INDUSTRIES INC reg=N656QX
[health] frame avg=29.8ms p95=30.6ms max=34.3ms  n=2 ap=329  heap free=90696 largest=42996 free8=90696 tlsOk=1 rej=0  allocFail=0 hardFail=0  tls=67/52  interval=217632ms
[health] touch-wd wedges=0 recovered=0/0 (soft=0 hard=0) wakes=0 probes=900/0 maxOutage=0ms rebootRec=0
[perf] 2026-08-08T05:50:49Z polls=1 busy=3%(fetch=1% enrich=2%) parse=2ms/poll bytes=0/poll ac=2/2 lag=avg0ms,max0ms gapMax=217657ms episodes=1 cache=H0/S0/M0 enrichReqs=1
[health] frame avg=29.8ms p95=30.6ms max=31.5ms  n=2 ap=329  heap free=90696 largest=42996 free8=90696 tlsOk=1 rej=0  allocFail=0 hardFail=0  tls=67/52  interval=217632ms
[health] touch-wd wedges=0 recovered=0/0 (soft=0 hard=0) wakes=0 probes=903/0 maxOutage=0ms rebootRec=0
[health] frame avg=29.8ms p95=30.6ms max=32.0ms  n=2 ap=329  heap free=88280 largest=42996 free8=88280 tlsOk=1 rej=0  allocFail=0 hardFail=0  tls=67/52  interval=217632ms
[health] touch-wd wedges=0 recovered=0/0 (soft=0 hard=0) wakes=0 probes=906/0 maxOutage=0ms rebootRec=0
[health] frame avg=28.3ms p95=28.5ms max=30.9ms  n=2 ap=329  heap free=88280 largest=42996 free8=88280 tlsOk=1 rej=0  allocFail=0 hardFail=0  tls=67/52  interval=217632ms
[health] touch-wd wedges=0 recovered=0/0 (soft=0 hard=0) wakes=0 probes=909/0 maxOutage=0ms rebootRec=0
[health] frame avg=28.4ms p95=28.5ms max=29.9ms  n=2 ap=329  heap free=88280 largest=42996 free8=88280 tlsOk=1 rej=0  allocFail=0 hardFail=0  tls=67/52  interval=217632ms
[health] touch-wd wedges=0 recovered=0/0 (soft=0 hard=0) wakes=0 probes=912/0 maxOutage=0ms rebootRec=0
[health] frame avg=28.4ms p95=28.5ms max=30.6ms  n=2 ap=329  heap free=88280 largest=42996 free8=88280 tlsOk=1 rej=0  allocFail=0 hardFail=0  tls=67/52  interval=217632ms
[health] touch-wd wedges=0 recovered=0/0 (soft=0 hard=0) wakes=0 probes=915/0 maxOutage=0ms rebootRec=0
[health] frame avg=28.4ms p95=28.5ms max=29.5ms  n=2 ap=329  heap free=88280 largest=42996 free8=88280 tlsOk=1 rej=0  allocFail=0 hardFail=0  tls=67/52  interval=217632ms
[health] touch-wd wedges=0 recovered=0/0 (soft=0 hard=0) wakes=0 probes=918/0 maxOutage=0ms rebootRec=0
[adsbdb] abd2e6 -> type=B739 operator=Delta Air Lines reg=N861DN
[perf] 2026-08-08T05:53:49Z polls=1 busy=3%(fetch=1% enrich=2%) parse=2ms/poll bytes=0/poll ac=3/3 lag=avg0ms,max0ms gapMax=217662ms episodes=1 cache=H0/S0/M0 enrichReqs=1
[health] frame avg=30.1ms p95=30.9ms max=34.7ms  n=3 ap=329  heap free=89528 largest=44020 free8=89528 tlsOk=1 rej=0  allocFail=0 hardFail=0  tls=69/52  interval=217632ms
[health] touch-wd wedges=0 recovered=0/0 (soft=0 hard=0) wakes=0 probes=921/0 maxOutage=0ms rebootRec=0
[health] frame avg=30.1ms p95=30.9ms max=32.4ms  n=3 ap=329  heap free=89528 largest=44020 free8=89528 tlsOk=1 rej=0  allocFail=0 hardFail=0  tls=69/52  interval=217632ms
[health] touch-wd wedges=0 recovered=0/0 (soft=0 hard=0) wakes=0 probes=924/0 maxOutage=0ms rebootRec=0
[health] frame avg=30.1ms p95=30.8ms max=32.5ms  n=3 ap=329  heap free=87112 largest=41972 free8=87112 tlsOk=1 rej=0  allocFail=0 hardFail=0  tls=69/52  interval=217632ms
[health] touch-wd wedges=0 recovered=0/0 (soft=0 hard=0) wakes=0 probes=927/0 maxOutage=0ms rebootRec=0
[logbook] persisted (75/220 types claimed, 120 airlines, 38 countries, 17627 contacts; 10749 B blobs, 1970 NVS entries free)
[health] frame avg=28.5ms p95=28.7ms max=142.0ms  n=3 ap=329  heap free=87112 largest=41972 free8=87112 tlsOk=1 rej=0  allocFail=0 hardFail=0  tls=69/52  interval=217632ms
[health] touch-wd wedges=0 recovered=0/0 (soft=0 hard=0) wakes=0 probes=930/0 maxOutage=0ms rebootRec=0
[health] frame avg=28.6ms p95=28.9ms max=30.0ms  n=3 ap=329  heap free=87112 largest=41972 free8=87112 tlsOk=1 rej=0  allocFail=0 hardFail=0  tls=69/52  interval=217632ms
[health] touch-wd wedges=0 recovered=0/0 (soft=0 hard=0) wakes=0 probes=933/0 maxOutage=0ms rebootRec=0
[health] frame avg=28.6ms p95=28.8ms max=30.3ms  n=3 ap=329  heap free=87112 largest=41972 free8=87112 tlsOk=1 rej=0  allocFail=0 hardFail=0  tls=69/52  interval=217632ms
[health] touch-wd wedges=0 recovered=0/0 (soft=0 hard=0) wakes=0 probes=936/0 maxOutage=0ms rebootRec=0
[health] frame avg=28.7ms p95=28.8ms max=30.7ms  n=3 ap=329  heap free=87112 largest=41972 free8=87112 tlsOk=1 rej=0  allocFail=0 hardFail=0  tls=69/52  interval=217632ms
[health] touch-wd wedges=0 recovered=0/0 (soft=0 hard=0) wakes=0 probes=939/0 maxOutage=0ms rebootRec=0
[health] frame avg=28.8ms p95=29.6ms max=34.2ms  n=3 ap=329  heap free=84588 largest=39924 free8=84588 tlsOk=1 rej=0  allocFail=0 hardFail=0  tls=70/52  interval=217632ms
[health] touch-wd wedges=0 recovered=0/0 (soft=0 hard=0) wakes=0 probes=942/0 maxOutage=0ms rebootRec=0
[perf] 2026-08-08T05:57:49Z polls=1 busy=1%(fetch=1% enrich=0%) parse=2ms/poll bytes=0/poll ac=2/2 lag=avg0ms,max0ms gapMax=217680ms episodes=1 cache=H0/S0/M0 enrichReqs=0
[health] frame avg=30.0ms p95=30.7ms max=31.8ms  n=2 ap=329  heap free=87928 largest=37876 free8=87928 tlsOk=1 rej=0  allocFail=0 hardFail=0  tls=70/52  interval=217632ms
[health] touch-wd wedges=0 recovered=0/0 (soft=0 hard=0) wakes=0 probes=945/0 maxOutage=0ms rebootRec=0
[health] frame avg=30.0ms p95=30.6ms max=31.5ms  n=2 ap=329  heap free=87928 largest=37876 free8=87928 tlsOk=1 rej=0  allocFail=0 hardFail=0  tls=70/52  interval=217632ms
[health] touch-wd wedges=0 recovered=0/0 (soft=0 hard=0) wakes=0 probes=948/0 maxOutage=0ms rebootRec=0
[health] frame avg=28.4ms p95=28.5ms max=32.1ms  n=2 ap=329  heap free=85512 largest=37876 free8=85512 tlsOk=1 rej=0  allocFail=0 hardFail=0  tls=70/52  interval=217632ms
[health] touch-wd wedges=0 recovered=0/0 (soft=0 hard=0) wakes=0 probes=951/0 maxOutage=0ms rebootRec=0
[health] frame avg=28.4ms p95=28.5ms max=29.7ms  n=2 ap=329  heap free=85512 largest=37876 free8=85512 tlsOk=1 rej=0  allocFail=0 hardFail=0  tls=70/52  interval=217632ms
[health] touch-wd wedges=0 recovered=0/0 (soft=0 hard=0) wakes=0 probes=954/0 maxOutage=0ms rebootRec=0
[health] frame avg=28.3ms p95=28.5ms max=30.0ms  n=2 ap=329  heap free=85512 largest=37876 free8=85512 tlsOk=1 rej=0  allocFail=0 hardFail=0  tls=70/52  interval=217632ms
[health] touch-wd wedges=0 recovered=0/0 (soft=0 hard=0) wakes=0 probes=957/0 maxOutage=0ms rebootRec=0
[health] frame avg=28.3ms p95=28.5ms max=30.2ms  n=2 ap=329  heap free=85512 largest=37876 free8=85512 tlsOk=1 rej=0  allocFail=0 hardFail=0  tls=70/52  interval=217632ms
[health] touch-wd wedges=0 recovered=0/0 (soft=0 hard=0) wakes=0 probes=960/0 maxOutage=0ms rebootRec=0
[health] frame avg=28.4ms p95=28.5ms max=31.0ms  n=2 ap=329  heap free=85512 largest=37876 free8=85512 tlsOk=1 rej=0  allocFail=0 hardFail=0  tls=70/52  interval=217632ms
[health] touch-wd wedges=0 recovered=0/0 (soft=0 hard=0) wakes=0 probes=963/0 maxOutage=0ms rebootRec=0
[GET] stale keep-alive (-2) on reused socket; retrying fresh
[adsbdb] ac9e23 -> type=B39M operator=Alaska Airlines reg=N912AK
[health] frame avg=29.7ms p95=30.4ms max=35.2ms  n=1 ap=329  heap free=91964 largest=46068 free8=91964 tlsOk=1 rej=0  allocFail=0 hardFail=0  tls=71/53  interval=217632ms
[health] touch-wd wedges=0 recovered=0/0 (soft=0 hard=0) wakes=0 probes=966/0 maxOutage=0ms rebootRec=0
[perf] 2026-08-08T06:01:49Z polls=1 busy=3%(fetch=1% enrich=2%) parse=1ms/poll bytes=0/poll ac=1/1 lag=avg0ms,max0ms gapMax=217547ms episodes=1 cache=H0/S0/M0 enrichReqs=1
[health] frame avg=29.7ms p95=30.4ms max=31.6ms  n=1 ap=329  heap free=91964 largest=46068 free8=91964 tlsOk=1 rej=0  allocFail=0 hardFail=0  tls=71/53  interval=217632ms
[health] touch-wd wedges=0 recovered=0/0 (soft=0 hard=0) wakes=0 probes=969/0 maxOutage=0ms rebootRec=0
[health] frame avg=28.1ms p95=28.2ms max=31.6ms  n=1 ap=329  heap free=89548 largest=46068 free8=89548 tlsOk=1 rej=0  allocFail=0 hardFail=0  tls=71/53  interval=217632ms
[health] touch-wd wedges=0 recovered=0/0 (soft=0 hard=0) wakes=0 probes=972/0 maxOutage=0ms rebootRec=0
[health] frame avg=28.2ms p95=28.3ms max=29.6ms  n=1 ap=329  heap free=89548 largest=46068 free8=89548 tlsOk=1 rej=0  allocFail=0 hardFail=0  tls=71/53  interval=217632ms
[health] touch-wd wedges=0 recovered=0/0 (soft=0 hard=0) wakes=0 probes=975/0 maxOutage=0ms rebootRec=0
[health] frame avg=28.1ms p95=28.3ms max=29.9ms  n=1 ap=329  heap free=89548 largest=46068 free8=89548 tlsOk=1 rej=0  allocFail=0 hardFail=0  tls=71/53  interval=217632ms
[health] touch-wd wedges=0 recovered=0/0 (soft=0 hard=0) wakes=0 probes=978/0 maxOutage=0ms rebootRec=0
[health] frame avg=28.1ms p95=28.3ms max=29.9ms  n=1 ap=329  heap free=89548 largest=46068 free8=89548 tlsOk=1 rej=0  allocFail=0 hardFail=0  tls=71/53  interval=217632ms
[health] touch-wd wedges=0 recovered=0/0 (soft=0 hard=0) wakes=0 probes=981/0 maxOutage=0ms rebootRec=0
[health] frame avg=28.2ms p95=28.3ms max=29.4ms  n=1 ap=329  heap free=89548 largest=46068 free8=89548 tlsOk=1 rej=0  allocFail=0 hardFail=0  tls=71/53  interval=217632ms
[health] touch-wd wedges=0 recovered=0/0 (soft=0 hard=0) wakes=0 probes=984/0 maxOutage=0ms rebootRec=0
[perf] 2026-08-08T06:04:49Z polls=1 busy=1%(fetch=1% enrich=0%) parse=1ms/poll bytes=0/poll ac=1/1 lag=avg0ms,max0ms gapMax=217760ms episodes=1 cache=H0/S0/M0 enrichReqs=0
[health] frame avg=29.8ms p95=30.4ms max=33.5ms  n=1 ap=329  heap free=89120 largest=40948 free8=89120 tlsOk=1 rej=0  allocFail=0 hardFail=0  tls=72/53  interval=217632ms
[health] touch-wd wedges=0 recovered=0/0 (soft=0 hard=0) wakes=0 probes=987/0 maxOutage=0ms rebootRec=0
[logbook] persisted (75/220 types claimed, 120 airlines, 38 countries, 17628 contacts; 10749 B blobs, 1970 NVS entries free)
[health] frame avg=29.8ms p95=30.5ms max=141.1ms  n=1 ap=329  heap free=89120 largest=40948 free8=89120 tlsOk=1 rej=0  allocFail=0 hardFail=0  tls=72/53  interval=217632ms
[health] touch-wd wedges=0 recovered=0/0 (soft=0 hard=0) wakes=0 probes=990/0 maxOutage=0ms rebootRec=0
[health] frame avg=29.7ms p95=30.4ms max=31.4ms  n=1 ap=329  heap free=89120 largest=40948 free8=89120 tlsOk=1 rej=0  allocFail=0 hardFail=0  tls=72/53  interval=217632ms
[health] touch-wd wedges=0 recovered=0/0 (soft=0 hard=0) wakes=0 probes=993/0 maxOutage=0ms rebootRec=0
[health] frame avg=28.0ms p95=28.2ms max=31.2ms  n=1 ap=329  heap free=86704 largest=38900 free8=86704 tlsOk=1 rej=0  allocFail=0 hardFail=0  tls=72/53  interval=217632ms
[health] touch-wd wedges=0 recovered=0/0 (soft=0 hard=0) wakes=0 probes=996/0 maxOutage=0ms rebootRec=0
[health] frame avg=28.0ms p95=28.2ms max=29.6ms  n=1 ap=329  heap free=86704 largest=38900 free8=86704 tlsOk=1 rej=0  allocFail=0 hardFail=0  tls=72/53  interval=217632ms
[health] touch-wd wedges=0 recovered=0/0 (soft=0 hard=0) wakes=0 probes=999/0 maxOutage=0ms rebootRec=0
[health] frame avg=28.0ms p95=28.2ms max=29.6ms  n=1 ap=329  heap free=86704 largest=38900 free8=86704 tlsOk=1 rej=0  allocFail=0 hardFail=0  tls=72/53  interval=217632ms
[health] touch-wd wedges=0 recovered=0/0 (soft=0 hard=0) wakes=0 probes=1002/0 maxOutage=0ms rebootRec=0
[health] frame avg=28.0ms p95=28.2ms max=29.3ms  n=1 ap=329  heap free=86736 largest=38900 free8=86736 tlsOk=1 rej=0  allocFail=0 hardFail=0  tls=72/53  interval=217632ms
[health] touch-wd wedges=0 recovered=0/0 (soft=0 hard=0) wakes=0 probes=1005/0 maxOutage=0ms rebootRec=0
[GET] stale keep-alive (-2) on reused socket; retrying fresh
[adsbdb] abf9b1 -> type=B38M operator=Southwest Airlines reg=N8707P
[health] frame avg=29.8ms p95=30.4ms max=34.2ms  n=1 ap=329  heap free=91844 largest=41972 free8=91844 tlsOk=1 rej=0  allocFail=0 hardFail=0  tls=73/54  interval=217632ms
[health] touch-wd wedges=0 recovered=0/0 (soft=0 hard=0) wakes=0 probes=1008/0 maxOutage=0ms rebootRec=0
[perf] 2026-08-08T06:08:49Z polls=1 busy=4%(fetch=1% enrich=2%) parse=1ms/poll bytes=0/poll ac=1/1 lag=avg0ms,max0ms gapMax=217667ms episodes=1 cache=H0/S0/M0 enrichReqs=1
[health] frame avg=29.8ms p95=30.4ms max=31.5ms  n=1 ap=329  heap free=91844 largest=41972 free8=91844 tlsOk=1 rej=0  allocFail=0 hardFail=0  tls=73/54  interval=217632ms
[health] touch-wd wedges=0 recovered=0/0 (soft=0 hard=0) wakes=0 probes=1011/0 maxOutage=0ms rebootRec=0
[health] frame avg=29.8ms p95=30.5ms max=31.4ms  n=1 ap=329  heap free=89428 largest=41972 free8=89428 tlsOk=1 rej=0  allocFail=0 hardFail=0  tls=73/54  interval=217632ms
[health] touch-wd wedges=0 recovered=0/0 (soft=0 hard=0) wakes=0 probes=1014/0 maxOutage=0ms rebootRec=0
[health] frame avg=28.1ms p95=28.3ms max=30.8ms  n=1 ap=329  heap free=89428 largest=41972 free8=89428 tlsOk=1 rej=0  allocFail=0 hardFail=0  tls=73/54  interval=217632ms
[health] touch-wd wedges=0 recovered=0/0 (soft=0 hard=0) wakes=0 probes=1017/0 maxOutage=0ms rebootRec=0
[health] frame avg=28.1ms p95=28.3ms max=29.4ms  n=1 ap=329  heap free=89428 largest=41972 free8=89428 tlsOk=1 rej=0  allocFail=0 hardFail=0  tls=73/54  interval=217632ms
[health] touch-wd wedges=0 recovered=0/0 (soft=0 hard=0) wakes=0 probes=1020/0 maxOutage=0ms rebootRec=0
[health] frame avg=28.1ms p95=28.2ms max=30.2ms  n=1 ap=329  heap free=89428 largest=41972 free8=89428 tlsOk=1 rej=0  allocFail=0 hardFail=0  tls=73/54  interval=217632ms
[health] touch-wd wedges=0 recovered=0/0 (soft=0 hard=0) wakes=0 probes=1023/0 maxOutage=0ms rebootRec=0
[health] frame avg=28.1ms p95=28.2ms max=29.4ms  n=1 ap=329  heap free=89428 largest=41972 free8=89428 tlsOk=1 rej=0  allocFail=0 hardFail=0  tls=73/54  interval=217632ms
[health] touch-wd wedges=0 recovered=0/0 (soft=0 hard=0) wakes=0 probes=1026/0 maxOutage=0ms rebootRec=0
[health] frame avg=28.2ms p95=28.3ms max=34.0ms  n=1 ap=329  heap free=84448 largest=40948 free8=84448 tlsOk=1 rej=0  allocFail=0 hardFail=0  tls=74/54  interval=217632ms
[health] touch-wd wedges=0 recovered=0/0 (soft=0 hard=0) wakes=0 probes=1029/0 maxOutage=0ms rebootRec=0
[adsbdb] abdd64 -> type=E75L operator=United Express reg=N86372
[health] frame avg=29.8ms p95=30.4ms max=32.7ms  n=1 ap=329  heap free=92024 largest=44020 free8=92024 tlsOk=1 rej=0  allocFail=0 hardFail=0  tls=75/54  interval=217632ms
[health] touch-wd wedges=0 recovered=0/0 (soft=0 hard=0) wakes=0 probes=1032/0 maxOutage=0ms rebootRec=0
[perf] 2026-08-08T06:12:49Z polls=1 busy=3%(fetch=1% enrich=2%) parse=1ms/poll bytes=0/poll ac=1/1 lag=avg0ms,max0ms gapMax=217494ms episodes=1 cache=H0/S0/M0 enrichReqs=1
[health] frame avg=29.8ms p95=30.4ms max=31.6ms  n=1 ap=329  heap free=92024 largest=44020 free8=92024 tlsOk=1 rej=0  allocFail=0 hardFail=0  tls=75/54  interval=217632ms
[health] touch-wd wedges=0 recovered=0/0 (soft=0 hard=0) wakes=0 probes=1035/0 maxOutage=0ms rebootRec=0
[health] frame avg=28.1ms p95=28.2ms max=31.1ms  n=1 ap=329  heap free=89608 largest=44020 free8=89608 tlsOk=1 rej=0  allocFail=0 hardFail=0  tls=75/54  interval=217632ms
[health] touch-wd wedges=0 recovered=0/0 (soft=0 hard=0) wakes=0 probes=1038/0 maxOutage=0ms rebootRec=0
[health] frame avg=28.1ms p95=28.2ms max=29.6ms  n=1 ap=329  heap free=89608 largest=44020 free8=89608 tlsOk=1 rej=0  allocFail=0 hardFail=0  tls=75/54  interval=217632ms
[health] touch-wd wedges=0 recovered=0/0 (soft=0 hard=0) wakes=0 probes=1041/0 maxOutage=0ms rebootRec=0
[health] frame avg=28.1ms p95=28.3ms max=30.0ms  n=1 ap=329  heap free=89608 largest=44020 free8=89608 tlsOk=1 rej=0  allocFail=0 hardFail=0  tls=75/54  interval=217632ms
[health] touch-wd wedges=0 recovered=0/0 (soft=0 hard=0) wakes=0 probes=1044/0 maxOutage=0ms rebootRec=0
[health] frame avg=28.1ms p95=28.3ms max=29.3ms  n=1 ap=329  heap free=89608 largest=44020 free8=89608 tlsOk=1 rej=0  allocFail=0 hardFail=0  tls=75/54  interval=217632ms
[health] touch-wd wedges=0 recovered=0/0 (soft=0 hard=0) wakes=0 probes=1047/0 maxOutage=0ms rebootRec=0
[logbook] persisted (75/220 types claimed, 120 airlines, 38 countries, 17630 contacts; 10749 B blobs, 1970 NVS entries free)
[health] frame avg=28.2ms p95=28.5ms max=146.8ms  n=1 ap=329  heap free=89608 largest=44020 free8=89608 tlsOk=1 rej=0  allocFail=0 hardFail=0  tls=75/54  interval=217632ms
[health] touch-wd wedges=0 recovered=0/0 (soft=0 hard=0) wakes=0 probes=1050/0 maxOutage=0ms rebootRec=0
[perf] 2026-08-08T06:15:49Z polls=1 busy=1%(fetch=1% enrich=0%) parse=1ms/poll bytes=0/poll ac=1/1 lag=avg0ms,max0ms gapMax=217718ms episodes=1 cache=H0/S0/M0 enrichReqs=0
[health] frame avg=29.9ms p95=30.6ms max=34.0ms  n=1 ap=329  heap free=89168 largest=39924 free8=89168 tlsOk=1 rej=0  allocFail=0 hardFail=0  tls=76/54  interval=217632ms
[health] touch-wd wedges=0 recovered=0/0 (soft=0 hard=0) wakes=0 probes=1053/0 maxOutage=0ms rebootRec=0
[health] frame avg=29.8ms p95=30.4ms max=31.2ms  n=1 ap=329  heap free=89168 largest=39924 free8=89168 tlsOk=1 rej=0  allocFail=0 hardFail=0  tls=76/54  interval=217632ms
[health] touch-wd wedges=0 recovered=0/0 (soft=0 hard=0) wakes=0 probes=1056/0 maxOutage=0ms rebootRec=0
[health] frame avg=28.1ms p95=28.2ms max=31.7ms  n=1 ap=329  heap free=86752 largest=39924 free8=86752 tlsOk=1 rej=0  allocFail=0 hardFail=0  tls=76/54  interval=217632ms
[health] touch-wd wedges=0 recovered=0/0 (soft=0 hard=0) wakes=0 probes=1059/0 maxOutage=0ms rebootRec=0
[health] frame avg=28.1ms p95=28.3ms max=29.2ms  n=1 ap=329  heap free=86752 largest=39924 free8=86752 tlsOk=1 rej=0  allocFail=0 hardFail=0  tls=76/54  interval=217632ms
[health] touch-wd wedges=0 recovered=0/0 (soft=0 hard=0) wakes=0 probes=1062/0 maxOutage=0ms rebootRec=0
[health] frame avg=28.1ms p95=28.2ms max=29.6ms  n=1 ap=329  heap free=86752 largest=39924 free8=86752 tlsOk=1 rej=0  allocFail=0 hardFail=0  tls=76/54  interval=217632ms
[health] touch-wd wedges=0 recovered=0/0 (soft=0 hard=0) wakes=0 probes=1065/0 maxOutage=0ms rebootRec=0
[health] frame avg=28.1ms p95=28.2ms max=29.2ms  n=1 ap=329  heap free=86752 largest=39924 free8=86752 tlsOk=1 rej=0  allocFail=0 hardFail=0  tls=76/54  interval=217632ms
[health] touch-wd wedges=0 recovered=0/0 (soft=0 hard=0) wakes=0 probes=1068/0 maxOutage=0ms rebootRec=0
[health] frame avg=28.1ms p95=28.3ms max=30.0ms  n=1 ap=329  heap free=86752 largest=39924 free8=86752 tlsOk=1 rej=0  allocFail=0 hardFail=0  tls=76/54  interval=217632ms
[health] touch-wd wedges=0 recovered=0/0 (soft=0 hard=0) wakes=0 probes=1071/0 maxOutage=0ms rebootRec=0
[GET] stale keep-alive (-2) on reused socket; retrying fresh
[health] frame avg=29.8ms p95=30.4ms max=34.6ms  n=1 ap=329  heap free=89140 largest=44020 free8=89140 tlsOk=1 rej=0  allocFail=0 hardFail=0  tls=76/55  interval=217632ms
[health] touch-wd wedges=0 recovered=0/0 (soft=0 hard=0) wakes=0 probes=1074/0 maxOutage=0ms rebootRec=0
[perf] 2026-08-08T06:19:49Z polls=1 busy=1%(fetch=1% enrich=0%) parse=0ms/poll bytes=0/poll ac=1/1 lag=avg0ms,max0ms gapMax=217615ms episodes=1 cache=H0/S0/M0 enrichReqs=0
[health] frame avg=29.8ms p95=30.4ms max=31.6ms  n=1 ap=329  heap free=89140 largest=44020 free8=89140 tlsOk=1 rej=0  allocFail=0 hardFail=0  tls=76/55  interval=217632ms
[health] touch-wd wedges=0 recovered=0/0 (soft=0 hard=0) wakes=0 probes=1077/0 maxOutage=0ms rebootRec=0
[health] frame avg=29.8ms p95=30.4ms max=32.0ms  n=1 ap=329  heap free=89140 largest=44020 free8=89140 tlsOk=1 rej=0  allocFail=0 hardFail=0  tls=76/55  interval=217632ms
[health] touch-wd wedges=0 recovered=0/0 (soft=0 hard=0) wakes=0 probes=1080/0 maxOutage=0ms rebootRec=0
[health] frame avg=28.1ms p95=28.2ms max=29.6ms  n=1 ap=329  heap free=86724 largest=44020 free8=86724 tlsOk=1 rej=0  allocFail=0 hardFail=0  tls=76/55  interval=217632ms
[health] touch-wd wedges=0 recovered=0/0 (soft=0 hard=0) wakes=0 probes=1083/0 maxOutage=0ms rebootRec=0
[health] frame avg=28.1ms p95=28.2ms max=29.5ms  n=1 ap=329  heap free=86724 largest=44020 free8=86724 tlsOk=1 rej=0  allocFail=0 hardFail=0  tls=76/55  interval=217632ms
[health] touch-wd wedges=0 recovered=0/0 (soft=0 hard=0) wakes=0 probes=1086/0 maxOutage=0ms rebootRec=0
[health] frame avg=28.1ms p95=28.2ms max=30.0ms  n=1 ap=329  heap free=86724 largest=44020 free8=86724 tlsOk=1 rej=0  allocFail=0 hardFail=0  tls=76/55  interval=217632ms
[health] touch-wd wedges=0 recovered=0/0 (soft=0 hard=0) wakes=0 probes=1089/0 maxOutage=0ms rebootRec=0
[health] frame avg=28.1ms p95=28.2ms max=29.2ms  n=1 ap=329  heap free=86724 largest=44020 free8=86724 tlsOk=1 rej=0  allocFail=0 hardFail=0  tls=76/55  interval=217632ms
[health] touch-wd wedges=0 recovered=0/0 (soft=0 hard=0) wakes=0 probes=1092/0 maxOutage=0ms rebootRec=0
[GET] stale keep-alive (-2) on reused socket; retrying fresh
[adsbdb] a3ef7e -> type=B738 operator=United Airlines reg=N35260
[perf] 2026-08-08T06:22:50Z polls=1 busy=3%(fetch=1% enrich=2%) parse=1ms/poll bytes=0/poll ac=3/3 lag=avg0ms,max0ms gapMax=217639ms episodes=1 cache=H0/S0/M0 enrichReqs=1
[adsbdb] ab6b45 -> type=B739 operator=Delta Air Lines reg=N835DN
[health] frame avg=30.2ms p95=30.9ms max=34.2ms  n=3 ap=329  heap free=89564 largest=46068 free8=89564 tlsOk=1 rej=0  allocFail=0 hardFail=0  tls=77/57  interval=217632ms
[health] touch-wd wedges=0 recovered=0/0 (soft=0 hard=0) wakes=0 probes=1095/0 maxOutage=0ms rebootRec=0
[health] frame avg=30.3ms p95=30.9ms max=32.6ms  n=3 ap=329  heap free=89564 largest=46068 free8=89564 tlsOk=1 rej=0  allocFail=0 hardFail=0  tls=77/57  interval=217632ms
[health] touch-wd wedges=0 recovered=0/0 (soft=0 hard=0) wakes=0 probes=1098/0 maxOutage=0ms rebootRec=0
[perf] 2026-08-08T06:23:50Z polls=0 busy=0%(fetch=0% enrich=0%) parse=0ms/poll bytes=0/poll ac=0/0 lag=avg0ms,max0ms gapMax=0ms episodes=0 cache=H0/S0/M0 enrichReqs=1
[health] frame avg=30.3ms p95=30.9ms max=32.2ms  n=3 ap=329  heap free=89564 largest=46068 free8=89564 tlsOk=1 rej=0  allocFail=0 hardFail=0  tls=77/57  interval=217632ms
[health] touch-wd wedges=0 recovered=0/0 (soft=0 hard=0) wakes=0 probes=1101/0 maxOutage=0ms rebootRec=0
[health] frame avg=28.6ms p95=28.7ms max=31.6ms  n=3 ap=329  heap free=87148 largest=42996 free8=87148 tlsOk=1 rej=0  allocFail=0 hardFail=0  tls=77/57  interval=217632ms
[health] touch-wd wedges=0 recovered=0/0 (soft=0 hard=0) wakes=0 probes=1104/0 maxOutage=0ms rebootRec=0
[health] frame avg=28.6ms p95=28.8ms max=32.0ms  n=3 ap=329  heap free=87148 largest=42996 free8=87148 tlsOk=1 rej=0  allocFail=0 hardFail=0  tls=77/57  interval=217632ms
[health] touch-wd wedges=0 recovered=0/0 (soft=0 hard=0) wakes=0 probes=1107/0 maxOutage=0ms rebootRec=0
[logbook] persisted (75/220 types claimed, 120 airlines, 38 countries, 17632 contacts; 10749 B blobs, 1970 NVS entries free)
[health] frame avg=28.6ms p95=28.7ms max=142.3ms  n=3 ap=329  heap free=87152 largest=42996 free8=87152 tlsOk=1 rej=0  allocFail=0 hardFail=0  tls=77/57  interval=217632ms
[health] touch-wd wedges=0 recovered=0/0 (soft=0 hard=0) wakes=0 probes=1110/0 maxOutage=0ms rebootRec=0
[health] frame avg=28.6ms p95=28.8ms max=30.4ms  n=3 ap=329  heap free=87152 largest=42996 free8=87152 tlsOk=1 rej=0  allocFail=0 hardFail=0  tls=77/57  interval=217632ms
[health] touch-wd wedges=0 recovered=0/0 (soft=0 hard=0) wakes=0 probes=1113/0 maxOutage=0ms rebootRec=0
[health] frame avg=28.7ms p95=28.9ms max=33.9ms  n=3 ap=329  heap free=131144 largest=49140 free8=131144 tlsOk=1 rej=0  allocFail=0 hardFail=0  tls=78/57  interval=217632ms
[health] touch-wd wedges=0 recovered=0/0 (soft=0 hard=0) wakes=0 probes=1116/0 maxOutage=0ms rebootRec=0
[adsbdb] a2b6ff -> type=E75L operator=Delta Connection reg=N274SY
[perf] 2026-08-08T06:26:50Z polls=1 busy=4%(fetch=1% enrich=2%) parse=2ms/poll bytes=0/poll ac=3/3 lag=avg0ms,max0ms gapMax=217741ms episodes=1 cache=H0/S0/M0 enrichReqs=1
[health] frame avg=30.4ms p95=31.0ms max=33.2ms  n=3 ap=329  heap free=89420 largest=45044 free8=89420 tlsOk=1 rej=0  allocFail=0 hardFail=0  tls=79/57  interval=217632ms
[health] touch-wd wedges=0 recovered=0/0 (soft=0 hard=0) wakes=0 probes=1119/0 maxOutage=0ms rebootRec=0
[health] frame avg=30.2ms p95=30.9ms max=32.2ms  n=3 ap=329  heap free=89420 largest=45044 free8=89420 tlsOk=1 rej=0  allocFail=0 hardFail=0  tls=79/57  interval=217632ms
[health] touch-wd wedges=0 recovered=0/0 (soft=0 hard=0) wakes=0 probes=1122/0 maxOutage=0ms rebootRec=0
[health] frame avg=28.6ms p95=28.7ms max=31.9ms  n=3 ap=329  heap free=87004 largest=42996 free8=87004 tlsOk=1 rej=0  allocFail=0 hardFail=0  tls=79/57  interval=217632ms
[health] touch-wd wedges=0 recovered=0/0 (soft=0 hard=0) wakes=0 probes=1125/0 maxOutage=0ms rebootRec=0
[health] frame avg=28.6ms p95=28.7ms max=30.2ms  n=3 ap=329  heap free=87004 largest=42996 free8=87004 tlsOk=1 rej=0  allocFail=0 hardFail=0  tls=79/57  interval=217632ms
[health] touch-wd wedges=0 recovered=0/0 (soft=0 hard=0) wakes=0 probes=1128/0 maxOutage=0ms rebootRec=0
[health] frame avg=28.6ms p95=28.7ms max=31.7ms  n=3 ap=329  heap free=87004 largest=42996 free8=87004 tlsOk=1 rej=0  allocFail=0 hardFail=0  tls=79/57  interval=217632ms
[health] touch-wd wedges=0 recovered=0/0 (soft=0 hard=0) wakes=0 probes=1131/0 maxOutage=0ms rebootRec=0
[health] frame avg=28.6ms p95=28.7ms max=30.4ms  n=3 ap=329  heap free=87004 largest=42996 free8=87004 tlsOk=1 rej=0  allocFail=0 hardFail=0  tls=79/57  interval=217632ms
[health] touch-wd wedges=0 recovered=0/0 (soft=0 hard=0) wakes=0 probes=1134/0 maxOutage=0ms rebootRec=0
[health] frame avg=28.6ms p95=28.8ms max=30.5ms  n=3 ap=329  heap free=87004 largest=42996 free8=87004 tlsOk=1 rej=0  allocFail=0 hardFail=0  tls=79/57  interval=217632ms
[health] touch-wd wedges=0 recovered=0/0 (soft=0 hard=0) wakes=0 probes=1137/0 maxOutage=0ms rebootRec=0
[health] frame avg=30.0ms p95=30.7ms max=35.3ms  n=2 ap=329  heap free=87832 largest=38900 free8=87832 tlsOk=1 rej=0  allocFail=0 hardFail=0  tls=80/57  interval=217632ms
[health] touch-wd wedges=0 recovered=0/0 (soft=0 hard=0) wakes=0 probes=1140/0 maxOutage=0ms rebootRec=0
[perf] 2026-08-08T06:30:50Z polls=1 busy=1%(fetch=1% enrich=0%) parse=1ms/poll bytes=0/poll ac=2/2 lag=avg0ms,max0ms gapMax=217534ms episodes=1 cache=H0/S0/M0 enrichReqs=0
[health] frame avg=30.1ms p95=30.7ms max=31.6ms  n=2 ap=329  heap free=87832 largest=38900 free8=87832 tlsOk=1 rej=0  allocFail=0 hardFail=0  tls=80/57  interval=217632ms
[health] touch-wd wedges=0 recovered=0/0 (soft=0 hard=0) wakes=0 probes=1143/0 maxOutage=0ms rebootRec=0
[health] frame avg=28.3ms p95=28.5ms max=31.6ms  n=2 ap=329  heap free=85416 largest=38900 free8=85416 tlsOk=1 rej=0  allocFail=0 hardFail=0  tls=80/57  interval=217632ms
[health] touch-wd wedges=0 recovered=0/0 (soft=0 hard=0) wakes=0 probes=1146/0 maxOutage=0ms rebootRec=0
[health] frame avg=28.4ms p95=28.6ms max=31.0ms  n=2 ap=329  heap free=85416 largest=38900 free8=85416 tlsOk=1 rej=0  allocFail=0 hardFail=0  tls=80/57  interval=217632ms
[health] touch-wd wedges=0 recovered=0/0 (soft=0 hard=0) wakes=0 probes=1149/0 maxOutage=0ms rebootRec=0
[health] frame avg=28.4ms p95=28.5ms max=29.6ms  n=2 ap=329  heap free=85416 largest=38900 free8=85416 tlsOk=1 rej=0  allocFail=0 hardFail=0  tls=80/57  interval=217632ms
[health] touch-wd wedges=0 recovered=0/0 (soft=0 hard=0) wakes=0 probes=1152/0 maxOutage=0ms rebootRec=0
[health] frame avg=28.4ms p95=28.5ms max=30.2ms  n=2 ap=329  heap free=85416 largest=38900 free8=85416 tlsOk=1 rej=0  allocFail=0 hardFail=0  tls=80/57  interval=217632ms
[health] touch-wd wedges=0 recovered=0/0 (soft=0 hard=0) wakes=0 probes=1155/0 maxOutage=0ms rebootRec=0
[health] frame avg=28.4ms p95=28.5ms max=29.7ms  n=2 ap=329  heap free=85416 largest=38900 free8=85416 tlsOk=1 rej=0  allocFail=0 hardFail=0  tls=80/57  interval=217632ms
[health] touch-wd wedges=0 recovered=0/0 (soft=0 hard=0) wakes=0 probes=1158/0 maxOutage=0ms rebootRec=0
[GET] stale keep-alive (-2) on reused socket; retrying fresh
[adsbdb] c030ef -> type=B38M operator=Air Canada reg=C-FSNU
[perf] 2026-08-08T06:33:50Z polls=1 busy=4%(fetch=1% enrich=2%) parse=2ms/poll bytes=0/poll ac=3/3 lag=avg0ms,max0ms gapMax=217714ms episodes=1 cache=H0/S0/M0 enrichReqs=1
[health] frame avg=30.2ms p95=30.9ms max=34.9ms  n=3 ap=329  heap free=89572 largest=40948 free8=89572 tlsOk=1 rej=0  allocFail=0 hardFail=0  tls=81/58  interval=217632ms
[health] touch-wd wedges=0 recovered=0/0 (soft=0 hard=0) wakes=0 probes=1161/0 maxOutage=0ms rebootRec=0
[health] frame avg=30.2ms p95=30.9ms max=32.9ms  n=3 ap=329  heap free=89572 largest=40948 free8=89572 tlsOk=1 rej=0  allocFail=0 hardFail=0  tls=81/58  interval=217632ms
[health] touch-wd wedges=0 recovered=0/0 (soft=0 hard=0) wakes=0 probes=1164/0 maxOutage=0ms rebootRec=0
[health] frame avg=30.2ms p95=30.8ms max=32.9ms  n=3 ap=329  heap free=87156 largest=40948 free8=87156 tlsOk=1 rej=0  allocFail=0 hardFail=0  tls=81/58  interval=217632ms
[health] touch-wd wedges=0 recovered=0/0 (soft=0 hard=0) wakes=0 probes=1167/0 maxOutage=0ms rebootRec=0
[logbook] persisted (75/220 types claimed, 120 airlines, 38 countries, 17634 contacts; 10749 B blobs, 1970 NVS entries free)
[health] frame avg=28.5ms p95=28.7ms max=140.9ms  n=3 ap=329  heap free=87156 largest=40948 free8=87156 tlsOk=1 rej=0  allocFail=0 hardFail=0  tls=81/58  interval=217632ms
[health] touch-wd wedges=0 recovered=0/0 (soft=0 hard=0) wakes=0 probes=1170/0 maxOutage=0ms rebootRec=0
[health] frame avg=28.5ms p95=28.7ms max=30.8ms  n=3 ap=329  heap free=87156 largest=40948 free8=87156 tlsOk=1 rej=0  allocFail=0 hardFail=0  tls=81/58  interval=217632ms
[health] touch-wd wedges=0 recovered=0/0 (soft=0 hard=0) wakes=0 probes=1173/0 maxOutage=0ms rebootRec=0
[health] frame avg=28.6ms p95=28.7ms max=31.0ms  n=3 ap=329  heap free=87156 largest=40948 free8=87156 tlsOk=1 rej=0  allocFail=0 hardFail=0  tls=81/58  interval=217632ms
[health] touch-wd wedges=0 recovered=0/0 (soft=0 hard=0) wakes=0 probes=1176/0 maxOutage=0ms rebootRec=0
[health] frame avg=28.5ms p95=28.7ms max=30.0ms  n=3 ap=329  heap free=87156 largest=40948 free8=87156 tlsOk=1 rej=0  allocFail=0 hardFail=0  tls=81/58  interval=217632ms
[health] touch-wd wedges=0 recovered=0/0 (soft=0 hard=0) wakes=0 probes=1179/0 maxOutage=0ms rebootRec=0
[health] frame avg=29.7ms p95=30.4ms max=34.4ms  n=1 ap=329  heap free=89028 largest=37876 free8=89028 tlsOk=1 rej=0  allocFail=0 hardFail=0  tls=82/58  interval=217632ms
[health] touch-wd wedges=0 recovered=0/0 (soft=0 hard=0) wakes=0 probes=1182/0 maxOutage=0ms rebootRec=0
[perf] 2026-08-08T06:37:50Z polls=1 busy=1%(fetch=1% enrich=0%) parse=1ms/poll bytes=0/poll ac=1/1 lag=avg0ms,max0ms gapMax=217575ms episodes=1 cache=H0/S0/M0 enrichReqs=0
[health] frame avg=29.7ms p95=30.4ms max=31.4ms  n=1 ap=329  heap free=89028 largest=37876 free8=89028 tlsOk=1 rej=0  allocFail=0 hardFail=0  tls=82/58  interval=217632ms
[health] touch-wd wedges=0 recovered=0/0 (soft=0 hard=0) wakes=0 probes=1185/0 maxOutage=0ms rebootRec=0
[health] frame avg=29.6ms p95=30.4ms max=31.4ms  n=1 ap=329  heap free=89028 largest=37876 free8=89028 tlsOk=1 rej=0  allocFail=0 hardFail=0  tls=82/58  interval=217632ms
[health] touch-wd wedges=0 recovered=0/0 (soft=0 hard=0) wakes=0 probes=1188/0 maxOutage=0ms rebootRec=0
[health] frame avg=28.1ms p95=28.3ms max=31.1ms  n=1 ap=329  heap free=86612 largest=35828 free8=86612 tlsOk=1 rej=0  allocFail=0 hardFail=0  tls=82/58  interval=217632ms
[health] touch-wd wedges=0 recovered=0/0 (soft=0 hard=0) wakes=0 probes=1191/0 maxOutage=0ms rebootRec=0
[health] frame avg=28.1ms p95=28.2ms max=29.1ms  n=1 ap=329  heap free=86612 largest=35828 free8=86612 tlsOk=1 rej=0  allocFail=0 hardFail=0  tls=82/58  interval=217632ms
[health] touch-wd wedges=0 recovered=0/0 (soft=0 hard=0) wakes=0 probes=1194/0 maxOutage=0ms rebootRec=0
[health] frame avg=28.1ms p95=28.3ms max=29.7ms  n=1 ap=329  heap free=86612 largest=35828 free8=86612 tlsOk=1 rej=0  allocFail=0 hardFail=0  tls=82/58  interval=217632ms
[health] touch-wd wedges=0 recovered=0/0 (soft=0 hard=0) wakes=0 probes=1197/0 maxOutage=0ms rebootRec=0
[health] frame avg=28.1ms p95=28.3ms max=29.5ms  n=1 ap=329  heap free=86612 largest=35828 free8=86612 tlsOk=1 rej=0  allocFail=0 hardFail=0  tls=82/58  interval=217632ms
[health] touch-wd wedges=0 recovered=0/0 (soft=0 hard=0) wakes=0 probes=1200/0 maxOutage=0ms rebootRec=0
[health] frame avg=28.1ms p95=28.3ms max=29.4ms  n=1 ap=329  heap free=86612 largest=35828 free8=86612 tlsOk=1 rej=0  allocFail=0 hardFail=0  tls=82/58  interval=217632ms
[health] touch-wd wedges=0 recovered=0/0 (soft=0 hard=0) wakes=0 probes=1203/0 maxOutage=0ms rebootRec=0
[GET] stale keep-alive (-2) on reused socket; retrying fresh
[health] frame avg=29.6ms p95=30.3ms max=34.4ms  n=1 ap=329  heap free=89044 largest=39924 free8=89044 tlsOk=1 rej=0  allocFail=0 hardFail=0  tls=82/59  interval=217632ms
[health] touch-wd wedges=0 recovered=0/0 (soft=0 hard=0) wakes=0 probes=1206/0 maxOutage=0ms rebootRec=0
[perf] 2026-08-08T06:41:50Z polls=1 busy=1%(fetch=1% enrich=0%) parse=1ms/poll bytes=0/poll ac=1/1 lag=avg0ms,max0ms gapMax=217654ms episodes=1 cache=H0/S0/M0 enrichReqs=0
[health] frame avg=29.6ms p95=30.3ms max=31.8ms  n=1 ap=329  heap free=89044 largest=39924 free8=89044 tlsOk=1 rej=0  allocFail=0 hardFail=0  tls=82/59  interval=217632ms
[health] touch-wd wedges=0 recovered=0/0 (soft=0 hard=0) wakes=0 probes=1209/0 maxOutage=0ms rebootRec=0
[health] frame avg=28.1ms p95=28.2ms max=31.1ms  n=1 ap=329  heap free=86628 largest=39924 free8=86628 tlsOk=1 rej=0  allocFail=0 hardFail=0  tls=82/59  interval=217632ms
[health] touch-wd wedges=0 recovered=0/0 (soft=0 hard=0) wakes=0 probes=1212/0 maxOutage=0ms rebootRec=0
[health] frame avg=28.1ms p95=28.2ms max=29.5ms  n=1 ap=329  heap free=86628 largest=39924 free8=86628 tlsOk=1 rej=0  allocFail=0 hardFail=0  tls=82/59  interval=217632ms
[health] touch-wd wedges=0 recovered=0/0 (soft=0 hard=0) wakes=0 probes=1215/0 maxOutage=0ms rebootRec=0
[health] frame avg=28.1ms p95=28.3ms max=29.6ms  n=1 ap=329  heap free=86628 largest=39924 free8=86628 tlsOk=1 rej=0  allocFail=0 hardFail=0  tls=82/59  interval=217632ms
[health] touch-wd wedges=0 recovered=0/0 (soft=0 hard=0) wakes=0 probes=1218/0 maxOutage=0ms rebootRec=0
[health] frame avg=28.1ms p95=28.3ms max=29.4ms  n=1 ap=329  heap free=86628 largest=39924 free8=86628 tlsOk=1 rej=0  allocFail=0 hardFail=0  tls=82/59  interval=217632ms
[health] touch-wd wedges=0 recovered=0/0 (soft=0 hard=0) wakes=0 probes=1221/0 maxOutage=0ms rebootRec=0
[health] frame avg=28.1ms p95=28.3ms max=29.5ms  n=1 ap=329  heap free=86628 largest=39924 free8=86628 tlsOk=1 rej=0  allocFail=0 hardFail=0  tls=82/59  interval=217632ms
[health] touch-wd wedges=0 recovered=0/0 (soft=0 hard=0) wakes=0 probes=1224/0 maxOutage=0ms rebootRec=0
[GET] stale keep-alive (-2) on reused socket; retrying fresh
[adsbdb] ac10af -> type=B739 operator=Delta Air Lines reg=N877DN
[adsbdb] a87942 -> type=E75L operator=Alaska Airlines reg=N645QX
[perf] 2026-08-08T06:44:50Z polls=1 busy=4%(fetch=1% enrich=2%) parse=1ms/poll bytes=0/poll ac=2/2 lag=avg0ms,max0ms gapMax=217715ms episodes=1 cache=H0/S0/M0 enrichReqs=2
[health] frame avg=29.8ms p95=30.6ms max=34.6ms  n=2 ap=329  heap free=90752 largest=41972 free8=90752 tlsOk=1 rej=0  allocFail=0 hardFail=0  tls=83/61  interval=217632ms
[health] touch-wd wedges=0 recovered=0/0 (soft=0 hard=0) wakes=0 probes=1227/0 maxOutage=0ms rebootRec=0
[logbook] persisted (75/220 types claimed, 120 airlines, 38 countries, 17636 contacts; 10749 B blobs, 1970 NVS entries free)
[health] frame avg=29.9ms p95=30.6ms max=144.8ms  n=2 ap=329  heap free=90752 largest=41972 free8=90752 tlsOk=1 rej=0  allocFail=0 hardFail=0  tls=83/61  interval=217632ms
[health] touch-wd wedges=0 recovered=0/0 (soft=0 hard=0) wakes=0 probes=1230/0 maxOutage=0ms rebootRec=0
[health] frame avg=28.4ms p95=28.6ms max=32.5ms  n=2 ap=329  heap free=88336 largest=41972 free8=88336 tlsOk=1 rej=0  allocFail=0 hardFail=0  tls=83/61  interval=217632ms
[health] touch-wd wedges=0 recovered=0/0 (soft=0 hard=0) wakes=0 probes=1233/0 maxOutage=0ms rebootRec=0
[health] frame avg=28.4ms p95=28.5ms max=30.0ms  n=2 ap=329  heap free=88336 largest=41972 free8=88336 tlsOk=1 rej=0  allocFail=0 hardFail=0  tls=83/61  interval=217632ms
[health] touch-wd wedges=0 recovered=0/0 (soft=0 hard=0) wakes=0 probes=1236/0 maxOutage=0ms rebootRec=0
[health] frame avg=28.4ms p95=28.5ms max=30.2ms  n=2 ap=329  heap free=88336 largest=41972 free8=88336 tlsOk=1 rej=0  allocFail=0 hardFail=0  tls=83/61  interval=217632ms
[health] touch-wd wedges=0 recovered=0/0 (soft=0 hard=0) wakes=0 probes=1239/0 maxOutage=0ms rebootRec=0
[health] frame avg=28.4ms p95=28.5ms max=29.7ms  n=2 ap=329  heap free=88336 largest=41972 free8=88336 tlsOk=1 rej=0  allocFail=0 hardFail=0  tls=83/61  interval=217632ms
[health] touch-wd wedges=0 recovered=0/0 (soft=0 hard=0) wakes=0 probes=1242/0 maxOutage=0ms rebootRec=0
[health] frame avg=28.3ms p95=28.6ms max=30.0ms  n=2 ap=329  heap free=88336 largest=41972 free8=88336 tlsOk=1 rej=0  allocFail=0 hardFail=0  tls=83/61  interval=217632ms
[health] touch-wd wedges=0 recovered=0/0 (soft=0 hard=0) wakes=0 probes=1245/0 maxOutage=0ms rebootRec=0
[health] frame avg=29.6ms p95=30.4ms max=34.2ms  n=1 ap=329  heap free=89052 largest=37876 free8=89052 tlsOk=1 rej=0  allocFail=0 hardFail=0  tls=84/61  interval=217632ms
[health] touch-wd wedges=0 recovered=0/0 (soft=0 hard=0) wakes=0 probes=1248/0 maxOutage=0ms rebootRec=0
[perf] 2026-08-08T06:48:50Z polls=1 busy=1%(fetch=1% enrich=0%) parse=1ms/poll bytes=0/poll ac=1/1 lag=avg0ms,max0ms gapMax=217630ms episodes=1 cache=H0/S0/M0 enrichReqs=0
[health] frame avg=29.6ms p95=30.4ms max=31.5ms  n=1 ap=329  heap free=89052 largest=37876 free8=89052 tlsOk=1 rej=0  allocFail=0 hardFail=0  tls=84/61  interval=217632ms
[health] touch-wd wedges=0 recovered=0/0 (soft=0 hard=0) wakes=0 probes=1251/0 maxOutage=0ms rebootRec=0
[health] frame avg=29.6ms p95=30.4ms max=31.4ms  n=1 ap=329  heap free=89052 largest=37876 free8=89052 tlsOk=1 rej=0  allocFail=0 hardFail=0  tls=84/61  interval=217632ms
[health] touch-wd wedges=0 recovered=0/0 (soft=0 hard=0) wakes=0 probes=1254/0 maxOutage=0ms rebootRec=0
[health] frame avg=28.1ms p95=28.2ms max=30.3ms  n=1 ap=329  heap free=86636 largest=37876 free8=86636 tlsOk=1 rej=0  allocFail=0 hardFail=0  tls=84/61  interval=217632ms
[health] touch-wd wedges=0 recovered=0/0 (soft=0 hard=0) wakes=0 probes=1257/0 maxOutage=0ms rebootRec=0
[health] frame avg=28.1ms p95=28.2ms max=29.4ms  n=1 ap=329  heap free=86636 largest=37876 free8=86636 tlsOk=1 rej=0  allocFail=0 hardFail=0  tls=84/61  interval=217632ms
[health] touch-wd wedges=0 recovered=0/0 (soft=0 hard=0) wakes=0 probes=1260/0 maxOutage=0ms rebootRec=0
[health] frame avg=28.1ms p95=28.3ms max=29.4ms  n=1 ap=329  heap free=86636 largest=37876 free8=86636 tlsOk=1 rej=0  allocFail=0 hardFail=0  tls=84/61  interval=217632ms
[health] touch-wd wedges=0 recovered=0/0 (soft=0 hard=0) wakes=0 probes=1263/0 maxOutage=0ms rebootRec=0
[health] frame avg=28.1ms p95=28.3ms max=29.6ms  n=1 ap=329  heap free=86668 largest=37876 free8=86636 tlsOk=1 rej=0  allocFail=0 hardFail=0  tls=84/61  interval=217632ms
[health] touch-wd wedges=0 recovered=0/0 (soft=0 hard=0) wakes=0 probes=1266/0 maxOutage=0ms rebootRec=0
[GET] stale keep-alive (-2) on reused socket; retrying fresh
[perf] 2026-08-08T06:51:50Z polls=1 busy=1%(fetch=1% enrich=0%) parse=1ms/poll bytes=0/poll ac=0/0 lag=avg0ms,max0ms gapMax=217563ms episodes=1 cache=H0/S0/M0 enrichReqs=0
[health] frame avg=27.1ms p95=27.2ms max=34.4ms  n=0 ap=329  heap free=90244 largest=37876 free8=90244 tlsOk=1 rej=0  allocFail=0 hardFail=0  tls=84/62  interval=217632ms
[health] touch-wd wedges=0 recovered=0/0 (soft=0 hard=0) wakes=0 probes=1269/0 maxOutage=0ms rebootRec=0
[health] frame avg=27.2ms p95=27.3ms max=28.2ms  n=0 ap=329  heap free=90244 largest=37876 free8=90244 tlsOk=1 rej=0  allocFail=0 hardFail=0  tls=84/62  interval=217632ms
[health] touch-wd wedges=0 recovered=0/0 (soft=0 hard=0) wakes=0 probes=1272/0 maxOutage=0ms rebootRec=0
[health] frame avg=27.2ms p95=27.3ms max=28.3ms  n=0 ap=329  heap free=90244 largest=37876 free8=90244 tlsOk=1 rej=0  allocFail=0 hardFail=0  tls=84/62  interval=217632ms
[health] touch-wd wedges=0 recovered=0/0 (soft=0 hard=0) wakes=0 probes=1275/0 maxOutage=0ms rebootRec=0
[health] frame avg=27.2ms p95=27.3ms max=28.3ms  n=0 ap=329  heap free=87828 largest=37876 free8=87828 tlsOk=1 rej=0  allocFail=0 hardFail=0  tls=84/62  interval=217632ms
[health] touch-wd wedges=0 recovered=0/0 (soft=0 hard=0) wakes=0 probes=1278/0 maxOutage=0ms rebootRec=0
[health] frame avg=27.2ms p95=27.3ms max=28.2ms  n=0 ap=329  heap free=87828 largest=37876 free8=87828 tlsOk=1 rej=0  allocFail=0 hardFail=0  tls=84/62  interval=217632ms
[health] touch-wd wedges=0 recovered=0/0 (soft=0 hard=0) wakes=0 probes=1281/0 maxOutage=0ms rebootRec=0
[health] frame avg=27.2ms p95=27.2ms max=28.1ms  n=0 ap=329  heap free=87828 largest=37876 free8=87828 tlsOk=1 rej=0  allocFail=0 hardFail=0  tls=84/62  interval=217632ms
[health] touch-wd wedges=0 recovered=0/0 (soft=0 hard=0) wakes=0 probes=1284/0 maxOutage=0ms rebootRec=0
[health] frame avg=27.2ms p95=27.3ms max=28.3ms  n=0 ap=329  heap free=87828 largest=37876 free8=87828 tlsOk=1 rej=0  allocFail=0 hardFail=0  tls=84/62  interval=217632ms
[health] touch-wd wedges=0 recovered=0/0 (soft=0 hard=0) wakes=0 probes=1287/0 maxOutage=0ms rebootRec=0
[health] frame avg=27.2ms p95=27.3ms max=28.2ms  n=0 ap=329  heap free=87828 largest=37876 free8=87828 tlsOk=1 rej=0  allocFail=0 hardFail=0  tls=84/62  interval=217632ms
[health] touch-wd wedges=0 recovered=0/0 (soft=0 hard=0) wakes=0 probes=1290/0 maxOutage=0ms rebootRec=0
[GET] stale keep-alive (-2) on reused socket; retrying fresh
[logbook] persisted (75/220 types claimed, 120 airlines, 38 countries, 17637 contacts; 10749 B blobs, 1970 NVS entries free)
[adsbdb] 0d0e3a -> type=A20N operator=Volaris reg=XA-VSZ
[perf] 2026-08-08T06:55:50Z polls=1 busy=4%(fetch=1% enrich=2%) parse=1ms/poll bytes=0/poll ac=1/1 lag=avg0ms,max0ms gapMax=217765ms episodes=1 cache=H0/S0/M0 enrichReqs=1
[health] frame avg=29.5ms p95=30.3ms max=77.0ms  n=1 ap=329  heap free=92004 largest=46068 free8=92004 tlsOk=1 rej=0  allocFail=0 hardFail=0  tls=85/63  interval=217632ms
[health] touch-wd wedges=0 recovered=0/0 (soft=0 hard=0) wakes=0 probes=1293/0 maxOutage=0ms rebootRec=0
[health] frame avg=29.5ms p95=30.4ms max=31.7ms  n=1 ap=329  heap free=92004 largest=46068 free8=92004 tlsOk=1 rej=0  allocFail=0 hardFail=0  tls=85/63  interval=217632ms
[health] touch-wd wedges=0 recovered=0/0 (soft=0 hard=0) wakes=0 probes=1296/0 maxOutage=0ms rebootRec=0
[health] frame avg=28.1ms p95=28.2ms max=31.2ms  n=1 ap=329  heap free=89588 largest=44020 free8=89588 tlsOk=1 rej=0  allocFail=0 hardFail=0  tls=85/63  interval=217632ms
[health] touch-wd wedges=0 recovered=0/0 (soft=0 hard=0) wakes=0 probes=1299/0 maxOutage=0ms rebootRec=0
[health] frame avg=28.1ms p95=28.2ms max=29.3ms  n=1 ap=329  heap free=89588 largest=44020 free8=89588 tlsOk=1 rej=0  allocFail=0 hardFail=0  tls=85/63  interval=217632ms
[health] touch-wd wedges=0 recovered=0/0 (soft=0 hard=0) wakes=0 probes=1302/0 maxOutage=0ms rebootRec=0
[health] frame avg=28.1ms p95=28.3ms max=29.7ms  n=1 ap=329  heap free=89588 largest=44020 free8=89588 tlsOk=1 rej=0  allocFail=0 hardFail=0  tls=85/63  interval=217632ms
[health] touch-wd wedges=0 recovered=0/0 (soft=0 hard=0) wakes=0 probes=1305/0 maxOutage=0ms rebootRec=0
[health] frame avg=28.2ms p95=28.3ms max=29.3ms  n=1 ap=329  heap free=89588 largest=44020 free8=89588 tlsOk=1 rej=0  allocFail=0 hardFail=0  tls=85/63  interval=217632ms
[health] touch-wd wedges=0 recovered=0/0 (soft=0 hard=0) wakes=0 probes=1308/0 maxOutage=0ms rebootRec=0
[health] frame avg=28.2ms p95=28.3ms max=29.4ms  n=1 ap=329  heap free=89588 largest=44020 free8=89588 tlsOk=1 rej=0  allocFail=0 hardFail=0  tls=85/63  interval=217632ms
[health] touch-wd wedges=0 recovered=0/0 (soft=0 hard=0) wakes=0 probes=1311/0 maxOutage=0ms rebootRec=0
[adsbdb] a2e80e -> type=B350 operator=N399BW LLC reg=N287AT
[health] frame avg=29.9ms p95=30.8ms max=33.7ms  n=2 ap=329  heap free=90912 largest=44020 free8=90912 tlsOk=1 rej=0  allocFail=0 hardFail=0  tls=87/63  interval=217632ms
[health] touch-wd wedges=0 recovered=0/0 (soft=0 hard=0) wakes=0 probes=1314/0 maxOutage=0ms rebootRec=0
[perf] 2026-08-08T06:59:50Z polls=1 busy=4%(fetch=1% enrich=2%) parse=1ms/poll bytes=0/poll ac=2/2 lag=avg0ms,max0ms gapMax=217593ms episodes=1 cache=H0/S0/M0 enrichReqs=1
[health] frame avg=29.9ms p95=30.7ms max=32.3ms  n=2 ap=329  heap free=90912 largest=44020 free8=90912 tlsOk=1 rej=0  allocFail=0 hardFail=0  tls=87/63  interval=217632ms
[health] touch-wd wedges=0 recovered=0/0 (soft=0 hard=0) wakes=0 probes=1317/0 maxOutage=0ms rebootRec=0
[health] frame avg=28.3ms p95=28.5ms max=32.1ms  n=2 ap=329  heap free=88496 largest=41972 free8=88496 tlsOk=1 rej=0  allocFail=0 hardFail=0  tls=87/63  interval=217632ms
[health] touch-wd wedges=0 recovered=0/0 (soft=0 hard=0) wakes=0 probes=1320/0 maxOutage=0ms rebootRec=0
[health] frame avg=28.3ms p95=28.4ms max=30.4ms  n=2 ap=329  heap free=88496 largest=41972 free8=88496 tlsOk=1 rej=0  allocFail=0 hardFail=0  tls=87/63  interval=217632ms
[health] touch-wd wedges=0 recovered=0/0 (soft=0 hard=0) wakes=0 probes=1323/0 maxOutage=0ms rebootRec=0
[health] frame avg=28.3ms p95=28.4ms max=29.9ms  n=2 ap=329  heap free=88496 largest=41972 free8=88496 tlsOk=1 rej=0  allocFail=0 hardFail=0  tls=87/63  interval=217632ms
[health] touch-wd wedges=0 recovered=0/0 (soft=0 hard=0) wakes=0 probes=1326/0 maxOutage=0ms rebootRec=0
[health] frame avg=28.3ms p95=28.4ms max=30.0ms  n=2 ap=329  heap free=88496 largest=41972 free8=88496 tlsOk=1 rej=0  allocFail=0 hardFail=0  tls=87/63  interval=217632ms
[health] touch-wd wedges=0 recovered=0/0 (soft=0 hard=0) wakes=0 probes=1329/0 maxOutage=0ms rebootRec=0
[health] frame avg=28.3ms p95=28.4ms max=30.3ms  n=2 ap=329  heap free=88496 largest=41972 free8=88496 tlsOk=1 rej=0  allocFail=0 hardFail=0  tls=87/63  interval=217632ms
[health] touch-wd wedges=0 recovered=0/0 (soft=0 hard=0) wakes=0 probes=1332/0 maxOutage=0ms rebootRec=0
[adsbdb] a9fd11 -> type=R44 operator=Leading Edge Flight Academy reg=N7425T
[perf] 2026-08-08T07:02:50Z polls=1 busy=4%(fetch=1% enrich=2%) parse=1ms/poll bytes=0/poll ac=2/2 lag=avg0ms,max0ms gapMax=217685ms episodes=1 cache=H0/S0/M0 enrichReqs=1
[health] frame avg=29.8ms p95=30.6ms max=33.8ms  n=2 ap=329  heap free=90852 largest=42996 free8=90852 tlsOk=1 rej=0  allocFail=0 hardFail=0  tls=89/63  interval=217632ms
[health] touch-wd wedges=0 recovered=0/0 (soft=0 hard=0) wakes=0 probes=1335/0 maxOutage=0ms rebootRec=0
[health] frame avg=29.8ms p95=30.6ms max=32.3ms  n=2 ap=329  heap free=90852 largest=42996 free8=90852 tlsOk=1 rej=0  allocFail=0 hardFail=0  tls=89/63  interval=217632ms
[health] touch-wd wedges=0 recovered=0/0 (soft=0 hard=0) wakes=0 probes=1338/0 maxOutage=0ms rebootRec=0
[health] frame avg=29.8ms p95=30.6ms max=31.5ms  n=2 ap=329  heap free=88436 largest=42996 free8=88436 tlsOk=1 rej=0  allocFail=0 hardFail=0  tls=89/63  interval=217632ms
[health] touch-wd wedges=0 recovered=0/0 (soft=0 hard=0) wakes=0 probes=1341/0 maxOutage=0ms rebootRec=0
[health] frame avg=28.3ms p95=28.5ms max=31.0ms  n=2 ap=329  heap free=88436 largest=42996 free8=88436 tlsOk=1 rej=0  allocFail=0 hardFail=0  tls=89/63  interval=217632ms
[health] touch-wd wedges=0 recovered=0/0 (soft=0 hard=0) wakes=0 probes=1344/0 maxOutage=0ms rebootRec=0
[health] frame avg=28.3ms p95=28.5ms max=31.3ms  n=2 ap=329  heap free=88436 largest=42996 free8=88436 tlsOk=1 rej=0  allocFail=0 hardFail=0  tls=89/63  interval=217632ms
[health] touch-wd wedges=0 recovered=0/0 (soft=0 hard=0) wakes=0 probes=1347/0 maxOutage=0ms rebootRec=0
[health] frame avg=28.3ms p95=28.5ms max=29.9ms  n=2 ap=329  heap free=88436 largest=42996 free8=88436 tlsOk=1 rej=0  allocFail=0 hardFail=0  tls=89/63  interval=217632ms
[health] touch-wd wedges=0 recovered=0/0 (soft=0 hard=0) wakes=0 probes=1350/0 maxOutage=0ms rebootRec=0
[logbook] persisted (75/220 types claimed, 120 airlines, 38 countries, 17639 contacts; 10749 B blobs, 1970 NVS entries free)
[health] frame avg=28.4ms p95=28.5ms max=143.2ms  n=2 ap=329  heap free=88436 largest=42996 free8=88436 tlsOk=1 rej=0  allocFail=0 hardFail=0  tls=89/63  interval=217632ms
[health] touch-wd wedges=0 recovered=0/0 (soft=0 hard=0) wakes=0 probes=1353/0 maxOutage=0ms rebootRec=0
[health] frame avg=29.8ms p95=30.6ms max=33.8ms  n=2 ap=329  heap free=88028 largest=37876 free8=88028 tlsOk=1 rej=0  allocFail=0 hardFail=0  tls=90/63  interval=217632ms
[health] touch-wd wedges=0 recovered=0/0 (soft=0 hard=0) wakes=0 probes=1356/0 maxOutage=0ms rebootRec=0
[perf] 2026-08-08T07:06:50Z polls=1 busy=1%(fetch=1% enrich=0%) parse=2ms/poll bytes=0/poll ac=2/2 lag=avg0ms,max0ms gapMax=217559ms episodes=1 cache=H0/S0/M0 enrichReqs=0
[health] frame avg=29.8ms p95=30.6ms max=31.7ms  n=2 ap=329  heap free=88028 largest=37876 free8=88028 tlsOk=1 rej=0  allocFail=0 hardFail=0  tls=90/63  interval=217632ms
[health] touch-wd wedges=0 recovered=0/0 (soft=0 hard=0) wakes=0 probes=1359/0 maxOutage=0ms rebootRec=0
[health] frame avg=29.7ms p95=30.6ms max=31.6ms  n=2 ap=329  heap free=88028 largest=37876 free8=88028 tlsOk=1 rej=0  allocFail=0 hardFail=0  tls=90/63  interval=217632ms
[health] touch-wd wedges=0 recovered=0/0 (soft=0 hard=0) wakes=0 probes=1362/0 maxOutage=0ms rebootRec=0
[health] frame avg=28.3ms p95=28.4ms max=31.6ms  n=2 ap=329  heap free=85648 largest=37876 free8=85648 tlsOk=1 rej=0  allocFail=0 hardFail=0  tls=90/63  interval=217632ms
[health] touch-wd wedges=0 recovered=0/0 (soft=0 hard=0) wakes=0 probes=1365/0 maxOutage=0ms rebootRec=0
[health] frame avg=28.3ms p95=28.5ms max=29.6ms  n=2 ap=329  heap free=85648 largest=37876 free8=85648 tlsOk=1 rej=0  allocFail=0 hardFail=0  tls=90/63  interval=217632ms
[health] touch-wd wedges=0 recovered=0/0 (soft=0 hard=0) wakes=0 probes=1368/0 maxOutage=0ms rebootRec=0
[health] frame avg=28.3ms p95=28.5ms max=29.6ms  n=2 ap=329  heap free=85648 largest=37876 free8=85648 tlsOk=1 rej=0  allocFail=0 hardFail=0  tls=90/63  interval=217632ms
[health] touch-wd wedges=0 recovered=0/0 (soft=0 hard=0) wakes=0 probes=1371/0 maxOutage=0ms rebootRec=0
[health] frame avg=28.3ms p95=28.5ms max=29.9ms  n=2 ap=329  heap free=85648 largest=37876 free8=85648 tlsOk=1 rej=0  allocFail=0 hardFail=0  tls=90/63  interval=217632ms
[health] touch-wd wedges=0 recovered=0/0 (soft=0 hard=0) wakes=0 probes=1374/0 maxOutage=0ms rebootRec=0
[health] frame avg=28.3ms p95=28.5ms max=30.1ms  n=2 ap=329  heap free=85648 largest=37876 free8=85648 tlsOk=1 rej=0  allocFail=0 hardFail=0  tls=90/63  interval=217632ms
[health] touch-wd wedges=0 recovered=0/0 (soft=0 hard=0) wakes=0 probes=1377/0 maxOutage=0ms rebootRec=0
[GET] stale keep-alive (-2) on reused socket; retrying fresh
[health] frame avg=29.5ms p95=30.4ms max=35.1ms  n=1 ap=329  heap free=89116 largest=40948 free8=89116 tlsOk=1 rej=0  allocFail=0 hardFail=0  tls=90/64  interval=217632ms
[health] touch-wd wedges=0 recovered=0/0 (soft=0 hard=0) wakes=0 probes=1380/0 maxOutage=0ms rebootRec=0
[perf] 2026-08-08T07:10:50Z polls=1 busy=1%(fetch=1% enrich=0%) parse=1ms/poll bytes=0/poll ac=1/1 lag=avg0ms,max0ms gapMax=217685ms episodes=1 cache=H0/S0/M0 enrichReqs=0
[health] frame avg=29.6ms p95=30.3ms max=31.4ms  n=1 ap=329  heap free=89116 largest=40948 free8=89116 tlsOk=1 rej=0  allocFail=0 hardFail=0  tls=90/64  interval=217632ms
[health] touch-wd wedges=0 recovered=0/0 (soft=0 hard=0) wakes=0 probes=1383/0 maxOutage=0ms rebootRec=0
[health] frame avg=28.0ms p95=28.2ms max=31.2ms  n=1 ap=329  heap free=86700 largest=40948 free8=86700 tlsOk=1 rej=0  allocFail=0 hardFail=0  tls=90/64  interval=217632ms
[health] touch-wd wedges=0 recovered=0/0 (soft=0 hard=0) wakes=0 probes=1386/0 maxOutage=0ms rebootRec=0
[health] frame avg=28.0ms p95=28.2ms max=29.5ms  n=1 ap=329  heap free=86700 largest=40948 free8=86700 tlsOk=1 rej=0  allocFail=0 hardFail=0  tls=90/64  interval=217632ms
[health] touch-wd wedges=0 recovered=0/0 (soft=0 hard=0) wakes=0 probes=1389/0 maxOutage=0ms rebootRec=0
[health] frame avg=28.1ms p95=28.2ms max=29.3ms  n=1 ap=329  heap free=86700 largest=40948 free8=86700 tlsOk=1 rej=0  allocFail=0 hardFail=0  tls=90/64  interval=217632ms
[health] touch-wd wedges=0 recovered=0/0 (soft=0 hard=0) wakes=0 probes=1392/0 maxOutage=0ms rebootRec=0
[health] frame avg=28.1ms p95=28.2ms max=29.6ms  n=1 ap=329  heap free=86700 largest=40948 free8=86700 tlsOk=1 rej=0  allocFail=0 hardFail=0  tls=90/64  interval=217632ms
[health] touch-wd wedges=0 recovered=0/0 (soft=0 hard=0) wakes=0 probes=1395/0 maxOutage=0ms rebootRec=0
[health] frame avg=28.1ms p95=28.2ms max=29.4ms  n=1 ap=329  heap free=86732 largest=40948 free8=86732 tlsOk=1 rej=0  allocFail=0 hardFail=0  tls=90/64  interval=217632ms
[health] touch-wd wedges=0 recovered=0/0 (soft=0 hard=0) wakes=0 probes=1398/0 maxOutage=0ms rebootRec=0
[GET] stale keep-alive (-2) on reused socket; retrying fresh
[adsbdb] a1fd03 -> type=B737 operator=Southwest Airlines reg=N227WN
[perf] 2026-08-08T07:13:50Z polls=1 busy=4%(fetch=1% enrich=2%) parse=2ms/poll bytes=0/poll ac=2/2 lag=avg0ms,max0ms gapMax=217616ms episodes=1 cache=H0/S0/M0 enrichReqs=1
[health] frame avg=29.9ms p95=30.6ms max=34.3ms  n=2 ap=329  heap free=90720 largest=42996 free8=90720 tlsOk=1 rej=0  allocFail=0 hardFail=0  tls=91/65  interval=217632ms
[health] touch-wd wedges=0 recovered=0/0 (soft=0 hard=0) wakes=0 probes=1401/0 maxOutage=0ms rebootRec=0
[health] frame avg=29.9ms p95=30.6ms max=31.5ms  n=2 ap=329  heap free=90720 largest=42996 free8=90720 tlsOk=1 rej=0  allocFail=0 hardFail=0  tls=91/65  interval=217632ms
[health] touch-wd wedges=0 recovered=0/0 (soft=0 hard=0) wakes=0 probes=1404/0 maxOutage=0ms rebootRec=0
[health] frame avg=28.4ms p95=28.5ms max=32.0ms  n=2 ap=329  heap free=88304 largest=40948 free8=88304 tlsOk=1 rej=0  allocFail=0 hardFail=0  tls=91/65  interval=217632ms
[health] touch-wd wedges=0 recovered=0/0 (soft=0 hard=0) wakes=0 probes=1407/0 maxOutage=0ms rebootRec=0
[health] frame avg=28.4ms p95=28.5ms max=30.6ms  n=2 ap=329  heap free=88304 largest=40948 free8=88304 tlsOk=1 rej=0  allocFail=0 hardFail=0  tls=91/65  interval=217632ms
[health] touch-wd wedges=0 recovered=0/0 (soft=0 hard=0) wakes=0 probes=1410/0 maxOutage=0ms rebootRec=0
[logbook] persisted (75/220 types claimed, 120 airlines, 38 countries, 17640 contacts; 10749 B blobs, 1970 NVS entries free)
[health] frame avg=28.4ms p95=28.6ms max=140.4ms  n=2 ap=329  heap free=88304 largest=40948 free8=88304 tlsOk=1 rej=0  allocFail=0 hardFail=0  tls=91/65  interval=217632ms
[health] touch-wd wedges=0 recovered=0/0 (soft=0 hard=0) wakes=0 probes=1413/0 maxOutage=0ms rebootRec=0
[health] frame avg=28.4ms p95=28.5ms max=30.0ms  n=2 ap=329  heap free=88304 largest=40948 free8=88304 tlsOk=1 rej=0  allocFail=0 hardFail=0  tls=91/65  interval=217632ms
[health] touch-wd wedges=0 recovered=0/0 (soft=0 hard=0) wakes=0 probes=1416/0 maxOutage=0ms rebootRec=0
[health] frame avg=28.5ms p95=28.6ms max=29.7ms  n=2 ap=329  heap free=88304 largest=40948 free8=88304 tlsOk=1 rej=0  allocFail=0 hardFail=0  tls=91/65  interval=217632ms
[health] touch-wd wedges=0 recovered=0/0 (soft=0 hard=0) wakes=0 probes=1419/0 maxOutage=0ms rebootRec=0
[health] frame avg=29.9ms p95=30.7ms max=33.6ms  n=2 ap=329  heap free=87904 largest=35828 free8=87904 tlsOk=1 rej=0  allocFail=0 hardFail=0  tls=92/65  interval=217632ms
[health] touch-wd wedges=0 recovered=0/0 (soft=0 hard=0) wakes=0 probes=1422/0 maxOutage=0ms rebootRec=0
[perf] 2026-08-08T07:17:50Z polls=1 busy=1%(fetch=1% enrich=0%) parse=2ms/poll bytes=0/poll ac=2/2 lag=avg0ms,max0ms gapMax=217750ms episodes=1 cache=H0/S0/M0 enrichReqs=0
[health] frame avg=30.0ms p95=30.7ms max=32.1ms  n=2 ap=329  heap free=87904 largest=35828 free8=87904 tlsOk=1 rej=0  allocFail=0 hardFail=0  tls=92/65  interval=217632ms
[health] touch-wd wedges=0 recovered=0/0 (soft=0 hard=0) wakes=0 probes=1425/0 maxOutage=0ms rebootRec=0
[health] frame avg=29.8ms p95=30.6ms max=31.6ms  n=2 ap=329  heap free=87904 largest=35828 free8=87904 tlsOk=1 rej=0  allocFail=0 hardFail=0  tls=92/65  interval=217632ms
[health] touch-wd wedges=0 recovered=0/0 (soft=0 hard=0) wakes=0 probes=1428/0 maxOutage=0ms rebootRec=0
[health] frame avg=28.3ms p95=28.4ms max=30.7ms  n=2 ap=329  heap free=85488 largest=35828 free8=85488 tlsOk=1 rej=0  allocFail=0 hardFail=0  tls=92/65  interval=217632ms
[health] touch-wd wedges=0 recovered=0/0 (soft=0 hard=0) wakes=0 probes=1431/0 maxOutage=0ms rebootRec=0
[health] frame avg=28.3ms p95=28.5ms max=29.4ms  n=2 ap=329  heap free=85488 largest=35828 free8=85488 tlsOk=1 rej=0  allocFail=0 hardFail=0  tls=92/65  interval=217632ms
[health] touch-wd wedges=0 recovered=0/0 (soft=0 hard=0) wakes=0 probes=1434/0 maxOutage=0ms rebootRec=0
[health] frame avg=28.3ms p95=28.5ms max=29.7ms  n=2 ap=329  heap free=85488 largest=35828 free8=85488 tlsOk=1 rej=0  allocFail=0 hardFail=0  tls=92/65  interval=217632ms
[health] touch-wd wedges=0 recovered=0/0 (soft=0 hard=0) wakes=0 probes=1437/0 maxOutage=0ms rebootRec=0
[health] frame avg=28.3ms p95=28.5ms max=29.8ms  n=2 ap=329  heap free=85488 largest=35828 free8=85488 tlsOk=1 rej=0  allocFail=0 hardFail=0  tls=92/65  interval=217632ms
[health] touch-wd wedges=0 recovered=0/0 (soft=0 hard=0) wakes=0 probes=1440/0 maxOutage=0ms rebootRec=0
[GET] stale keep-alive (-2) on reused socket; retrying fresh
[perf] 2026-08-08T07:20:50Z polls=1 busy=1%(fetch=1% enrich=0%) parse=1ms/poll bytes=0/poll ac=1/1 lag=avg0ms,max0ms gapMax=217581ms episodes=1 cache=H0/S0/M0 enrichReqs=0
[health] frame avg=29.6ms p95=30.4ms max=34.8ms  n=1 ap=329  heap free=89112 largest=37876 free8=89112 tlsOk=1 rej=0  allocFail=0 hardFail=0  tls=92/66  interval=217632ms
[health] touch-wd wedges=0 recovered=0/0 (soft=0 hard=0) wakes=0 probes=1443/0 maxOutage=0ms rebootRec=0
[health] frame avg=29.6ms p95=30.3ms max=31.3ms  n=1 ap=329  heap free=89112 largest=37876 free8=89112 tlsOk=1 rej=0  allocFail=0 hardFail=0  tls=92/66  interval=217632ms
[health] touch-wd wedges=0 recovered=0/0 (soft=0 hard=0) wakes=0 probes=1446/0 maxOutage=0ms rebootRec=0
[health] frame avg=29.6ms p95=30.3ms max=31.4ms  n=1 ap=329  heap free=89112 largest=37876 free8=89112 tlsOk=1 rej=0  allocFail=0 hardFail=0  tls=92/66  interval=217632ms
[health] touch-wd wedges=0 recovered=0/0 (soft=0 hard=0) wakes=0 probes=1449/0 maxOutage=0ms rebootRec=0
[health] frame avg=28.0ms p95=28.2ms max=31.3ms  n=1 ap=329  heap free=86696 largest=37876 free8=86696 tlsOk=1 rej=0  allocFail=0 hardFail=0  tls=92/66  interval=217632ms
[health] touch-wd wedges=0 recovered=0/0 (soft=0 hard=0) wakes=0 probes=1452/0 maxOutage=0ms rebootRec=0
[health] frame avg=28.0ms p95=28.2ms max=29.5ms  n=1 ap=329  heap free=86696 largest=37876 free8=86696 tlsOk=1 rej=0  allocFail=0 hardFail=0  tls=92/66  interval=217632ms
[health] touch-wd wedges=0 recovered=0/0 (soft=0 hard=0) wakes=0 probes=1455/0 maxOutage=0ms rebootRec=0
[health] frame avg=28.1ms p95=28.2ms max=29.4ms  n=1 ap=329  heap free=86696 largest=37876 free8=86696 tlsOk=1 rej=0  allocFail=0 hardFail=0  tls=92/66  interval=217632ms
[health] touch-wd wedges=0 recovered=0/0 (soft=0 hard=0) wakes=0 probes=1458/0 maxOutage=0ms rebootRec=0
[health] frame avg=28.1ms p95=28.2ms max=29.4ms  n=1 ap=329  heap free=86696 largest=37876 free8=86696 tlsOk=1 rej=0  allocFail=0 hardFail=0  tls=92/66  interval=217632ms
[health] touch-wd wedges=0 recovered=0/0 (soft=0 hard=0) wakes=0 probes=1461/0 maxOutage=0ms rebootRec=0
[health] frame avg=28.0ms p95=28.2ms max=30.0ms  n=1 ap=329  heap free=86696 largest=37876 free8=86696 tlsOk=1 rej=0  allocFail=0 hardFail=0  tls=92/66  interval=217632ms
[health] touch-wd wedges=0 recovered=0/0 (soft=0 hard=0) wakes=0 probes=1464/0 maxOutage=0ms rebootRec=0
[GET] stale keep-alive (-2) on reused socket; retrying fresh
[perf] 2026-08-08T07:24:51Z polls=1 busy=1%(fetch=1% enrich=0%) parse=1ms/poll bytes=0/poll ac=1/1 lag=avg0ms,max0ms gapMax=217616ms episodes=1 cache=H0/S0/M0 enrichReqs=0
[health] frame avg=29.7ms p95=30.3ms max=34.2ms  n=1 ap=329  heap free=89148 largest=40948 free8=89148 tlsOk=1 rej=0  allocFail=0 hardFail=0  tls=92/67  interval=217632ms
[health] touch-wd wedges=0 recovered=0/0 (soft=0 hard=0) wakes=0 probes=1467/0 maxOutage=0ms rebootRec=0
[health] frame avg=29.6ms p95=30.3ms max=30.9ms  n=1 ap=329  heap free=89148 largest=40948 free8=89148 tlsOk=1 rej=0  allocFail=0 hardFail=0  tls=92/67  interval=217632ms
[health] touch-wd wedges=0 recovered=0/0 (soft=0 hard=0) wakes=0 probes=1470/0 maxOutage=0ms rebootRec=0
[health] frame avg=28.1ms p95=28.2ms max=31.8ms  n=1 ap=329  heap free=86732 largest=40948 free8=86732 tlsOk=1 rej=0  allocFail=0 hardFail=0  tls=92/67  interval=217632ms
[health] touch-wd wedges=0 recovered=0/0 (soft=0 hard=0) wakes=0 probes=1473/0 maxOutage=0ms rebootRec=0
[health] frame avg=28.0ms p95=28.2ms max=29.2ms  n=1 ap=329  heap free=86732 largest=40948 free8=86732 tlsOk=1 rej=0  allocFail=0 hardFail=0  tls=92/67  interval=217632ms
[health] touch-wd wedges=0 recovered=0/0 (soft=0 hard=0) wakes=0 probes=1476/0 maxOutage=0ms rebootRec=0
[health] frame avg=28.1ms p95=28.2ms max=29.1ms  n=1 ap=329  heap free=86732 largest=40948 free8=86732 tlsOk=1 rej=0  allocFail=0 hardFail=0  tls=92/67  interval=217632ms
[health] touch-wd wedges=0 recovered=0/0 (soft=0 hard=0) wakes=0 probes=1479/0 maxOutage=0ms rebootRec=0
[health] frame avg=28.1ms p95=28.2ms max=29.1ms  n=1 ap=329  heap free=86732 largest=40948 free8=86732 tlsOk=1 rej=0  allocFail=0 hardFail=0  tls=92/67  interval=217632ms
[health] touch-wd wedges=0 recovered=0/0 (soft=0 hard=0) wakes=0 probes=1482/0 maxOutage=0ms rebootRec=0
[health] frame avg=28.1ms p95=28.2ms max=29.7ms  n=1 ap=329  heap free=86732 largest=40948 free8=86732 tlsOk=1 rej=0  allocFail=0 hardFail=0  tls=92/67  interval=217632ms
[health] touch-wd wedges=0 recovered=0/0 (soft=0 hard=0) wakes=0 probes=1485/0 maxOutage=0ms rebootRec=0
[GET] stale keep-alive (-2) on reused socket; retrying fresh
[health] frame avg=29.7ms p95=30.3ms max=34.8ms  n=1 ap=329  heap free=89148 largest=40948 free8=89148 tlsOk=1 rej=0  allocFail=0 hardFail=0  tls=92/68  interval=217632ms
[health] touch-wd wedges=0 recovered=0/0 (soft=0 hard=0) wakes=0 probes=1488/0 maxOutage=0ms rebootRec=0
[perf] 2026-08-08T07:28:51Z polls=1 busy=2%(fetch=2% enrich=0%) parse=1ms/poll bytes=0/poll ac=1/1 lag=avg0ms,max0ms gapMax=218156ms episodes=1 cache=H0/S0/M0 enrichReqs=0
[health] frame avg=29.7ms p95=30.4ms max=31.4ms  n=1 ap=329  heap free=89148 largest=40948 free8=89148 tlsOk=1 rej=0  allocFail=0 hardFail=0  tls=92/68  interval=217632ms
[health] touch-wd wedges=0 recovered=0/0 (soft=0 hard=0) wakes=0 probes=1491/0 maxOutage=0ms rebootRec=0
[health] frame avg=28.0ms p95=28.2ms max=31.2ms  n=1 ap=329  heap free=86732 largest=38900 free8=86732 tlsOk=1 rej=0  allocFail=0 hardFail=0  tls=92/68  interval=217632ms
[health] touch-wd wedges=0 recovered=0/0 (soft=0 hard=0) wakes=0 probes=1494/0 maxOutage=0ms rebootRec=0
[health] frame avg=28.0ms p95=28.2ms max=29.2ms  n=1 ap=329  heap free=86732 largest=38900 free8=86732 tlsOk=1 rej=0  allocFail=0 hardFail=0  tls=92/68  interval=217632ms
[health] touch-wd wedges=0 recovered=0/0 (soft=0 hard=0) wakes=0 probes=1497/0 maxOutage=0ms rebootRec=0
[health] frame avg=28.0ms p95=28.2ms max=29.3ms  n=1 ap=329  heap free=86732 largest=38900 free8=86732 tlsOk=1 rej=0  allocFail=0 hardFail=0  tls=92/68  interval=217632ms
[health] touch-wd wedges=0 recovered=0/0 (soft=0 hard=0) wakes=0 probes=1500/0 maxOutage=0ms rebootRec=0
[health] frame avg=28.1ms p95=28.3ms max=29.5ms  n=1 ap=329  heap free=86732 largest=38900 free8=86732 tlsOk=1 rej=0  allocFail=0 hardFail=0  tls=92/68  interval=217632ms
[health] touch-wd wedges=0 recovered=0/0 (soft=0 hard=0) wakes=0 probes=1503/0 maxOutage=0ms rebootRec=0
[health] frame avg=28.0ms p95=28.2ms max=29.7ms  n=1 ap=329  heap free=86732 largest=38900 free8=86732 tlsOk=1 rej=0  allocFail=0 hardFail=0  tls=92/68  interval=217632ms
[health] touch-wd wedges=0 recovered=0/0 (soft=0 hard=0) wakes=0 probes=1506/0 maxOutage=0ms rebootRec=0
[GET] stale keep-alive (-2) on reused socket; retrying fresh
[perf] 2026-08-08T07:31:51Z polls=1 busy=1%(fetch=1% enrich=0%) parse=0ms/poll bytes=0/poll ac=1/1 lag=avg0ms,max0ms gapMax=217163ms episodes=1 cache=H0/S0/M0 enrichReqs=0
[health] frame avg=29.7ms p95=30.3ms max=34.2ms  n=1 ap=329  heap free=89160 largest=40948 free8=89160 tlsOk=1 rej=0  allocFail=0 hardFail=0  tls=92/69  interval=217632ms
[health] touch-wd wedges=0 recovered=0/0 (soft=0 hard=0) wakes=0 probes=1509/0 maxOutage=0ms rebootRec=0
[health] frame avg=29.7ms p95=30.3ms max=31.7ms  n=1 ap=329  heap free=89160 largest=40948 free8=89160 tlsOk=1 rej=0  allocFail=0 hardFail=0  tls=92/69  interval=217632ms
[health] touch-wd wedges=0 recovered=0/0 (soft=0 hard=0) wakes=0 probes=1512/0 maxOutage=0ms rebootRec=0
[health] frame avg=29.7ms p95=30.3ms max=31.6ms  n=1 ap=329  heap free=89160 largest=40948 free8=89160 tlsOk=1 rej=0  allocFail=0 hardFail=0  tls=92/69  interval=217632ms
[health] touch-wd wedges=0 recovered=0/0 (soft=0 hard=0) wakes=0 probes=1515/0 maxOutage=0ms rebootRec=0
[health] frame avg=28.0ms p95=28.2ms max=30.0ms  n=1 ap=329  heap free=86740 largest=40948 free8=86740 tlsOk=1 rej=0  allocFail=0 hardFail=0  tls=92/69  interval=217632ms
[health] touch-wd wedges=0 recovered=0/0 (soft=0 hard=0) wakes=0 probes=1518/0 maxOutage=0ms rebootRec=0
[health] frame avg=28.1ms p95=28.2ms max=29.7ms  n=1 ap=329  heap free=86740 largest=40948 free8=86740 tlsOk=1 rej=0  allocFail=0 hardFail=0  tls=92/69  interval=217632ms
[health] touch-wd wedges=0 recovered=0/0 (soft=0 hard=0) wakes=0 probes=1521/0 maxOutage=0ms rebootRec=0
[health] frame avg=28.0ms p95=28.2ms max=29.2ms  n=1 ap=329  heap free=86740 largest=40948 free8=86740 tlsOk=1 rej=0  allocFail=0 hardFail=0  tls=92/69  interval=217632ms
[health] touch-wd wedges=0 recovered=0/0 (soft=0 hard=0) wakes=0 probes=1524/0 maxOutage=0ms rebootRec=0
[health] frame avg=28.1ms p95=28.2ms max=29.5ms  n=1 ap=329  heap free=86740 largest=40948 free8=86740 tlsOk=1 rej=0  allocFail=0 hardFail=0  tls=92/69  interval=217632ms
[health] touch-wd wedges=0 recovered=0/0 (soft=0 hard=0) wakes=0 probes=1527/0 maxOutage=0ms rebootRec=0
[GET] stale keep-alive (-2) on reused socket; retrying fresh
[health] frame avg=29.7ms p95=30.4ms max=34.2ms  n=1 ap=329  heap free=89136 largest=40948 free8=89136 tlsOk=1 rej=0  allocFail=0 hardFail=0  tls=92/70  interval=217632ms
[health] touch-wd wedges=0 recovered=0/0 (soft=0 hard=0) wakes=0 probes=1530/0 maxOutage=0ms rebootRec=0
[perf] 2026-08-08T07:35:51Z polls=1 busy=1%(fetch=1% enrich=0%) parse=1ms/poll bytes=0/poll ac=1/1 lag=avg0ms,max0ms gapMax=217648ms episodes=1 cache=H0/S0/M0 enrichReqs=0
[health] frame avg=29.7ms p95=30.3ms max=31.3ms  n=1 ap=329  heap free=89136 largest=40948 free8=89136 tlsOk=1 rej=0  allocFail=0 hardFail=0  tls=92/70  interval=217632ms
[health] touch-wd wedges=0 recovered=0/0 (soft=0 hard=0) wakes=0 probes=1533/0 maxOutage=0ms rebootRec=0
[health] frame avg=29.8ms p95=30.4ms max=31.4ms  n=1 ap=329  heap free=89136 largest=40948 free8=89136 tlsOk=1 rej=0  allocFail=0 hardFail=0  tls=92/70  interval=217632ms
[health] touch-wd wedges=0 recovered=0/0 (soft=0 hard=0) wakes=0 probes=1536/0 maxOutage=0ms rebootRec=0
[health] frame avg=28.0ms p95=28.2ms max=30.9ms  n=1 ap=329  heap free=86720 largest=40948 free8=86720 tlsOk=1 rej=0  allocFail=0 hardFail=0  tls=92/70  interval=217632ms
[health] touch-wd wedges=0 recovered=0/0 (soft=0 hard=0) wakes=0 probes=1539/0 maxOutage=0ms rebootRec=0
[health] frame avg=28.0ms p95=28.2ms max=29.2ms  n=1 ap=329  heap free=86720 largest=40948 free8=86720 tlsOk=1 rej=0  allocFail=0 hardFail=0  tls=92/70  interval=217632ms
[health] touch-wd wedges=0 recovered=0/0 (soft=0 hard=0) wakes=0 probes=1542/0 maxOutage=0ms rebootRec=0
[health] frame avg=28.0ms p95=28.2ms max=29.1ms  n=1 ap=329  heap free=86720 largest=40948 free8=86720 tlsOk=1 rej=0  allocFail=0 hardFail=0  tls=92/70  interval=217632ms
[health] touch-wd wedges=0 recovered=0/0 (soft=0 hard=0) wakes=0 probes=1545/0 maxOutage=0ms rebootRec=0
[health] frame avg=28.0ms p95=28.2ms max=29.0ms  n=1 ap=329  heap free=86720 largest=40948 free8=86720 tlsOk=1 rej=0  allocFail=0 hardFail=0  tls=92/70  interval=217632ms
[health] touch-wd wedges=0 recovered=0/0 (soft=0 hard=0) wakes=0 probes=1548/0 maxOutage=0ms rebootRec=0
[health] frame avg=28.0ms p95=28.2ms max=29.4ms  n=1 ap=329  heap free=86720 largest=40948 free8=86720 tlsOk=1 rej=0  allocFail=0 hardFail=0  tls=92/70  interval=217632ms
[health] touch-wd wedges=0 recovered=0/0 (soft=0 hard=0) wakes=0 probes=1551/0 maxOutage=0ms rebootRec=0
[GET] stale keep-alive (-2) on reused socket; retrying fresh
[health] frame avg=27.1ms p95=27.2ms max=34.2ms  n=0 ap=329  heap free=90288 largest=38900 free8=90288 tlsOk=1 rej=0  allocFail=0 hardFail=0  tls=92/71  interval=217632ms
[health] touch-wd wedges=0 recovered=0/0 (soft=0 hard=0) wakes=0 probes=1554/0 maxOutage=0ms rebootRec=0
[perf] 2026-08-08T07:39:51Z polls=1 busy=1%(fetch=1% enrich=0%) parse=1ms/poll bytes=0/poll ac=0/0 lag=avg0ms,max0ms gapMax=217666ms episodes=1 cache=H0/S0/M0 enrichReqs=0
[health] frame avg=27.1ms p95=27.2ms max=28.2ms  n=0 ap=329  heap free=90288 largest=38900 free8=90288 tlsOk=1 rej=0  allocFail=0 hardFail=0  tls=92/71  interval=217632ms
[health] touch-wd wedges=0 recovered=0/0 (soft=0 hard=0) wakes=0 probes=1557/0 maxOutage=0ms rebootRec=0
[health] frame avg=27.1ms p95=27.2ms max=28.0ms  n=0 ap=329  heap free=87872 largest=38900 free8=87872 tlsOk=1 rej=0  allocFail=0 hardFail=0  tls=92/71  interval=217632ms
[health] touch-wd wedges=0 recovered=0/0 (soft=0 hard=0) wakes=0 probes=1560/0 maxOutage=0ms rebootRec=0
[health] frame avg=27.1ms p95=27.2ms max=28.4ms  n=0 ap=329  heap free=87872 largest=38900 free8=87872 tlsOk=1 rej=0  allocFail=0 hardFail=0  tls=92/71  interval=217632ms
[health] touch-wd wedges=0 recovered=0/0 (soft=0 hard=0) wakes=0 probes=1563/0 maxOutage=0ms rebootRec=0
[health] frame avg=26.9ms p95=27.0ms max=28.1ms  n=0 ap=329  heap free=87872 largest=38900 free8=87872 tlsOk=1 rej=0  allocFail=0 hardFail=0  tls=92/71  interval=217632ms
[health] touch-wd wedges=0 recovered=0/0 (soft=0 hard=0) wakes=0 probes=1566/0 maxOutage=0ms rebootRec=0
[health] frame avg=26.9ms p95=27.0ms max=28.1ms  n=0 ap=329  heap free=87872 largest=38900 free8=87872 tlsOk=1 rej=0  allocFail=0 hardFail=0  tls=92/71  interval=217632ms
[health] touch-wd wedges=0 recovered=0/0 (soft=0 hard=0) wakes=0 probes=1569/0 maxOutage=0ms rebootRec=0
[health] frame avg=27.1ms p95=27.1ms max=28.2ms  n=0 ap=329  heap free=87872 largest=38900 free8=87872 tlsOk=1 rej=0  allocFail=0 hardFail=0  tls=92/71  interval=217632ms
[health] touch-wd wedges=0 recovered=0/0 (soft=0 hard=0) wakes=0 probes=1572/0 maxOutage=0ms rebootRec=0
[GET] stale keep-alive (-2) on reused socket; retrying fresh
[logbook] persisted (75/220 types claimed, 120 airlines, 38 countries, 17641 contacts; 10749 B blobs, 1970 NVS entries free)
[adsbdb] a26f6f -> type=E75L operator=Delta Connection reg=N256SY
[perf] 2026-08-08T07:42:51Z polls=1 busy=3%(fetch=1% enrich=2%) parse=1ms/poll bytes=0/poll ac=1/1 lag=avg0ms,max0ms gapMax=217588ms episodes=1 cache=H0/S0/M0 enrichReqs=1
[health] frame avg=29.8ms p95=30.4ms max=76.8ms  n=1 ap=329  heap free=91860 largest=46068 free8=91860 tlsOk=1 rej=0  allocFail=0 hardFail=0  tls=93/72  interval=217632ms
[health] touch-wd wedges=0 recovered=0/0 (soft=0 hard=0) wakes=0 probes=1575/0 maxOutage=0ms rebootRec=0
[health] frame avg=29.8ms p95=30.4ms max=31.5ms  n=1 ap=329  heap free=91860 largest=46068 free8=91860 tlsOk=1 rej=0  allocFail=0 hardFail=0  tls=93/72  interval=217632ms
[health] touch-wd wedges=0 recovered=0/0 (soft=0 hard=0) wakes=0 probes=1578/0 maxOutage=0ms rebootRec=0
[health] frame avg=28.1ms p95=28.2ms max=31.3ms  n=1 ap=329  heap free=89444 largest=44020 free8=89444 tlsOk=1 rej=0  allocFail=0 hardFail=0  tls=93/72  interval=217632ms
[health] touch-wd wedges=0 recovered=0/0 (soft=0 hard=0) wakes=0 probes=1581/0 maxOutage=0ms rebootRec=0
[health] frame avg=28.1ms p95=28.2ms max=29.7ms  n=1 ap=329  heap free=89444 largest=44020 free8=89444 tlsOk=1 rej=0  allocFail=0 hardFail=0  tls=93/72  interval=217632ms
[health] touch-wd wedges=0 recovered=0/0 (soft=0 hard=0) wakes=0 probes=1584/0 maxOutage=0ms rebootRec=0
[health] frame avg=28.1ms p95=28.3ms max=30.4ms  n=1 ap=329  heap free=89444 largest=44020 free8=89444 tlsOk=1 rej=0  allocFail=0 hardFail=0  tls=93/72  interval=217632ms
[health] touch-wd wedges=0 recovered=0/0 (soft=0 hard=0) wakes=0 probes=1587/0 maxOutage=0ms rebootRec=0
[health] frame avg=28.1ms p95=28.3ms max=29.1ms  n=1 ap=329  heap free=89444 largest=44020 free8=89444 tlsOk=1 rej=0  allocFail=0 hardFail=0  tls=93/72  interval=217632ms
[health] touch-wd wedges=0 recovered=0/0 (soft=0 hard=0) wakes=0 probes=1590/0 maxOutage=0ms rebootRec=0
[health] frame avg=28.1ms p95=28.2ms max=29.1ms  n=1 ap=329  heap free=89444 largest=44020 free8=89444 tlsOk=1 rej=0  allocFail=0 hardFail=0  tls=93/72  interval=217632ms
[health] touch-wd wedges=0 recovered=0/0 (soft=0 hard=0) wakes=0 probes=1593/0 maxOutage=0ms rebootRec=0
[health] frame avg=29.8ms p95=30.4ms max=34.6ms  n=1 ap=329  heap free=89048 largest=39924 free8=89048 tlsOk=1 rej=0  allocFail=0 hardFail=0  tls=94/72  interval=217632ms
[health] touch-wd wedges=0 recovered=0/0 (soft=0 hard=0) wakes=0 probes=1596/0 maxOutage=0ms rebootRec=0
[perf] 2026-08-08T07:46:51Z polls=1 busy=1%(fetch=1% enrich=0%) parse=1ms/poll bytes=0/poll ac=1/1 lag=avg0ms,max0ms gapMax=217686ms episodes=1 cache=H0/S0/M0 enrichReqs=0
[health] frame avg=29.8ms p95=30.5ms max=32.5ms  n=1 ap=329  heap free=89048 largest=39924 free8=89048 tlsOk=1 rej=0  allocFail=0 hardFail=0  tls=94/72  interval=217632ms
[health] touch-wd wedges=0 recovered=0/0 (soft=0 hard=0) wakes=0 probes=1599/0 maxOutage=0ms rebootRec=0
[health] frame avg=29.8ms p95=30.4ms max=31.3ms  n=1 ap=329  heap free=89048 largest=39924 free8=89048 tlsOk=1 rej=0  allocFail=0 hardFail=0  tls=94/72  interval=217632ms
[health] touch-wd wedges=0 recovered=0/0 (soft=0 hard=0) wakes=0 probes=1602/0 maxOutage=0ms rebootRec=0
[health] frame avg=28.1ms p95=28.3ms max=31.6ms  n=1 ap=329  heap free=86632 largest=39924 free8=86632 tlsOk=1 rej=0  allocFail=0 hardFail=0  tls=94/72  interval=217632ms
[health] touch-wd wedges=0 recovered=0/0 (soft=0 hard=0) wakes=0 probes=1605/0 maxOutage=0ms rebootRec=0
[health] frame avg=28.1ms p95=28.3ms max=29.5ms  n=1 ap=329  heap free=86632 largest=39924 free8=86632 tlsOk=1 rej=0  allocFail=0 hardFail=0  tls=94/72  interval=217632ms
[health] touch-wd wedges=0 recovered=0/0 (soft=0 hard=0) wakes=0 probes=1608/0 maxOutage=0ms rebootRec=0
[health] frame avg=28.1ms p95=28.3ms max=29.4ms  n=1 ap=329  heap free=86632 largest=39924 free8=86632 tlsOk=1 rej=0  allocFail=0 hardFail=0  tls=94/72  interval=217632ms
[health] touch-wd wedges=0 recovered=0/0 (soft=0 hard=0) wakes=0 probes=1611/0 maxOutage=0ms rebootRec=0
[health] frame avg=28.1ms p95=28.3ms max=29.3ms  n=1 ap=329  heap free=86632 largest=39924 free8=86632 tlsOk=1 rej=0  allocFail=0 hardFail=0  tls=94/72  interval=217632ms
[health] touch-wd wedges=0 recovered=0/0 (soft=0 hard=0) wakes=0 probes=1614/0 maxOutage=0ms rebootRec=0
[GET] stale keep-alive (-2) on reused socket; retrying fresh
[perf] 2026-08-08T07:49:51Z polls=1 busy=1%(fetch=1% enrich=0%) parse=1ms/poll bytes=0/poll ac=1/1 lag=avg0ms,max0ms gapMax=217667ms episodes=1 cache=H0/S0/M0 enrichReqs=0
[health] frame avg=29.8ms p95=30.5ms max=34.4ms  n=1 ap=329  heap free=89052 largest=41972 free8=89052 tlsOk=1 rej=0  allocFail=0 hardFail=0  tls=94/73  interval=217632ms
[health] touch-wd wedges=0 recovered=0/0 (soft=0 hard=0) wakes=0 probes=1617/0 maxOutage=0ms rebootRec=0
[health] frame avg=29.8ms p95=30.4ms max=31.3ms  n=1 ap=329  heap free=89052 largest=41972 free8=89052 tlsOk=1 rej=0  allocFail=0 hardFail=0  tls=94/73  interval=217632ms
[health] touch-wd wedges=0 recovered=0/0 (soft=0 hard=0) wakes=0 probes=1620/0 maxOutage=0ms rebootRec=0
[health] frame avg=29.8ms p95=30.4ms max=31.4ms  n=1 ap=329  heap free=89052 largest=41972 free8=89052 tlsOk=1 rej=0  allocFail=0 hardFail=0  tls=94/73  interval=217632ms
[health] touch-wd wedges=0 recovered=0/0 (soft=0 hard=0) wakes=0 probes=1623/0 maxOutage=0ms rebootRec=0
[health] frame avg=28.1ms p95=28.3ms max=31.4ms  n=1 ap=329  heap free=86636 largest=38900 free8=86636 tlsOk=1 rej=0  allocFail=0 hardFail=0  tls=94/73  interval=217632ms
[health] touch-wd wedges=0 recovered=0/0 (soft=0 hard=0) wakes=0 probes=1626/0 maxOutage=0ms rebootRec=0
[health] frame avg=28.1ms p95=28.3ms max=29.6ms  n=1 ap=329  heap free=86636 largest=38900 free8=86636 tlsOk=1 rej=0  allocFail=0 hardFail=0  tls=94/73  interval=217632ms
[health] touch-wd wedges=0 recovered=0/0 (soft=0 hard=0) wakes=0 probes=1629/0 maxOutage=0ms rebootRec=0
[health] frame avg=28.1ms p95=28.3ms max=29.6ms  n=1 ap=329  heap free=86636 largest=38900 free8=86636 tlsOk=1 rej=0  allocFail=0 hardFail=0  tls=94/73  interval=217632ms
[health] touch-wd wedges=0 recovered=0/0 (soft=0 hard=0) wakes=0 probes=1632/0 maxOutage=0ms rebootRec=0
[logbook] persisted (75/220 types claimed, 120 airlines, 38 countries, 17641 contacts; 10749 B blobs, 1970 NVS entries free)
[health] frame avg=28.1ms p95=28.3ms max=140.9ms  n=1 ap=329  heap free=86636 largest=38900 free8=86636 tlsOk=1 rej=0  allocFail=0 hardFail=0  tls=94/73  interval=217632ms
[health] touch-wd wedges=0 recovered=0/0 (soft=0 hard=0) wakes=0 probes=1635/0 maxOutage=0ms rebootRec=0
[health] frame avg=28.1ms p95=28.3ms max=29.2ms  n=1 ap=329  heap free=86636 largest=38900 free8=86636 tlsOk=1 rej=0  allocFail=0 hardFail=0  tls=94/73  interval=217632ms
[health] touch-wd wedges=0 recovered=0/0 (soft=0 hard=0) wakes=0 probes=1638/0 maxOutage=0ms rebootRec=0
[GET] stale keep-alive (-2) on reused socket; retrying fresh
[adsbdb] a2e80e -> type=B350 operator=N399BW LLC reg=N287AT
[perf] 2026-08-08T07:53:51Z polls=1 busy=4%(fetch=1% enrich=2%) parse=1ms/poll bytes=0/poll ac=2/2 lag=avg0ms,max0ms gapMax=217634ms episodes=1 cache=H0/S0/M0 enrichReqs=1
[health] frame avg=30.0ms p95=30.6ms max=34.5ms  n=2 ap=329  heap free=90776 largest=46068 free8=90776 tlsOk=1 rej=0  allocFail=0 hardFail=0  tls=95/74  interval=217632ms
[health] touch-wd wedges=0 recovered=0/0 (soft=0 hard=0) wakes=0 probes=1641/0 maxOutage=0ms rebootRec=0
[health] frame avg=30.0ms p95=30.6ms max=32.9ms  n=2 ap=329  heap free=90776 largest=46068 free8=90776 tlsOk=1 rej=0  allocFail=0 hardFail=0  tls=95/74  interval=217632ms
[health] touch-wd wedges=0 recovered=0/0 (soft=0 hard=0) wakes=0 probes=1644/0 maxOutage=0ms rebootRec=0
[health] frame avg=28.3ms p95=28.5ms max=32.0ms  n=2 ap=329  heap free=88360 largest=44020 free8=88360 tlsOk=1 rej=0  allocFail=0 hardFail=0  tls=95/74  interval=217632ms
[health] touch-wd wedges=0 recovered=0/0 (soft=0 hard=0) wakes=0 probes=1647/0 maxOutage=0ms rebootRec=0
[health] frame avg=28.3ms p95=28.5ms max=30.1ms  n=2 ap=329  heap free=88360 largest=44020 free8=88360 tlsOk=1 rej=0  allocFail=0 hardFail=0  tls=95/74  interval=217632ms
[health] touch-wd wedges=0 recovered=0/0 (soft=0 hard=0) wakes=0 probes=1650/0 maxOutage=0ms rebootRec=0
[health] frame avg=28.4ms p95=28.5ms max=29.7ms  n=2 ap=329  heap free=88360 largest=44020 free8=88360 tlsOk=1 rej=0  allocFail=0 hardFail=0  tls=95/74  interval=217632ms
[health] touch-wd wedges=0 recovered=0/0 (soft=0 hard=0) wakes=0 probes=1653/0 maxOutage=0ms rebootRec=0
[health] frame avg=28.4ms p95=28.5ms max=30.5ms  n=2 ap=329  heap free=88360 largest=44020 free8=88360 tlsOk=1 rej=0  allocFail=0 hardFail=0  tls=95/74  interval=217632ms
[health] touch-wd wedges=0 recovered=0/0 (soft=0 hard=0) wakes=0 probes=1656/0 maxOutage=0ms rebootRec=0
[health] frame avg=28.4ms p95=28.5ms max=30.3ms  n=2 ap=329  heap free=88360 largest=44020 free8=88360 tlsOk=1 rej=0  allocFail=0 hardFail=0  tls=95/74  interval=217632ms
[health] touch-wd wedges=0 recovered=0/0 (soft=0 hard=0) wakes=0 probes=1659/0 maxOutage=0ms rebootRec=0
[adsbdb] a1589d -> type=E75L operator=Alaska Airlines reg=N186SY
[health] frame avg=30.0ms p95=30.7ms max=34.7ms  n=2 ap=329  heap free=90780 largest=42996 free8=90780 tlsOk=1 rej=0  allocFail=0 hardFail=0  tls=97/74  interval=217632ms
[health] touch-wd wedges=0 recovered=0/0 (soft=0 hard=0) wakes=0 probes=1662/0 maxOutage=0ms rebootRec=0
[perf] 2026-08-08T07:57:51Z polls=1 busy=3%(fetch=1% enrich=2%) parse=1ms/poll bytes=0/poll ac=2/2 lag=avg0ms,max0ms gapMax=217503ms episodes=1 cache=H0/S0/M0 enrichReqs=1
[health] frame avg=30.0ms p95=30.6ms max=31.7ms  n=2 ap=329  heap free=90780 largest=42996 free8=90780 tlsOk=1 rej=0  allocFail=0 hardFail=0  tls=97/74  interval=217632ms
[health] touch-wd wedges=0 recovered=0/0 (soft=0 hard=0) wakes=0 probes=1665/0 maxOutage=0ms rebootRec=0
[health] frame avg=28.3ms p95=28.5ms max=31.6ms  n=2 ap=329  heap free=88364 largest=42996 free8=88364 tlsOk=1 rej=0  allocFail=0 hardFail=0  tls=97/74  interval=217632ms
[health] touch-wd wedges=0 recovered=0/0 (soft=0 hard=0) wakes=0 probes=1668/0 maxOutage=0ms rebootRec=0
[health] frame avg=28.4ms p95=28.5ms max=30.1ms  n=2 ap=329  heap free=88364 largest=42996 free8=88364 tlsOk=1 rej=0  allocFail=0 hardFail=0  tls=97/74  interval=217632ms
[health] touch-wd wedges=0 recovered=0/0 (soft=0 hard=0) wakes=0 probes=1671/0 maxOutage=0ms rebootRec=0
[health] frame avg=28.4ms p95=28.6ms max=30.7ms  n=2 ap=329  heap free=88364 largest=42996 free8=88364 tlsOk=1 rej=0  allocFail=0 hardFail=0  tls=97/74  interval=217632ms
[health] touch-wd wedges=0 recovered=0/0 (soft=0 hard=0) wakes=0 probes=1674/0 maxOutage=0ms rebootRec=0
[health] frame avg=28.4ms p95=28.6ms max=30.1ms  n=2 ap=329  heap free=88364 largest=42996 free8=88364 tlsOk=1 rej=0  allocFail=0 hardFail=0  tls=97/74  interval=217632ms
[health] touch-wd wedges=0 recovered=0/0 (soft=0 hard=0) wakes=0 probes=1677/0 maxOutage=0ms rebootRec=0
[health] frame avg=28.4ms p95=28.5ms max=30.0ms  n=2 ap=329  heap free=88364 largest=42996 free8=88364 tlsOk=1 rej=0  allocFail=0 hardFail=0  tls=97/74  interval=217632ms
[health] touch-wd wedges=0 recovered=0/0 (soft=0 hard=0) wakes=0 probes=1680/0 maxOutage=0ms rebootRec=0
[perf] 2026-08-08T08:00:51Z polls=1 busy=1%(fetch=1% enrich=0%) parse=1ms/poll bytes=0/poll ac=1/1 lag=avg0ms,max0ms gapMax=217683ms episodes=1 cache=H0/S0/M0 enrichReqs=0
[health] frame avg=29.7ms p95=30.4ms max=34.1ms  n=1 ap=329  heap free=89172 largest=39924 free8=89172 tlsOk=1 rej=0  allocFail=0 hardFail=0  tls=98/74  interval=217632ms
[health] touch-wd wedges=0 recovered=0/0 (soft=0 hard=0) wakes=0 probes=1683/0 maxOutage=0ms rebootRec=0
[health] frame avg=29.7ms p95=30.4ms max=31.4ms  n=1 ap=329  heap free=89172 largest=39924 free8=89172 tlsOk=1 rej=0  allocFail=0 hardFail=0  tls=98/74  interval=217632ms
[health] touch-wd wedges=0 recovered=0/0 (soft=0 hard=0) wakes=0 probes=1686/0 maxOutage=0ms rebootRec=0
[health] frame avg=29.6ms p95=30.3ms max=31.5ms  n=1 ap=329  heap free=89172 largest=39924 free8=89172 tlsOk=1 rej=0  allocFail=0 hardFail=0  tls=98/74  interval=217632ms
[health] touch-wd wedges=0 recovered=0/0 (soft=0 hard=0) wakes=0 probes=1689/0 maxOutage=0ms rebootRec=0
[health] frame avg=28.1ms p95=28.2ms max=31.1ms  n=1 ap=329  heap free=86756 largest=37876 free8=86756 tlsOk=1 rej=0  allocFail=0 hardFail=0  tls=98/74  interval=217632ms
[health] touch-wd wedges=0 recovered=0/0 (soft=0 hard=0) wakes=0 probes=1692/0 maxOutage=0ms rebootRec=0
[logbook] persisted (75/220 types claimed, 120 airlines, 38 countries, 17643 contacts; 10749 B blobs, 1970 NVS entries free)
[health] frame avg=28.0ms p95=28.2ms max=144.2ms  n=1 ap=329  heap free=86756 largest=37876 free8=86756 tlsOk=1 rej=0  allocFail=0 hardFail=0  tls=98/74  interval=217632ms
[health] touch-wd wedges=0 recovered=0/0 (soft=0 hard=0) wakes=0 probes=1695/0 maxOutage=0ms rebootRec=0
[health] frame avg=28.0ms p95=28.1ms max=29.3ms  n=1 ap=329  heap free=86756 largest=37876 free8=86756 tlsOk=1 rej=0  allocFail=0 hardFail=0  tls=98/74  interval=217632ms
[health] touch-wd wedges=0 recovered=0/0 (soft=0 hard=0) wakes=0 probes=1698/0 maxOutage=0ms rebootRec=0
[health] frame avg=28.0ms p95=28.1ms max=29.1ms  n=1 ap=329  heap free=86756 largest=37876 free8=86756 tlsOk=1 rej=0  allocFail=0 hardFail=0  tls=98/74  interval=217632ms
[health] touch-wd wedges=0 recovered=0/0 (soft=0 hard=0) wakes=0 probes=1701/0 maxOutage=0ms rebootRec=0
[GET] stale keep-alive (-2) on reused socket; retrying fresh
[health] frame avg=27.2ms p95=27.3ms max=34.2ms  n=0 ap=329  heap free=90272 largest=38900 free8=90272 tlsOk=1 rej=0  allocFail=0 hardFail=0  tls=98/75  interval=217632ms
[health] touch-wd wedges=0 recovered=0/0 (soft=0 hard=0) wakes=0 probes=1704/0 maxOutage=0ms rebootRec=0
[perf] 2026-08-08T08:04:51Z polls=1 busy=1%(fetch=1% enrich=0%) parse=1ms/poll bytes=0/poll ac=0/0 lag=avg0ms,max0ms gapMax=217665ms episodes=1 cache=H0/S0/M0 enrichReqs=0
[health] frame avg=27.2ms p95=27.3ms max=28.4ms  n=0 ap=329  heap free=90272 largest=38900 free8=90272 tlsOk=1 rej=0  allocFail=0 hardFail=0  tls=98/75  interval=217632ms
[health] touch-wd wedges=0 recovered=0/0 (soft=0 hard=0) wakes=0 probes=1707/0 maxOutage=0ms rebootRec=0
[health] frame avg=27.3ms p95=27.4ms max=28.2ms  n=0 ap=329  heap free=90272 largest=38900 free8=90272 tlsOk=1 rej=0  allocFail=0 hardFail=0  tls=98/75  interval=217632ms
[health] touch-wd wedges=0 recovered=0/0 (soft=0 hard=0) wakes=0 probes=1710/0 maxOutage=0ms rebootRec=0
[health] frame avg=27.3ms p95=27.3ms max=28.2ms  n=0 ap=329  heap free=87856 largest=38900 free8=87856 tlsOk=1 rej=0  allocFail=0 hardFail=0  tls=98/75  interval=217632ms
[health] touch-wd wedges=0 recovered=0/0 (soft=0 hard=0) wakes=0 probes=1713/0 maxOutage=0ms rebootRec=0
[health] frame avg=27.3ms p95=27.4ms max=28.4ms  n=0 ap=329  heap free=87856 largest=38900 free8=87856 tlsOk=1 rej=0  allocFail=0 hardFail=0  tls=98/75  interval=217632ms
[health] touch-wd wedges=0 recovered=0/0 (soft=0 hard=0) wakes=0 probes=1716/0 maxOutage=0ms rebootRec=0
[health] frame avg=27.3ms p95=27.4ms max=28.5ms  n=0 ap=329  heap free=87856 largest=38900 free8=87856 tlsOk=1 rej=0  allocFail=0 hardFail=0  tls=98/75  interval=217632ms
[health] touch-wd wedges=0 recovered=0/0 (soft=0 hard=0) wakes=0 probes=1719/0 maxOutage=0ms rebootRec=0
[health] frame avg=27.2ms p95=27.3ms max=28.2ms  n=0 ap=329  heap free=87856 largest=38900 free8=87856 tlsOk=1 rej=0  allocFail=0 hardFail=0  tls=98/75  interval=217632ms
[health] touch-wd wedges=0 recovered=0/0 (soft=0 hard=0) wakes=0 probes=1722/0 maxOutage=0ms rebootRec=0
[health] frame avg=27.2ms p95=27.3ms max=28.2ms  n=0 ap=329  heap free=87856 largest=38900 free8=87856 tlsOk=1 rej=0  allocFail=0 hardFail=0  tls=98/75  interval=217632ms
[health] touch-wd wedges=0 recovered=0/0 (soft=0 hard=0) wakes=0 probes=1725/0 maxOutage=0ms rebootRec=0
[GET] stale keep-alive (-2) on reused socket; retrying fresh
[adsbdb] a58c35 -> type=B763 operator=Prime Air reg=N457AZ
[health] frame avg=29.6ms p95=30.3ms max=33.0ms  n=1 ap=329  heap free=91864 largest=46068 free8=91864 tlsOk=1 rej=0  allocFail=0 hardFail=0  tls=99/76  interval=217632ms
[health] touch-wd wedges=0 recovered=0/0 (soft=0 hard=0) wakes=0 probes=1728/0 maxOutage=0ms rebootRec=0
[perf] 2026-08-08T08:08:51Z polls=1 busy=4%(fetch=1% enrich=2%) parse=1ms/poll bytes=0/poll ac=1/1 lag=avg0ms,max0ms gapMax=217707ms episodes=1 cache=H0/S0/M0 enrichReqs=1
[health] frame avg=29.6ms p95=30.3ms max=31.3ms  n=1 ap=329  heap free=91864 largest=46068 free8=91864 tlsOk=1 rej=0  allocFail=0 hardFail=0  tls=99/76  interval=217632ms
[health] touch-wd wedges=0 recovered=0/0 (soft=0 hard=0) wakes=0 probes=1731/0 maxOutage=0ms rebootRec=0
[health] frame avg=28.1ms p95=28.2ms max=31.4ms  n=1 ap=329  heap free=89448 largest=42996 free8=89448 tlsOk=1 rej=0  allocFail=0 hardFail=0  tls=99/76  interval=217632ms
[health] touch-wd wedges=0 recovered=0/0 (soft=0 hard=0) wakes=0 probes=1734/0 maxOutage=0ms rebootRec=0
[health] frame avg=28.1ms p95=28.2ms max=29.3ms  n=1 ap=329  heap free=89448 largest=42996 free8=89448 tlsOk=1 rej=0  allocFail=0 hardFail=0  tls=99/76  interval=217632ms
[health] touch-wd wedges=0 recovered=0/0 (soft=0 hard=0) wakes=0 probes=1737/0 maxOutage=0ms rebootRec=0
[health] frame avg=28.1ms p95=28.3ms max=29.2ms  n=1 ap=329  heap free=89448 largest=42996 free8=89448 tlsOk=1 rej=0  allocFail=0 hardFail=0  tls=99/76  interval=217632ms
[health] touch-wd wedges=0 recovered=0/0 (soft=0 hard=0) wakes=0 probes=1740/0 maxOutage=0ms rebootRec=0
[health] frame avg=28.1ms p95=28.3ms max=29.7ms  n=1 ap=329  heap free=89448 largest=42996 free8=89448 tlsOk=1 rej=0  allocFail=0 hardFail=0  tls=99/76  interval=217632ms
[health] touch-wd wedges=0 recovered=0/0 (soft=0 hard=0) wakes=0 probes=1743/0 maxOutage=0ms rebootRec=0
[health] frame avg=28.1ms p95=28.2ms max=29.6ms  n=1 ap=329  heap free=89448 largest=42996 free8=89448 tlsOk=1 rej=0  allocFail=0 hardFail=0  tls=99/76  interval=217632ms
[health] touch-wd wedges=0 recovered=0/0 (soft=0 hard=0) wakes=0 probes=1746/0 maxOutage=0ms rebootRec=0
[perf] 2026-08-08T08:11:51Z polls=1 busy=1%(fetch=1% enrich=0%) parse=0ms/poll bytes=0/poll ac=0/0 lag=avg0ms,max0ms gapMax=217602ms episodes=1 cache=H0/S0/M0 enrichReqs=0
[health] frame avg=27.0ms p95=27.1ms max=33.7ms  n=0 ap=329  heap free=90268 largest=41972 free8=90268 tlsOk=1 rej=0  allocFail=0 hardFail=0  tls=100/76  interval=217632ms
[health] touch-wd wedges=0 recovered=0/0 (soft=0 hard=0) wakes=0 probes=1749/0 maxOutage=0ms rebootRec=0
[health] frame avg=27.1ms p95=27.2ms max=28.1ms  n=0 ap=329  heap free=90268 largest=41972 free8=90268 tlsOk=1 rej=0  allocFail=0 hardFail=0  tls=100/76  interval=217632ms
[health] touch-wd wedges=0 recovered=0/0 (soft=0 hard=0) wakes=0 probes=1752/0 maxOutage=0ms rebootRec=0
[logbook] persisted (75/220 types claimed, 120 airlines, 38 countries, 17644 contacts; 10749 B blobs, 1970 NVS entries free)
[health] frame avg=27.1ms p95=27.2ms max=137.9ms  n=0 ap=329  heap free=87884 largest=41972 free8=87884 tlsOk=1 rej=0  allocFail=0 hardFail=0  tls=100/76  interval=217632ms
[health] touch-wd wedges=0 recovered=0/0 (soft=0 hard=0) wakes=0 probes=1755/0 maxOutage=0ms rebootRec=0
[health] frame avg=27.2ms p95=27.5ms max=28.2ms  n=0 ap=329  heap free=87884 largest=41972 free8=87884 tlsOk=1 rej=0  allocFail=0 hardFail=0  tls=100/76  interval=217632ms
[health] touch-wd wedges=0 recovered=0/0 (soft=0 hard=0) wakes=0 probes=1758/0 maxOutage=0ms rebootRec=0
[health] frame avg=27.1ms p95=27.2ms max=28.6ms  n=0 ap=329  heap free=87884 largest=41972 free8=87884 tlsOk=1 rej=0  allocFail=0 hardFail=0  tls=100/76  interval=217632ms
[health] touch-wd wedges=0 recovered=0/0 (soft=0 hard=0) wakes=0 probes=1761/0 maxOutage=0ms rebootRec=0
[health] frame avg=27.1ms p95=27.2ms max=28.0ms  n=0 ap=329  heap free=87884 largest=41972 free8=87884 tlsOk=1 rej=0  allocFail=0 hardFail=0  tls=100/76  interval=217632ms
[health] touch-wd wedges=0 recovered=0/0 (soft=0 hard=0) wakes=0 probes=1764/0 maxOutage=0ms rebootRec=0
[health] frame avg=27.1ms p95=27.2ms max=28.4ms  n=0 ap=329  heap free=87884 largest=41972 free8=87884 tlsOk=1 rej=0  allocFail=0 hardFail=0  tls=100/76  interval=217632ms
[health] touch-wd wedges=0 recovered=0/0 (soft=0 hard=0) wakes=0 probes=1767/0 maxOutage=0ms rebootRec=0
[GET] stale keep-alive (-2) on reused socket; retrying fresh
[health] frame avg=27.1ms p95=27.3ms max=32.2ms  n=0 ap=329  heap free=90284 largest=45044 free8=90284 tlsOk=1 rej=0  allocFail=0 hardFail=0  tls=100/77  interval=217632ms
[health] touch-wd wedges=0 recovered=0/0 (soft=0 hard=0) wakes=0 probes=1770/0 maxOutage=0ms rebootRec=0
[perf] 2026-08-08T08:15:51Z polls=1 busy=2%(fetch=2% enrich=0%) parse=0ms/poll bytes=0/poll ac=0/0 lag=avg0ms,max0ms gapMax=217855ms episodes=1 cache=H0/S0/M0 enrichReqs=0
[health] frame avg=27.1ms p95=27.2ms max=28.1ms  n=0 ap=329  heap free=90284 largest=45044 free8=90284 tlsOk=1 rej=0  allocFail=0 hardFail=0  tls=100/77  interval=217632ms
[health] touch-wd wedges=0 recovered=0/0 (soft=0 hard=0) wakes=0 probes=1773/0 maxOutage=0ms rebootRec=0
[health] frame avg=27.2ms p95=27.3ms max=28.2ms  n=0 ap=329  heap free=90284 largest=45044 free8=90284 tlsOk=1 rej=0  allocFail=0 hardFail=0  tls=100/77  interval=217632ms
[health] touch-wd wedges=0 recovered=0/0 (soft=0 hard=0) wakes=0 probes=1776/0 maxOutage=0ms rebootRec=0
[health] frame avg=27.2ms p95=27.3ms max=28.1ms  n=0 ap=329  heap free=87856 largest=44020 free8=87856 tlsOk=1 rej=0  allocFail=0 hardFail=0  tls=100/77  interval=217632ms
[health] touch-wd wedges=0 recovered=0/0 (soft=0 hard=0) wakes=0 probes=1779/0 maxOutage=0ms rebootRec=0
[health] frame avg=27.1ms p95=27.1ms max=28.1ms  n=0 ap=329  heap free=87856 largest=44020 free8=87856 tlsOk=1 rej=0  allocFail=0 hardFail=0  tls=100/77  interval=217632ms
[health] touch-wd wedges=0 recovered=0/0 (soft=0 hard=0) wakes=0 probes=1782/0 maxOutage=0ms rebootRec=0
[health] frame avg=27.0ms p95=27.1ms max=28.3ms  n=0 ap=329  heap free=87856 largest=44020 free8=87856 tlsOk=1 rej=0  allocFail=0 hardFail=0  tls=100/77  interval=217632ms
[health] touch-wd wedges=0 recovered=0/0 (soft=0 hard=0) wakes=0 probes=1785/0 maxOutage=0ms rebootRec=0
[health] frame avg=27.2ms p95=27.3ms max=28.2ms  n=0 ap=329  heap free=87856 largest=44020 free8=87856 tlsOk=1 rej=0  allocFail=0 hardFail=0  tls=100/77  interval=217632ms
[health] touch-wd wedges=0 recovered=0/0 (soft=0 hard=0) wakes=0 probes=1788/0 maxOutage=0ms rebootRec=0
[GET] stale keep-alive (-2) on reused socket; retrying fresh
[perf] 2026-08-08T08:18:51Z polls=1 busy=1%(fetch=1% enrich=0%) parse=1ms/poll bytes=0/poll ac=0/0 lag=avg0ms,max0ms gapMax=217442ms episodes=1 cache=H0/S0/M0 enrichReqs=0
[health] frame avg=27.2ms p95=27.3ms max=32.3ms  n=0 ap=329  heap free=90276 largest=42996 free8=90276 tlsOk=1 rej=0  allocFail=0 hardFail=0  tls=100/78  interval=217632ms
[health] touch-wd wedges=0 recovered=0/0 (soft=0 hard=0) wakes=0 probes=1791/0 maxOutage=0ms rebootRec=0
[health] frame avg=27.2ms p95=27.3ms max=28.4ms  n=0 ap=329  heap free=90308 largest=42996 free8=90308 tlsOk=1 rej=0  allocFail=0 hardFail=0  tls=100/78  interval=217632ms
[health] touch-wd wedges=0 recovered=0/0 (soft=0 hard=0) wakes=0 probes=1794/0 maxOutage=0ms rebootRec=0
[health] frame avg=27.2ms p95=27.2ms max=28.2ms  n=0 ap=329  heap free=90308 largest=42996 free8=90308 tlsOk=1 rej=0  allocFail=0 hardFail=0  tls=100/78  interval=217632ms
[health] touch-wd wedges=0 recovered=0/0 (soft=0 hard=0) wakes=0 probes=1797/0 maxOutage=0ms rebootRec=0
[health] frame avg=27.3ms p95=27.4ms max=28.3ms  n=0 ap=329  heap free=87892 largest=42996 free8=87892 tlsOk=1 rej=0  allocFail=0 hardFail=0  tls=100/78  interval=217632ms
[health] touch-wd wedges=0 recovered=0/0 (soft=0 hard=0) wakes=0 probes=1800/0 maxOutage=0ms rebootRec=0
[health] frame avg=27.3ms p95=27.4ms max=28.2ms  n=0 ap=329  heap free=87892 largest=42996 free8=87892 tlsOk=1 rej=0  allocFail=0 hardFail=0  tls=100/78  interval=217632ms
[health] touch-wd wedges=0 recovered=0/0 (soft=0 hard=0) wakes=0 probes=1803/0 maxOutage=0ms rebootRec=0
[health] frame avg=27.1ms p95=27.3ms max=28.1ms  n=0 ap=329  heap free=87892 largest=42996 free8=87892 tlsOk=1 rej=0  allocFail=0 hardFail=0  tls=100/78  interval=217632ms
[health] touch-wd wedges=0 recovered=0/0 (soft=0 hard=0) wakes=0 probes=1806/0 maxOutage=0ms rebootRec=0
[health] frame avg=27.1ms p95=27.2ms max=28.1ms  n=0 ap=329  heap free=87892 largest=42996 free8=87892 tlsOk=1 rej=0  allocFail=0 hardFail=0  tls=100/78  interval=217632ms
[health] touch-wd wedges=0 recovered=0/0 (soft=0 hard=0) wakes=0 probes=1809/0 maxOutage=0ms rebootRec=0
[health] frame avg=27.2ms p95=27.3ms max=27.7ms  n=0 ap=329  heap free=87892 largest=42996 free8=87892 tlsOk=1 rej=0  allocFail=0 hardFail=0  tls=100/78  interval=217632ms
[health] touch-wd wedges=0 recovered=0/0 (soft=0 hard=0) wakes=0 probes=1812/0 maxOutage=0ms rebootRec=0
[GET] stale keep-alive (-2) on reused socket; retrying fresh
[perf] 2026-08-08T08:22:51Z polls=1 busy=1%(fetch=1% enrich=0%) parse=1ms/poll bytes=0/poll ac=0/0 lag=avg0ms,max0ms gapMax=217676ms episodes=1 cache=H0/S0/M0 enrichReqs=0
[health] frame avg=27.2ms p95=27.3ms max=32.5ms  n=0 ap=329  heap free=90280 largest=41972 free8=90280 tlsOk=1 rej=0  allocFail=0 hardFail=0  tls=100/79  interval=217632ms
[health] touch-wd wedges=0 recovered=0/0 (soft=0 hard=0) wakes=0 probes=1815/0 maxOutage=0ms rebootRec=0
[health] frame avg=27.2ms p95=27.3ms max=27.7ms  n=0 ap=329  heap free=90280 largest=41972 free8=90280 tlsOk=1 rej=0  allocFail=0 hardFail=0  tls=100/79  interval=217632ms
[health] touch-wd wedges=0 recovered=0/0 (soft=0 hard=0) wakes=0 probes=1818/0 maxOutage=0ms rebootRec=0
[health] frame avg=27.2ms p95=27.4ms max=27.9ms  n=0 ap=329  heap free=87864 largest=41972 free8=87864 tlsOk=1 rej=0  allocFail=0 hardFail=0  tls=100/79  interval=217632ms
[health] touch-wd wedges=0 recovered=0/0 (soft=0 hard=0) wakes=0 probes=1821/0 maxOutage=0ms rebootRec=0
[health] frame avg=27.2ms p95=27.4ms max=28.1ms  n=0 ap=329  heap free=87864 largest=41972 free8=87864 tlsOk=1 rej=0  allocFail=0 hardFail=0  tls=100/79  interval=217632ms
[health] touch-wd wedges=0 recovered=0/0 (soft=0 hard=0) wakes=0 probes=1824/0 maxOutage=0ms rebootRec=0
[health] frame avg=27.2ms p95=27.4ms max=28.8ms  n=0 ap=329  heap free=87864 largest=41972 free8=87864 tlsOk=1 rej=0  allocFail=0 hardFail=0  tls=100/79  interval=217632ms
[health] touch-wd wedges=0 recovered=0/0 (soft=0 hard=0) wakes=0 probes=1827/0 maxOutage=0ms rebootRec=0
[health] frame avg=27.2ms p95=27.4ms max=28.1ms  n=0 ap=329  heap free=87864 largest=41972 free8=87864 tlsOk=1 rej=0  allocFail=0 hardFail=0  tls=100/79  interval=217632ms
[health] touch-wd wedges=0 recovered=0/0 (soft=0 hard=0) wakes=0 probes=1830/0 maxOutage=0ms rebootRec=0
[health] frame avg=27.2ms p95=27.3ms max=28.0ms  n=0 ap=329  heap free=87864 largest=41972 free8=87864 tlsOk=1 rej=0  allocFail=0 hardFail=0  tls=100/79  interval=217632ms
[health] touch-wd wedges=0 recovered=0/0 (soft=0 hard=0) wakes=0 probes=1833/0 maxOutage=0ms rebootRec=0
[GET] stale keep-alive (-2) on reused socket; retrying fresh
[health] frame avg=27.3ms p95=27.4ms max=32.4ms  n=0 ap=329  heap free=90260 largest=42996 free8=90260 tlsOk=1 rej=0  allocFail=0 hardFail=0  tls=100/80  interval=217632ms
[health] touch-wd wedges=0 recovered=0/0 (soft=0 hard=0) wakes=0 probes=1836/0 maxOutage=0ms rebootRec=0
[perf] 2026-08-08T08:26:51Z polls=1 busy=1%(fetch=1% enrich=0%) parse=0ms/poll bytes=0/poll ac=0/0 lag=avg0ms,max0ms gapMax=217635ms episodes=1 cache=H0/S0/M0 enrichReqs=0
[health] frame avg=27.3ms p95=27.4ms max=28.1ms  n=0 ap=329  heap free=90260 largest=42996 free8=90260 tlsOk=1 rej=0  allocFail=0 hardFail=0  tls=100/80  interval=217632ms
[health] touch-wd wedges=0 recovered=0/0 (soft=0 hard=0) wakes=0 probes=1839/0 maxOutage=0ms rebootRec=0
[health] frame avg=27.2ms p95=27.3ms max=28.2ms  n=0 ap=329  heap free=87876 largest=42996 free8=87876 tlsOk=1 rej=0  allocFail=0 hardFail=0  tls=100/80  interval=217632ms
[health] touch-wd wedges=0 recovered=0/0 (soft=0 hard=0) wakes=0 probes=1842/0 maxOutage=0ms rebootRec=0
[health] frame avg=27.2ms p95=27.2ms max=28.2ms  n=0 ap=329  heap free=87876 largest=42996 free8=87876 tlsOk=1 rej=0  allocFail=0 hardFail=0  tls=100/80  interval=217632ms
[health] touch-wd wedges=0 recovered=0/0 (soft=0 hard=0) wakes=0 probes=1845/0 maxOutage=0ms rebootRec=0
[health] frame avg=27.3ms p95=27.4ms max=28.3ms  n=0 ap=329  heap free=87876 largest=42996 free8=87876 tlsOk=1 rej=0  allocFail=0 hardFail=0  tls=100/80  interval=217632ms
[health] touch-wd wedges=0 recovered=0/0 (soft=0 hard=0) wakes=0 probes=1848/0 maxOutage=0ms rebootRec=0
[health] frame avg=27.3ms p95=27.4ms max=28.7ms  n=0 ap=329  heap free=87876 largest=42996 free8=87876 tlsOk=1 rej=0  allocFail=0 hardFail=0  tls=100/80  interval=217632ms
[health] touch-wd wedges=0 recovered=0/0 (soft=0 hard=0) wakes=0 probes=1851/0 maxOutage=0ms rebootRec=0
[health] frame avg=27.3ms p95=27.4ms max=28.3ms  n=0 ap=329  heap free=87876 largest=42996 free8=87876 tlsOk=1 rej=0  allocFail=0 hardFail=0  tls=100/80  interval=217632ms
[health] touch-wd wedges=0 recovered=0/0 (soft=0 hard=0) wakes=0 probes=1854/0 maxOutage=0ms rebootRec=0
[GET] stale keep-alive (-2) on reused socket; retrying fresh
[perf] 2026-08-08T08:29:51Z polls=1 busy=1%(fetch=1% enrich=0%) parse=0ms/poll bytes=0/poll ac=0/0 lag=avg0ms,max0ms gapMax=217605ms episodes=1 cache=H0/S0/M0 enrichReqs=0
[health] frame avg=27.3ms p95=27.4ms max=32.4ms  n=0 ap=329  heap free=90276 largest=42996 free8=90276 tlsOk=1 rej=0  allocFail=0 hardFail=0  tls=100/81  interval=217632ms
[health] touch-wd wedges=0 recovered=0/0 (soft=0 hard=0) wakes=0 probes=1857/0 maxOutage=0ms rebootRec=0
[health] frame avg=27.3ms p95=27.4ms max=28.1ms  n=0 ap=329  heap free=90276 largest=42996 free8=90276 tlsOk=1 rej=0  allocFail=0 hardFail=0  tls=100/81  interval=217632ms
[health] touch-wd wedges=0 recovered=0/0 (soft=0 hard=0) wakes=0 probes=1860/0 maxOutage=0ms rebootRec=0
[health] frame avg=27.3ms p95=27.4ms max=28.4ms  n=0 ap=329  heap free=90276 largest=42996 free8=90276 tlsOk=1 rej=0  allocFail=0 hardFail=0  tls=100/81  interval=217632ms
[health] touch-wd wedges=0 recovered=0/0 (soft=0 hard=0) wakes=0 probes=1863/0 maxOutage=0ms rebootRec=0
[health] frame avg=27.1ms p95=27.3ms max=28.1ms  n=0 ap=329  heap free=87860 largest=42996 free8=87860 tlsOk=1 rej=0  allocFail=0 hardFail=0  tls=100/81  interval=217632ms
[health] touch-wd wedges=0 recovered=0/0 (soft=0 hard=0) wakes=0 probes=1866/0 maxOutage=0ms rebootRec=0
[health] frame avg=27.1ms p95=27.3ms max=28.3ms  n=0 ap=329  heap free=87860 largest=42996 free8=87860 tlsOk=1 rej=0  allocFail=0 hardFail=0  tls=100/81  interval=217632ms
[health] touch-wd wedges=0 recovered=0/0 (soft=0 hard=0) wakes=0 probes=1869/0 maxOutage=0ms rebootRec=0
[health] frame avg=27.2ms p95=27.3ms max=27.6ms  n=0 ap=329  heap free=87860 largest=42996 free8=87860 tlsOk=1 rej=0  allocFail=0 hardFail=0  tls=100/81  interval=217632ms
[health] touch-wd wedges=0 recovered=0/0 (soft=0 hard=0) wakes=0 probes=1872/0 maxOutage=0ms rebootRec=0
[health] frame avg=27.2ms p95=27.3ms max=28.1ms  n=0 ap=329  heap free=87892 largest=42996 free8=87892 tlsOk=1 rej=0  allocFail=0 hardFail=0  tls=100/81  interval=217632ms
[health] touch-wd wedges=0 recovered=0/0 (soft=0 hard=0) wakes=0 probes=1875/0 maxOutage=0ms rebootRec=0
[GET] stale keep-alive (-2) on reused socket; retrying fresh
[health] frame avg=27.2ms p95=27.3ms max=32.3ms  n=0 ap=329  heap free=90220 largest=41972 free8=90220 tlsOk=1 rej=0  allocFail=0 hardFail=0  tls=100/82  interval=217632ms
[health] touch-wd wedges=0 recovered=0/0 (soft=0 hard=0) wakes=0 probes=1878/0 maxOutage=0ms rebootRec=0
[perf] 2026-08-08T08:33:51Z polls=1 busy=1%(fetch=1% enrich=0%) parse=0ms/poll bytes=0/poll ac=0/0 lag=avg0ms,max0ms gapMax=217683ms episodes=1 cache=H0/S0/M0 enrichReqs=0
[health] frame avg=27.2ms p95=27.3ms max=28.1ms  n=0 ap=329  heap free=90220 largest=41972 free8=90220 tlsOk=1 rej=0  allocFail=0 hardFail=0  tls=100/82  interval=217632ms
[health] touch-wd wedges=0 recovered=0/0 (soft=0 hard=0) wakes=0 probes=1881/0 maxOutage=0ms rebootRec=0
[health] frame avg=27.2ms p95=27.4ms max=28.2ms  n=0 ap=329  heap free=90220 largest=41972 free8=90220 tlsOk=1 rej=0  allocFail=0 hardFail=0  tls=100/82  interval=217632ms
[health] touch-wd wedges=0 recovered=0/0 (soft=0 hard=0) wakes=0 probes=1884/0 maxOutage=0ms rebootRec=0
[health] frame avg=27.2ms p95=27.3ms max=28.3ms  n=0 ap=329  heap free=87804 largest=41972 free8=87804 tlsOk=1 rej=0  allocFail=0 hardFail=0  tls=100/82  interval=217632ms
[health] touch-wd wedges=0 recovered=0/0 (soft=0 hard=0) wakes=0 probes=1887/0 maxOutage=0ms rebootRec=0
[health] frame avg=27.2ms p95=27.3ms max=28.3ms  n=0 ap=329  heap free=87804 largest=41972 free8=87804 tlsOk=1 rej=0  allocFail=0 hardFail=0  tls=100/82  interval=217632ms
[health] touch-wd wedges=0 recovered=0/0 (soft=0 hard=0) wakes=0 probes=1890/0 maxOutage=0ms rebootRec=0
[health] frame avg=27.2ms p95=27.3ms max=28.0ms  n=0 ap=329  heap free=87804 largest=41972 free8=87804 tlsOk=1 rej=0  allocFail=0 hardFail=0  tls=100/82  interval=217632ms
[health] touch-wd wedges=0 recovered=0/0 (soft=0 hard=0) wakes=0 probes=1893/0 maxOutage=0ms rebootRec=0
[health] frame avg=27.3ms p95=27.4ms max=28.3ms  n=0 ap=329  heap free=87804 largest=41972 free8=87804 tlsOk=1 rej=0  allocFail=0 hardFail=0  tls=100/82  interval=217632ms
[health] touch-wd wedges=0 recovered=0/0 (soft=0 hard=0) wakes=0 probes=1896/0 maxOutage=0ms rebootRec=0
[health] frame avg=27.3ms p95=27.7ms max=28.2ms  n=0 ap=329  heap free=87804 largest=41972 free8=87804 tlsOk=1 rej=0  allocFail=0 hardFail=0  tls=100/82  interval=217632ms
[health] touch-wd wedges=0 recovered=0/0 (soft=0 hard=0) wakes=0 probes=1899/0 maxOutage=0ms rebootRec=0
[GET] stale keep-alive (-2) on reused socket; retrying fresh
[health] frame avg=27.2ms p95=27.3ms max=32.4ms  n=0 ap=329  heap free=90252 largest=44020 free8=90252 tlsOk=1 rej=0  allocFail=0 hardFail=0  tls=100/83  interval=217632ms
[health] touch-wd wedges=0 recovered=0/0 (soft=0 hard=0) wakes=0 probes=1902/0 maxOutage=0ms rebootRec=0
[perf] 2026-08-08T08:37:51Z polls=1 busy=1%(fetch=1% enrich=0%) parse=1ms/poll bytes=0/poll ac=0/0 lag=avg0ms,max0ms gapMax=217593ms episodes=1 cache=H0/S0/M0 enrichReqs=0
[health] frame avg=27.2ms p95=27.3ms max=28.2ms  n=0 ap=329  heap free=90252 largest=44020 free8=90252 tlsOk=1 rej=0  allocFail=0 hardFail=0  tls=100/83  interval=217632ms
[health] touch-wd wedges=0 recovered=0/0 (soft=0 hard=0) wakes=0 probes=1905/0 maxOutage=0ms rebootRec=0
[health] frame avg=27.3ms p95=27.4ms max=28.5ms  n=0 ap=329  heap free=87868 largest=44020 free8=87868 tlsOk=1 rej=0  allocFail=0 hardFail=0  tls=100/83  interval=217632ms
[health] touch-wd wedges=0 recovered=0/0 (soft=0 hard=0) wakes=0 probes=1908/0 maxOutage=0ms rebootRec=0
[health] frame avg=27.3ms p95=27.4ms max=28.5ms  n=0 ap=329  heap free=87868 largest=44020 free8=87868 tlsOk=1 rej=0  allocFail=0 hardFail=0  tls=100/83  interval=217632ms
[health] touch-wd wedges=0 recovered=0/0 (soft=0 hard=0) wakes=0 probes=1911/0 maxOutage=0ms rebootRec=0
[health] frame avg=27.3ms p95=27.4ms max=28.2ms  n=0 ap=329  heap free=87868 largest=44020 free8=87868 tlsOk=1 rej=0  allocFail=0 hardFail=0  tls=100/83  interval=217632ms
[health] touch-wd wedges=0 recovered=0/0 (soft=0 hard=0) wakes=0 probes=1914/0 maxOutage=0ms rebootRec=0
[health] frame avg=27.3ms p95=27.4ms max=28.3ms  n=0 ap=329  heap free=87868 largest=44020 free8=87868 tlsOk=1 rej=0  allocFail=0 hardFail=0  tls=100/83  interval=217632ms
[health] touch-wd wedges=0 recovered=0/0 (soft=0 hard=0) wakes=0 probes=1917/0 maxOutage=0ms rebootRec=0
[health] frame avg=27.2ms p95=27.3ms max=27.9ms  n=0 ap=329  heap free=87868 largest=44020 free8=87868 tlsOk=1 rej=0  allocFail=0 hardFail=0  tls=100/83  interval=217632ms
[health] touch-wd wedges=0 recovered=0/0 (soft=0 hard=0) wakes=0 probes=1920/0 maxOutage=0ms rebootRec=0
[GET] stale keep-alive (-2) on reused socket; retrying fresh
[perf] 2026-08-08T08:40:52Z polls=1 busy=1%(fetch=1% enrich=0%) parse=1ms/poll bytes=0/poll ac=0/0 lag=avg0ms,max0ms gapMax=217666ms episodes=1 cache=H0/S0/M0 enrichReqs=0
[health] frame avg=27.2ms p95=27.3ms max=32.4ms  n=0 ap=329  heap free=90268 largest=42996 free8=90268 tlsOk=1 rej=0  allocFail=0 hardFail=0  tls=100/84  interval=217632ms
[health] touch-wd wedges=0 recovered=0/0 (soft=0 hard=0) wakes=0 probes=1923/0 maxOutage=0ms rebootRec=0
[health] frame avg=27.1ms p95=27.2ms max=28.2ms  n=0 ap=329  heap free=90268 largest=42996 free8=90268 tlsOk=1 rej=0  allocFail=0 hardFail=0  tls=100/84  interval=217632ms
[health] touch-wd wedges=0 recovered=0/0 (soft=0 hard=0) wakes=0 probes=1926/0 maxOutage=0ms rebootRec=0
[health] frame avg=27.1ms p95=27.2ms max=28.3ms  n=0 ap=329  heap free=87852 largest=42996 free8=87852 tlsOk=1 rej=0  allocFail=0 hardFail=0  tls=100/84  interval=217632ms
[health] touch-wd wedges=0 recovered=0/0 (soft=0 hard=0) wakes=0 probes=1929/0 maxOutage=0ms rebootRec=0
[health] frame avg=27.2ms p95=27.3ms max=28.1ms  n=0 ap=329  heap free=87852 largest=42996 free8=87852 tlsOk=1 rej=0  allocFail=0 hardFail=0  tls=100/84  interval=217632ms
[health] touch-wd wedges=0 recovered=0/0 (soft=0 hard=0) wakes=0 probes=1932/0 maxOutage=0ms rebootRec=0
[health] frame avg=27.2ms p95=27.3ms max=28.4ms  n=0 ap=329  heap free=87852 largest=42996 free8=87852 tlsOk=1 rej=0  allocFail=0 hardFail=0  tls=100/84  interval=217632ms
[health] touch-wd wedges=0 recovered=0/0 (soft=0 hard=0) wakes=0 probes=1935/0 maxOutage=0ms rebootRec=0
[health] frame avg=27.2ms p95=27.5ms max=28.4ms  n=0 ap=329  heap free=87852 largest=42996 free8=87852 tlsOk=1 rej=0  allocFail=0 hardFail=0  tls=100/84  interval=217632ms
[health] touch-wd wedges=0 recovered=0/0 (soft=0 hard=0) wakes=0 probes=1938/0 maxOutage=0ms rebootRec=0
[health] frame avg=27.2ms p95=27.3ms max=28.1ms  n=0 ap=329  heap free=87884 largest=42996 free8=87884 tlsOk=1 rej=0  allocFail=0 hardFail=0  tls=100/84  interval=217632ms
[health] touch-wd wedges=0 recovered=0/0 (soft=0 hard=0) wakes=0 probes=1941/0 maxOutage=0ms rebootRec=0
[GET] stale keep-alive (-2) on reused socket; retrying fresh
[health] frame avg=27.2ms p95=27.3ms max=32.2ms  n=0 ap=329  heap free=90284 largest=42996 free8=90284 tlsOk=1 rej=0  allocFail=0 hardFail=0  tls=100/85  interval=217632ms
[health] touch-wd wedges=0 recovered=0/0 (soft=0 hard=0) wakes=0 probes=1944/0 maxOutage=0ms rebootRec=0
[perf] 2026-08-08T08:44:52Z polls=1 busy=1%(fetch=1% enrich=0%) parse=0ms/poll bytes=0/poll ac=0/0 lag=avg0ms,max0ms gapMax=217698ms episodes=1 cache=H0/S0/M0 enrichReqs=0
[health] frame avg=27.2ms p95=27.3ms max=28.2ms  n=0 ap=329  heap free=90284 largest=42996 free8=90284 tlsOk=1 rej=0  allocFail=0 hardFail=0  tls=100/85  interval=217632ms
[health] touch-wd wedges=0 recovered=0/0 (soft=0 hard=0) wakes=0 probes=1947/0 maxOutage=0ms rebootRec=0
[health] frame avg=27.2ms p95=27.3ms max=28.2ms  n=0 ap=329  heap free=90284 largest=42996 free8=90284 tlsOk=1 rej=0  allocFail=0 hardFail=0  tls=100/85  interval=217632ms
[health] touch-wd wedges=0 recovered=0/0 (soft=0 hard=0) wakes=0 probes=1950/0 maxOutage=0ms rebootRec=0
[health] frame avg=27.2ms p95=27.4ms max=28.4ms  n=0 ap=329  heap free=87868 largest=42996 free8=87868 tlsOk=1 rej=0  allocFail=0 hardFail=0  tls=100/85  interval=217632ms
[health] touch-wd wedges=0 recovered=0/0 (soft=0 hard=0) wakes=0 probes=1953/0 maxOutage=0ms rebootRec=0
[health] frame avg=27.2ms p95=27.3ms max=28.1ms  n=0 ap=329  heap free=87868 largest=42996 free8=87868 tlsOk=1 rej=0  allocFail=0 hardFail=0  tls=100/85  interval=217632ms
[health] touch-wd wedges=0 recovered=0/0 (soft=0 hard=0) wakes=0 probes=1956/0 maxOutage=0ms rebootRec=0
[health] frame avg=27.2ms p95=27.3ms max=28.3ms  n=0 ap=329  heap free=87868 largest=42996 free8=87868 tlsOk=1 rej=0  allocFail=0 hardFail=0  tls=100/85  interval=217632ms
[health] touch-wd wedges=0 recovered=0/0 (soft=0 hard=0) wakes=0 probes=1959/0 maxOutage=0ms rebootRec=0
[health] frame avg=27.1ms p95=27.2ms max=28.2ms  n=0 ap=329  heap free=87868 largest=42996 free8=87868 tlsOk=1 rej=0  allocFail=0 hardFail=0  tls=100/85  interval=217632ms
[health] touch-wd wedges=0 recovered=0/0 (soft=0 hard=0) wakes=0 probes=1962/0 maxOutage=0ms rebootRec=0
[GET] stale keep-alive (-2) on reused socket; retrying fresh
[perf] 2026-08-08T08:47:52Z polls=1 busy=1%(fetch=1% enrich=0%) parse=1ms/poll bytes=0/poll ac=0/0 lag=avg0ms,max0ms gapMax=217554ms episodes=1 cache=H0/S0/M0 enrichReqs=0
[health] frame avg=27.1ms p95=27.2ms max=32.2ms  n=0 ap=329  heap free=90280 largest=42996 free8=90280 tlsOk=1 rej=0  allocFail=0 hardFail=0  tls=100/86  interval=217632ms
[health] touch-wd wedges=0 recovered=0/0 (soft=0 hard=0) wakes=0 probes=1964/0 maxOutage=0ms rebootRec=0
[health] frame avg=27.3ms p95=27.4ms max=28.3ms  n=0 ap=329  heap free=90312 largest=42996 free8=90312 tlsOk=1 rej=0  allocFail=0 hardFail=0  tls=100/86  interval=217632ms
[health] touch-wd wedges=0 recovered=0/0 (soft=0 hard=0) wakes=0 probes=1967/0 maxOutage=0ms rebootRec=0
[health] frame avg=27.3ms p95=27.4ms max=27.9ms  n=0 ap=329  heap free=90312 largest=42996 free8=90312 tlsOk=1 rej=0  allocFail=0 hardFail=0  tls=100/86  interval=217632ms
[health] touch-wd wedges=0 recovered=0/0 (soft=0 hard=0) wakes=0 probes=1970/0 maxOutage=0ms rebootRec=0
[health] frame avg=27.2ms p95=27.3ms max=28.2ms  n=0 ap=329  heap free=87884 largest=40948 free8=87884 tlsOk=1 rej=0  allocFail=0 hardFail=0  tls=100/86  interval=217632ms
[health] touch-wd wedges=0 recovered=0/0 (soft=0 hard=0) wakes=0 probes=1973/0 maxOutage=0ms rebootRec=0
[health] frame avg=27.2ms p95=27.3ms max=27.9ms  n=0 ap=329  heap free=87884 largest=40948 free8=87884 tlsOk=1 rej=0  allocFail=0 hardFail=0  tls=100/86  interval=217632ms
[health] touch-wd wedges=0 recovered=0/0 (soft=0 hard=0) wakes=0 probes=1976/0 maxOutage=0ms rebootRec=0
[health] frame avg=27.3ms p95=27.4ms max=28.3ms  n=0 ap=329  heap free=87884 largest=40948 free8=87884 tlsOk=1 rej=0  allocFail=0 hardFail=0  tls=100/86  interval=217632ms
[health] touch-wd wedges=0 recovered=0/0 (soft=0 hard=0) wakes=0 probes=1979/0 maxOutage=0ms rebootRec=0
[health] frame avg=27.3ms p95=27.4ms max=28.2ms  n=0 ap=329  heap free=87884 largest=40948 free8=87884 tlsOk=1 rej=0  allocFail=0 hardFail=0  tls=100/86  interval=217632ms
[health] touch-wd wedges=0 recovered=0/0 (soft=0 hard=0) wakes=0 probes=1982/0 maxOutage=0ms rebootRec=0
[health] frame avg=27.1ms p95=27.2ms max=28.1ms  n=0 ap=329  heap free=87884 largest=40948 free8=87884 tlsOk=1 rej=0  allocFail=0 hardFail=0  tls=100/86  interval=217632ms
[health] touch-wd wedges=0 recovered=0/0 (soft=0 hard=0) wakes=0 probes=1985/0 maxOutage=0ms rebootRec=0
[GET] stale keep-alive (-2) on reused socket; retrying fresh
[perf] 2026-08-08T08:51:52Z polls=1 busy=1%(fetch=1% enrich=0%) parse=1ms/poll bytes=0/poll ac=0/0 lag=avg0ms,max0ms gapMax=217711ms episodes=1 cache=H0/S0/M0 enrichReqs=0
[health] frame avg=27.2ms p95=27.3ms max=32.7ms  n=0 ap=329  heap free=90288 largest=39924 free8=90288 tlsOk=1 rej=0  allocFail=0 hardFail=0  tls=100/87  interval=217632ms
[health] touch-wd wedges=0 recovered=0/0 (soft=0 hard=0) wakes=0 probes=1988/0 maxOutage=0ms rebootRec=0
[health] frame avg=27.2ms p95=27.3ms max=27.9ms  n=0 ap=329  heap free=90288 largest=39924 free8=90288 tlsOk=1 rej=0  allocFail=0 hardFail=0  tls=100/87  interval=217632ms
[health] touch-wd wedges=0 recovered=0/0 (soft=0 hard=0) wakes=0 probes=1991/0 maxOutage=0ms rebootRec=0
[health] frame avg=27.2ms p95=27.3ms max=28.3ms  n=0 ap=329  heap free=87864 largest=39924 free8=87864 tlsOk=1 rej=0  allocFail=0 hardFail=0  tls=100/87  interval=217632ms
[health] touch-wd wedges=0 recovered=0/0 (soft=0 hard=0) wakes=0 probes=1994/0 maxOutage=0ms rebootRec=0
[health] frame avg=27.2ms p95=27.3ms max=27.5ms  n=0 ap=329  heap free=87864 largest=39924 free8=87864 tlsOk=1 rej=0  allocFail=0 hardFail=0  tls=100/87  interval=217632ms
[health] touch-wd wedges=0 recovered=0/0 (soft=0 hard=0) wakes=0 probes=1997/0 maxOutage=0ms rebootRec=0
[health] frame avg=27.2ms p95=27.3ms max=27.9ms  n=0 ap=329  heap free=87864 largest=39924 free8=87864 tlsOk=1 rej=0  allocFail=0 hardFail=0  tls=100/87  interval=217632ms
[health] touch-wd wedges=0 recovered=0/0 (soft=0 hard=0) wakes=0 probes=2000/0 maxOutage=0ms rebootRec=0
[health] frame avg=27.2ms p95=27.4ms max=28.1ms  n=0 ap=329  heap free=87896 largest=39924 free8=87896 tlsOk=1 rej=0  allocFail=0 hardFail=0  tls=100/87  interval=217632ms
[health] touch-wd wedges=0 recovered=0/0 (soft=0 hard=0) wakes=0 probes=2003/0 maxOutage=0ms rebootRec=0
[health] frame avg=27.2ms p95=27.4ms max=28.2ms  n=0 ap=329  heap free=87896 largest=39924 free8=87896 tlsOk=1 rej=0  allocFail=0 hardFail=0  tls=100/87  interval=217632ms
[health] touch-wd wedges=0 recovered=0/0 (soft=0 hard=0) wakes=0 probes=2006/0 maxOutage=0ms rebootRec=0
[GET] stale keep-alive (-2) on reused socket; retrying fresh
[health] frame avg=27.2ms p95=27.3ms max=32.3ms  n=0 ap=329  heap free=90292 largest=41972 free8=90292 tlsOk=1 rej=0  allocFail=0 hardFail=0  tls=100/88  interval=217632ms
[health] touch-wd wedges=0 recovered=0/0 (soft=0 hard=0) wakes=0 probes=2009/0 maxOutage=0ms rebootRec=0
[perf] 2026-08-08T08:55:52Z polls=1 busy=1%(fetch=1% enrich=0%) parse=1ms/poll bytes=0/poll ac=0/0 lag=avg0ms,max0ms gapMax=217632ms episodes=1 cache=H0/S0/M0 enrichReqs=0
[health] frame avg=27.3ms p95=27.3ms max=28.0ms  n=0 ap=329  heap free=90292 largest=41972 free8=90292 tlsOk=1 rej=0  allocFail=0 hardFail=0  tls=100/88  interval=217632ms
[health] touch-wd wedges=0 recovered=0/0 (soft=0 hard=0) wakes=0 probes=2012/0 maxOutage=0ms rebootRec=0
[health] frame avg=27.3ms p95=27.4ms max=28.5ms  n=0 ap=329  heap free=87876 largest=41972 free8=87876 tlsOk=1 rej=0  allocFail=0 hardFail=0  tls=100/88  interval=217632ms
[health] touch-wd wedges=0 recovered=0/0 (soft=0 hard=0) wakes=0 probes=2015/0 maxOutage=0ms rebootRec=0
[health] frame avg=27.3ms p95=27.4ms max=28.2ms  n=0 ap=329  heap free=87876 largest=41972 free8=87876 tlsOk=1 rej=0  allocFail=0 hardFail=0  tls=100/88  interval=217632ms
[health] touch-wd wedges=0 recovered=0/0 (soft=0 hard=0) wakes=0 probes=2018/0 maxOutage=0ms rebootRec=0
[health] frame avg=27.2ms p95=27.3ms max=28.2ms  n=0 ap=329  heap free=87876 largest=41972 free8=87876 tlsOk=1 rej=0  allocFail=0 hardFail=0  tls=100/88  interval=217632ms
[health] touch-wd wedges=0 recovered=0/0 (soft=0 hard=0) wakes=0 probes=2021/0 maxOutage=0ms rebootRec=0
[health] frame avg=27.2ms p95=27.2ms max=28.1ms  n=0 ap=329  heap free=87908 largest=41972 free8=87908 tlsOk=1 rej=0  allocFail=0 hardFail=0  tls=100/88  interval=217632ms
[health] touch-wd wedges=0 recovered=0/0 (soft=0 hard=0) wakes=0 probes=2024/0 maxOutage=0ms rebootRec=0
[health] frame avg=27.3ms p95=27.5ms max=28.2ms  n=0 ap=329  heap free=87908 largest=41972 free8=87908 tlsOk=1 rej=0  allocFail=0 hardFail=0  tls=100/88  interval=217632ms
[health] touch-wd wedges=0 recovered=0/0 (soft=0 hard=0) wakes=0 probes=2027/0 maxOutage=0ms rebootRec=0
[GET] stale keep-alive (-2) on reused socket; retrying fresh
[perf] 2026-08-08T08:58:52Z polls=1 busy=1%(fetch=1% enrich=0%) parse=0ms/poll bytes=0/poll ac=0/0 lag=avg0ms,max0ms gapMax=217636ms episodes=1 cache=H0/S0/M0 enrichReqs=0
[health] frame avg=27.3ms p95=27.4ms max=32.6ms  n=0 ap=329  heap free=90268 largest=42996 free8=90268 tlsOk=1 rej=0  allocFail=0 hardFail=0  tls=100/89  interval=217632ms
[health] touch-wd wedges=0 recovered=0/0 (soft=0 hard=0) wakes=0 probes=2030/0 maxOutage=0ms rebootRec=0
[health] frame avg=27.3ms p95=27.4ms max=28.4ms  n=0 ap=329  heap free=90268 largest=42996 free8=90268 tlsOk=1 rej=0  allocFail=0 hardFail=0  tls=100/89  interval=217632ms
[health] touch-wd wedges=0 recovered=0/0 (soft=0 hard=0) wakes=0 probes=2033/0 maxOutage=0ms rebootRec=0
[health] frame avg=27.3ms p95=27.4ms max=28.2ms  n=0 ap=329  heap free=90268 largest=42996 free8=90268 tlsOk=1 rej=0  allocFail=0 hardFail=0  tls=100/89  interval=217632ms
[health] touch-wd wedges=0 recovered=0/0 (soft=0 hard=0) wakes=0 probes=2036/0 maxOutage=0ms rebootRec=0
[health] frame avg=27.3ms p95=27.4ms max=28.5ms  n=0 ap=329  heap free=87852 largest=42996 free8=87852 tlsOk=1 rej=0  allocFail=0 hardFail=0  tls=100/89  interval=217632ms
[health] touch-wd wedges=0 recovered=0/0 (soft=0 hard=0) wakes=0 probes=2039/0 maxOutage=0ms rebootRec=0
[health] frame avg=27.3ms p95=27.4ms max=28.2ms  n=0 ap=329  heap free=87852 largest=42996 free8=87852 tlsOk=1 rej=0  allocFail=0 hardFail=0  tls=100/89  interval=217632ms
[health] touch-wd wedges=0 recovered=0/0 (soft=0 hard=0) wakes=0 probes=2042/0 maxOutage=0ms rebootRec=0
[health] frame avg=27.1ms p95=27.3ms max=28.3ms  n=0 ap=329  heap free=87852 largest=42996 free8=87852 tlsOk=1 rej=0  allocFail=0 hardFail=0  tls=100/89  interval=217632ms
[health] touch-wd wedges=0 recovered=0/0 (soft=0 hard=0) wakes=0 probes=2045/0 maxOutage=0ms rebootRec=0
[health] frame avg=27.1ms p95=27.3ms max=28.1ms  n=0 ap=329  heap free=87884 largest=42996 free8=87884 tlsOk=1 rej=0  allocFail=0 hardFail=0  tls=100/89  interval=217632ms
[health] touch-wd wedges=0 recovered=0/0 (soft=0 hard=0) wakes=0 probes=2048/0 maxOutage=0ms rebootRec=0
[GET] stale keep-alive (-2) on reused socket; retrying fresh
[health] frame avg=27.2ms p95=27.3ms max=32.3ms  n=0 ap=329  heap free=90280 largest=40948 free8=90280 tlsOk=1 rej=0  allocFail=0 hardFail=0  tls=100/90  interval=217632ms
[health] touch-wd wedges=0 recovered=0/0 (soft=0 hard=0) wakes=0 probes=2051/0 maxOutage=0ms rebootRec=0
[perf] 2026-08-08T09:02:52Z polls=1 busy=1%(fetch=1% enrich=0%) parse=1ms/poll bytes=0/poll ac=0/0 lag=avg0ms,max0ms gapMax=217646ms episodes=1 cache=H0/S0/M0 enrichReqs=0
[health] frame avg=27.2ms p95=27.3ms max=27.9ms  n=0 ap=329  heap free=90280 largest=40948 free8=90280 tlsOk=1 rej=0  allocFail=0 hardFail=0  tls=100/90  interval=217632ms
[health] touch-wd wedges=0 recovered=0/0 (soft=0 hard=0) wakes=0 probes=2054/0 maxOutage=0ms rebootRec=0
[health] frame avg=27.2ms p95=27.4ms max=27.9ms  n=0 ap=329  heap free=90312 largest=40948 free8=90312 tlsOk=1 rej=0  allocFail=0 hardFail=0  tls=100/90  interval=217632ms
[health] touch-wd wedges=0 recovered=0/0 (soft=0 hard=0) wakes=0 probes=2057/0 maxOutage=0ms rebootRec=0
[health] frame avg=27.2ms p95=27.3ms max=28.2ms  n=0 ap=329  heap free=87896 largest=40948 free8=87896 tlsOk=1 rej=0  allocFail=0 hardFail=0  tls=100/90  interval=217632ms
[health] touch-wd wedges=0 recovered=0/0 (soft=0 hard=0) wakes=0 probes=2060/0 maxOutage=0ms rebootRec=0
[health] frame avg=27.2ms p95=27.3ms max=28.2ms  n=0 ap=329  heap free=87896 largest=40948 free8=87896 tlsOk=1 rej=0  allocFail=0 hardFail=0  tls=100/90  interval=217632ms
[health] touch-wd wedges=0 recovered=0/0 (soft=0 hard=0) wakes=0 probes=2063/0 maxOutage=0ms rebootRec=0
[health] frame avg=27.2ms p95=27.3ms max=28.3ms  n=0 ap=329  heap free=87896 largest=40948 free8=87896 tlsOk=1 rej=0  allocFail=0 hardFail=0  tls=100/90  interval=217632ms
[health] touch-wd wedges=0 recovered=0/0 (soft=0 hard=0) wakes=0 probes=2066/0 maxOutage=0ms rebootRec=0
[health] frame avg=27.2ms p95=27.4ms max=28.3ms  n=0 ap=329  heap free=87896 largest=40948 free8=87896 tlsOk=1 rej=0  allocFail=0 hardFail=0  tls=100/90  interval=217632ms
[health] touch-wd wedges=0 recovered=0/0 (soft=0 hard=0) wakes=0 probes=2069/0 maxOutage=0ms rebootRec=0
[health] frame avg=27.2ms p95=27.4ms max=28.0ms  n=0 ap=329  heap free=87896 largest=40948 free8=87896 tlsOk=1 rej=0  allocFail=0 hardFail=0  tls=100/90  interval=217632ms
[health] touch-wd wedges=0 recovered=0/0 (soft=0 hard=0) wakes=0 probes=2072/0 maxOutage=0ms rebootRec=0
[GET] stale keep-alive (-2) on reused socket; retrying fresh
[health] frame avg=27.3ms p95=27.4ms max=32.3ms  n=0 ap=329  heap free=90280 largest=39924 free8=90280 tlsOk=1 rej=0  allocFail=0 hardFail=0  tls=100/91  interval=217632ms
[health] touch-wd wedges=0 recovered=0/0 (soft=0 hard=0) wakes=0 probes=2075/0 maxOutage=0ms rebootRec=0
[perf] 2026-08-08T09:06:52Z polls=1 busy=1%(fetch=1% enrich=0%) parse=0ms/poll bytes=0/poll ac=0/0 lag=avg0ms,max0ms gapMax=217715ms episodes=1 cache=H0/S0/M0 enrichReqs=0
[health] frame avg=27.3ms p95=27.4ms max=28.2ms  n=0 ap=329  heap free=90280 largest=39924 free8=90280 tlsOk=1 rej=0  allocFail=0 hardFail=0  tls=100/91  interval=217632ms
[health] touch-wd wedges=0 recovered=0/0 (soft=0 hard=0) wakes=0 probes=2078/0 maxOutage=0ms rebootRec=0
[health] frame avg=27.2ms p95=27.3ms max=28.2ms  n=0 ap=329  heap free=87864 largest=39924 free8=87864 tlsOk=1 rej=0  allocFail=0 hardFail=0  tls=100/91  interval=217632ms
[health] touch-wd wedges=0 recovered=0/0 (soft=0 hard=0) wakes=0 probes=2081/0 maxOutage=0ms rebootRec=0
[health] frame avg=27.2ms p95=27.3ms max=28.1ms  n=0 ap=329  heap free=87864 largest=39924 free8=87864 tlsOk=1 rej=0  allocFail=0 hardFail=0  tls=100/91  interval=217632ms
[health] touch-wd wedges=0 recovered=0/0 (soft=0 hard=0) wakes=0 probes=2084/0 maxOutage=0ms rebootRec=0
[health] frame avg=27.3ms p95=27.4ms max=28.3ms  n=0 ap=329  heap free=87896 largest=39924 free8=87864 tlsOk=1 rej=0  allocFail=0 hardFail=0  tls=100/91  interval=217632ms
[health] touch-wd wedges=0 recovered=0/0 (soft=0 hard=0) wakes=0 probes=2087/0 maxOutage=0ms rebootRec=0
[health] frame avg=27.3ms p95=27.4ms max=28.2ms  n=0 ap=329  heap free=87864 largest=39924 free8=87864 tlsOk=1 rej=0  allocFail=0 hardFail=0  tls=100/91  interval=217632ms
[health] touch-wd wedges=0 recovered=0/0 (soft=0 hard=0) wakes=0 probes=2090/0 maxOutage=0ms rebootRec=0
[health] frame avg=27.3ms p95=27.3ms max=28.3ms  n=0 ap=329  heap free=87896 largest=39924 free8=87896 tlsOk=1 rej=0  allocFail=0 hardFail=0  tls=100/91  interval=217632ms
[health] touch-wd wedges=0 recovered=0/0 (soft=0 hard=0) wakes=0 probes=2093/0 maxOutage=0ms rebootRec=0
[GET] stale keep-alive (-2) on reused socket; retrying fresh
[perf] 2026-08-08T09:09:52Z polls=1 busy=1%(fetch=1% enrich=0%) parse=1ms/poll bytes=0/poll ac=0/0 lag=avg0ms,max0ms gapMax=217593ms episodes=1 cache=H0/S0/M0 enrichReqs=0
[health] frame avg=27.3ms p95=27.4ms max=32.4ms  n=0 ap=329  heap free=90268 largest=42996 free8=90268 tlsOk=1 rej=0  allocFail=0 hardFail=0  tls=100/92  interval=217632ms
[health] touch-wd wedges=0 recovered=0/0 (soft=0 hard=0) wakes=0 probes=2096/0 maxOutage=0ms rebootRec=0
[health] frame avg=27.1ms p95=27.3ms max=28.2ms  n=0 ap=329  heap free=90268 largest=42996 free8=90268 tlsOk=1 rej=0  allocFail=0 hardFail=0  tls=100/92  interval=217632ms
[health] touch-wd wedges=0 recovered=0/0 (soft=0 hard=0) wakes=0 probes=2099/0 maxOutage=0ms rebootRec=0
[health] frame avg=27.1ms p95=27.2ms max=27.9ms  n=0 ap=329  heap free=87884 largest=42996 free8=87852 tlsOk=1 rej=0  allocFail=0 hardFail=0  tls=100/92  interval=217632ms
[health] touch-wd wedges=0 recovered=0/0 (soft=0 hard=0) wakes=0 probes=2102/0 maxOutage=0ms rebootRec=0
[health] frame avg=27.0ms p95=27.1ms max=28.0ms  n=0 ap=329  heap free=87852 largest=42996 free8=87852 tlsOk=1 rej=0  allocFail=0 hardFail=0  tls=100/92  interval=217632ms
[health] touch-wd wedges=0 recovered=0/0 (soft=0 hard=0) wakes=0 probes=2105/0 maxOutage=0ms rebootRec=0
[health] frame avg=27.0ms p95=27.1ms max=27.9ms  n=0 ap=329  heap free=87852 largest=42996 free8=87852 tlsOk=1 rej=0  allocFail=0 hardFail=0  tls=100/92  interval=217632ms
[health] touch-wd wedges=0 recovered=0/0 (soft=0 hard=0) wakes=0 probes=2108/0 maxOutage=0ms rebootRec=0
[health] frame avg=27.1ms p95=27.3ms max=28.1ms  n=0 ap=329  heap free=87852 largest=42996 free8=87852 tlsOk=1 rej=0  allocFail=0 hardFail=0  tls=100/92  interval=217632ms
[health] touch-wd wedges=0 recovered=0/0 (soft=0 hard=0) wakes=0 probes=2111/0 maxOutage=0ms rebootRec=0
[health] frame avg=27.1ms p95=27.1ms max=28.0ms  n=0 ap=329  heap free=87852 largest=42996 free8=87852 tlsOk=1 rej=0  allocFail=0 hardFail=0  tls=100/92  interval=217632ms
[health] touch-wd wedges=0 recovered=0/0 (soft=0 hard=0) wakes=0 probes=2114/0 maxOutage=0ms rebootRec=0
[GET] stale keep-alive (-2) on reused socket; retrying fresh
[health] frame avg=27.1ms p95=27.2ms max=32.0ms  n=0 ap=329  heap free=90280 largest=42996 free8=90280 tlsOk=1 rej=0  allocFail=0 hardFail=0  tls=100/93  interval=217632ms
[health] touch-wd wedges=0 recovered=0/0 (soft=0 hard=0) wakes=0 probes=2117/0 maxOutage=0ms rebootRec=0
[perf] 2026-08-08T09:13:52Z polls=1 busy=1%(fetch=1% enrich=0%) parse=1ms/poll bytes=0/poll ac=0/0 lag=avg0ms,max0ms gapMax=217573ms episodes=1 cache=H0/S0/M0 enrichReqs=0
[health] frame avg=27.1ms p95=27.2ms max=28.2ms  n=0 ap=329  heap free=90280 largest=42996 free8=90280 tlsOk=1 rej=0  allocFail=0 hardFail=0  tls=100/93  interval=217632ms
[health] touch-wd wedges=0 recovered=0/0 (soft=0 hard=0) wakes=0 probes=2120/0 maxOutage=0ms rebootRec=0
[health] frame avg=27.1ms p95=27.2ms max=28.0ms  n=0 ap=329  heap free=90316 largest=42996 free8=90316 tlsOk=1 rej=0  allocFail=0 hardFail=0  tls=100/93  interval=217632ms
[health] touch-wd wedges=0 recovered=0/0 (soft=0 hard=0) wakes=0 probes=2123/0 maxOutage=0ms rebootRec=0
[health] frame avg=27.1ms p95=27.1ms max=28.3ms  n=0 ap=329  heap free=87900 largest=42996 free8=87900 tlsOk=1 rej=0  allocFail=0 hardFail=0  tls=100/93  interval=217632ms
[health] touch-wd wedges=0 recovered=0/0 (soft=0 hard=0) wakes=0 probes=2126/0 maxOutage=0ms rebootRec=0
[health] frame avg=27.1ms p95=27.2ms max=28.4ms  n=0 ap=329  heap free=87900 largest=42996 free8=87900 tlsOk=1 rej=0  allocFail=0 hardFail=0  tls=100/93  interval=217632ms
[health] touch-wd wedges=0 recovered=0/0 (soft=0 hard=0) wakes=0 probes=2129/0 maxOutage=0ms rebootRec=0
[health] frame avg=27.1ms p95=27.2ms max=28.0ms  n=0 ap=329  heap free=87900 largest=42996 free8=87900 tlsOk=1 rej=0  allocFail=0 hardFail=0  tls=100/93  interval=217632ms
[health] touch-wd wedges=0 recovered=0/0 (soft=0 hard=0) wakes=0 probes=2132/0 maxOutage=0ms rebootRec=0
[health] frame avg=27.1ms p95=27.2ms max=28.0ms  n=0 ap=329  heap free=87900 largest=42996 free8=87900 tlsOk=1 rej=0  allocFail=0 hardFail=0  tls=100/93  interval=217632ms
[health] touch-wd wedges=0 recovered=0/0 (soft=0 hard=0) wakes=0 probes=2135/0 maxOutage=0ms rebootRec=0
[GET] stale keep-alive (-2) on reused socket; retrying fresh
[health] frame avg=27.1ms p95=27.2ms max=32.1ms  n=0 ap=329  heap free=90280 largest=42996 free8=90280 tlsOk=1 rej=0  allocFail=0 hardFail=0  tls=100/94  interval=217632ms
[health] touch-wd wedges=0 recovered=0/0 (soft=0 hard=0) wakes=0 probes=2138/0 maxOutage=0ms rebootRec=0
[health] frame avg=27.0ms p95=27.1ms max=27.9ms  n=0 ap=329  heap free=90312 largest=42996 free8=90312 tlsOk=1 rej=0  allocFail=0 hardFail=0  tls=100/94  interval=217632ms
[health] touch-wd wedges=0 recovered=0/0 (soft=0 hard=0) wakes=0 probes=2141/0 maxOutage=0ms rebootRec=0
[perf] 2026-08-08T09:17:52Z polls=1 busy=1%(fetch=1% enrich=0%) parse=1ms/poll bytes=0/poll ac=0/0 lag=avg0ms,max0ms gapMax=217659ms episodes=1 cache=H0/S0/M0 enrichReqs=0
[health] frame avg=27.0ms p95=27.1ms max=27.9ms  n=0 ap=329  heap free=90312 largest=42996 free8=90312 tlsOk=1 rej=0  allocFail=0 hardFail=0  tls=100/94  interval=217632ms
[health] touch-wd wedges=0 recovered=0/0 (soft=0 hard=0) wakes=0 probes=2144/0 maxOutage=0ms rebootRec=0
[health] frame avg=27.2ms p95=27.6ms max=28.0ms  n=0 ap=329  heap free=87896 largest=40948 free8=87896 tlsOk=1 rej=0  allocFail=0 hardFail=0  tls=100/94  interval=217632ms
[health] touch-wd wedges=0 recovered=0/0 (soft=0 hard=0) wakes=0 probes=2147/0 maxOutage=0ms rebootRec=0
[health] frame avg=27.2ms p95=27.2ms max=28.0ms  n=0 ap=329  heap free=87896 largest=40948 free8=87896 tlsOk=1 rej=0  allocFail=0 hardFail=0  tls=100/94  interval=217632ms
[health] touch-wd wedges=0 recovered=0/0 (soft=0 hard=0) wakes=0 probes=2150/0 maxOutage=0ms rebootRec=0
[health] frame avg=27.1ms p95=27.3ms max=28.1ms  n=0 ap=329  heap free=87900 largest=40948 free8=87900 tlsOk=1 rej=0  allocFail=0 hardFail=0  tls=100/94  interval=217632ms
[health] touch-wd wedges=0 recovered=0/0 (soft=0 hard=0) wakes=0 probes=2153/0 maxOutage=0ms rebootRec=0
[health] frame avg=27.1ms p95=27.2ms max=28.1ms  n=0 ap=329  heap free=87896 largest=40948 free8=87896 tlsOk=1 rej=0  allocFail=0 hardFail=0  tls=100/94  interval=217632ms
[health] touch-wd wedges=0 recovered=0/0 (soft=0 hard=0) wakes=0 probes=2156/0 maxOutage=0ms rebootRec=0
[health] frame avg=27.2ms p95=27.3ms max=28.9ms  n=0 ap=329  heap free=87900 largest=40948 free8=87900 tlsOk=1 rej=0  allocFail=0 hardFail=0  tls=100/94  interval=217632ms
[health] touch-wd wedges=0 recovered=0/0 (soft=0 hard=0) wakes=0 probes=2159/0 maxOutage=0ms rebootRec=0
[GET] stale keep-alive (-2) on reused socket; retrying fresh
[perf] 2026-08-08T09:20:52Z polls=1 busy=1%(fetch=1% enrich=0%) parse=1ms/poll bytes=0/poll ac=0/0 lag=avg0ms,max0ms gapMax=217678ms episodes=1 cache=H0/S0/M0 enrichReqs=0
[health] frame avg=27.3ms p95=27.4ms max=32.4ms  n=0 ap=329  heap free=90252 largest=45044 free8=90252 tlsOk=1 rej=0  allocFail=0 hardFail=0  tls=100/95  interval=217632ms
[health] touch-wd wedges=0 recovered=0/0 (soft=0 hard=0) wakes=0 probes=2162/0 maxOutage=0ms rebootRec=0
[health] frame avg=27.1ms p95=27.2ms max=28.1ms  n=0 ap=329  heap free=90252 largest=45044 free8=90252 tlsOk=1 rej=0  allocFail=0 hardFail=0  tls=100/95  interval=217632ms
[health] touch-wd wedges=0 recovered=0/0 (soft=0 hard=0) wakes=0 probes=2165/0 maxOutage=0ms rebootRec=0
[health] frame avg=27.1ms p95=27.3ms max=28.0ms  n=0 ap=329  heap free=87836 largest=42996 free8=87836 tlsOk=1 rej=0  allocFail=0 hardFail=0  tls=100/95  interval=217632ms
[health] touch-wd wedges=0 recovered=0/0 (soft=0 hard=0) wakes=0 probes=2168/0 maxOutage=0ms rebootRec=0
[health] frame avg=27.2ms p95=27.3ms max=28.3ms  n=0 ap=329  heap free=87836 largest=42996 free8=87836 tlsOk=1 rej=0  allocFail=0 hardFail=0  tls=100/95  interval=217632ms
[health] touch-wd wedges=0 recovered=0/0 (soft=0 hard=0) wakes=0 probes=2171/0 maxOutage=0ms rebootRec=0
[health] frame avg=27.2ms p95=27.3ms max=28.1ms  n=0 ap=329  heap free=87836 largest=42996 free8=87836 tlsOk=1 rej=0  allocFail=0 hardFail=0  tls=100/95  interval=217632ms
[health] touch-wd wedges=0 recovered=0/0 (soft=0 hard=0) wakes=0 probes=2174/0 maxOutage=0ms rebootRec=0
[health] frame avg=27.2ms p95=27.3ms max=28.2ms  n=0 ap=329  heap free=87836 largest=42996 free8=87836 tlsOk=1 rej=0  allocFail=0 hardFail=0  tls=100/95  interval=217632ms
[health] touch-wd wedges=0 recovered=0/0 (soft=0 hard=0) wakes=0 probes=2177/0 maxOutage=0ms rebootRec=0
[health] frame avg=27.2ms p95=27.3ms max=28.2ms  n=0 ap=329  heap free=87836 largest=42996 free8=87836 tlsOk=1 rej=0  allocFail=0 hardFail=0  tls=100/95  interval=217632ms
[health] touch-wd wedges=0 recovered=0/0 (soft=0 hard=0) wakes=0 probes=2180/0 maxOutage=0ms rebootRec=0
[GET] stale keep-alive (-2) on reused socket; retrying fresh
[health] frame avg=27.2ms p95=27.3ms max=32.2ms  n=0 ap=329  heap free=90268 largest=42996 free8=90268 tlsOk=1 rej=0  allocFail=0 hardFail=0  tls=100/96  interval=217632ms
[health] touch-wd wedges=0 recovered=0/0 (soft=0 hard=0) wakes=0 probes=2183/0 maxOutage=0ms rebootRec=0
[perf] 2026-08-08T09:24:52Z polls=1 busy=1%(fetch=1% enrich=0%) parse=1ms/poll bytes=0/poll ac=0/0 lag=avg0ms,max0ms gapMax=217621ms episodes=1 cache=H0/S0/M0 enrichReqs=0
[health] frame avg=27.2ms p95=27.3ms max=28.2ms  n=0 ap=329  heap free=90300 largest=42996 free8=90300 tlsOk=1 rej=0  allocFail=0 hardFail=0  tls=100/96  interval=217632ms
[health] touch-wd wedges=0 recovered=0/0 (soft=0 hard=0) wakes=0 probes=2186/0 maxOutage=0ms rebootRec=0
[health] frame avg=27.2ms p95=27.5ms max=28.2ms  n=0 ap=329  heap free=87856 largest=40948 free8=87856 tlsOk=1 rej=0  allocFail=0 hardFail=0  tls=100/96  interval=217632ms
[health] touch-wd wedges=0 recovered=0/0 (soft=0 hard=0) wakes=0 probes=2189/0 maxOutage=0ms rebootRec=0
[health] frame avg=27.2ms p95=27.3ms max=28.1ms  n=0 ap=329  heap free=87856 largest=40948 free8=87856 tlsOk=1 rej=0  allocFail=0 hardFail=0  tls=100/96  interval=217632ms
[health] touch-wd wedges=0 recovered=0/0 (soft=0 hard=0) wakes=0 probes=2192/0 maxOutage=0ms rebootRec=0
[health] frame avg=27.2ms p95=27.3ms max=28.1ms  n=0 ap=329  heap free=87888 largest=40948 free8=87888 tlsOk=1 rej=0  allocFail=0 hardFail=0  tls=100/96  interval=217632ms
[health] touch-wd wedges=0 recovered=0/0 (soft=0 hard=0) wakes=0 probes=2195/0 maxOutage=0ms rebootRec=0
[health] frame avg=27.2ms p95=27.3ms max=28.2ms  n=0 ap=329  heap free=87888 largest=40948 free8=87888 tlsOk=1 rej=0  allocFail=0 hardFail=0  tls=100/96  interval=217632ms
[health] touch-wd wedges=0 recovered=0/0 (soft=0 hard=0) wakes=0 probes=2198/0 maxOutage=0ms rebootRec=0
[health] frame avg=27.1ms p95=27.3ms max=28.0ms  n=0 ap=329  heap free=87888 largest=40948 free8=87888 tlsOk=1 rej=0  allocFail=0 hardFail=0  tls=100/96  interval=217632ms
[health] touch-wd wedges=0 recovered=0/0 (soft=0 hard=0) wakes=0 probes=2201/0 maxOutage=0ms rebootRec=0
[GET] stale keep-alive (-2) on reused socket; retrying fresh
[logbook] persisted (75/220 types claimed, 120 airlines, 38 countries, 17645 contacts; 10749 B blobs, 1970 NVS entries free)
[adsbdb] abb288 -> type=PC12 operator=Metro Aviation reg=N853AL
[perf] 2026-08-08T09:27:52Z polls=1 busy=4%(fetch=1% enrich=2%) parse=1ms/poll bytes=0/poll ac=1/1 lag=avg0ms,max0ms gapMax=217677ms episodes=1 cache=H0/S0/M0 enrichReqs=1
[health] frame avg=29.7ms p95=30.4ms max=76.6ms  n=1 ap=329  heap free=92012 largest=48116 free8=92012 tlsOk=1 rej=0  allocFail=0 hardFail=0  tls=101/97  interval=217632ms
[health] touch-wd wedges=0 recovered=0/0 (soft=0 hard=0) wakes=0 probes=2204/0 maxOutage=0ms rebootRec=0
[health] frame avg=29.8ms p95=30.4ms max=31.5ms  n=1 ap=329  heap free=92012 largest=48116 free8=92012 tlsOk=1 rej=0  allocFail=0 hardFail=0  tls=101/97  interval=217632ms
[health] touch-wd wedges=0 recovered=0/0 (soft=0 hard=0) wakes=0 probes=2207/0 maxOutage=0ms rebootRec=0
[health] frame avg=29.8ms p95=30.4ms max=32.2ms  n=1 ap=329  heap free=89596 largest=46068 free8=89596 tlsOk=1 rej=0  allocFail=0 hardFail=0  tls=101/97  interval=217632ms
[health] touch-wd wedges=0 recovered=0/0 (soft=0 hard=0) wakes=0 probes=2210/0 maxOutage=0ms rebootRec=0
[health] frame avg=28.1ms p95=28.4ms max=30.9ms  n=1 ap=329  heap free=89596 largest=46068 free8=89596 tlsOk=1 rej=0  allocFail=0 hardFail=0  tls=101/97  interval=217632ms
[health] touch-wd wedges=0 recovered=0/0 (soft=0 hard=0) wakes=0 probes=2213/0 maxOutage=0ms rebootRec=0
[health] frame avg=28.1ms p95=28.3ms max=29.2ms  n=1 ap=329  heap free=89596 largest=46068 free8=89596 tlsOk=1 rej=0  allocFail=0 hardFail=0  tls=101/97  interval=217632ms
[health] touch-wd wedges=0 recovered=0/0 (soft=0 hard=0) wakes=0 probes=2216/0 maxOutage=0ms rebootRec=0
[health] frame avg=28.1ms p95=28.3ms max=29.3ms  n=1 ap=329  heap free=89596 largest=46068 free8=89596 tlsOk=1 rej=0  allocFail=0 hardFail=0  tls=101/97  interval=217632ms
[health] touch-wd wedges=0 recovered=0/0 (soft=0 hard=0) wakes=0 probes=2219/0 maxOutage=0ms rebootRec=0
[health] frame avg=28.1ms p95=28.3ms max=29.2ms  n=1 ap=329  heap free=89596 largest=46068 free8=89596 tlsOk=1 rej=0  allocFail=0 hardFail=0  tls=101/97  interval=217632ms
[health] touch-wd wedges=0 recovered=0/0 (soft=0 hard=0) wakes=0 probes=2222/0 maxOutage=0ms rebootRec=0
[health] frame avg=29.8ms p95=30.4ms max=33.8ms  n=1 ap=329  heap free=89192 largest=41972 free8=89192 tlsOk=1 rej=0  allocFail=0 hardFail=0  tls=102/97  interval=217632ms
[health] touch-wd wedges=0 recovered=0/0 (soft=0 hard=0) wakes=0 probes=2225/0 maxOutage=0ms rebootRec=0
[perf] 2026-08-08T09:31:52Z polls=1 busy=1%(fetch=1% enrich=0%) parse=1ms/poll bytes=0/poll ac=1/1 lag=avg0ms,max0ms gapMax=217686ms episodes=1 cache=H0/S0/M0 enrichReqs=0
[health] frame avg=29.7ms p95=30.4ms max=31.2ms  n=1 ap=329  heap free=89192 largest=41972 free8=89192 tlsOk=1 rej=0  allocFail=0 hardFail=0  tls=102/97  interval=217632ms
[health] touch-wd wedges=0 recovered=0/0 (soft=0 hard=0) wakes=0 probes=2228/0 maxOutage=0ms rebootRec=0
[health] frame avg=29.7ms p95=30.4ms max=31.3ms  n=1 ap=329  heap free=89192 largest=41972 free8=89192 tlsOk=1 rej=0  allocFail=0 hardFail=0  tls=102/97  interval=217632ms
[health] touch-wd wedges=0 recovered=0/0 (soft=0 hard=0) wakes=0 probes=2231/0 maxOutage=0ms rebootRec=0
[health] frame avg=28.1ms p95=28.2ms max=31.4ms  n=1 ap=329  heap free=86776 largest=41972 free8=86776 tlsOk=1 rej=0  allocFail=0 hardFail=0  tls=102/97  interval=217632ms
[health] touch-wd wedges=0 recovered=0/0 (soft=0 hard=0) wakes=0 probes=2234/0 maxOutage=0ms rebootRec=0
[health] frame avg=28.1ms p95=28.3ms max=29.6ms  n=1 ap=329  heap free=86776 largest=41972 free8=86776 tlsOk=1 rej=0  allocFail=0 hardFail=0  tls=102/97  interval=217632ms
[health] touch-wd wedges=0 recovered=0/0 (soft=0 hard=0) wakes=0 probes=2237/0 maxOutage=0ms rebootRec=0
[health] frame avg=28.1ms p95=28.3ms max=29.2ms  n=1 ap=329  heap free=86776 largest=41972 free8=86776 tlsOk=1 rej=0  allocFail=0 hardFail=0  tls=102/97  interval=217632ms
[health] touch-wd wedges=0 recovered=0/0 (soft=0 hard=0) wakes=0 probes=2240/0 maxOutage=0ms rebootRec=0
[health] frame avg=28.1ms p95=28.3ms max=29.3ms  n=1 ap=329  heap free=86776 largest=41972 free8=86776 tlsOk=1 rej=0  allocFail=0 hardFail=0  tls=102/97  interval=217632ms
[health] touch-wd wedges=0 recovered=0/0 (soft=0 hard=0) wakes=0 probes=2243/0 maxOutage=0ms rebootRec=0
[health] frame avg=28.1ms p95=28.3ms max=29.6ms  n=1 ap=329  heap free=86776 largest=41972 free8=86776 tlsOk=1 rej=0  allocFail=0 hardFail=0  tls=102/97  interval=217632ms
[health] touch-wd wedges=0 recovered=0/0 (soft=0 hard=0) wakes=0 probes=2246/0 maxOutage=0ms rebootRec=0
[GET] stale keep-alive (-2) on reused socket; retrying fresh
[health] frame avg=29.7ms p95=30.4ms max=35.1ms  n=1 ap=329  heap free=89204 largest=39924 free8=89204 tlsOk=1 rej=0  allocFail=0 hardFail=0  tls=102/98  interval=217632ms
[health] touch-wd wedges=0 recovered=0/0 (soft=0 hard=0) wakes=0 probes=2249/0 maxOutage=0ms rebootRec=0
[perf] 2026-08-08T09:35:52Z polls=1 busy=1%(fetch=1% enrich=0%) parse=1ms/poll bytes=0/poll ac=1/1 lag=avg0ms,max0ms gapMax=217589ms episodes=1 cache=H0/S0/M0 enrichReqs=0
[health] frame avg=29.7ms p95=30.4ms max=31.3ms  n=1 ap=329  heap free=89204 largest=39924 free8=89204 tlsOk=1 rej=0  allocFail=0 hardFail=0  tls=102/98  interval=217632ms
[health] touch-wd wedges=0 recovered=0/0 (soft=0 hard=0) wakes=0 probes=2252/0 maxOutage=0ms rebootRec=0
[health] frame avg=28.1ms p95=28.3ms max=31.9ms  n=1 ap=329  heap free=86788 largest=39924 free8=86788 tlsOk=1 rej=0  allocFail=0 hardFail=0  tls=102/98  interval=217632ms
[health] touch-wd wedges=0 recovered=0/0 (soft=0 hard=0) wakes=0 probes=2255/0 maxOutage=0ms rebootRec=0
[health] frame avg=28.1ms p95=28.3ms max=29.2ms  n=1 ap=329  heap free=86788 largest=39924 free8=86788 tlsOk=1 rej=0  allocFail=0 hardFail=0  tls=102/98  interval=217632ms
[health] touch-wd wedges=0 recovered=0/0 (soft=0 hard=0) wakes=0 probes=2258/0 maxOutage=0ms rebootRec=0
[health] frame avg=28.1ms p95=28.3ms max=29.4ms  n=1 ap=329  heap free=86788 largest=39924 free8=86788 tlsOk=1 rej=0  allocFail=0 hardFail=0  tls=102/98  interval=217632ms
[health] touch-wd wedges=0 recovered=0/0 (soft=0 hard=0) wakes=0 probes=2261/0 maxOutage=0ms rebootRec=0
[logbook] persisted (75/220 types claimed, 120 airlines, 38 countries, 17645 contacts; 10749 B blobs, 1970 NVS entries free)
[health] frame avg=28.1ms p95=28.2ms max=138.3ms  n=1 ap=329  heap free=86788 largest=39924 free8=86788 tlsOk=1 rej=0  allocFail=0 hardFail=0  tls=102/98  interval=217632ms
[health] touch-wd wedges=0 recovered=0/0 (soft=0 hard=0) wakes=0 probes=2264/0 maxOutage=0ms rebootRec=0
[health] frame avg=28.1ms p95=28.3ms max=29.9ms  n=1 ap=329  heap free=86788 largest=39924 free8=86788 tlsOk=1 rej=0  allocFail=0 hardFail=0  tls=102/98  interval=217632ms
[health] touch-wd wedges=0 recovered=0/0 (soft=0 hard=0) wakes=0 probes=2267/0 maxOutage=0ms rebootRec=0
[GET] stale keep-alive (-2) on reused socket; retrying fresh
[perf] 2026-08-08T09:38:52Z polls=1 busy=3%(fetch=3% enrich=0%) parse=0ms/poll bytes=0/poll ac=0/0 lag=avg0ms,max0ms gapMax=218658ms episodes=1 cache=H0/S0/M0 enrichReqs=0
[health] frame avg=27.3ms p95=27.4ms max=34.3ms  n=0 ap=329  heap free=90284 largest=39924 free8=90284 tlsOk=1 rej=0  allocFail=0 hardFail=0  tls=102/99  interval=217632ms
[health] touch-wd wedges=0 recovered=0/0 (soft=0 hard=0) wakes=0 probes=2270/0 maxOutage=0ms rebootRec=0
[health] frame avg=27.2ms p95=27.3ms max=27.7ms  n=0 ap=329  heap free=90284 largest=39924 free8=90284 tlsOk=1 rej=0  allocFail=0 hardFail=0  tls=102/99  interval=217632ms
[health] touch-wd wedges=0 recovered=0/0 (soft=0 hard=0) wakes=0 probes=2273/0 maxOutage=0ms rebootRec=0
[health] frame avg=27.3ms p95=27.6ms max=28.8ms  n=0 ap=329  heap free=87868 largest=39924 free8=87868 tlsOk=1 rej=0  allocFail=0 hardFail=0  tls=102/99  interval=217632ms
[health] touch-wd wedges=0 recovered=0/0 (soft=0 hard=0) wakes=0 probes=2276/0 maxOutage=0ms rebootRec=0
[health] frame avg=27.3ms p95=27.4ms max=28.4ms  n=0 ap=329  heap free=87868 largest=39924 free8=87868 tlsOk=1 rej=0  allocFail=0 hardFail=0  tls=102/99  interval=217632ms
[health] touch-wd wedges=0 recovered=0/0 (soft=0 hard=0) wakes=0 probes=2279/0 maxOutage=0ms rebootRec=0
[health] frame avg=27.2ms p95=27.3ms max=28.5ms  n=0 ap=329  heap free=87868 largest=39924 free8=87868 tlsOk=1 rej=0  allocFail=0 hardFail=0  tls=102/99  interval=217632ms
[health] touch-wd wedges=0 recovered=0/0 (soft=0 hard=0) wakes=0 probes=2282/0 maxOutage=0ms rebootRec=0
[health] frame avg=27.1ms p95=27.1ms max=28.1ms  n=0 ap=329  heap free=87868 largest=39924 free8=87868 tlsOk=1 rej=0  allocFail=0 hardFail=0  tls=102/99  interval=217632ms
[health] touch-wd wedges=0 recovered=0/0 (soft=0 hard=0) wakes=0 probes=2285/0 maxOutage=0ms rebootRec=0
[health] frame avg=27.1ms p95=27.2ms max=27.8ms  n=0 ap=329  heap free=87868 largest=39924 free8=87868 tlsOk=1 rej=0  allocFail=0 hardFail=0  tls=102/99  interval=217632ms
[health] touch-wd wedges=0 recovered=0/0 (soft=0 hard=0) wakes=0 probes=2288/0 maxOutage=0ms rebootRec=0
[GET] stale keep-alive (-2) on reused socket; retrying fresh
[health] frame avg=27.2ms p95=27.3ms max=32.3ms  n=0 ap=329  heap free=90284 largest=38900 free8=90284 tlsOk=1 rej=0  allocFail=0 hardFail=0  tls=102/100  interval=217632ms
[health] touch-wd wedges=0 recovered=0/0 (soft=0 hard=0) wakes=0 probes=2291/0 maxOutage=0ms rebootRec=0
[perf] 2026-08-08T09:42:52Z polls=1 busy=1%(fetch=1% enrich=0%) parse=0ms/poll bytes=0/poll ac=0/0 lag=avg0ms,max0ms gapMax=216653ms episodes=1 cache=H0/S0/M0 enrichReqs=0
[health] frame avg=27.1ms p95=27.2ms max=28.1ms  n=0 ap=329  heap free=90284 largest=38900 free8=90284 tlsOk=1 rej=0  allocFail=0 hardFail=0  tls=102/100  interval=217632ms
[health] touch-wd wedges=0 recovered=0/0 (soft=0 hard=0) wakes=0 probes=2294/0 maxOutage=0ms rebootRec=0
[health] frame avg=27.2ms p95=27.3ms max=28.2ms  n=0 ap=329  heap free=90284 largest=38900 free8=90284 tlsOk=1 rej=0  allocFail=0 hardFail=0  tls=102/100  interval=217632ms
[health] touch-wd wedges=0 recovered=0/0 (soft=0 hard=0) wakes=0 probes=2297/0 maxOutage=0ms rebootRec=0
[health] frame avg=27.2ms p95=27.3ms max=28.2ms  n=0 ap=329  heap free=87868 largest=38900 free8=87868 tlsOk=1 rej=0  allocFail=0 hardFail=0  tls=102/100  interval=217632ms
[health] touch-wd wedges=0 recovered=0/0 (soft=0 hard=0) wakes=0 probes=2300/0 maxOutage=0ms rebootRec=0
[health] frame avg=27.2ms p95=27.4ms max=28.5ms  n=0 ap=329  heap free=87868 largest=38900 free8=87868 tlsOk=1 rej=0  allocFail=0 hardFail=0  tls=102/100  interval=217632ms
[health] touch-wd wedges=0 recovered=0/0 (soft=0 hard=0) wakes=0 probes=2303/0 maxOutage=0ms rebootRec=0
[health] frame avg=27.1ms p95=27.2ms max=28.3ms  n=0 ap=329  heap free=87868 largest=38900 free8=87868 tlsOk=1 rej=0  allocFail=0 hardFail=0  tls=102/100  interval=217632ms
[health] touch-wd wedges=0 recovered=0/0 (soft=0 hard=0) wakes=0 probes=2306/0 maxOutage=0ms rebootRec=0
[health] frame avg=27.2ms p95=27.3ms max=28.1ms  n=0 ap=329  heap free=87868 largest=38900 free8=87868 tlsOk=1 rej=0  allocFail=0 hardFail=0  tls=102/100  interval=217632ms
[health] touch-wd wedges=0 recovered=0/0 (soft=0 hard=0) wakes=0 probes=2309/0 maxOutage=0ms rebootRec=0
[GET] stale keep-alive (-2) on reused socket; retrying fresh
[health] frame avg=27.2ms p95=27.3ms max=32.3ms  n=0 ap=329  heap free=90284 largest=40948 free8=90284 tlsOk=1 rej=0  allocFail=0 hardFail=0  tls=102/101  interval=217632ms
[health] touch-wd wedges=0 recovered=0/0 (soft=0 hard=0) wakes=0 probes=2312/0 maxOutage=0ms rebootRec=0
[health] frame avg=27.2ms p95=27.3ms max=28.5ms  n=0 ap=329  heap free=90284 largest=40948 free8=90284 tlsOk=1 rej=0  allocFail=0 hardFail=0  tls=102/101  interval=217632ms
[health] touch-wd wedges=0 recovered=0/0 (soft=0 hard=0) wakes=0 probes=2315/0 maxOutage=0ms rebootRec=0
[perf] 2026-08-08T09:46:52Z polls=1 busy=1%(fetch=1% enrich=0%) parse=1ms/poll bytes=0/poll ac=0/0 lag=avg0ms,max0ms gapMax=217570ms episodes=1 cache=H0/S0/M0 enrichReqs=0
[health] frame avg=27.2ms p95=27.4ms max=28.5ms  n=0 ap=329  heap free=90284 largest=40948 free8=90284 tlsOk=1 rej=0  allocFail=0 hardFail=0  tls=102/101  interval=217632ms
[health] touch-wd wedges=0 recovered=0/0 (soft=0 hard=0) wakes=0 probes=2318/0 maxOutage=0ms rebootRec=0
[health] frame avg=27.1ms p95=27.2ms max=28.2ms  n=0 ap=329  heap free=87864 largest=40948 free8=87864 tlsOk=1 rej=0  allocFail=0 hardFail=0  tls=102/101  interval=217632ms
[health] touch-wd wedges=0 recovered=0/0 (soft=0 hard=0) wakes=0 probes=2321/0 maxOutage=0ms rebootRec=0
[health] frame avg=27.1ms p95=27.2ms max=28.1ms  n=0 ap=329  heap free=87864 largest=40948 free8=87864 tlsOk=1 rej=0  allocFail=0 hardFail=0  tls=102/101  interval=217632ms
[health] touch-wd wedges=0 recovered=0/0 (soft=0 hard=0) wakes=0 probes=2324/0 maxOutage=0ms rebootRec=0
[health] frame avg=27.2ms p95=27.3ms max=27.6ms  n=0 ap=329  heap free=87864 largest=40948 free8=87864 tlsOk=1 rej=0  allocFail=0 hardFail=0  tls=102/101  interval=217632ms
[health] touch-wd wedges=0 recovered=0/0 (soft=0 hard=0) wakes=0 probes=2327/0 maxOutage=0ms rebootRec=0
[health] frame avg=27.3ms p95=27.4ms max=28.2ms  n=0 ap=329  heap free=87864 largest=40948 free8=87864 tlsOk=1 rej=0  allocFail=0 hardFail=0  tls=102/101  interval=217632ms
[health] touch-wd wedges=0 recovered=0/0 (soft=0 hard=0) wakes=0 probes=2330/0 maxOutage=0ms rebootRec=0
[health] frame avg=27.2ms p95=27.3ms max=28.3ms  n=0 ap=329  heap free=87864 largest=40948 free8=87864 tlsOk=1 rej=0  allocFail=0 hardFail=0  tls=102/101  interval=217632ms
[health] touch-wd wedges=0 recovered=0/0 (soft=0 hard=0) wakes=0 probes=2333/0 maxOutage=0ms rebootRec=0
[GET] stale keep-alive (-2) on reused socket; retrying fresh
[logbook] persisted (75/220 types claimed, 120 airlines, 38 countries, 17646 contacts; 10749 B blobs, 1970 NVS entries free)
[adsbdb] a7de30 -> type=C152 operator=Hillsboro Aero Academy LLC reg=N606GS
[perf] 2026-08-08T09:49:52Z polls=1 busy=3%(fetch=1% enrich=2%) parse=1ms/poll bytes=0/poll ac=1/1 lag=avg0ms,max0ms gapMax=217673ms episodes=1 cache=H0/S0/M0 enrichReqs=1
[health] frame avg=29.6ms p95=30.3ms max=77.9ms  n=1 ap=329  heap free=91996 largest=40948 free8=91996 tlsOk=1 rej=0  allocFail=0 hardFail=0  tls=103/102  interval=217632ms
[health] touch-wd wedges=0 recovered=0/0 (soft=0 hard=0) wakes=0 probes=2336/0 maxOutage=0ms rebootRec=0
[health] frame avg=29.6ms p95=30.4ms max=31.1ms  n=1 ap=329  heap free=91996 largest=40948 free8=91996 tlsOk=1 rej=0  allocFail=0 hardFail=0  tls=103/102  interval=217632ms
[health] touch-wd wedges=0 recovered=0/0 (soft=0 hard=0) wakes=0 probes=2339/0 maxOutage=0ms rebootRec=0
[health] frame avg=28.1ms p95=28.2ms max=31.4ms  n=1 ap=329  heap free=89580 largest=40948 free8=89580 tlsOk=1 rej=0  allocFail=0 hardFail=0  tls=103/102  interval=217632ms
[health] touch-wd wedges=0 recovered=0/0 (soft=0 hard=0) wakes=0 probes=2342/0 maxOutage=0ms rebootRec=0
[health] frame avg=28.1ms p95=28.3ms max=29.2ms  n=1 ap=329  heap free=89580 largest=40948 free8=89580 tlsOk=1 rej=0  allocFail=0 hardFail=0  tls=103/102  interval=217632ms
[health] touch-wd wedges=0 recovered=0/0 (soft=0 hard=0) wakes=0 probes=2345/0 maxOutage=0ms rebootRec=0
[health] frame avg=28.1ms p95=28.2ms max=29.2ms  n=1 ap=329  heap free=89580 largest=40948 free8=89580 tlsOk=1 rej=0  allocFail=0 hardFail=0  tls=103/102  interval=217632ms
[health] touch-wd wedges=0 recovered=0/0 (soft=0 hard=0) wakes=0 probes=2348/0 maxOutage=0ms rebootRec=0
[health] frame avg=28.1ms p95=28.3ms max=29.5ms  n=1 ap=329  heap free=89580 largest=40948 free8=89580 tlsOk=1 rej=0  allocFail=0 hardFail=0  tls=103/102  interval=217632ms
[health] touch-wd wedges=0 recovered=0/0 (soft=0 hard=0) wakes=0 probes=2351/0 maxOutage=0ms rebootRec=0
[health] frame avg=28.1ms p95=28.3ms max=29.6ms  n=1 ap=329  heap free=89580 largest=40948 free8=89580 tlsOk=1 rej=0  allocFail=0 hardFail=0  tls=103/102  interval=217632ms
[health] touch-wd wedges=0 recovered=0/0 (soft=0 hard=0) wakes=0 probes=2354/0 maxOutage=0ms rebootRec=0
[health] frame avg=29.6ms p95=30.4ms max=33.9ms  n=1 ap=329  heap free=89152 largest=40948 free8=89152 tlsOk=1 rej=0  allocFail=0 hardFail=0  tls=104/102  interval=217632ms
[health] touch-wd wedges=0 recovered=0/0 (soft=0 hard=0) wakes=0 probes=2357/0 maxOutage=0ms rebootRec=0
[perf] 2026-08-08T09:53:52Z polls=1 busy=1%(fetch=1% enrich=0%) parse=1ms/poll bytes=0/poll ac=1/1 lag=avg0ms,max0ms gapMax=217678ms episodes=1 cache=H0/S0/M0 enrichReqs=0
[health] frame avg=29.5ms p95=30.4ms max=31.3ms  n=1 ap=329  heap free=89152 largest=40948 free8=89152 tlsOk=1 rej=0  allocFail=0 hardFail=0  tls=104/102  interval=217632ms
[health] touch-wd wedges=0 recovered=0/0 (soft=0 hard=0) wakes=0 probes=2360/0 maxOutage=0ms rebootRec=0
[health] frame avg=28.2ms p95=28.5ms max=31.2ms  n=1 ap=329  heap free=86736 largest=40948 free8=86736 tlsOk=1 rej=0  allocFail=0 hardFail=0  tls=104/102  interval=217632ms
[health] touch-wd wedges=0 recovered=0/0 (soft=0 hard=0) wakes=0 probes=2363/0 maxOutage=0ms rebootRec=0
[health] frame avg=28.1ms p95=28.2ms max=30.1ms  n=1 ap=329  heap free=86736 largest=40948 free8=86736 tlsOk=1 rej=0  allocFail=0 hardFail=0  tls=104/102  interval=217632ms
[health] touch-wd wedges=0 recovered=0/0 (soft=0 hard=0) wakes=0 probes=2366/0 maxOutage=0ms rebootRec=0
[health] frame avg=28.1ms p95=28.3ms max=29.4ms  n=1 ap=329  heap free=86736 largest=40948 free8=86736 tlsOk=1 rej=0  allocFail=0 hardFail=0  tls=104/102  interval=217632ms
[health] touch-wd wedges=0 recovered=0/0 (soft=0 hard=0) wakes=0 probes=2369/0 maxOutage=0ms rebootRec=0
[health] frame avg=28.1ms p95=28.2ms max=29.6ms  n=1 ap=329  heap free=86736 largest=40948 free8=86736 tlsOk=1 rej=0  allocFail=0 hardFail=0  tls=104/102  interval=217632ms
[health] touch-wd wedges=0 recovered=0/0 (soft=0 hard=0) wakes=0 probes=2372/0 maxOutage=0ms rebootRec=0
[health] frame avg=28.1ms p95=28.5ms max=30.4ms  n=1 ap=329  heap free=86736 largest=40948 free8=86736 tlsOk=1 rej=0  allocFail=0 hardFail=0  tls=104/102  interval=217632ms
[health] touch-wd wedges=0 recovered=0/0 (soft=0 hard=0) wakes=0 probes=2375/0 maxOutage=0ms rebootRec=0
[GET] stale keep-alive (-2) on reused socket; retrying fresh
[perf] 2026-08-08T09:56:52Z polls=1 busy=1%(fetch=1% enrich=0%) parse=1ms/poll bytes=0/poll ac=1/1 lag=avg0ms,max0ms gapMax=217631ms episodes=1 cache=H0/S0/M0 enrichReqs=0
[health] frame avg=29.5ms p95=30.4ms max=34.4ms  n=1 ap=329  heap free=89152 largest=41972 free8=89152 tlsOk=1 rej=0  allocFail=0 hardFail=0  tls=104/103  interval=217632ms
[health] touch-wd wedges=0 recovered=0/0 (soft=0 hard=0) wakes=0 probes=2378/0 maxOutage=0ms rebootRec=0
[health] frame avg=29.5ms p95=30.4ms max=31.1ms  n=1 ap=329  heap free=89152 largest=41972 free8=89152 tlsOk=1 rej=0  allocFail=0 hardFail=0  tls=104/103  interval=217632ms
[health] touch-wd wedges=0 recovered=0/0 (soft=0 hard=0) wakes=0 probes=2381/0 maxOutage=0ms rebootRec=0
[health] frame avg=29.5ms p95=30.4ms max=31.4ms  n=1 ap=329  heap free=89152 largest=41972 free8=89152 tlsOk=1 rej=0  allocFail=0 hardFail=0  tls=104/103  interval=217632ms
[health] touch-wd wedges=0 recovered=0/0 (soft=0 hard=0) wakes=0 probes=2384/0 maxOutage=0ms rebootRec=0
[health] frame avg=28.1ms p95=28.4ms max=31.7ms  n=1 ap=329  heap free=86736 largest=41972 free8=86736 tlsOk=1 rej=0  allocFail=0 hardFail=0  tls=104/103  interval=217632ms
[health] touch-wd wedges=0 recovered=0/0 (soft=0 hard=0) wakes=0 probes=2387/0 maxOutage=0ms rebootRec=0
[health] frame avg=28.1ms p95=28.2ms max=29.5ms  n=1 ap=329  heap free=86736 largest=41972 free8=86736 tlsOk=1 rej=0  allocFail=0 hardFail=0  tls=104/103  interval=217632ms
[health] touch-wd wedges=0 recovered=0/0 (soft=0 hard=0) wakes=0 probes=2390/0 maxOutage=0ms rebootRec=0
[health] frame avg=28.1ms p95=28.3ms max=29.3ms  n=1 ap=329  heap free=86736 largest=41972 free8=86736 tlsOk=1 rej=0  allocFail=0 hardFail=0  tls=104/103  interval=217632ms
[health] touch-wd wedges=0 recovered=0/0 (soft=0 hard=0) wakes=0 probes=2393/0 maxOutage=0ms rebootRec=0
[logbook] persisted (75/220 types claimed, 120 airlines, 38 countries, 17646 contacts; 10749 B blobs, 1970 NVS entries free)
[health] frame avg=28.1ms p95=28.2ms max=140.7ms  n=1 ap=329  heap free=86736 largest=41972 free8=86736 tlsOk=1 rej=0  allocFail=0 hardFail=0  tls=104/103  interval=217632ms
[health] touch-wd wedges=0 recovered=0/0 (soft=0 hard=0) wakes=0 probes=2396/0 maxOutage=0ms rebootRec=0
[GET] stale keep-alive (-2) on reused socket; retrying fresh
[health] frame avg=29.6ms p95=30.4ms max=34.3ms  n=1 ap=329  heap free=89120 largest=41972 free8=89120 tlsOk=1 rej=0  allocFail=0 hardFail=0  tls=104/104  interval=217632ms
[health] touch-wd wedges=0 recovered=0/0 (soft=0 hard=0) wakes=0 probes=2399/0 maxOutage=0ms rebootRec=0
[perf] 2026-08-08T10:00:53Z polls=1 busy=1%(fetch=1% enrich=0%) parse=0ms/poll bytes=0/poll ac=1/1 lag=avg0ms,max0ms gapMax=217586ms episodes=1 cache=H0/S0/M0 enrichReqs=0
[health] frame avg=29.5ms p95=30.4ms max=31.9ms  n=1 ap=329  heap free=89120 largest=41972 free8=89120 tlsOk=1 rej=0  allocFail=0 hardFail=0  tls=104/104  interval=217632ms
[health] touch-wd wedges=0 recovered=0/0 (soft=0 hard=0) wakes=0 probes=2402/0 maxOutage=0ms rebootRec=0
[health] frame avg=29.5ms p95=30.4ms max=31.3ms  n=1 ap=329  heap free=89120 largest=41972 free8=89120 tlsOk=1 rej=0  allocFail=0 hardFail=0  tls=104/104  interval=217632ms
[health] touch-wd wedges=0 recovered=0/0 (soft=0 hard=0) wakes=0 probes=2405/0 maxOutage=0ms rebootRec=0
[health] frame avg=28.1ms p95=28.2ms max=31.5ms  n=1 ap=329  heap free=86704 largest=39924 free8=86704 tlsOk=1 rej=0  allocFail=0 hardFail=0  tls=104/104  interval=217632ms
[health] touch-wd wedges=0 recovered=0/0 (soft=0 hard=0) wakes=0 probes=2408/0 maxOutage=0ms rebootRec=0
[health] frame avg=28.1ms p95=28.3ms max=29.3ms  n=1 ap=329  heap free=86704 largest=39924 free8=86704 tlsOk=1 rej=0  allocFail=0 hardFail=0  tls=104/104  interval=217632ms
[health] touch-wd wedges=0 recovered=0/0 (soft=0 hard=0) wakes=0 probes=2411/0 maxOutage=0ms rebootRec=0
[health] frame avg=28.1ms p95=28.2ms max=29.7ms  n=1 ap=329  heap free=86704 largest=39924 free8=86704 tlsOk=1 rej=0  allocFail=0 hardFail=0  tls=104/104  interval=217632ms
[health] touch-wd wedges=0 recovered=0/0 (soft=0 hard=0) wakes=0 probes=2414/0 maxOutage=0ms rebootRec=0
[health] frame avg=28.1ms p95=28.3ms max=29.2ms  n=1 ap=329  heap free=86704 largest=39924 free8=86704 tlsOk=1 rej=0  allocFail=0 hardFail=0  tls=104/104  interval=217632ms
[health] touch-wd wedges=0 recovered=0/0 (soft=0 hard=0) wakes=0 probes=2417/0 maxOutage=0ms rebootRec=0
[health] frame avg=28.1ms p95=28.3ms max=29.7ms  n=1 ap=329  heap free=86704 largest=39924 free8=86704 tlsOk=1 rej=0  allocFail=0 hardFail=0  tls=104/104  interval=217632ms
[health] touch-wd wedges=0 recovered=0/0 (soft=0 hard=0) wakes=0 probes=2420/0 maxOutage=0ms rebootRec=0
[GET] stale keep-alive (-2) on reused socket; retrying fresh
[health] frame avg=29.5ms p95=30.4ms max=34.4ms  n=1 ap=329  heap free=89144 largest=41972 free8=89144 tlsOk=1 rej=0  allocFail=0 hardFail=0  tls=104/105  interval=217632ms
[health] touch-wd wedges=0 recovered=0/0 (soft=0 hard=0) wakes=0 probes=2423/0 maxOutage=0ms rebootRec=0
[perf] 2026-08-08T10:04:53Z polls=1 busy=1%(fetch=1% enrich=0%) parse=1ms/poll bytes=0/poll ac=1/1 lag=avg0ms,max0ms gapMax=217679ms episodes=1 cache=H0/S0/M0 enrichReqs=0
[health] frame avg=29.5ms p95=30.3ms max=32.5ms  n=1 ap=329  heap free=89144 largest=41972 free8=89144 tlsOk=1 rej=0  allocFail=0 hardFail=0  tls=104/105  interval=217632ms
[health] touch-wd wedges=0 recovered=0/0 (soft=0 hard=0) wakes=0 probes=2426/0 maxOutage=0ms rebootRec=0
[health] frame avg=28.1ms p95=28.3ms max=31.3ms  n=1 ap=329  heap free=86728 largest=41972 free8=86728 tlsOk=1 rej=0  allocFail=0 hardFail=0  tls=104/105  interval=217632ms
[health] touch-wd wedges=0 recovered=0/0 (soft=0 hard=0) wakes=0 probes=2429/0 maxOutage=0ms rebootRec=0
[health] frame avg=28.1ms p95=28.2ms max=29.5ms  n=1 ap=329  heap free=86728 largest=41972 free8=86728 tlsOk=1 rej=0  allocFail=0 hardFail=0  tls=104/105  interval=217632ms
[health] touch-wd wedges=0 recovered=0/0 (soft=0 hard=0) wakes=0 probes=2432/0 maxOutage=0ms rebootRec=0
[health] frame avg=28.1ms p95=28.2ms max=29.5ms  n=1 ap=329  heap free=86728 largest=41972 free8=86728 tlsOk=1 rej=0  allocFail=0 hardFail=0  tls=104/105  interval=217632ms
[health] touch-wd wedges=0 recovered=0/0 (soft=0 hard=0) wakes=0 probes=2435/0 maxOutage=0ms rebootRec=0
[health] frame avg=28.1ms p95=28.2ms max=29.3ms  n=1 ap=329  heap free=86728 largest=41972 free8=86728 tlsOk=1 rej=0  allocFail=0 hardFail=0  tls=104/105  interval=217632ms
[health] touch-wd wedges=0 recovered=0/0 (soft=0 hard=0) wakes=0 probes=2438/0 maxOutage=0ms rebootRec=0
[health] frame avg=28.1ms p95=28.5ms max=29.2ms  n=1 ap=329  heap free=86728 largest=41972 free8=86728 tlsOk=1 rej=0  allocFail=0 hardFail=0  tls=104/105  interval=217632ms
[health] touch-wd wedges=0 recovered=0/0 (soft=0 hard=0) wakes=0 probes=2441/0 maxOutage=0ms rebootRec=0
[GET] stale keep-alive (-2) on reused socket; retrying fresh
[perf] 2026-08-08T10:07:53Z polls=1 busy=1%(fetch=1% enrich=0%) parse=1ms/poll bytes=0/poll ac=1/1 lag=avg0ms,max0ms gapMax=217648ms episodes=1 cache=H0/S0/M0 enrichReqs=0
[health] frame avg=29.5ms p95=30.4ms max=34.4ms  n=1 ap=329  heap free=89156 largest=38900 free8=89156 tlsOk=1 rej=0  allocFail=0 hardFail=0  tls=104/106  interval=217632ms
[health] touch-wd wedges=0 recovered=0/0 (soft=0 hard=0) wakes=0 probes=2444/0 maxOutage=0ms rebootRec=0
[health] frame avg=29.6ms p95=30.4ms max=31.6ms  n=1 ap=329  heap free=89156 largest=38900 free8=89156 tlsOk=1 rej=0  allocFail=0 hardFail=0  tls=104/106  interval=217632ms
[health] touch-wd wedges=0 recovered=0/0 (soft=0 hard=0) wakes=0 probes=2447/0 maxOutage=0ms rebootRec=0
[health] frame avg=28.1ms p95=28.2ms max=31.2ms  n=1 ap=329  heap free=86740 largest=38900 free8=86740 tlsOk=1 rej=0  allocFail=0 hardFail=0  tls=104/106  interval=217632ms
[health] touch-wd wedges=0 recovered=0/0 (soft=0 hard=0) wakes=0 probes=2450/0 maxOutage=0ms rebootRec=0
[health] frame avg=28.1ms p95=28.3ms max=29.4ms  n=1 ap=329  heap free=86740 largest=38900 free8=86740 tlsOk=1 rej=0  allocFail=0 hardFail=0  tls=104/106  interval=217632ms
[health] touch-wd wedges=0 recovered=0/0 (soft=0 hard=0) wakes=0 probes=2453/0 maxOutage=0ms rebootRec=0
[health] frame avg=28.1ms p95=28.2ms max=29.8ms  n=1 ap=329  heap free=86740 largest=38900 free8=86740 tlsOk=1 rej=0  allocFail=0 hardFail=0  tls=104/106  interval=217632ms
[health] touch-wd wedges=0 recovered=0/0 (soft=0 hard=0) wakes=0 probes=2456/0 maxOutage=0ms rebootRec=0
[health] frame avg=28.1ms p95=28.4ms max=29.4ms  n=1 ap=329  heap free=86740 largest=38900 free8=86740 tlsOk=1 rej=0  allocFail=0 hardFail=0  tls=104/106  interval=217632ms
[health] touch-wd wedges=0 recovered=0/0 (soft=0 hard=0) wakes=0 probes=2459/0 maxOutage=0ms rebootRec=0
[health] frame avg=28.1ms p95=28.2ms max=29.7ms  n=1 ap=329  heap free=86740 largest=38900 free8=86740 tlsOk=1 rej=0  allocFail=0 hardFail=0  tls=104/106  interval=217632ms
[health] touch-wd wedges=0 recovered=0/0 (soft=0 hard=0) wakes=0 probes=2462/0 maxOutage=0ms rebootRec=0
[GET] stale keep-alive (-2) on reused socket; retrying fresh
[health] frame avg=29.6ms p95=30.4ms max=34.4ms  n=1 ap=329  heap free=89132 largest=39924 free8=89132 tlsOk=1 rej=0  allocFail=0 hardFail=0  tls=104/107  interval=217632ms
[health] touch-wd wedges=0 recovered=0/0 (soft=0 hard=0) wakes=0 probes=2465/0 maxOutage=0ms rebootRec=0
[perf] 2026-08-08T10:11:53Z polls=1 busy=1%(fetch=1% enrich=0%) parse=1ms/poll bytes=0/poll ac=1/1 lag=avg0ms,max0ms gapMax=217650ms episodes=1 cache=H0/S0/M0 enrichReqs=0
[health] frame avg=29.5ms p95=30.3ms max=32.2ms  n=1 ap=329  heap free=89132 largest=39924 free8=89132 tlsOk=1 rej=0  allocFail=0 hardFail=0  tls=104/107  interval=217632ms
[health] touch-wd wedges=0 recovered=0/0 (soft=0 hard=0) wakes=0 probes=2468/0 maxOutage=0ms rebootRec=0
[health] frame avg=29.6ms p95=30.4ms max=31.3ms  n=1 ap=329  heap free=89132 largest=39924 free8=89132 tlsOk=1 rej=0  allocFail=0 hardFail=0  tls=104/107  interval=217632ms
[health] touch-wd wedges=0 recovered=0/0 (soft=0 hard=0) wakes=0 probes=2471/0 maxOutage=0ms rebootRec=0
[health] frame avg=28.0ms p95=28.2ms max=31.0ms  n=1 ap=329  heap free=86716 largest=39924 free8=86716 tlsOk=1 rej=0  allocFail=0 hardFail=0  tls=104/107  interval=217632ms
[health] touch-wd wedges=0 recovered=0/0 (soft=0 hard=0) wakes=0 probes=2474/0 maxOutage=0ms rebootRec=0
[health] frame avg=28.1ms p95=28.2ms max=29.3ms  n=1 ap=329  heap free=86716 largest=39924 free8=86716 tlsOk=1 rej=0  allocFail=0 hardFail=0  tls=104/107  interval=217632ms
[health] touch-wd wedges=0 recovered=0/0 (soft=0 hard=0) wakes=0 probes=2477/0 maxOutage=0ms rebootRec=0
[health] frame avg=28.1ms p95=28.2ms max=29.3ms  n=1 ap=329  heap free=86716 largest=39924 free8=86716 tlsOk=1 rej=0  allocFail=0 hardFail=0  tls=104/107  interval=217632ms
[health] touch-wd wedges=0 recovered=0/0 (soft=0 hard=0) wakes=0 probes=2480/0 maxOutage=0ms rebootRec=0
[health] frame avg=28.1ms p95=28.5ms max=29.1ms  n=1 ap=329  heap free=86716 largest=39924 free8=86716 tlsOk=1 rej=0  allocFail=0 hardFail=0  tls=104/107  interval=217632ms
[health] touch-wd wedges=0 recovered=0/0 (soft=0 hard=0) wakes=0 probes=2483/0 maxOutage=0ms rebootRec=0
[GET] stale keep-alive (-2) on reused socket; retrying fresh
[health] frame avg=29.6ms p95=30.4ms max=34.3ms  n=1 ap=329  heap free=89128 largest=40948 free8=89128 tlsOk=1 rej=0  allocFail=0 hardFail=0  tls=104/108  interval=217632ms
[health] touch-wd wedges=0 recovered=0/0 (soft=0 hard=0) wakes=0 probes=2486/0 maxOutage=0ms rebootRec=0
[health] frame avg=29.6ms p95=30.4ms max=31.1ms  n=1 ap=329  heap free=89128 largest=40948 free8=89128 tlsOk=1 rej=0  allocFail=0 hardFail=0  tls=104/108  interval=217632ms
[health] touch-wd wedges=0 recovered=0/0 (soft=0 hard=0) wakes=0 probes=2489/0 maxOutage=0ms rebootRec=0
[perf] 2026-08-08T10:15:53Z polls=1 busy=1%(fetch=1% enrich=0%) parse=0ms/poll bytes=0/poll ac=1/1 lag=avg0ms,max0ms gapMax=217674ms episodes=1 cache=H0/S0/M0 enrichReqs=0
[health] frame avg=29.6ms p95=30.3ms max=31.4ms  n=1 ap=329  heap free=89160 largest=40948 free8=89160 tlsOk=1 rej=0  allocFail=0 hardFail=0  tls=104/108  interval=217632ms
[health] touch-wd wedges=0 recovered=0/0 (soft=0 hard=0) wakes=0 probes=2492/0 maxOutage=0ms rebootRec=0
[health] frame avg=28.1ms p95=28.3ms max=31.5ms  n=1 ap=329  heap free=86744 largest=38900 free8=86744 tlsOk=1 rej=0  allocFail=0 hardFail=0  tls=104/108  interval=217632ms
[health] touch-wd wedges=0 recovered=0/0 (soft=0 hard=0) wakes=0 probes=2495/0 maxOutage=0ms rebootRec=0
[health] frame avg=28.1ms p95=28.3ms max=29.3ms  n=1 ap=329  heap free=86744 largest=38900 free8=86744 tlsOk=1 rej=0  allocFail=0 hardFail=0  tls=104/108  interval=217632ms
[health] touch-wd wedges=0 recovered=0/0 (soft=0 hard=0) wakes=0 probes=2498/0 maxOutage=0ms rebootRec=0
[health] frame avg=28.1ms p95=28.4ms max=29.4ms  n=1 ap=329  heap free=86744 largest=38900 free8=86744 tlsOk=1 rej=0  allocFail=0 hardFail=0  tls=104/108  interval=217632ms
[health] touch-wd wedges=0 recovered=0/0 (soft=0 hard=0) wakes=0 probes=2501/0 maxOutage=0ms rebootRec=0
[health] frame avg=28.1ms p95=28.3ms max=29.5ms  n=1 ap=329  heap free=86744 largest=38900 free8=86744 tlsOk=1 rej=0  allocFail=0 hardFail=0  tls=104/108  interval=217632ms
[health] touch-wd wedges=0 recovered=0/0 (soft=0 hard=0) wakes=0 probes=2504/0 maxOutage=0ms rebootRec=0
[health] frame avg=28.1ms p95=28.4ms max=29.1ms  n=1 ap=329  heap free=86744 largest=38900 free8=86744 tlsOk=1 rej=0  allocFail=0 hardFail=0  tls=104/108  interval=217632ms
[health] touch-wd wedges=0 recovered=0/0 (soft=0 hard=0) wakes=0 probes=2507/0 maxOutage=0ms rebootRec=0
[GET] stale keep-alive (-2) on reused socket; retrying fresh
[perf] 2026-08-08T10:18:53Z polls=1 busy=1%(fetch=1% enrich=0%) parse=0ms/poll bytes=0/poll ac=1/1 lag=avg0ms,max0ms gapMax=217708ms episodes=1 cache=H0/S0/M0 enrichReqs=0
[health] frame avg=29.6ms p95=30.4ms max=34.2ms  n=1 ap=329  heap free=89140 largest=40948 free8=89140 tlsOk=1 rej=0  allocFail=0 hardFail=0  tls=104/109  interval=217632ms
[health] touch-wd wedges=0 recovered=0/0 (soft=0 hard=0) wakes=0 probes=2510/0 maxOutage=0ms rebootRec=0
[health] frame avg=29.6ms p95=30.4ms max=31.3ms  n=1 ap=329  heap free=89140 largest=40948 free8=89140 tlsOk=1 rej=0  allocFail=0 hardFail=0  tls=104/109  interval=217632ms
[health] touch-wd wedges=0 recovered=0/0 (soft=0 hard=0) wakes=0 probes=2513/0 maxOutage=0ms rebootRec=0
[health] frame avg=28.1ms p95=28.2ms max=32.0ms  n=1 ap=329  heap free=86724 largest=40948 free8=86724 tlsOk=1 rej=0  allocFail=0 hardFail=0  tls=104/109  interval=217632ms
[health] touch-wd wedges=0 recovered=0/0 (soft=0 hard=0) wakes=0 probes=2516/0 maxOutage=0ms rebootRec=0
[health] frame avg=28.1ms p95=28.3ms max=29.3ms  n=1 ap=329  heap free=86724 largest=40948 free8=86724 tlsOk=1 rej=0  allocFail=0 hardFail=0  tls=104/109  interval=217632ms
[health] touch-wd wedges=0 recovered=0/0 (soft=0 hard=0) wakes=0 probes=2519/0 maxOutage=0ms rebootRec=0
[health] frame avg=28.1ms p95=28.2ms max=29.2ms  n=1 ap=329  heap free=86724 largest=40948 free8=86724 tlsOk=1 rej=0  allocFail=0 hardFail=0  tls=104/109  interval=217632ms
[health] touch-wd wedges=0 recovered=0/0 (soft=0 hard=0) wakes=0 probes=2522/0 maxOutage=0ms rebootRec=0
[health] frame avg=28.1ms p95=28.4ms max=29.5ms  n=1 ap=329  heap free=86724 largest=40948 free8=86724 tlsOk=1 rej=0  allocFail=0 hardFail=0  tls=104/109  interval=217632ms
[health] touch-wd wedges=0 recovered=0/0 (soft=0 hard=0) wakes=0 probes=2525/0 maxOutage=0ms rebootRec=0
[health] frame avg=28.1ms p95=28.2ms max=29.5ms  n=1 ap=329  heap free=86724 largest=40948 free8=86724 tlsOk=1 rej=0  allocFail=0 hardFail=0  tls=104/109  interval=217632ms
[health] touch-wd wedges=0 recovered=0/0 (soft=0 hard=0) wakes=0 probes=2528/0 maxOutage=0ms rebootRec=0
[GET] stale keep-alive (-2) on reused socket; retrying fresh
[health] frame avg=29.7ms p95=30.4ms max=34.4ms  n=1 ap=329  heap free=89152 largest=39924 free8=89152 tlsOk=1 rej=0  allocFail=0 hardFail=0  tls=104/110  interval=217632ms
[health] touch-wd wedges=0 recovered=0/0 (soft=0 hard=0) wakes=0 probes=2531/0 maxOutage=0ms rebootRec=0
[perf] 2026-08-08T10:22:53Z polls=1 busy=1%(fetch=1% enrich=0%) parse=1ms/poll bytes=0/poll ac=1/1 lag=avg0ms,max0ms gapMax=217514ms episodes=1 cache=H0/S0/M0 enrichReqs=0
[health] frame avg=29.7ms p95=30.4ms max=31.6ms  n=1 ap=329  heap free=89184 largest=39924 free8=89184 tlsOk=1 rej=0  allocFail=0 hardFail=0  tls=104/110  interval=217632ms
[health] touch-wd wedges=0 recovered=0/0 (soft=0 hard=0) wakes=0 probes=2534/0 maxOutage=0ms rebootRec=0
[health] frame avg=28.1ms p95=28.4ms max=31.5ms  n=1 ap=329  heap free=86756 largest=39924 free8=86756 tlsOk=1 rej=0  allocFail=0 hardFail=0  tls=104/110  interval=217632ms
[health] touch-wd wedges=0 recovered=0/0 (soft=0 hard=0) wakes=0 probes=2537/0 maxOutage=0ms rebootRec=0
[health] frame avg=28.1ms p95=28.2ms max=29.2ms  n=1 ap=329  heap free=86756 largest=39924 free8=86756 tlsOk=1 rej=0  allocFail=0 hardFail=0  tls=104/110  interval=217632ms
[health] touch-wd wedges=0 recovered=0/0 (soft=0 hard=0) wakes=0 probes=2540/0 maxOutage=0ms rebootRec=0
[health] frame avg=28.1ms p95=28.3ms max=29.4ms  n=1 ap=329  heap free=86756 largest=39924 free8=86756 tlsOk=1 rej=0  allocFail=0 hardFail=0  tls=104/110  interval=217632ms
[health] touch-wd wedges=0 recovered=0/0 (soft=0 hard=0) wakes=0 probes=2543/0 maxOutage=0ms rebootRec=0
[health] frame avg=28.1ms p95=28.2ms max=29.6ms  n=1 ap=329  heap free=86756 largest=39924 free8=86756 tlsOk=1 rej=0  allocFail=0 hardFail=0  tls=104/110  interval=217632ms
[health] touch-wd wedges=0 recovered=0/0 (soft=0 hard=0) wakes=0 probes=2546/0 maxOutage=0ms rebootRec=0
[health] frame avg=28.2ms p95=28.5ms max=29.4ms  n=1 ap=329  heap free=86756 largest=39924 free8=86756 tlsOk=1 rej=0  allocFail=0 hardFail=0  tls=104/110  interval=217632ms
[health] touch-wd wedges=0 recovered=0/0 (soft=0 hard=0) wakes=0 probes=2549/0 maxOutage=0ms rebootRec=0
[GET] stale keep-alive (-2) on reused socket; retrying fresh
[perf] 2026-08-08T10:25:53Z polls=1 busy=1%(fetch=1% enrich=0%) parse=1ms/poll bytes=0/poll ac=1/1 lag=avg0ms,max0ms gapMax=217698ms episodes=1 cache=H0/S0/M0 enrichReqs=0
[health] frame avg=29.7ms p95=30.4ms max=34.4ms  n=1 ap=329  heap free=89124 largest=41972 free8=89124 tlsOk=1 rej=0  allocFail=0 hardFail=0  tls=104/111  interval=217632ms
[health] touch-wd wedges=0 recovered=0/0 (soft=0 hard=0) wakes=0 probes=2552/0 maxOutage=0ms rebootRec=0
[health] frame avg=29.7ms p95=30.4ms max=31.4ms  n=1 ap=329  heap free=89124 largest=41972 free8=89124 tlsOk=1 rej=0  allocFail=0 hardFail=0  tls=104/111  interval=217632ms
[health] touch-wd wedges=0 recovered=0/0 (soft=0 hard=0) wakes=0 probes=2555/0 maxOutage=0ms rebootRec=0
[health] frame avg=29.7ms p95=30.3ms max=31.4ms  n=1 ap=329  heap free=89124 largest=41972 free8=89124 tlsOk=1 rej=0  allocFail=0 hardFail=0  tls=104/111  interval=217632ms
[health] touch-wd wedges=0 recovered=0/0 (soft=0 hard=0) wakes=0 probes=2558/0 maxOutage=0ms rebootRec=0
[health] frame avg=28.1ms p95=28.3ms max=31.0ms  n=1 ap=329  heap free=86708 largest=41972 free8=86708 tlsOk=1 rej=0  allocFail=0 hardFail=0  tls=104/111  interval=217632ms
[health] touch-wd wedges=0 recovered=0/0 (soft=0 hard=0) wakes=0 probes=2561/0 maxOutage=0ms rebootRec=0
[health] frame avg=28.1ms p95=28.3ms max=29.4ms  n=1 ap=329  heap free=86744 largest=41972 free8=86744 tlsOk=1 rej=0  allocFail=0 hardFail=0  tls=104/111  interval=217632ms
[health] touch-wd wedges=0 recovered=0/0 (soft=0 hard=0) wakes=0 probes=2564/0 maxOutage=0ms rebootRec=0
[health] frame avg=28.1ms p95=28.4ms max=29.5ms  n=1 ap=329  heap free=86744 largest=41972 free8=86744 tlsOk=1 rej=0  allocFail=0 hardFail=0  tls=104/111  interval=217632ms
[health] touch-wd wedges=0 recovered=0/0 (soft=0 hard=0) wakes=0 probes=2567/0 maxOutage=0ms rebootRec=0
[health] frame avg=28.1ms p95=28.2ms max=29.3ms  n=1 ap=329  heap free=86744 largest=41972 free8=86744 tlsOk=1 rej=0  allocFail=0 hardFail=0  tls=104/111  interval=217632ms
[health] touch-wd wedges=0 recovered=0/0 (soft=0 hard=0) wakes=0 probes=2570/0 maxOutage=0ms rebootRec=0
[GET] stale keep-alive (-2) on reused socket; retrying fresh
[health] frame avg=29.7ms p95=30.4ms max=34.3ms  n=1 ap=329  heap free=89160 largest=39924 free8=89160 tlsOk=1 rej=0  allocFail=0 hardFail=0  tls=104/112  interval=217632ms
[health] touch-wd wedges=0 recovered=0/0 (soft=0 hard=0) wakes=0 probes=2573/0 maxOutage=0ms rebootRec=0
[perf] 2026-08-08T10:29:53Z polls=1 busy=1%(fetch=1% enrich=0%) parse=1ms/poll bytes=0/poll ac=1/1 lag=avg0ms,max0ms gapMax=217640ms episodes=1 cache=H0/S0/M0 enrichReqs=0
[health] frame avg=29.7ms p95=30.4ms max=31.5ms  n=1 ap=329  heap free=89160 largest=39924 free8=89160 tlsOk=1 rej=0  allocFail=0 hardFail=0  tls=104/112  interval=217632ms
[health] touch-wd wedges=0 recovered=0/0 (soft=0 hard=0) wakes=0 probes=2576/0 maxOutage=0ms rebootRec=0
[health] frame avg=29.7ms p95=30.4ms max=31.3ms  n=1 ap=329  heap free=89196 largest=39924 free8=89196 tlsOk=1 rej=0  allocFail=0 hardFail=0  tls=104/112  interval=217632ms
[health] touch-wd wedges=0 recovered=0/0 (soft=0 hard=0) wakes=0 probes=2579/0 maxOutage=0ms rebootRec=0
[health] frame avg=28.1ms p95=28.3ms max=31.6ms  n=1 ap=329  heap free=86780 largest=39924 free8=86780 tlsOk=1 rej=0  allocFail=0 hardFail=0  tls=104/112  interval=217632ms
[health] touch-wd wedges=0 recovered=0/0 (soft=0 hard=0) wakes=0 probes=2582/0 maxOutage=0ms rebootRec=0
[health] frame avg=28.1ms p95=28.4ms max=29.3ms  n=1 ap=329  heap free=86780 largest=39924 free8=86780 tlsOk=1 rej=0  allocFail=0 hardFail=0  tls=104/112  interval=217632ms
[health] touch-wd wedges=0 recovered=0/0 (soft=0 hard=0) wakes=0 probes=2585/0 maxOutage=0ms rebootRec=0
[health] frame avg=28.1ms p95=28.2ms max=29.6ms  n=1 ap=329  heap free=86780 largest=39924 free8=86780 tlsOk=1 rej=0  allocFail=0 hardFail=0  tls=104/112  interval=217632ms
[health] touch-wd wedges=0 recovered=0/0 (soft=0 hard=0) wakes=0 probes=2588/0 maxOutage=0ms rebootRec=0
[health] frame avg=28.1ms p95=28.3ms max=29.3ms  n=1 ap=329  heap free=86780 largest=39924 free8=86780 tlsOk=1 rej=0  allocFail=0 hardFail=0  tls=104/112  interval=217632ms
[health] touch-wd wedges=0 recovered=0/0 (soft=0 hard=0) wakes=0 probes=2591/0 maxOutage=0ms rebootRec=0
[health] frame avg=28.1ms p95=28.3ms max=30.6ms  n=1 ap=329  heap free=86780 largest=39924 free8=86780 tlsOk=1 rej=0  allocFail=0 hardFail=0  tls=104/112  interval=217632ms
[health] touch-wd wedges=0 recovered=0/0 (soft=0 hard=0) wakes=0 probes=2594/0 maxOutage=0ms rebootRec=0
[GET] stale keep-alive (-2) on reused socket; retrying fresh
[health] frame avg=29.8ms p95=30.4ms max=34.3ms  n=1 ap=329  heap free=89148 largest=40948 free8=89148 tlsOk=1 rej=0  allocFail=0 hardFail=0  tls=104/113  interval=217632ms
[health] touch-wd wedges=0 recovered=0/0 (soft=0 hard=0) wakes=0 probes=2597/0 maxOutage=0ms rebootRec=0
[perf] 2026-08-08T10:33:53Z polls=1 busy=1%(fetch=1% enrich=0%) parse=1ms/poll bytes=0/poll ac=1/1 lag=avg0ms,max0ms gapMax=217701ms episodes=1 cache=H0/S0/M0 enrichReqs=0
[health] frame avg=29.7ms p95=30.4ms max=31.2ms  n=1 ap=329  heap free=89152 largest=40948 free8=89152 tlsOk=1 rej=0  allocFail=0 hardFail=0  tls=104/113  interval=217632ms
[health] touch-wd wedges=0 recovered=0/0 (soft=0 hard=0) wakes=0 probes=2600/0 maxOutage=0ms rebootRec=0
[health] frame avg=28.1ms p95=28.4ms max=31.4ms  n=1 ap=329  heap free=86736 largest=38900 free8=86736 tlsOk=1 rej=0  allocFail=0 hardFail=0  tls=104/113  interval=217632ms
[health] touch-wd wedges=0 recovered=0/0 (soft=0 hard=0) wakes=0 probes=2603/0 maxOutage=0ms rebootRec=0
[health] frame avg=28.1ms p95=28.3ms max=29.7ms  n=1 ap=329  heap free=86736 largest=38900 free8=86736 tlsOk=1 rej=0  allocFail=0 hardFail=0  tls=104/113  interval=217632ms
[health] touch-wd wedges=0 recovered=0/0 (soft=0 hard=0) wakes=0 probes=2606/0 maxOutage=0ms rebootRec=0
[health] frame avg=28.1ms p95=28.5ms max=29.1ms  n=1 ap=329  heap free=86736 largest=38900 free8=86736 tlsOk=1 rej=0  allocFail=0 hardFail=0  tls=104/113  interval=217632ms
[health] touch-wd wedges=0 recovered=0/0 (soft=0 hard=0) wakes=0 probes=2609/0 maxOutage=0ms rebootRec=0
[health] frame avg=28.1ms p95=28.2ms max=29.5ms  n=1 ap=329  heap free=86736 largest=38900 free8=86736 tlsOk=1 rej=0  allocFail=0 hardFail=0  tls=104/113  interval=217632ms
[health] touch-wd wedges=0 recovered=0/0 (soft=0 hard=0) wakes=0 probes=2612/0 maxOutage=0ms rebootRec=0
[health] frame avg=28.1ms p95=28.5ms max=29.8ms  n=1 ap=329  heap free=86736 largest=38900 free8=86736 tlsOk=1 rej=0  allocFail=0 hardFail=0  tls=104/113  interval=217632ms
[health] touch-wd wedges=0 recovered=0/0 (soft=0 hard=0) wakes=0 probes=2615/0 maxOutage=0ms rebootRec=0
[GET] stale keep-alive (-2) on reused socket; retrying fresh
[perf] 2026-08-08T10:36:53Z polls=1 busy=1%(fetch=1% enrich=0%) parse=1ms/poll bytes=0/poll ac=1/1 lag=avg0ms,max0ms gapMax=217593ms episodes=1 cache=H0/S0/M0 enrichReqs=0
[health] frame avg=29.8ms p95=30.4ms max=34.3ms  n=1 ap=329  heap free=89144 largest=38900 free8=89144 tlsOk=1 rej=0  allocFail=0 hardFail=0  tls=104/114  interval=217632ms
[health] touch-wd wedges=0 recovered=0/0 (soft=0 hard=0) wakes=0 probes=2618/0 maxOutage=0ms rebootRec=0
[health] frame avg=29.8ms p95=30.4ms max=31.1ms  n=1 ap=329  heap free=89144 largest=38900 free8=89144 tlsOk=1 rej=0  allocFail=0 hardFail=0  tls=104/114  interval=217632ms
[health] touch-wd wedges=0 recovered=0/0 (soft=0 hard=0) wakes=0 probes=2621/0 maxOutage=0ms rebootRec=0
[health] frame avg=28.1ms p95=28.2ms max=31.6ms  n=1 ap=329  heap free=86728 largest=38900 free8=86728 tlsOk=1 rej=0  allocFail=0 hardFail=0  tls=104/114  interval=217632ms
[health] touch-wd wedges=0 recovered=0/0 (soft=0 hard=0) wakes=0 probes=2624/0 maxOutage=0ms rebootRec=0
[health] frame avg=28.1ms p95=28.3ms max=29.3ms  n=1 ap=329  heap free=86764 largest=38900 free8=86764 tlsOk=1 rej=0  allocFail=0 hardFail=0  tls=104/114  interval=217632ms
[health] touch-wd wedges=0 recovered=0/0 (soft=0 hard=0) wakes=0 probes=2627/0 maxOutage=0ms rebootRec=0
[health] frame avg=28.1ms p95=28.2ms max=29.5ms  n=1 ap=329  heap free=86764 largest=38900 free8=86764 tlsOk=1 rej=0  allocFail=0 hardFail=0  tls=104/114  interval=217632ms
[health] touch-wd wedges=0 recovered=0/0 (soft=0 hard=0) wakes=0 probes=2630/0 maxOutage=0ms rebootRec=0
[health] frame avg=28.2ms p95=28.4ms max=29.4ms  n=1 ap=329  heap free=86764 largest=38900 free8=86764 tlsOk=1 rej=0  allocFail=0 hardFail=0  tls=104/114  interval=217632ms
[health] touch-wd wedges=0 recovered=0/0 (soft=0 hard=0) wakes=0 probes=2633/0 maxOutage=0ms rebootRec=0
[health] frame avg=28.1ms p95=28.2ms max=29.5ms  n=1 ap=329  heap free=86764 largest=38900 free8=86764 tlsOk=1 rej=0  allocFail=0 hardFail=0  tls=104/114  interval=217632ms
[health] touch-wd wedges=0 recovered=0/0 (soft=0 hard=0) wakes=0 probes=2636/0 maxOutage=0ms rebootRec=0
[GET] stale keep-alive (-2) on reused socket; retrying fresh
[health] frame avg=29.8ms p95=30.4ms max=34.2ms  n=1 ap=329  heap free=89116 largest=40948 free8=89116 tlsOk=1 rej=0  allocFail=0 hardFail=0  tls=104/115  interval=217632ms
[health] touch-wd wedges=0 recovered=0/0 (soft=0 hard=0) wakes=0 probes=2639/0 maxOutage=0ms rebootRec=0
[perf] 2026-08-08T10:40:53Z polls=1 busy=1%(fetch=1% enrich=0%) parse=1ms/poll bytes=0/poll ac=1/1 lag=avg0ms,max0ms gapMax=217649ms episodes=1 cache=H0/S0/M0 enrichReqs=0
[health] frame avg=29.8ms p95=30.4ms max=31.5ms  n=1 ap=329  heap free=89116 largest=40948 free8=89116 tlsOk=1 rej=0  allocFail=0 hardFail=0  tls=104/115  interval=217632ms
[health] touch-wd wedges=0 recovered=0/0 (soft=0 hard=0) wakes=0 probes=2642/0 maxOutage=0ms rebootRec=0
[health] frame avg=29.8ms p95=30.4ms max=31.8ms  n=1 ap=329  heap free=89116 largest=40948 free8=89116 tlsOk=1 rej=0  allocFail=0 hardFail=0  tls=104/115  interval=217632ms
[health] touch-wd wedges=0 recovered=0/0 (soft=0 hard=0) wakes=0 probes=2645/0 maxOutage=0ms rebootRec=0
[health] frame avg=28.1ms p95=28.2ms max=31.0ms  n=1 ap=329  heap free=86700 largest=40948 free8=86700 tlsOk=1 rej=0  allocFail=0 hardFail=0  tls=104/115  interval=217632ms
[health] touch-wd wedges=0 recovered=0/0 (soft=0 hard=0) wakes=0 probes=2648/0 maxOutage=0ms rebootRec=0
[health] frame avg=28.1ms p95=28.5ms max=29.3ms  n=1 ap=329  heap free=86700 largest=40948 free8=86700 tlsOk=1 rej=0  allocFail=0 hardFail=0  tls=104/115  interval=217632ms
[health] touch-wd wedges=0 recovered=0/0 (soft=0 hard=0) wakes=0 probes=2651/0 maxOutage=0ms rebootRec=0
[health] frame avg=28.1ms p95=28.2ms max=29.6ms  n=1 ap=329  heap free=86700 largest=40948 free8=86700 tlsOk=1 rej=0  allocFail=0 hardFail=0  tls=104/115  interval=217632ms
[health] touch-wd wedges=0 recovered=0/0 (soft=0 hard=0) wakes=0 probes=2654/0 maxOutage=0ms rebootRec=0
[health] frame avg=28.1ms p95=28.5ms max=29.1ms  n=1 ap=329  heap free=86736 largest=40948 free8=86736 tlsOk=1 rej=0  allocFail=0 hardFail=0  tls=104/115  interval=217632ms
[health] touch-wd wedges=0 recovered=0/0 (soft=0 hard=0) wakes=0 probes=2657/0 maxOutage=0ms rebootRec=0
[GET] stale keep-alive (-2) on reused socket; retrying fresh
[health] frame avg=29.7ms p95=30.4ms max=34.3ms  n=1 ap=329  heap free=89128 largest=41972 free8=89128 tlsOk=1 rej=0  allocFail=0 hardFail=0  tls=104/116  interval=217632ms
[health] touch-wd wedges=0 recovered=0/0 (soft=0 hard=0) wakes=0 probes=2660/0 maxOutage=0ms rebootRec=0
[health] frame avg=29.8ms p95=30.4ms max=31.6ms  n=1 ap=329  heap free=89128 largest=41972 free8=89128 tlsOk=1 rej=0  allocFail=0 hardFail=0  tls=104/116  interval=217632ms
[health] touch-wd wedges=0 recovered=0/0 (soft=0 hard=0) wakes=0 probes=2663/0 maxOutage=0ms rebootRec=0
[perf] 2026-08-08T10:44:53Z polls=1 busy=1%(fetch=1% enrich=0%) parse=1ms/poll bytes=0/poll ac=1/1 lag=avg0ms,max0ms gapMax=217632ms episodes=1 cache=H0/S0/M0 enrichReqs=0
[health] frame avg=29.8ms p95=30.4ms max=31.5ms  n=1 ap=329  heap free=89128 largest=41972 free8=89128 tlsOk=1 rej=0  allocFail=0 hardFail=0  tls=104/116  interval=217632ms
[health] touch-wd wedges=0 recovered=0/0 (soft=0 hard=0) wakes=0 probes=2666/0 maxOutage=0ms rebootRec=0
[health] frame avg=28.1ms p95=28.3ms max=31.2ms  n=1 ap=329  heap free=86712 largest=41972 free8=86712 tlsOk=1 rej=0  allocFail=0 hardFail=0  tls=104/116  interval=217632ms
[health] touch-wd wedges=0 recovered=0/0 (soft=0 hard=0) wakes=0 probes=2669/0 maxOutage=0ms rebootRec=0
[health] frame avg=28.1ms p95=28.2ms max=29.4ms  n=1 ap=329  heap free=86712 largest=41972 free8=86712 tlsOk=1 rej=0  allocFail=0 hardFail=0  tls=104/116  interval=217632ms
[health] touch-wd wedges=0 recovered=0/0 (soft=0 hard=0) wakes=0 probes=2672/0 maxOutage=0ms rebootRec=0
[health] frame avg=28.1ms p95=28.3ms max=29.5ms  n=1 ap=329  heap free=86712 largest=41972 free8=86712 tlsOk=1 rej=0  allocFail=0 hardFail=0  tls=104/116  interval=217632ms
[health] touch-wd wedges=0 recovered=0/0 (soft=0 hard=0) wakes=0 probes=2675/0 maxOutage=0ms rebootRec=0
[health] frame avg=28.1ms p95=28.2ms max=29.3ms  n=1 ap=329  heap free=86712 largest=41972 free8=86712 tlsOk=1 rej=0  allocFail=0 hardFail=0  tls=104/116  interval=217632ms
[health] touch-wd wedges=0 recovered=0/0 (soft=0 hard=0) wakes=0 probes=2678/0 maxOutage=0ms rebootRec=0
[health] frame avg=28.1ms p95=28.5ms max=29.3ms  n=1 ap=329  heap free=86712 largest=41972 free8=86712 tlsOk=1 rej=0  allocFail=0 hardFail=0  tls=104/116  interval=217632ms
[health] touch-wd wedges=0 recovered=0/0 (soft=0 hard=0) wakes=0 probes=2681/0 maxOutage=0ms rebootRec=0
[GET] stale keep-alive (-2) on reused socket; retrying fresh
[perf] 2026-08-08T10:47:53Z polls=1 busy=1%(fetch=1% enrich=0%) parse=1ms/poll bytes=0/poll ac=1/1 lag=avg0ms,max0ms gapMax=217628ms episodes=1 cache=H0/S0/M0 enrichReqs=0
[health] frame avg=29.8ms p95=30.4ms max=34.3ms  n=1 ap=329  heap free=89144 largest=39924 free8=89144 tlsOk=1 rej=0  allocFail=0 hardFail=0  tls=104/117  interval=217632ms
[health] touch-wd wedges=0 recovered=0/0 (soft=0 hard=0) wakes=0 probes=2684/0 maxOutage=0ms rebootRec=0
[health] frame avg=29.8ms p95=30.4ms max=31.5ms  n=1 ap=329  heap free=89144 largest=39924 free8=89144 tlsOk=1 rej=0  allocFail=0 hardFail=0  tls=104/117  interval=217632ms
[health] touch-wd wedges=0 recovered=0/0 (soft=0 hard=0) wakes=0 probes=2687/0 maxOutage=0ms rebootRec=0
[health] frame avg=28.1ms p95=28.2ms max=31.7ms  n=1 ap=329  heap free=86764 largest=39924 free8=86764 tlsOk=1 rej=0  allocFail=0 hardFail=0  tls=104/117  interval=217632ms
[health] touch-wd wedges=0 recovered=0/0 (soft=0 hard=0) wakes=0 probes=2690/0 maxOutage=0ms rebootRec=0
[health] frame avg=28.1ms p95=28.5ms max=30.1ms  n=1 ap=329  heap free=86764 largest=39924 free8=86764 tlsOk=1 rej=0  allocFail=0 hardFail=0  tls=104/117  interval=217632ms
[health] touch-wd wedges=0 recovered=0/0 (soft=0 hard=0) wakes=0 probes=2693/0 maxOutage=0ms rebootRec=0
[health] frame avg=28.1ms p95=28.2ms max=29.7ms  n=1 ap=329  heap free=86764 largest=39924 free8=86764 tlsOk=1 rej=0  allocFail=0 hardFail=0  tls=104/117  interval=217632ms
[health] touch-wd wedges=0 recovered=0/0 (soft=0 hard=0) wakes=0 probes=2696/0 maxOutage=0ms rebootRec=0
[health] frame avg=28.2ms p95=28.5ms max=29.1ms  n=1 ap=329  heap free=86764 largest=39924 free8=86764 tlsOk=1 rej=0  allocFail=0 hardFail=0  tls=104/117  interval=217632ms
[health] touch-wd wedges=0 recovered=0/0 (soft=0 hard=0) wakes=0 probes=2699/0 maxOutage=0ms rebootRec=0
[health] frame avg=28.1ms p95=28.2ms max=29.8ms  n=1 ap=329  heap free=86764 largest=39924 free8=86764 tlsOk=1 rej=0  allocFail=0 hardFail=0  tls=104/117  interval=217632ms
[health] touch-wd wedges=0 recovered=0/0 (soft=0 hard=0) wakes=0 probes=2702/0 maxOutage=0ms rebootRec=0
[GET] stale keep-alive (-2) on reused socket; retrying fresh
[health] frame avg=29.8ms p95=30.4ms max=34.4ms  n=1 ap=329  heap free=89124 largest=39924 free8=89124 tlsOk=1 rej=0  allocFail=0 hardFail=0  tls=104/118  interval=217632ms
[health] touch-wd wedges=0 recovered=0/0 (soft=0 hard=0) wakes=0 probes=2705/0 maxOutage=0ms rebootRec=0
[perf] 2026-08-08T10:51:53Z polls=1 busy=1%(fetch=1% enrich=0%) parse=1ms/poll bytes=0/poll ac=1/1 lag=avg0ms,max0ms gapMax=217701ms episodes=1 cache=H0/S0/M0 enrichReqs=0
[health] frame avg=29.8ms p95=30.4ms max=31.8ms  n=1 ap=329  heap free=89124 largest=39924 free8=89124 tlsOk=1 rej=0  allocFail=0 hardFail=0  tls=104/118  interval=217632ms
[health] touch-wd wedges=0 recovered=0/0 (soft=0 hard=0) wakes=0 probes=2708/0 maxOutage=0ms rebootRec=0
[health] frame avg=28.3ms p95=30.2ms max=31.2ms  n=1 ap=329  heap free=86708 largest=39924 free8=86708 tlsOk=1 rej=0  allocFail=0 hardFail=0  tls=104/118  interval=217632ms
[health] touch-wd wedges=0 recovered=0/0 (soft=0 hard=0) wakes=0 probes=2711/0 maxOutage=0ms rebootRec=0
[health] frame avg=28.1ms p95=28.2ms max=29.1ms  n=1 ap=329  heap free=86744 largest=39924 free8=86744 tlsOk=1 rej=0  allocFail=0 hardFail=0  tls=104/118  interval=217632ms
[health] touch-wd wedges=0 recovered=0/0 (soft=0 hard=0) wakes=0 probes=2714/0 maxOutage=0ms rebootRec=0
[health] frame avg=28.1ms p95=28.5ms max=29.4ms  n=1 ap=329  heap free=86744 largest=39924 free8=86744 tlsOk=1 rej=0  allocFail=0 hardFail=0  tls=104/118  interval=217632ms
[health] touch-wd wedges=0 recovered=0/0 (soft=0 hard=0) wakes=0 probes=2717/0 maxOutage=0ms rebootRec=0
[health] frame avg=28.1ms p95=28.2ms max=29.3ms  n=1 ap=329  heap free=86744 largest=39924 free8=86744 tlsOk=1 rej=0  allocFail=0 hardFail=0  tls=104/118  interval=217632ms
[health] touch-wd wedges=0 recovered=0/0 (soft=0 hard=0) wakes=0 probes=2720/0 maxOutage=0ms rebootRec=0
[health] frame avg=28.1ms p95=28.5ms max=30.7ms  n=1 ap=329  heap free=86744 largest=39924 free8=86744 tlsOk=1 rej=0  allocFail=0 hardFail=0  tls=104/118  interval=217632ms
[health] touch-wd wedges=0 recovered=0/0 (soft=0 hard=0) wakes=0 probes=2723/0 maxOutage=0ms rebootRec=0
[GET] stale keep-alive (-2) on reused socket; retrying fresh
[perf] 2026-08-08T10:54:53Z polls=1 busy=2%(fetch=2% enrich=0%) parse=1ms/poll bytes=0/poll ac=1/1 lag=avg0ms,max0ms gapMax=218173ms episodes=1 cache=H0/S0/M0 enrichReqs=0
[health] frame avg=29.8ms p95=30.4ms max=34.1ms  n=1 ap=329  heap free=89120 largest=39924 free8=89120 tlsOk=1 rej=0  allocFail=0 hardFail=0  tls=104/119  interval=217632ms
[health] touch-wd wedges=0 recovered=0/0 (soft=0 hard=0) wakes=0 probes=2726/0 maxOutage=0ms rebootRec=0
[health] frame avg=29.8ms p95=30.4ms max=32.2ms  n=1 ap=329  heap free=89120 largest=39924 free8=89120 tlsOk=1 rej=0  allocFail=0 hardFail=0  tls=104/119  interval=217632ms
[health] touch-wd wedges=0 recovered=0/0 (soft=0 hard=0) wakes=0 probes=2729/0 maxOutage=0ms rebootRec=0
[health] frame avg=29.8ms p95=30.4ms max=31.5ms  n=1 ap=329  heap free=89120 largest=39924 free8=89120 tlsOk=1 rej=0  allocFail=0 hardFail=0  tls=104/119  interval=217632ms
[health] touch-wd wedges=0 recovered=0/0 (soft=0 hard=0) wakes=0 probes=2732/0 maxOutage=0ms rebootRec=0
[health] frame avg=28.1ms p95=28.5ms max=31.4ms  n=1 ap=329  heap free=86704 largest=39924 free8=86704 tlsOk=1 rej=0  allocFail=0 hardFail=0  tls=104/119  interval=217632ms
[health] touch-wd wedges=0 recovered=0/0 (soft=0 hard=0) wakes=0 probes=2735/0 maxOutage=0ms rebootRec=0
[health] frame avg=28.1ms p95=28.2ms max=29.5ms  n=1 ap=329  heap free=86704 largest=39924 free8=86704 tlsOk=1 rej=0  allocFail=0 hardFail=0  tls=104/119  interval=217632ms
[health] touch-wd wedges=0 recovered=0/0 (soft=0 hard=0) wakes=0 probes=2738/0 maxOutage=0ms rebootRec=0
[health] frame avg=28.1ms p95=28.5ms max=29.5ms  n=1 ap=329  heap free=86704 largest=39924 free8=86704 tlsOk=1 rej=0  allocFail=0 hardFail=0  tls=104/119  interval=217632ms
[health] touch-wd wedges=0 recovered=0/0 (soft=0 hard=0) wakes=0 probes=2741/0 maxOutage=0ms rebootRec=0
[health] frame avg=28.1ms p95=28.2ms max=30.0ms  n=1 ap=329  heap free=86740 largest=39924 free8=86740 tlsOk=1 rej=0  allocFail=0 hardFail=0  tls=104/119  interval=217632ms
[health] touch-wd wedges=0 recovered=0/0 (soft=0 hard=0) wakes=0 probes=2744/0 maxOutage=0ms rebootRec=0
[GET] stale keep-alive (-2) on reused socket; retrying fresh
[health] frame avg=27.2ms p95=28.0ms max=34.5ms  n=0 ap=329  heap free=90296 largest=39924 free8=90296 tlsOk=1 rej=0  allocFail=0 hardFail=0  tls=104/120  interval=217632ms
[health] touch-wd wedges=0 recovered=0/0 (soft=0 hard=0) wakes=0 probes=2747/0 maxOutage=0ms rebootRec=0
[perf] 2026-08-08T10:58:53Z polls=1 busy=1%(fetch=1% enrich=0%) parse=1ms/poll bytes=0/poll ac=0/0 lag=avg0ms,max0ms gapMax=217117ms episodes=1 cache=H0/S0/M0 enrichReqs=0
[health] frame avg=27.1ms p95=27.2ms max=28.3ms  n=0 ap=329  heap free=90296 largest=39924 free8=90296 tlsOk=1 rej=0  allocFail=0 hardFail=0  tls=104/120  interval=217632ms
[health] touch-wd wedges=0 recovered=0/0 (soft=0 hard=0) wakes=0 probes=2750/0 maxOutage=0ms rebootRec=0
[health] frame avg=27.1ms p95=27.3ms max=28.5ms  n=0 ap=329  heap free=90296 largest=39924 free8=90296 tlsOk=1 rej=0  allocFail=0 hardFail=0  tls=104/120  interval=217632ms
[health] touch-wd wedges=0 recovered=0/0 (soft=0 hard=0) wakes=0 probes=2753/0 maxOutage=0ms rebootRec=0
[health] frame avg=27.1ms p95=27.2ms max=28.1ms  n=0 ap=329  heap free=87928 largest=39924 free8=87928 tlsOk=1 rej=0  allocFail=0 hardFail=0  tls=104/120  interval=217632ms
[health] touch-wd wedges=0 recovered=0/0 (soft=0 hard=0) wakes=0 probes=2756/0 maxOutage=0ms rebootRec=0
[health] frame avg=27.0ms p95=27.2ms max=28.0ms  n=0 ap=329  heap free=87928 largest=39924 free8=87928 tlsOk=1 rej=0  allocFail=0 hardFail=0  tls=104/120  interval=217632ms
[health] touch-wd wedges=0 recovered=0/0 (soft=0 hard=0) wakes=0 probes=2759/0 maxOutage=0ms rebootRec=0
[health] frame avg=27.0ms p95=27.2ms max=28.3ms  n=0 ap=329  heap free=87928 largest=39924 free8=87928 tlsOk=1 rej=0  allocFail=0 hardFail=0  tls=104/120  interval=217632ms
[health] touch-wd wedges=0 recovered=0/0 (soft=0 hard=0) wakes=0 probes=2762/0 maxOutage=0ms rebootRec=0
[health] frame avg=26.8ms p95=27.0ms max=28.0ms  n=0 ap=329  heap free=87928 largest=39924 free8=87928 tlsOk=1 rej=0  allocFail=0 hardFail=0  tls=104/120  interval=217632ms
[health] touch-wd wedges=0 recovered=0/0 (soft=0 hard=0) wakes=0 probes=2765/0 maxOutage=0ms rebootRec=0
[health] frame avg=26.8ms p95=26.9ms max=28.0ms  n=0 ap=329  heap free=87928 largest=39924 free8=87928 tlsOk=1 rej=0  allocFail=0 hardFail=0  tls=104/120  interval=217632ms
[health] touch-wd wedges=0 recovered=0/0 (soft=0 hard=0) wakes=0 probes=2768/0 maxOutage=0ms rebootRec=0
[GET] stale keep-alive (-2) on reused socket; retrying fresh
[health] frame avg=27.0ms p95=27.1ms max=31.8ms  n=0 ap=329  heap free=90268 largest=42996 free8=90268 tlsOk=1 rej=0  allocFail=0 hardFail=0  tls=104/121  interval=217632ms
[health] touch-wd wedges=0 recovered=0/0 (soft=0 hard=0) wakes=0 probes=2771/0 maxOutage=0ms rebootRec=0
[perf] 2026-08-08T11:02:53Z polls=1 busy=1%(fetch=1% enrich=0%) parse=0ms/poll bytes=0/poll ac=0/0 lag=avg0ms,max0ms gapMax=217594ms episodes=1 cache=H0/S0/M0 enrichReqs=0
[health] frame avg=26.9ms p95=27.0ms max=28.0ms  n=0 ap=329  heap free=90304 largest=42996 free8=90304 tlsOk=1 rej=0  allocFail=0 hardFail=0  tls=104/121  interval=217632ms
[health] touch-wd wedges=0 recovered=0/0 (soft=0 hard=0) wakes=0 probes=2774/0 maxOutage=0ms rebootRec=0
[health] frame avg=26.9ms p95=27.1ms max=27.6ms  n=0 ap=329  heap free=87888 largest=42996 free8=87888 tlsOk=1 rej=0  allocFail=0 hardFail=0  tls=104/121  interval=217632ms
[health] touch-wd wedges=0 recovered=0/0 (soft=0 hard=0) wakes=0 probes=2777/0 maxOutage=0ms rebootRec=0
[health] frame avg=26.9ms p95=27.0ms max=27.9ms  n=0 ap=329  heap free=87888 largest=42996 free8=87888 tlsOk=1 rej=0  allocFail=0 hardFail=0  tls=104/121  interval=217632ms
[health] touch-wd wedges=0 recovered=0/0 (soft=0 hard=0) wakes=0 probes=2780/0 maxOutage=0ms rebootRec=0
[health] frame avg=26.9ms p95=27.0ms max=27.7ms  n=0 ap=329  heap free=87888 largest=42996 free8=87888 tlsOk=1 rej=0  allocFail=0 hardFail=0  tls=104/121  interval=217632ms
[health] touch-wd wedges=0 recovered=0/0 (soft=0 hard=0) wakes=0 probes=2783/0 maxOutage=0ms rebootRec=0
[health] frame avg=26.9ms p95=27.0ms max=28.6ms  n=0 ap=329  heap free=87888 largest=42996 free8=87888 tlsOk=1 rej=0  allocFail=0 hardFail=0  tls=104/121  interval=217632ms
[health] touch-wd wedges=0 recovered=0/0 (soft=0 hard=0) wakes=0 probes=2786/0 maxOutage=0ms rebootRec=0
[health] frame avg=27.0ms p95=27.1ms max=27.8ms  n=0 ap=329  heap free=87888 largest=42996 free8=87888 tlsOk=1 rej=0  allocFail=0 hardFail=0  tls=104/121  interval=217632ms
[health] touch-wd wedges=0 recovered=0/0 (soft=0 hard=0) wakes=0 probes=2789/0 maxOutage=0ms rebootRec=0
[GET] stale keep-alive (-2) on reused socket; retrying fresh
[perf] 2026-08-08T11:05:53Z polls=1 busy=1%(fetch=1% enrich=0%) parse=1ms/poll bytes=0/poll ac=0/0 lag=avg0ms,max0ms gapMax=217744ms episodes=1 cache=H0/S0/M0 enrichReqs=0
[health] frame avg=27.0ms p95=27.1ms max=31.8ms  n=0 ap=329  heap free=90264 largest=44020 free8=90264 tlsOk=1 rej=0  allocFail=0 hardFail=0  tls=104/122  interval=217632ms
[health] touch-wd wedges=0 recovered=0/0 (soft=0 hard=0) wakes=0 probes=2792/0 maxOutage=0ms rebootRec=0
[health] frame avg=27.0ms p95=27.2ms max=28.0ms  n=0 ap=329  heap free=90264 largest=44020 free8=90264 tlsOk=1 rej=0  allocFail=0 hardFail=0  tls=104/122  interval=217632ms
[health] touch-wd wedges=0 recovered=0/0 (soft=0 hard=0) wakes=0 probes=2795/0 maxOutage=0ms rebootRec=0
[health] frame avg=27.0ms p95=27.1ms max=28.0ms  n=0 ap=329  heap free=87848 largest=41972 free8=87848 tlsOk=1 rej=0  allocFail=0 hardFail=0  tls=104/122  interval=217632ms
[health] touch-wd wedges=0 recovered=0/0 (soft=0 hard=0) wakes=0 probes=2798/0 maxOutage=0ms rebootRec=0
[health] frame avg=26.9ms p95=27.2ms max=28.2ms  n=0 ap=329  heap free=87848 largest=41972 free8=87848 tlsOk=1 rej=0  allocFail=0 hardFail=0  tls=104/122  interval=217632ms
[health] touch-wd wedges=0 recovered=0/0 (soft=0 hard=0) wakes=0 probes=2801/0 maxOutage=0ms rebootRec=0
[health] frame avg=26.9ms p95=27.0ms max=28.0ms  n=0 ap=329  heap free=87884 largest=41972 free8=87884 tlsOk=1 rej=0  allocFail=0 hardFail=0  tls=104/122  interval=217632ms
[health] touch-wd wedges=0 recovered=0/0 (soft=0 hard=0) wakes=0 probes=2804/0 maxOutage=0ms rebootRec=0
[health] frame avg=27.0ms p95=27.3ms max=28.3ms  n=0 ap=329  heap free=87884 largest=41972 free8=87884 tlsOk=1 rej=0  allocFail=0 hardFail=0  tls=104/122  interval=217632ms
[health] touch-wd wedges=0 recovered=0/0 (soft=0 hard=0) wakes=0 probes=2807/0 maxOutage=0ms rebootRec=0
[health] frame avg=27.0ms p95=27.1ms max=28.0ms  n=0 ap=329  heap free=87884 largest=41972 free8=87884 tlsOk=1 rej=0  allocFail=0 hardFail=0  tls=104/122  interval=217632ms
[health] touch-wd wedges=0 recovered=0/0 (soft=0 hard=0) wakes=0 probes=2810/0 maxOutage=0ms rebootRec=0
[GET] stale keep-alive (-2) on reused socket; retrying fresh
[health] frame avg=27.0ms p95=27.2ms max=32.0ms  n=0 ap=329  heap free=90252 largest=41972 free8=90252 tlsOk=1 rej=0  allocFail=0 hardFail=0  tls=104/123  interval=217632ms
[health] touch-wd wedges=0 recovered=0/0 (soft=0 hard=0) wakes=0 probes=2813/0 maxOutage=0ms rebootRec=0
[perf] 2026-08-08T11:09:54Z polls=1 busy=1%(fetch=1% enrich=0%) parse=1ms/poll bytes=0/poll ac=0/0 lag=avg0ms,max0ms gapMax=217627ms episodes=1 cache=H0/S0/M0 enrichReqs=0
[health] frame avg=26.9ms p95=27.1ms max=28.2ms  n=0 ap=329  heap free=90252 largest=41972 free8=90252 tlsOk=1 rej=0  allocFail=0 hardFail=0  tls=104/123  interval=217632ms
[health] touch-wd wedges=0 recovered=0/0 (soft=0 hard=0) wakes=0 probes=2816/0 maxOutage=0ms rebootRec=0
[health] frame avg=26.8ms p95=27.0ms max=27.8ms  n=0 ap=329  heap free=90252 largest=41972 free8=90252 tlsOk=1 rej=0  allocFail=0 hardFail=0  tls=104/123  interval=217632ms
[health] touch-wd wedges=0 recovered=0/0 (soft=0 hard=0) wakes=0 probes=2819/0 maxOutage=0ms rebootRec=0
[health] frame avg=26.8ms p95=26.9ms max=27.9ms  n=0 ap=329  heap free=87836 largest=41972 free8=87836 tlsOk=1 rej=0  allocFail=0 hardFail=0  tls=104/123  interval=217632ms
[health] touch-wd wedges=0 recovered=0/0 (soft=0 hard=0) wakes=0 probes=2822/0 maxOutage=0ms rebootRec=0
[health] frame avg=26.7ms p95=26.8ms max=27.6ms  n=0 ap=329  heap free=87872 largest=41972 free8=87872 tlsOk=1 rej=0  allocFail=0 hardFail=0  tls=104/123  interval=217632ms
[health] touch-wd wedges=0 recovered=0/0 (soft=0 hard=0) wakes=0 probes=2825/0 maxOutage=0ms rebootRec=0
[health] frame avg=26.7ms p95=26.8ms max=27.7ms  n=0 ap=329  heap free=87872 largest=41972 free8=87872 tlsOk=1 rej=0  allocFail=0 hardFail=0  tls=104/123  interval=217632ms
[health] touch-wd wedges=0 recovered=0/0 (soft=0 hard=0) wakes=0 probes=2828/0 maxOutage=0ms rebootRec=0
[health] frame avg=26.8ms p95=27.0ms max=27.7ms  n=0 ap=329  heap free=87872 largest=41972 free8=87872 tlsOk=1 rej=0  allocFail=0 hardFail=0  tls=104/123  interval=217632ms
[health] touch-wd wedges=0 recovered=0/0 (soft=0 hard=0) wakes=0 probes=2831/0 maxOutage=0ms rebootRec=0
[GET] stale keep-alive (-2) on reused socket; retrying fresh
[health] frame avg=26.8ms p95=26.9ms max=31.5ms  n=0 ap=329  heap free=90280 largest=40948 free8=90280 tlsOk=1 rej=0  allocFail=0 hardFail=0  tls=104/124  interval=217632ms
[health] touch-wd wedges=0 recovered=0/0 (soft=0 hard=0) wakes=0 probes=2834/0 maxOutage=0ms rebootRec=0
[health] frame avg=26.8ms p95=26.9ms max=27.7ms  n=0 ap=329  heap free=90316 largest=40948 free8=90316 tlsOk=1 rej=0  allocFail=0 hardFail=0  tls=104/124  interval=217632ms
[health] touch-wd wedges=0 recovered=0/0 (soft=0 hard=0) wakes=0 probes=2837/0 maxOutage=0ms rebootRec=0
[perf] 2026-08-08T11:13:54Z polls=1 busy=1%(fetch=1% enrich=0%) parse=0ms/poll bytes=0/poll ac=0/0 lag=avg0ms,max0ms gapMax=217592ms episodes=1 cache=H0/S0/M0 enrichReqs=0
[health] frame avg=26.8ms p95=26.8ms max=27.7ms  n=0 ap=329  heap free=90316 largest=40948 free8=90316 tlsOk=1 rej=0  allocFail=0 hardFail=0  tls=104/124  interval=217632ms
[health] touch-wd wedges=0 recovered=0/0 (soft=0 hard=0) wakes=0 probes=2840/0 maxOutage=0ms rebootRec=0
[health] frame avg=26.8ms p95=26.9ms max=27.7ms  n=0 ap=329  heap free=87900 largest=40948 free8=87900 tlsOk=1 rej=0  allocFail=0 hardFail=0  tls=104/124  interval=217632ms
[health] touch-wd wedges=0 recovered=0/0 (soft=0 hard=0) wakes=0 probes=2843/0 maxOutage=0ms rebootRec=0
[health] frame avg=26.8ms p95=26.9ms max=28.1ms  n=0 ap=329  heap free=87900 largest=40948 free8=87900 tlsOk=1 rej=0  allocFail=0 hardFail=0  tls=104/124  interval=217632ms
[health] touch-wd wedges=0 recovered=0/0 (soft=0 hard=0) wakes=0 probes=2846/0 maxOutage=0ms rebootRec=0
[health] frame avg=26.8ms p95=27.0ms max=27.9ms  n=0 ap=329  heap free=87900 largest=40948 free8=87900 tlsOk=1 rej=0  allocFail=0 hardFail=0  tls=104/124  interval=217632ms
[health] touch-wd wedges=0 recovered=0/0 (soft=0 hard=0) wakes=0 probes=2849/0 maxOutage=0ms rebootRec=0
[health] frame avg=26.8ms p95=26.9ms max=27.8ms  n=0 ap=329  heap free=87900 largest=40948 free8=87900 tlsOk=1 rej=0  allocFail=0 hardFail=0  tls=104/124  interval=217632ms
[health] touch-wd wedges=0 recovered=0/0 (soft=0 hard=0) wakes=0 probes=2852/0 maxOutage=0ms rebootRec=0
[health] frame avg=26.8ms p95=27.0ms max=28.1ms  n=0 ap=329  heap free=87900 largest=40948 free8=87900 tlsOk=1 rej=0  allocFail=0 hardFail=0  tls=104/124  interval=217632ms
[health] touch-wd wedges=0 recovered=0/0 (soft=0 hard=0) wakes=0 probes=2855/0 maxOutage=0ms rebootRec=0
[GET] stale keep-alive (-2) on reused socket; retrying fresh
[perf] 2026-08-08T11:16:54Z polls=1 busy=1%(fetch=1% enrich=0%) parse=1ms/poll bytes=0/poll ac=0/0 lag=avg0ms,max0ms gapMax=217626ms episodes=1 cache=H0/S0/M0 enrichReqs=0
[health] frame avg=26.8ms p95=26.9ms max=31.5ms  n=0 ap=329  heap free=90264 largest=40948 free8=90264 tlsOk=1 rej=0  allocFail=0 hardFail=0  tls=104/125  interval=217632ms
[health] touch-wd wedges=0 recovered=0/0 (soft=0 hard=0) wakes=0 probes=2858/0 maxOutage=0ms rebootRec=0
[health] frame avg=26.7ms p95=26.9ms max=27.7ms  n=0 ap=329  heap free=90264 largest=40948 free8=90264 tlsOk=1 rej=0  allocFail=0 hardFail=0  tls=104/125  interval=217632ms
[health] touch-wd wedges=0 recovered=0/0 (soft=0 hard=0) wakes=0 probes=2861/0 maxOutage=0ms rebootRec=0
[health] frame avg=26.7ms p95=26.9ms max=27.8ms  n=0 ap=329  heap free=87848 largest=40948 free8=87848 tlsOk=1 rej=0  allocFail=0 hardFail=0  tls=104/125  interval=217632ms
[health] touch-wd wedges=0 recovered=0/0 (soft=0 hard=0) wakes=0 probes=2864/0 maxOutage=0ms rebootRec=0
[health] frame avg=26.9ms p95=27.1ms max=27.8ms  n=0 ap=329  heap free=87848 largest=40948 free8=87848 tlsOk=1 rej=0  allocFail=0 hardFail=0  tls=104/125  interval=217632ms
[health] touch-wd wedges=0 recovered=0/0 (soft=0 hard=0) wakes=0 probes=2867/0 maxOutage=0ms rebootRec=0
[health] frame avg=26.8ms p95=26.9ms max=27.8ms  n=0 ap=329  heap free=87848 largest=40948 free8=87848 tlsOk=1 rej=0  allocFail=0 hardFail=0  tls=104/125  interval=217632ms
[health] touch-wd wedges=0 recovered=0/0 (soft=0 hard=0) wakes=0 probes=2870/0 maxOutage=0ms rebootRec=0
[health] frame avg=26.8ms p95=27.0ms max=27.6ms  n=0 ap=329  heap free=87848 largest=40948 free8=87848 tlsOk=1 rej=0  allocFail=0 hardFail=0  tls=104/125  interval=217632ms
[health] touch-wd wedges=0 recovered=0/0 (soft=0 hard=0) wakes=0 probes=2873/0 maxOutage=0ms rebootRec=0
[health] frame avg=26.9ms p95=27.0ms max=28.0ms  n=0 ap=329  heap free=87848 largest=40948 free8=87848 tlsOk=1 rej=0  allocFail=0 hardFail=0  tls=104/125  interval=217632ms
[health] touch-wd wedges=0 recovered=0/0 (soft=0 hard=0) wakes=0 probes=2876/0 maxOutage=0ms rebootRec=0
[GET] stale keep-alive (-2) on reused socket; retrying fresh
[health] frame avg=27.0ms p95=27.1ms max=31.8ms  n=0 ap=329  heap free=90308 largest=42996 free8=90308 tlsOk=1 rej=0  allocFail=0 hardFail=0  tls=104/126  interval=217632ms
[health] touch-wd wedges=0 recovered=0/0 (soft=0 hard=0) wakes=0 probes=2879/0 maxOutage=0ms rebootRec=0
[perf] 2026-08-08T11:20:54Z polls=1 busy=1%(fetch=1% enrich=0%) parse=0ms/poll bytes=0/poll ac=0/0 lag=avg0ms,max0ms gapMax=217642ms episodes=1 cache=H0/S0/M0 enrichReqs=0
[health] frame avg=26.9ms p95=27.1ms max=28.0ms  n=0 ap=329  heap free=90308 largest=42996 free8=90308 tlsOk=1 rej=0  allocFail=0 hardFail=0  tls=104/126  interval=217632ms
[health] touch-wd wedges=0 recovered=0/0 (soft=0 hard=0) wakes=0 probes=2882/0 maxOutage=0ms rebootRec=0
[health] frame avg=26.8ms p95=27.0ms max=27.9ms  n=0 ap=329  heap free=87892 largest=40948 free8=87892 tlsOk=1 rej=0  allocFail=0 hardFail=0  tls=104/126  interval=217632ms
[health] touch-wd wedges=0 recovered=0/0 (soft=0 hard=0) wakes=0 probes=2885/0 maxOutage=0ms rebootRec=0
[health] frame avg=26.8ms p95=26.9ms max=27.9ms  n=0 ap=329  heap free=87892 largest=40948 free8=87892 tlsOk=1 rej=0  allocFail=0 hardFail=0  tls=104/126  interval=217632ms
[health] touch-wd wedges=0 recovered=0/0 (soft=0 hard=0) wakes=0 probes=2888/0 maxOutage=0ms rebootRec=0
[health] frame avg=26.9ms p95=27.0ms max=27.7ms  n=0 ap=329  heap free=87892 largest=40948 free8=87892 tlsOk=1 rej=0  allocFail=0 hardFail=0  tls=104/126  interval=217632ms
[health] touch-wd wedges=0 recovered=0/0 (soft=0 hard=0) wakes=0 probes=2891/0 maxOutage=0ms rebootRec=0
[health] frame avg=26.9ms p95=27.0ms max=27.9ms  n=0 ap=329  heap free=87892 largest=40948 free8=87892 tlsOk=1 rej=0  allocFail=0 hardFail=0  tls=104/126  interval=217632ms
[health] touch-wd wedges=0 recovered=0/0 (soft=0 hard=0) wakes=0 probes=2894/0 maxOutage=0ms rebootRec=0
[health] frame avg=26.9ms p95=27.0ms max=27.8ms  n=0 ap=329  heap free=87892 largest=40948 free8=87892 tlsOk=1 rej=0  allocFail=0 hardFail=0  tls=104/126  interval=217632ms
[health] touch-wd wedges=0 recovered=0/0 (soft=0 hard=0) wakes=0 probes=2897/0 maxOutage=0ms rebootRec=0
[GET] stale keep-alive (-2) on reused socket; retrying fresh
[perf] 2026-08-08T11:23:54Z polls=1 busy=1%(fetch=1% enrich=0%) parse=0ms/poll bytes=0/poll ac=0/0 lag=avg0ms,max0ms gapMax=217703ms episodes=1 cache=H0/S0/M0 enrichReqs=0
[health] frame avg=26.9ms p95=27.0ms max=31.8ms  n=0 ap=329  heap free=90244 largest=41972 free8=90244 tlsOk=1 rej=0  allocFail=0 hardFail=0  tls=104/127  interval=217632ms
[health] touch-wd wedges=0 recovered=0/0 (soft=0 hard=0) wakes=0 probes=2900/0 maxOutage=0ms rebootRec=0
[health] frame avg=26.9ms p95=27.0ms max=27.8ms  n=0 ap=329  heap free=90244 largest=41972 free8=90244 tlsOk=1 rej=0  allocFail=0 hardFail=0  tls=104/127  interval=217632ms
[health] touch-wd wedges=0 recovered=0/0 (soft=0 hard=0) wakes=0 probes=2903/0 maxOutage=0ms rebootRec=0
[health] frame avg=26.9ms p95=27.0ms max=28.0ms  n=0 ap=329  heap free=90244 largest=41972 free8=90244 tlsOk=1 rej=0  allocFail=0 hardFail=0  tls=104/127  interval=217632ms
[health] touch-wd wedges=0 recovered=0/0 (soft=0 hard=0) wakes=0 probes=2906/0 maxOutage=0ms rebootRec=0
[health] frame avg=26.9ms p95=27.0ms max=27.9ms  n=0 ap=329  heap free=87828 largest=39924 free8=87828 tlsOk=1 rej=0  allocFail=0 hardFail=0  tls=104/127  interval=217632ms
[health] touch-wd wedges=0 recovered=0/0 (soft=0 hard=0) wakes=0 probes=2909/0 maxOutage=0ms rebootRec=0
[health] frame avg=26.9ms p95=27.0ms max=27.9ms  n=0 ap=329  heap free=87828 largest=39924 free8=87828 tlsOk=1 rej=0  allocFail=0 hardFail=0  tls=104/127  interval=217632ms
[health] touch-wd wedges=0 recovered=0/0 (soft=0 hard=0) wakes=0 probes=2912/0 maxOutage=0ms rebootRec=0
[health] frame avg=26.9ms p95=27.1ms max=28.2ms  n=0 ap=329  heap free=87864 largest=39924 free8=87864 tlsOk=1 rej=0  allocFail=0 hardFail=0  tls=104/127  interval=217632ms
[health] touch-wd wedges=0 recovered=0/0 (soft=0 hard=0) wakes=0 probes=2915/0 maxOutage=0ms rebootRec=0
[health] frame avg=26.9ms p95=27.0ms max=28.0ms  n=0 ap=329  heap free=87864 largest=39924 free8=87864 tlsOk=1 rej=0  allocFail=0 hardFail=0  tls=104/127  interval=217632ms
[health] touch-wd wedges=0 recovered=0/0 (soft=0 hard=0) wakes=0 probes=2918/0 maxOutage=0ms rebootRec=0
[GET] stale keep-alive (-2) on reused socket; retrying fresh
[logbook] persisted (75/220 types claimed, 120 airlines, 38 countries, 17647 contacts; 10749 B blobs, 1970 NVS entries free)
[adsbdb] a2c43e -> type=B739 operator=Alaska Airlines reg=N278AK
[health] frame avg=29.5ms p95=31.4ms max=75.7ms  n=1 ap=329  heap free=91948 largest=46068 free8=91948 tlsOk=1 rej=0  allocFail=0 hardFail=0  tls=105/128  interval=217632ms
[health] touch-wd wedges=0 recovered=0/0 (soft=0 hard=0) wakes=0 probes=2921/0 maxOutage=0ms rebootRec=0
[perf] 2026-08-08T11:27:54Z polls=1 busy=4%(fetch=1% enrich=2%) parse=1ms/poll bytes=0/poll ac=1/1 lag=avg0ms,max0ms gapMax=217676ms episodes=1 cache=H0/S0/M0 enrichReqs=1
[health] frame avg=29.5ms p95=30.1ms max=31.4ms  n=1 ap=329  heap free=91948 largest=46068 free8=91948 tlsOk=1 rej=0  allocFail=0 hardFail=0  tls=105/128  interval=217632ms
[health] touch-wd wedges=0 recovered=0/0 (soft=0 hard=0) wakes=0 probes=2924/0 maxOutage=0ms rebootRec=0
[health] frame avg=29.5ms p95=30.3ms max=31.6ms  n=1 ap=329  heap free=91948 largest=46068 free8=91948 tlsOk=1 rej=0  allocFail=0 hardFail=0  tls=105/128  interval=217632ms
[health] touch-wd wedges=0 recovered=0/0 (soft=0 hard=0) wakes=0 probes=2927/0 maxOutage=0ms rebootRec=0
[health] frame avg=28.1ms p95=28.3ms max=31.7ms  n=1 ap=329  heap free=89532 largest=46068 free8=89532 tlsOk=1 rej=0  allocFail=0 hardFail=0  tls=105/128  interval=217632ms
[health] touch-wd wedges=0 recovered=0/0 (soft=0 hard=0) wakes=0 probes=2930/0 maxOutage=0ms rebootRec=0
[health] frame avg=28.2ms p95=28.6ms max=30.0ms  n=1 ap=329  heap free=89532 largest=46068 free8=89532 tlsOk=1 rej=0  allocFail=0 hardFail=0  tls=105/128  interval=217632ms
[health] touch-wd wedges=0 recovered=0/0 (soft=0 hard=0) wakes=0 probes=2933/0 maxOutage=0ms rebootRec=0
[health] frame avg=28.1ms p95=28.2ms max=30.0ms  n=1 ap=329  heap free=89532 largest=46068 free8=89532 tlsOk=1 rej=0  allocFail=0 hardFail=0  tls=105/128  interval=217632ms
[health] touch-wd wedges=0 recovered=0/0 (soft=0 hard=0) wakes=0 probes=2936/0 maxOutage=0ms rebootRec=0
[health] frame avg=28.1ms p95=28.5ms max=29.1ms  n=1 ap=329  heap free=89532 largest=46068 free8=89532 tlsOk=1 rej=0  allocFail=0 hardFail=0  tls=105/128  interval=217632ms
[health] touch-wd wedges=0 recovered=0/0 (soft=0 hard=0) wakes=0 probes=2939/0 maxOutage=0ms rebootRec=0
[health] frame avg=28.0ms p95=28.2ms max=29.2ms  n=1 ap=329  heap free=89532 largest=46068 free8=89532 tlsOk=1 rej=0  allocFail=0 hardFail=0  tls=105/128  interval=217632ms
[health] touch-wd wedges=0 recovered=0/0 (soft=0 hard=0) wakes=0 probes=2942/0 maxOutage=0ms rebootRec=0
[health] frame avg=26.8ms p95=26.9ms max=33.7ms  n=0 ap=329  heap free=90272 largest=39924 free8=90272 tlsOk=1 rej=0  allocFail=0 hardFail=0  tls=106/128  interval=217632ms
[health] touch-wd wedges=0 recovered=0/0 (soft=0 hard=0) wakes=0 probes=2945/0 maxOutage=0ms rebootRec=0
[perf] 2026-08-08T11:31:54Z polls=1 busy=1%(fetch=1% enrich=0%) parse=1ms/poll bytes=0/poll ac=0/0 lag=avg0ms,max0ms gapMax=217600ms episodes=1 cache=H0/S0/M0 enrichReqs=0
[health] frame avg=26.8ms p95=26.9ms max=27.8ms  n=0 ap=329  heap free=90272 largest=39924 free8=90272 tlsOk=1 rej=0  allocFail=0 hardFail=0  tls=106/128  interval=217632ms
[health] touch-wd wedges=0 recovered=0/0 (soft=0 hard=0) wakes=0 probes=2948/0 maxOutage=0ms rebootRec=0
[health] frame avg=26.9ms p95=27.0ms max=27.9ms  n=0 ap=329  heap free=87856 largest=39924 free8=87856 tlsOk=1 rej=0  allocFail=0 hardFail=0  tls=106/128  interval=217632ms
[health] touch-wd wedges=0 recovered=0/0 (soft=0 hard=0) wakes=0 probes=2951/0 maxOutage=0ms rebootRec=0
[health] frame avg=26.9ms p95=27.0ms max=27.8ms  n=0 ap=329  heap free=87856 largest=39924 free8=87856 tlsOk=1 rej=0  allocFail=0 hardFail=0  tls=106/128  interval=217632ms
[health] touch-wd wedges=0 recovered=0/0 (soft=0 hard=0) wakes=0 probes=2954/0 maxOutage=0ms rebootRec=0
[health] frame avg=26.9ms p95=27.1ms max=27.8ms  n=0 ap=329  heap free=87856 largest=39924 free8=87856 tlsOk=1 rej=0  allocFail=0 hardFail=0  tls=106/128  interval=217632ms
[health] touch-wd wedges=0 recovered=0/0 (soft=0 hard=0) wakes=0 probes=2957/0 maxOutage=0ms rebootRec=0
[health] frame avg=26.9ms p95=27.0ms max=28.0ms  n=0 ap=329  heap free=87856 largest=39924 free8=87856 tlsOk=1 rej=0  allocFail=0 hardFail=0  tls=106/128  interval=217632ms
[health] touch-wd wedges=0 recovered=0/0 (soft=0 hard=0) wakes=0 probes=2960/0 maxOutage=0ms rebootRec=0
[health] frame avg=26.9ms p95=26.9ms max=27.9ms  n=0 ap=329  heap free=87856 largest=39924 free8=87856 tlsOk=1 rej=0  allocFail=0 hardFail=0  tls=106/128  interval=217632ms
[health] touch-wd wedges=0 recovered=0/0 (soft=0 hard=0) wakes=0 probes=2963/0 maxOutage=0ms rebootRec=0
[GET] stale keep-alive (-2) on reused socket; retrying fresh
[perf] 2026-08-08T11:34:54Z polls=1 busy=1%(fetch=1% enrich=0%) parse=1ms/poll bytes=0/poll ac=0/0 lag=avg0ms,max0ms gapMax=217583ms episodes=1 cache=H0/S0/M0 enrichReqs=0
[health] frame avg=26.9ms p95=26.9ms max=31.7ms  n=0 ap=329  heap free=90264 largest=42996 free8=90264 tlsOk=1 rej=0  allocFail=0 hardFail=0  tls=106/129  interval=217632ms
[health] touch-wd wedges=0 recovered=0/0 (soft=0 hard=0) wakes=0 probes=2966/0 maxOutage=0ms rebootRec=0
[health] frame avg=26.9ms p95=27.1ms max=27.9ms  n=0 ap=329  heap free=90264 largest=42996 free8=90264 tlsOk=1 rej=0  allocFail=0 hardFail=0  tls=106/129  interval=217632ms
[health] touch-wd wedges=0 recovered=0/0 (soft=0 hard=0) wakes=0 probes=2969/0 maxOutage=0ms rebootRec=0
[health] frame avg=26.9ms p95=27.0ms max=27.9ms  n=0 ap=329  heap free=87848 largest=40948 free8=87848 tlsOk=1 rej=0  allocFail=0 hardFail=0  tls=106/129  interval=217632ms
[health] touch-wd wedges=0 recovered=0/0 (soft=0 hard=0) wakes=0 probes=2972/0 maxOutage=0ms rebootRec=0
[health] frame avg=26.9ms p95=27.1ms max=28.1ms  n=0 ap=329  heap free=87848 largest=40948 free8=87848 tlsOk=1 rej=0  allocFail=0 hardFail=0  tls=106/129  interval=217632ms
[health] touch-wd wedges=0 recovered=0/0 (soft=0 hard=0) wakes=0 probes=2975/0 maxOutage=0ms rebootRec=0
[health] frame avg=26.9ms p95=27.0ms max=27.9ms  n=0 ap=329  heap free=87848 largest=40948 free8=87848 tlsOk=1 rej=0  allocFail=0 hardFail=0  tls=106/129  interval=217632ms
[health] touch-wd wedges=0 recovered=0/0 (soft=0 hard=0) wakes=0 probes=2978/0 maxOutage=0ms rebootRec=0
[logbook] persisted (75/220 types claimed, 120 airlines, 38 countries, 17647 contacts; 10749 B blobs, 1970 NVS entries free)
[health] frame avg=27.7ms p95=27.0ms max=135.4ms  n=0 ap=329  heap free=87848 largest=40948 free8=87848 tlsOk=1 rej=0  allocFail=0 hardFail=0  tls=106/129  interval=217632ms
[health] touch-wd wedges=0 recovered=0/0 (soft=0 hard=0) wakes=0 probes=2981/0 maxOutage=0ms rebootRec=0
[health] frame avg=26.9ms p95=27.0ms max=27.9ms  n=0 ap=329  heap free=87848 largest=40948 free8=87848 tlsOk=1 rej=0  allocFail=0 hardFail=0  tls=106/129  interval=217632ms
[health] touch-wd wedges=0 recovered=0/0 (soft=0 hard=0) wakes=0 probes=2984/0 maxOutage=0ms rebootRec=0
[GET] stale keep-alive (-2) on reused socket; retrying fresh
[health] frame avg=27.0ms p95=27.1ms max=31.9ms  n=0 ap=329  heap free=90268 largest=37876 free8=90268 tlsOk=1 rej=0  allocFail=0 hardFail=0  tls=106/130  interval=217632ms
[health] touch-wd wedges=0 recovered=0/0 (soft=0 hard=0) wakes=0 probes=2987/0 maxOutage=0ms rebootRec=0
[perf] 2026-08-08T11:38:54Z polls=1 busy=1%(fetch=1% enrich=0%) parse=1ms/poll bytes=0/poll ac=0/0 lag=avg0ms,max0ms gapMax=217728ms episodes=1 cache=H0/S0/M0 enrichReqs=0
[health] frame avg=27.0ms p95=27.1ms max=28.0ms  n=0 ap=329  heap free=90268 largest=37876 free8=90268 tlsOk=1 rej=0  allocFail=0 hardFail=0  tls=106/130  interval=217632ms
[health] touch-wd wedges=0 recovered=0/0 (soft=0 hard=0) wakes=0 probes=2990/0 maxOutage=0ms rebootRec=0
[health] frame avg=26.9ms p95=27.1ms max=27.8ms  n=0 ap=329  heap free=90268 largest=37876 free8=90268 tlsOk=1 rej=0  allocFail=0 hardFail=0  tls=106/130  interval=217632ms
[health] touch-wd wedges=0 recovered=0/0 (soft=0 hard=0) wakes=0 probes=2993/0 maxOutage=0ms rebootRec=0
[health] frame avg=26.9ms p95=27.0ms max=28.0ms  n=0 ap=329  heap free=87852 largest=37876 free8=87852 tlsOk=1 rej=0  allocFail=0 hardFail=0  tls=106/130  interval=217632ms
[health] touch-wd wedges=0 recovered=0/0 (soft=0 hard=0) wakes=0 probes=2996/0 maxOutage=0ms rebootRec=0
[health] frame avg=26.9ms p95=27.1ms max=27.9ms  n=0 ap=329  heap free=87852 largest=37876 free8=87852 tlsOk=1 rej=0  allocFail=0 hardFail=0  tls=106/130  interval=217632ms
[health] touch-wd wedges=0 recovered=0/0 (soft=0 hard=0) wakes=0 probes=2999/0 maxOutage=0ms rebootRec=0
[health] frame avg=26.8ms p95=26.9ms max=27.9ms  n=0 ap=329  heap free=87852 largest=37876 free8=87852 tlsOk=1 rej=0  allocFail=0 hardFail=0  tls=106/130  interval=217632ms
[health] touch-wd wedges=0 recovered=0/0 (soft=0 hard=0) wakes=0 probes=3002/0 maxOutage=0ms rebootRec=0
[health] frame avg=26.8ms p95=26.9ms max=27.6ms  n=0 ap=329  heap free=87852 largest=37876 free8=87852 tlsOk=1 rej=0  allocFail=0 hardFail=0  tls=106/130  interval=217632ms
[health] touch-wd wedges=0 recovered=0/0 (soft=0 hard=0) wakes=0 probes=3005/0 maxOutage=0ms rebootRec=0
[GET] stale keep-alive (-2) on reused socket; retrying fresh
[health] frame avg=26.8ms p95=27.1ms max=31.4ms  n=0 ap=329  heap free=90276 largest=41972 free8=90276 tlsOk=1 rej=0  allocFail=0 hardFail=0  tls=106/131  interval=217632ms
[health] touch-wd wedges=0 recovered=0/0 (soft=0 hard=0) wakes=0 probes=3008/0 maxOutage=0ms rebootRec=0
[health] frame avg=26.9ms p95=27.0ms max=27.9ms  n=0 ap=329  heap free=90276 largest=41972 free8=90276 tlsOk=1 rej=0  allocFail=0 hardFail=0  tls=106/131  interval=217632ms
[health] touch-wd wedges=0 recovered=0/0 (soft=0 hard=0) wakes=0 probes=3011/0 maxOutage=0ms rebootRec=0
[perf] 2026-08-08T11:42:54Z polls=1 busy=1%(fetch=1% enrich=0%) parse=1ms/poll bytes=0/poll ac=0/0 lag=avg0ms,max0ms gapMax=217579ms episodes=1 cache=H0/S0/M0 enrichReqs=0
[health] frame avg=26.9ms p95=26.9ms max=28.0ms  n=0 ap=329  heap free=90276 largest=41972 free8=90276 tlsOk=1 rej=0  allocFail=0 hardFail=0  tls=106/131  interval=217632ms
[health] touch-wd wedges=0 recovered=0/0 (soft=0 hard=0) wakes=0 probes=3014/0 maxOutage=0ms rebootRec=0
[health] frame avg=26.9ms p95=27.1ms max=27.7ms  n=0 ap=329  heap free=87860 largest=41972 free8=87860 tlsOk=1 rej=0  allocFail=0 hardFail=0  tls=106/131  interval=217632ms
[health] touch-wd wedges=0 recovered=0/0 (soft=0 hard=0) wakes=0 probes=3017/0 maxOutage=0ms rebootRec=0
[health] frame avg=26.8ms p95=26.9ms max=27.8ms  n=0 ap=329  heap free=87860 largest=41972 free8=87860 tlsOk=1 rej=0  allocFail=0 hardFail=0  tls=106/131  interval=217632ms
[health] touch-wd wedges=0 recovered=0/0 (soft=0 hard=0) wakes=0 probes=3020/0 maxOutage=0ms rebootRec=0
[health] frame avg=26.8ms p95=27.0ms max=27.8ms  n=0 ap=329  heap free=87860 largest=41972 free8=87860 tlsOk=1 rej=0  allocFail=0 hardFail=0  tls=106/131  interval=217632ms
[health] touch-wd wedges=0 recovered=0/0 (soft=0 hard=0) wakes=0 probes=3023/0 maxOutage=0ms rebootRec=0
[health] frame avg=26.8ms p95=26.9ms max=28.1ms  n=0 ap=329  heap free=87860 largest=41972 free8=87860 tlsOk=1 rej=0  allocFail=0 hardFail=0  tls=106/131  interval=217632ms
[health] touch-wd wedges=0 recovered=0/0 (soft=0 hard=0) wakes=0 probes=3026/0 maxOutage=0ms rebootRec=0
[health] frame avg=26.9ms p95=27.1ms max=28.0ms  n=0 ap=329  heap free=87860 largest=41972 free8=87860 tlsOk=1 rej=0  allocFail=0 hardFail=0  tls=106/131  interval=217632ms
[health] touch-wd wedges=0 recovered=0/0 (soft=0 hard=0) wakes=0 probes=3029/0 maxOutage=0ms rebootRec=0
[GET] stale keep-alive (-2) on reused socket; retrying fresh
[perf] 2026-08-08T11:45:54Z polls=1 busy=1%(fetch=1% enrich=0%) parse=0ms/poll bytes=0/poll ac=0/0 lag=avg0ms,max0ms gapMax=217644ms episodes=1 cache=H0/S0/M0 enrichReqs=0
[health] frame avg=26.9ms p95=27.0ms max=31.6ms  n=0 ap=329  heap free=90260 largest=42996 free8=90260 tlsOk=1 rej=0  allocFail=0 hardFail=0  tls=106/132  interval=217632ms
[health] touch-wd wedges=0 recovered=0/0 (soft=0 hard=0) wakes=0 probes=3032/0 maxOutage=0ms rebootRec=0
[health] frame avg=26.9ms p95=27.0ms max=27.9ms  n=0 ap=329  heap free=90260 largest=42996 free8=90260 tlsOk=1 rej=0  allocFail=0 hardFail=0  tls=106/132  interval=217632ms
[health] touch-wd wedges=0 recovered=0/0 (soft=0 hard=0) wakes=0 probes=3035/0 maxOutage=0ms rebootRec=0
[health] frame avg=26.8ms p95=26.9ms max=28.1ms  n=0 ap=329  heap free=87844 largest=40948 free8=87844 tlsOk=1 rej=0  allocFail=0 hardFail=0  tls=106/132  interval=217632ms
[health] touch-wd wedges=0 recovered=0/0 (soft=0 hard=0) wakes=0 probes=3038/0 maxOutage=0ms rebootRec=0
[health] frame avg=26.8ms p95=26.9ms max=28.3ms  n=0 ap=329  heap free=87844 largest=40948 free8=87844 tlsOk=1 rej=0  allocFail=0 hardFail=0  tls=106/132  interval=217632ms
[health] touch-wd wedges=0 recovered=0/0 (soft=0 hard=0) wakes=0 probes=3041/0 maxOutage=0ms rebootRec=0
[health] frame avg=26.8ms p95=26.9ms max=27.9ms  n=0 ap=329  heap free=87844 largest=40948 free8=87844 tlsOk=1 rej=0  allocFail=0 hardFail=0  tls=106/132  interval=217632ms
[health] touch-wd wedges=0 recovered=0/0 (soft=0 hard=0) wakes=0 probes=3044/0 maxOutage=0ms rebootRec=0
[health] frame avg=26.9ms p95=27.1ms max=27.8ms  n=0 ap=329  heap free=87844 largest=40948 free8=87844 tlsOk=1 rej=0  allocFail=0 hardFail=0  tls=106/132  interval=217632ms
[health] touch-wd wedges=0 recovered=0/0 (soft=0 hard=0) wakes=0 probes=3047/0 maxOutage=0ms rebootRec=0
[health] frame avg=26.9ms p95=27.0ms max=27.8ms  n=0 ap=329  heap free=87844 largest=40948 free8=87844 tlsOk=1 rej=0  allocFail=0 hardFail=0  tls=106/132  interval=217632ms
[health] touch-wd wedges=0 recovered=0/0 (soft=0 hard=0) wakes=0 probes=3050/0 maxOutage=0ms rebootRec=0
[GET] stale keep-alive (-2) on reused socket; retrying fresh
[health] frame avg=26.9ms p95=27.0ms max=31.7ms  n=0 ap=329  heap free=90272 largest=39924 free8=90272 tlsOk=1 rej=0  allocFail=0 hardFail=0  tls=106/133  interval=217632ms
[health] touch-wd wedges=0 recovered=0/0 (soft=0 hard=0) wakes=0 probes=3053/0 maxOutage=0ms rebootRec=0
[perf] 2026-08-08T11:49:54Z polls=1 busy=1%(fetch=1% enrich=0%) parse=0ms/poll bytes=0/poll ac=0/0 lag=avg0ms,max0ms gapMax=217667ms episodes=1 cache=H0/S0/M0 enrichReqs=0
[health] frame avg=26.9ms p95=27.0ms max=28.1ms  n=0 ap=329  heap free=90272 largest=39924 free8=90272 tlsOk=1 rej=0  allocFail=0 hardFail=0  tls=106/133  interval=217632ms
[health] touch-wd wedges=0 recovered=0/0 (soft=0 hard=0) wakes=0 probes=3056/0 maxOutage=0ms rebootRec=0
[health] frame avg=27.0ms p95=27.1ms max=27.9ms  n=0 ap=329  heap free=87856 largest=39924 free8=87856 tlsOk=1 rej=0  allocFail=0 hardFail=0  tls=106/133  interval=217632ms
[health] touch-wd wedges=0 recovered=0/0 (soft=0 hard=0) wakes=0 probes=3059/0 maxOutage=0ms rebootRec=0
[health] frame avg=26.9ms p95=27.0ms max=28.6ms  n=0 ap=329  heap free=87856 largest=39924 free8=87856 tlsOk=1 rej=0  allocFail=0 hardFail=0  tls=106/133  interval=217632ms
[health] touch-wd wedges=0 recovered=0/0 (soft=0 hard=0) wakes=0 probes=3062/0 maxOutage=0ms rebootRec=0
[health] frame avg=26.8ms p95=27.0ms max=27.7ms  n=0 ap=329  heap free=87856 largest=39924 free8=87856 tlsOk=1 rej=0  allocFail=0 hardFail=0  tls=106/133  interval=217632ms
[health] touch-wd wedges=0 recovered=0/0 (soft=0 hard=0) wakes=0 probes=3065/0 maxOutage=0ms rebootRec=0
[health] frame avg=26.8ms p95=26.9ms max=27.6ms  n=0 ap=329  heap free=87856 largest=39924 free8=87856 tlsOk=1 rej=0  allocFail=0 hardFail=0  tls=106/133  interval=217632ms
[health] touch-wd wedges=0 recovered=0/0 (soft=0 hard=0) wakes=0 probes=3068/0 maxOutage=0ms rebootRec=0
[health] frame avg=26.9ms p95=27.0ms max=27.8ms  n=0 ap=329  heap free=87856 largest=39924 free8=87856 tlsOk=1 rej=0  allocFail=0 hardFail=0  tls=106/133  interval=217632ms
[health] touch-wd wedges=0 recovered=0/0 (soft=0 hard=0) wakes=0 probes=3071/0 maxOutage=0ms rebootRec=0
[GET] stale keep-alive (-2) on reused socket; retrying fresh
[perf] 2026-08-08T11:52:54Z polls=1 busy=1%(fetch=1% enrich=0%) parse=1ms/poll bytes=0/poll ac=0/0 lag=avg0ms,max0ms gapMax=217634ms episodes=1 cache=H0/S0/M0 enrichReqs=0
[health] frame avg=26.9ms p95=27.0ms max=31.7ms  n=0 ap=329  heap free=90272 largest=41972 free8=90272 tlsOk=1 rej=0  allocFail=0 hardFail=0  tls=106/134  interval=217632ms
[health] touch-wd wedges=0 recovered=0/0 (soft=0 hard=0) wakes=0 probes=3074/0 maxOutage=0ms rebootRec=0
[health] frame avg=26.9ms p95=27.2ms max=27.8ms  n=0 ap=329  heap free=90272 largest=41972 free8=90272 tlsOk=1 rej=0  allocFail=0 hardFail=0  tls=106/134  interval=217632ms
[health] touch-wd wedges=0 recovered=0/0 (soft=0 hard=0) wakes=0 probes=3077/0 maxOutage=0ms rebootRec=0
[health] frame avg=26.9ms p95=27.0ms max=27.8ms  n=0 ap=329  heap free=90272 largest=41972 free8=90272 tlsOk=1 rej=0  allocFail=0 hardFail=0  tls=106/134  interval=217632ms
[health] touch-wd wedges=0 recovered=0/0 (soft=0 hard=0) wakes=0 probes=3080/0 maxOutage=0ms rebootRec=0
[health] frame avg=26.9ms p95=27.0ms max=27.8ms  n=0 ap=329  heap free=87856 largest=41972 free8=87856 tlsOk=1 rej=0  allocFail=0 hardFail=0  tls=106/134  interval=217632ms
[health] touch-wd wedges=0 recovered=0/0 (soft=0 hard=0) wakes=0 probes=3083/0 maxOutage=0ms rebootRec=0
[health] frame avg=26.9ms p95=27.0ms max=27.9ms  n=0 ap=329  heap free=87856 largest=41972 free8=87856 tlsOk=1 rej=0  allocFail=0 hardFail=0  tls=106/134  interval=217632ms
[health] touch-wd wedges=0 recovered=0/0 (soft=0 hard=0) wakes=0 probes=3086/0 maxOutage=0ms rebootRec=0
[health] frame avg=26.9ms p95=27.0ms max=28.0ms  n=0 ap=329  heap free=87856 largest=41972 free8=87856 tlsOk=1 rej=0  allocFail=0 hardFail=0  tls=106/134  interval=217632ms
[health] touch-wd wedges=0 recovered=0/0 (soft=0 hard=0) wakes=0 probes=3089/0 maxOutage=0ms rebootRec=0
[health] frame avg=26.9ms p95=27.0ms max=28.0ms  n=0 ap=329  heap free=87856 largest=41972 free8=87856 tlsOk=1 rej=0  allocFail=0 hardFail=0  tls=106/134  interval=217632ms
[health] touch-wd wedges=0 recovered=0/0 (soft=0 hard=0) wakes=0 probes=3092/0 maxOutage=0ms rebootRec=0
[GET] stale keep-alive (-2) on reused socket; retrying fresh
[logbook] persisted (75/220 types claimed, 120 airlines, 38 countries, 17648 contacts; 10749 B blobs, 1970 NVS entries free)
[adsbdb] ac07fd -> type=B38M operator=Southwest Airlines reg=N8743K
[health] frame avg=29.3ms p95=31.1ms max=77.0ms  n=1 ap=329  heap free=91940 largest=45044 free8=91972 tlsOk=1 rej=0  allocFail=0 hardFail=0  tls=107/135  interval=217632ms
[health] touch-wd wedges=0 recovered=0/0 (soft=0 hard=0) wakes=0 probes=3094/0 maxOutage=0ms rebootRec=0
[perf] 2026-08-08T11:56:54Z polls=1 busy=3%(fetch=1% enrich=2%) parse=1ms/poll bytes=0/poll ac=1/1 lag=avg0ms,max0ms gapMax=217635ms episodes=1 cache=H0/S0/M0 enrichReqs=1
[health] frame avg=29.6ms p95=30.3ms max=31.5ms  n=1 ap=329  heap free=91972 largest=45044 free8=91972 tlsOk=1 rej=0  allocFail=0 hardFail=0  tls=107/135  interval=217632ms
[health] touch-wd wedges=0 recovered=0/0 (soft=0 hard=0) wakes=0 probes=3097/0 maxOutage=0ms rebootRec=0
[health] frame avg=29.6ms p95=30.4ms max=31.3ms  n=1 ap=329  heap free=91972 largest=45044 free8=91972 tlsOk=1 rej=0  allocFail=0 hardFail=0  tls=107/135  interval=217632ms
[health] touch-wd wedges=0 recovered=0/0 (soft=0 hard=0) wakes=0 probes=3100/0 maxOutage=0ms rebootRec=0
[health] frame avg=28.1ms p95=28.2ms max=30.9ms  n=1 ap=329  heap free=89556 largest=45044 free8=89556 tlsOk=1 rej=0  allocFail=0 hardFail=0  tls=107/135  interval=217632ms
[health] touch-wd wedges=0 recovered=0/0 (soft=0 hard=0) wakes=0 probes=3103/0 maxOutage=0ms rebootRec=0
[health] frame avg=28.1ms p95=28.3ms max=29.4ms  n=1 ap=329  heap free=89556 largest=45044 free8=89556 tlsOk=1 rej=0  allocFail=0 hardFail=0  tls=107/135  interval=217632ms
[health] touch-wd wedges=0 recovered=0/0 (soft=0 hard=0) wakes=0 probes=3106/0 maxOutage=0ms rebootRec=0
[health] frame avg=28.0ms p95=28.1ms max=29.9ms  n=1 ap=329  heap free=89556 largest=45044 free8=89556 tlsOk=1 rej=0  allocFail=0 hardFail=0  tls=107/135  interval=217632ms
[health] touch-wd wedges=0 recovered=0/0 (soft=0 hard=0) wakes=0 probes=3109/0 maxOutage=0ms rebootRec=0
[health] frame avg=28.1ms p95=28.4ms max=29.1ms  n=1 ap=329  heap free=89556 largest=45044 free8=89556 tlsOk=1 rej=0  allocFail=0 hardFail=0  tls=107/135  interval=217632ms
[health] touch-wd wedges=0 recovered=0/0 (soft=0 hard=0) wakes=0 probes=3112/0 maxOutage=0ms rebootRec=0
[health] frame avg=28.0ms p95=28.2ms max=29.6ms  n=1 ap=329  heap free=89556 largest=45044 free8=89556 tlsOk=1 rej=0  allocFail=0 hardFail=0  tls=107/135  interval=217632ms
[health] touch-wd wedges=0 recovered=0/0 (soft=0 hard=0) wakes=0 probes=3115/0 maxOutage=0ms rebootRec=0
[GET] diag: Content-Length path, CL=17 read=17 timedOut=0 err=InvalidInput
[GET] JSON parse failed (429): InvalidInput
[WARN] OpenSky request failed: InvalidInput
[health] frame avg=28.1ms p95=28.4ms max=33.4ms  n=1 ap=329  heap free=91560 largest=42996 free8=91560 tlsOk=1 rej=0  allocFail=0 hardFail=0  tls=108/135  interval=217632ms
[health] touch-wd wedges=0 recovered=0/0 (soft=0 hard=0) wakes=0 probes=3118/0 maxOutage=0ms rebootRec=0
[health] frame avg=28.0ms p95=28.2ms max=29.4ms  n=1 ap=329  heap free=91560 largest=42996 free8=91560 tlsOk=1 rej=0  allocFail=0 hardFail=0  tls=108/135  interval=217632ms
[health] touch-wd wedges=0 recovered=0/0 (soft=0 hard=0) wakes=0 probes=3121/0 maxOutage=0ms rebootRec=0
[health] frame avg=28.0ms p95=28.4ms max=29.7ms  n=1 ap=329  heap free=89144 largest=42996 free8=89144 tlsOk=1 rej=0  allocFail=0 hardFail=0  tls=108/135  interval=217632ms
[health] touch-wd wedges=0 recovered=0/0 (soft=0 hard=0) wakes=0 probes=3124/0 maxOutage=0ms rebootRec=0
[health] frame avg=28.0ms p95=28.2ms max=30.0ms  n=1 ap=329  heap free=89144 largest=42996 free8=89144 tlsOk=1 rej=0  allocFail=0 hardFail=0  tls=108/135  interval=217632ms
[health] touch-wd wedges=0 recovered=0/0 (soft=0 hard=0) wakes=0 probes=3127/0 maxOutage=0ms rebootRec=0
[health] frame avg=28.1ms p95=28.2ms max=29.5ms  n=1 ap=329  heap free=89144 largest=42996 free8=89144 tlsOk=1 rej=0  allocFail=0 hardFail=0  tls=108/135  interval=217632ms
[health] touch-wd wedges=0 recovered=0/0 (soft=0 hard=0) wakes=0 probes=3130/0 maxOutage=0ms rebootRec=0
[health] frame avg=28.0ms p95=28.1ms max=29.6ms  n=1 ap=329  heap free=89144 largest=42996 free8=89144 tlsOk=1 rej=0  allocFail=0 hardFail=0  tls=108/135  interval=217632ms
[health] touch-wd wedges=0 recovered=0/0 (soft=0 hard=0) wakes=0 probes=3133/0 maxOutage=0ms rebootRec=0
[health] frame avg=28.1ms p95=28.4ms max=29.3ms  n=1 ap=329  heap free=89144 largest=42996 free8=89144 tlsOk=1 rej=0  allocFail=0 hardFail=0  tls=108/135  interval=217632ms
[health] touch-wd wedges=0 recovered=0/0 (soft=0 hard=0) wakes=0 probes=3136/0 maxOutage=0ms rebootRec=0
[GET] diag: Content-Length path, CL=17 read=17 timedOut=0 err=InvalidInput
[GET] JSON parse failed (429): InvalidInput
[WARN] OpenSky request failed: InvalidInput
[health] frame avg=28.0ms p95=28.1ms max=33.6ms  n=1 ap=329  heap free=91584 largest=42996 free8=91584 tlsOk=1 rej=0  allocFail=0 hardFail=0  tls=109/135  interval=217632ms
[health] touch-wd wedges=0 recovered=0/0 (soft=0 hard=0) wakes=0 probes=3139/0 maxOutage=0ms rebootRec=0
[health] frame avg=28.0ms p95=28.3ms max=29.4ms  n=1 ap=329  heap free=91584 largest=42996 free8=91584 tlsOk=1 rej=0  allocFail=0 hardFail=0  tls=109/135  interval=217632ms
[health] touch-wd wedges=0 recovered=0/0 (soft=0 hard=0) wakes=0 probes=3142/0 maxOutage=0ms rebootRec=0
[health] frame avg=28.0ms p95=28.2ms max=29.3ms  n=1 ap=329  heap free=89168 largest=42996 free8=89168 tlsOk=1 rej=0  allocFail=0 hardFail=0  tls=109/135  interval=217632ms
[health] touch-wd wedges=0 recovered=0/0 (soft=0 hard=0) wakes=0 probes=3145/0 maxOutage=0ms rebootRec=0
[health] frame avg=28.1ms p95=28.4ms max=29.0ms  n=1 ap=329  heap free=89168 largest=42996 free8=89168 tlsOk=1 rej=0  allocFail=0 hardFail=0  tls=109/135  interval=217632ms
[health] touch-wd wedges=0 recovered=0/0 (soft=0 hard=0) wakes=0 probes=3148/0 maxOutage=0ms rebootRec=0
[health] frame avg=28.0ms p95=28.1ms max=29.1ms  n=1 ap=329  heap free=89168 largest=42996 free8=89168 tlsOk=1 rej=0  allocFail=0 hardFail=0  tls=109/135  interval=217632ms
[health] touch-wd wedges=0 recovered=0/0 (soft=0 hard=0) wakes=0 probes=3151/0 maxOutage=0ms rebootRec=0
[logbook] persisted (75/220 types claimed, 120 airlines, 38 countries, 17648 contacts; 10749 B blobs, 1970 NVS entries free)
[health] frame avg=29.0ms p95=28.4ms max=143.1ms  n=1 ap=329  heap free=89168 largest=42996 free8=89168 tlsOk=1 rej=0  allocFail=0 hardFail=0  tls=109/135  interval=217632ms
[health] touch-wd wedges=0 recovered=0/0 (soft=0 hard=0) wakes=0 probes=3154/0 maxOutage=0ms rebootRec=0
[health] frame avg=28.0ms p95=28.2ms max=29.3ms  n=1 ap=329  heap free=89168 largest=42996 free8=89168 tlsOk=1 rej=0  allocFail=0 hardFail=0  tls=109/135  interval=217632ms
[health] touch-wd wedges=0 recovered=0/0 (soft=0 hard=0) wakes=0 probes=3157/0 maxOutage=0ms rebootRec=0
[GET] diag: Content-Length path, CL=17 read=17 timedOut=0 err=InvalidInput
[GET] JSON parse failed (429): InvalidInput
[WARN] OpenSky request failed: InvalidInput
[health] frame avg=28.1ms p95=28.4ms max=33.9ms  n=1 ap=329  heap free=91544 largest=44020 free8=91544 tlsOk=1 rej=0  allocFail=0 hardFail=0  tls=110/135  interval=217632ms  DATA STALE
[health] touch-wd wedges=0 recovered=0/0 (soft=0 hard=0) wakes=0 probes=3160/0 maxOutage=0ms rebootRec=0
[health] frame avg=28.0ms p95=28.2ms max=29.3ms  n=1 ap=329  heap free=91544 largest=44020 free8=91544 tlsOk=1 rej=0  allocFail=0 hardFail=0  tls=110/135  interval=217632ms  DATA STALE
[health] touch-wd wedges=0 recovered=0/0 (soft=0 hard=0) wakes=0 probes=3163/0 maxOutage=0ms rebootRec=0
[health] frame avg=28.1ms p95=28.2ms max=29.3ms  n=1 ap=329  heap free=91544 largest=44020 free8=91544 tlsOk=1 rej=0  allocFail=0 hardFail=0  tls=110/135  interval=217632ms  DATA STALE
[health] touch-wd wedges=0 recovered=0/0 (soft=0 hard=0) wakes=0 probes=3166/0 maxOutage=0ms rebootRec=0
[health] frame avg=28.1ms p95=28.2ms max=29.3ms  n=1 ap=329  heap free=89128 largest=44020 free8=89128 tlsOk=1 rej=0  allocFail=0 hardFail=0  tls=110/135  interval=217632ms  DATA STALE
[health] touch-wd wedges=0 recovered=0/0 (soft=0 hard=0) wakes=0 probes=3169/0 maxOutage=0ms rebootRec=0
[health] frame avg=28.1ms p95=28.2ms max=30.0ms  n=1 ap=329  heap free=89128 largest=44020 free8=89128 tlsOk=1 rej=0  allocFail=0 hardFail=0  tls=110/135  interval=217632ms  DATA STALE
[health] touch-wd wedges=0 recovered=0/0 (soft=0 hard=0) wakes=0 probes=3172/0 maxOutage=0ms rebootRec=0
[health] frame avg=28.0ms p95=28.2ms max=29.8ms  n=1 ap=329  heap free=89128 largest=44020 free8=89128 tlsOk=1 rej=0  allocFail=0 hardFail=0  tls=110/135  interval=217632ms  DATA STALE
[health] touch-wd wedges=0 recovered=0/0 (soft=0 hard=0) wakes=0 probes=3175/0 maxOutage=0ms rebootRec=0
[health] frame avg=28.1ms p95=28.4ms max=29.1ms  n=1 ap=329  heap free=89128 largest=44020 free8=89128 tlsOk=1 rej=0  allocFail=0 hardFail=0  tls=110/135  interval=217632ms  DATA STALE
[health] touch-wd wedges=0 recovered=0/0 (soft=0 hard=0) wakes=0 probes=3178/0 maxOutage=0ms rebootRec=0
[GET] diag: Content-Length path, CL=17 read=17 timedOut=0 err=InvalidInput
[GET] JSON parse failed (429): InvalidInput
[WARN] OpenSky request failed: InvalidInput
[health] frame avg=28.2ms p95=28.8ms max=33.5ms  n=1 ap=329  heap free=91564 largest=37876 free8=91564 tlsOk=1 rej=0  allocFail=0 hardFail=0  tls=111/135  interval=217632ms  DATA STALE
[health] touch-wd wedges=0 recovered=0/0 (soft=0 hard=0) wakes=0 probes=3181/0 maxOutage=0ms rebootRec=0
[health] frame avg=28.1ms p95=28.4ms max=29.1ms  n=1 ap=329  heap free=91564 largest=37876 free8=91564 tlsOk=1 rej=0  allocFail=0 hardFail=0  tls=111/135  interval=217632ms  DATA STALE
[health] touch-wd wedges=0 recovered=0/0 (soft=0 hard=0) wakes=0 probes=3184/0 maxOutage=0ms rebootRec=0
[health] frame avg=28.1ms p95=28.2ms max=30.0ms  n=1 ap=329  heap free=91564 largest=37876 free8=91564 tlsOk=1 rej=0  allocFail=0 hardFail=0  tls=111/135  interval=217632ms  DATA STALE
[health] touch-wd wedges=0 recovered=0/0 (soft=0 hard=0) wakes=0 probes=3187/0 maxOutage=0ms rebootRec=0
[health] frame avg=28.1ms p95=28.3ms max=29.2ms  n=1 ap=329  heap free=89148 largest=37876 free8=89148 tlsOk=1 rej=0  allocFail=0 hardFail=0  tls=111/135  interval=217632ms  DATA STALE
[health] touch-wd wedges=0 recovered=0/0 (soft=0 hard=0) wakes=0 probes=3190/0 maxOutage=0ms rebootRec=0
[health] frame avg=28.1ms p95=28.2ms max=29.5ms  n=1 ap=329  heap free=89148 largest=37876 free8=89148 tlsOk=1 rej=0  allocFail=0 hardFail=0  tls=111/135  interval=217632ms  DATA STALE
[health] touch-wd wedges=0 recovered=0/0 (soft=0 hard=0) wakes=0 probes=3193/0 maxOutage=0ms rebootRec=0
[health] frame avg=28.1ms p95=28.4ms max=29.4ms  n=1 ap=329  heap free=89148 largest=37876 free8=89148 tlsOk=1 rej=0  allocFail=0 hardFail=0  tls=111/135  interval=217632ms  DATA STALE
[health] touch-wd wedges=0 recovered=0/0 (soft=0 hard=0) wakes=0 probes=3196/0 maxOutage=0ms rebootRec=0
[health] frame avg=28.0ms p95=28.2ms max=29.8ms  n=1 ap=329  heap free=89148 largest=37876 free8=89148 tlsOk=1 rej=0  allocFail=0 hardFail=0  tls=111/135  interval=217632ms  DATA STALE
[health] touch-wd wedges=0 recovered=0/0 (soft=0 hard=0) wakes=0 probes=3199/0 maxOutage=0ms rebootRec=0
[health] frame avg=28.1ms p95=28.5ms max=29.3ms  n=1 ap=329  heap free=89148 largest=37876 free8=89148 tlsOk=1 rej=0  allocFail=0 hardFail=0  tls=111/135  interval=217632ms  DATA STALE
[health] touch-wd wedges=0 recovered=0/0 (soft=0 hard=0) wakes=0 probes=3202/0 maxOutage=0ms rebootRec=0
[GET] diag: Content-Length path, CL=17 read=17 timedOut=0 err=InvalidInput
[GET] JSON parse failed (429): InvalidInput
[WARN] OpenSky request failed: InvalidInput
[health] frame avg=28.0ms p95=28.1ms max=33.3ms  n=1 ap=329  heap free=91576 largest=36852 free8=91576 tlsOk=1 rej=0  allocFail=0 hardFail=0  tls=112/135  interval=217632ms  DATA STALE
[health] touch-wd wedges=0 recovered=0/0 (soft=0 hard=0) wakes=0 probes=3205/0 maxOutage=0ms rebootRec=0
[health] frame avg=28.1ms p95=28.4ms max=29.1ms  n=1 ap=329  heap free=91576 largest=36852 free8=91576 tlsOk=1 rej=0  allocFail=0 hardFail=0  tls=112/135  interval=217632ms  DATA STALE
[health] touch-wd wedges=0 recovered=0/0 (soft=0 hard=0) wakes=0 probes=3208/0 maxOutage=0ms rebootRec=0
[health] frame avg=28.1ms p95=28.2ms max=29.4ms  n=1 ap=329  heap free=89160 largest=36852 free8=89160 tlsOk=1 rej=0  allocFail=0 hardFail=0  tls=112/135  interval=217632ms  DATA STALE
[health] touch-wd wedges=0 recovered=0/0 (soft=0 hard=0) wakes=0 probes=3211/0 maxOutage=0ms rebootRec=0
[health] frame avg=28.1ms p95=28.4ms max=29.3ms  n=1 ap=329  heap free=89160 largest=36852 free8=89160 tlsOk=1 rej=0  allocFail=0 hardFail=0  tls=112/135  interval=217632ms  DATA STALE
[health] touch-wd wedges=0 recovered=0/0 (soft=0 hard=0) wakes=0 probes=3214/0 maxOutage=0ms rebootRec=0
[health] frame avg=28.1ms p95=28.2ms max=29.5ms  n=1 ap=329  heap free=89160 largest=36852 free8=89160 tlsOk=1 rej=0  allocFail=0 hardFail=0  tls=112/135  interval=217632ms  DATA STALE
[health] touch-wd wedges=0 recovered=0/0 (soft=0 hard=0) wakes=0 probes=3217/0 maxOutage=0ms rebootRec=0
[health] frame avg=28.1ms p95=28.4ms max=29.3ms  n=1 ap=329  heap free=89160 largest=36852 free8=89160 tlsOk=1 rej=0  allocFail=0 hardFail=0  tls=112/135  interval=217632ms  DATA STALE
[health] touch-wd wedges=0 recovered=0/0 (soft=0 hard=0) wakes=0 probes=3220/0 maxOutage=0ms rebootRec=0
[health] frame avg=28.0ms p95=28.2ms max=29.5ms  n=1 ap=329  heap free=89160 largest=36852 free8=89160 tlsOk=1 rej=0  allocFail=0 hardFail=0  tls=112/135  interval=217632ms  DATA STALE
[health] touch-wd wedges=0 recovered=0/0 (soft=0 hard=0) wakes=0 probes=3223/0 maxOutage=0ms rebootRec=0
[GET] diag: Content-Length path, CL=17 read=17 timedOut=0 err=InvalidInput
[GET] JSON parse failed (429): InvalidInput
[WARN] OpenSky request failed: InvalidInput
[health] frame avg=28.1ms p95=28.5ms max=34.1ms  n=1 ap=329  heap free=91568 largest=41972 free8=91568 tlsOk=1 rej=0  allocFail=0 hardFail=0  tls=113/135  interval=217632ms  DATA STALE
[health] touch-wd wedges=0 recovered=0/0 (soft=0 hard=0) wakes=0 probes=3226/0 maxOutage=0ms rebootRec=0
[health] frame avg=28.0ms p95=28.2ms max=29.9ms  n=1 ap=329  heap free=91568 largest=41972 free8=91568 tlsOk=1 rej=0  allocFail=0 hardFail=0  tls=113/135  interval=217632ms  DATA STALE
[health] touch-wd wedges=0 recovered=0/0 (soft=0 hard=0) wakes=0 probes=3229/0 maxOutage=0ms rebootRec=0
[health] frame avg=28.1ms p95=28.4ms max=29.1ms  n=1 ap=329  heap free=89152 largest=41972 free8=89152 tlsOk=1 rej=0  allocFail=0 hardFail=0  tls=113/135  interval=217632ms  DATA STALE
[health] touch-wd wedges=0 recovered=0/0 (soft=0 hard=0) wakes=0 probes=3232/0 maxOutage=0ms rebootRec=0
[health] frame avg=28.0ms p95=28.2ms max=29.4ms  n=1 ap=329  heap free=89152 largest=41972 free8=89152 tlsOk=1 rej=0  allocFail=0 hardFail=0  tls=113/135  interval=217632ms  DATA STALE
[health] touch-wd wedges=0 recovered=0/0 (soft=0 hard=0) wakes=0 probes=3235/0 maxOutage=0ms rebootRec=0
[health] frame avg=28.1ms p95=28.5ms max=29.3ms  n=1 ap=329  heap free=89152 largest=41972 free8=89152 tlsOk=1 rej=0  allocFail=0 hardFail=0  tls=113/135  interval=217632ms  DATA STALE
[health] touch-wd wedges=0 recovered=0/0 (soft=0 hard=0) wakes=0 probes=3238/0 maxOutage=0ms rebootRec=0
[health] frame avg=28.0ms p95=28.2ms max=29.5ms  n=1 ap=329  heap free=89152 largest=41972 free8=89152 tlsOk=1 rej=0  allocFail=0 hardFail=0  tls=113/135  interval=217632ms  DATA STALE
[health] touch-wd wedges=0 recovered=0/0 (soft=0 hard=0) wakes=0 probes=3241/0 maxOutage=0ms rebootRec=0
[health] frame avg=28.1ms p95=28.4ms max=29.8ms  n=1 ap=329  heap free=89152 largest=41972 free8=89152 tlsOk=1 rej=0  allocFail=0 hardFail=0  tls=113/135  interval=217632ms  DATA STALE
[health] touch-wd wedges=0 recovered=0/0 (soft=0 hard=0) wakes=0 probes=3244/0 maxOutage=0ms rebootRec=0
[GET] diag: Content-Length path, CL=17 read=17 timedOut=0 err=InvalidInput
[GET] JSON parse failed (429): InvalidInput
[WARN] OpenSky request failed: InvalidInput
[health] frame avg=28.1ms p95=28.2ms max=33.3ms  n=1 ap=329  heap free=91544 largest=44020 free8=91544 tlsOk=1 rej=0  allocFail=0 hardFail=0  tls=114/135  interval=217632ms  DATA STALE
[health] touch-wd wedges=0 recovered=0/0 (soft=0 hard=0) wakes=0 probes=3247/0 maxOutage=0ms rebootRec=0
[health] frame avg=28.1ms p95=28.3ms max=29.6ms  n=1 ap=329  heap free=91544 largest=44020 free8=91544 tlsOk=1 rej=0  allocFail=0 hardFail=0  tls=114/135  interval=217632ms  DATA STALE
[health] touch-wd wedges=0 recovered=0/0 (soft=0 hard=0) wakes=0 probes=3250/0 maxOutage=0ms rebootRec=0
[health] frame avg=28.1ms p95=28.2ms max=29.3ms  n=1 ap=329  heap free=91544 largest=44020 free8=91544 tlsOk=1 rej=0  allocFail=0 hardFail=0  tls=114/135  interval=217632ms  DATA STALE
[health] touch-wd wedges=0 recovered=0/0 (soft=0 hard=0) wakes=0 probes=3253/0 maxOutage=0ms rebootRec=0
[health] frame avg=28.1ms p95=28.5ms max=29.5ms  n=1 ap=329  heap free=89128 largest=44020 free8=89128 tlsOk=1 rej=0  allocFail=0 hardFail=0  tls=114/135  interval=217632ms  DATA STALE
[health] touch-wd wedges=0 recovered=0/0 (soft=0 hard=0) wakes=0 probes=3256/0 maxOutage=0ms rebootRec=0
[health] frame avg=28.0ms p95=28.2ms max=30.1ms  n=1 ap=329  heap free=89128 largest=44020 free8=89128 tlsOk=1 rej=0  allocFail=0 hardFail=0  tls=114/135  interval=217632ms  DATA STALE
[health] touch-wd wedges=0 recovered=0/0 (soft=0 hard=0) wakes=0 probes=3259/0 maxOutage=0ms rebootRec=0
[health] frame avg=28.1ms p95=28.2ms max=29.6ms  n=1 ap=329  heap free=89128 largest=44020 free8=89128 tlsOk=1 rej=0  allocFail=0 hardFail=0  tls=114/135  interval=217632ms  DATA STALE
[health] touch-wd wedges=0 recovered=0/0 (soft=0 hard=0) wakes=0 probes=3262/0 maxOutage=0ms rebootRec=0
[health] frame avg=28.1ms p95=28.2ms max=30.6ms  n=1 ap=329  heap free=89128 largest=44020 free8=89128 tlsOk=1 rej=0  allocFail=0 hardFail=0  tls=114/135  interval=217632ms  DATA STALE
[health] touch-wd wedges=0 recovered=0/0 (soft=0 hard=0) wakes=0 probes=3265/0 maxOutage=0ms rebootRec=0
[GET] diag: Content-Length path, CL=17 read=17 timedOut=0 err=InvalidInput
[GET] JSON parse failed (429): InvalidInput
[WARN] OpenSky request failed: InvalidInput
[health] frame avg=28.3ms p95=29.0ms max=33.3ms  n=1 ap=329  heap free=91556 largest=41972 free8=91556 tlsOk=1 rej=0  allocFail=0 hardFail=0  tls=115/135  interval=217632ms  DATA STALE
[health] touch-wd wedges=0 recovered=0/0 (soft=0 hard=0) wakes=0 probes=3268/0 maxOutage=0ms rebootRec=0
[health] frame avg=28.1ms p95=28.2ms max=30.7ms  n=1 ap=329  heap free=91556 largest=41972 free8=91556 tlsOk=1 rej=0  allocFail=0 hardFail=0  tls=115/135  interval=217632ms  DATA STALE
[health] touch-wd wedges=0 recovered=0/0 (soft=0 hard=0) wakes=0 probes=3271/0 maxOutage=0ms rebootRec=0
[health] frame avg=28.1ms p95=28.4ms max=29.3ms  n=1 ap=329  heap free=91556 largest=41972 free8=91556 tlsOk=1 rej=0  allocFail=0 hardFail=0  tls=115/135  interval=217632ms  DATA STALE
[health] touch-wd wedges=0 recovered=0/0 (soft=0 hard=0) wakes=0 probes=3274/0 maxOutage=0ms rebootRec=0
[health] frame avg=28.1ms p95=28.2ms max=29.4ms  n=1 ap=329  heap free=89140 largest=41972 free8=89140 tlsOk=1 rej=0  allocFail=0 hardFail=0  tls=115/135  interval=217632ms  DATA STALE
[health] touch-wd wedges=0 recovered=0/0 (soft=0 hard=0) wakes=0 probes=3277/0 maxOutage=0ms rebootRec=0
[health] frame avg=28.1ms p95=28.2ms max=29.8ms  n=1 ap=329  heap free=89140 largest=41972 free8=89140 tlsOk=1 rej=0  allocFail=0 hardFail=0  tls=115/135  interval=217632ms  DATA STALE
[health] touch-wd wedges=0 recovered=0/0 (soft=0 hard=0) wakes=0 probes=3280/0 maxOutage=0ms rebootRec=0
[health] frame avg=28.0ms p95=28.2ms max=29.5ms  n=1 ap=329  heap free=89140 largest=41972 free8=89140 tlsOk=1 rej=0  allocFail=0 hardFail=0  tls=115/135  interval=217632ms  DATA STALE
[health] touch-wd wedges=0 recovered=0/0 (soft=0 hard=0) wakes=0 probes=3283/0 maxOutage=0ms rebootRec=0
[health] frame avg=28.1ms p95=28.3ms max=29.1ms  n=1 ap=329  heap free=89140 largest=41972 free8=89140 tlsOk=1 rej=0  allocFail=0 hardFail=0  tls=115/135  interval=217632ms  DATA STALE
[health] touch-wd wedges=0 recovered=0/0 (soft=0 hard=0) wakes=0 probes=3286/0 maxOutage=0ms rebootRec=0
[health] frame avg=28.1ms p95=28.2ms max=30.1ms  n=1 ap=329  heap free=89140 largest=41972 free8=89140 tlsOk=1 rej=0  allocFail=0 hardFail=0  tls=115/135  interval=217632ms  DATA STALE
[health] touch-wd wedges=0 recovered=0/0 (soft=0 hard=0) wakes=0 probes=3289/0 maxOutage=0ms rebootRec=0
[GET] diag: Content-Length path, CL=17 read=17 timedOut=0 err=InvalidInput
[GET] JSON parse failed (429): InvalidInput
[WARN] OpenSky request failed: InvalidInput
[health] frame avg=28.1ms p95=28.3ms max=34.1ms  n=1 ap=329  heap free=91608 largest=46068 free8=91608 tlsOk=1 rej=0  allocFail=0 hardFail=0  tls=116/135  interval=217632ms  DATA STALE
[health] touch-wd wedges=0 recovered=0/0 (soft=0 hard=0) wakes=0 probes=3292/0 maxOutage=0ms rebootRec=0
[health] frame avg=28.1ms p95=28.2ms max=29.3ms  n=1 ap=329  heap free=91608 largest=46068 free8=91608 tlsOk=1 rej=0  allocFail=0 hardFail=0  tls=116/135  interval=217632ms  DATA STALE
[health] touch-wd wedges=0 recovered=0/0 (soft=0 hard=0) wakes=0 probes=3295/0 maxOutage=0ms rebootRec=0
[health] frame avg=28.1ms p95=28.5ms max=29.4ms  n=1 ap=329  heap free=89192 largest=44020 free8=89192 tlsOk=1 rej=0  allocFail=0 hardFail=0  tls=116/135  interval=217632ms  DATA STALE
[health] touch-wd wedges=0 recovered=0/0 (soft=0 hard=0) wakes=0 probes=3298/0 maxOutage=0ms rebootRec=0
[health] frame avg=28.1ms p95=28.2ms max=30.0ms  n=1 ap=329  heap free=89192 largest=44020 free8=89192 tlsOk=1 rej=0  allocFail=0 hardFail=0  tls=116/135  interval=217632ms  DATA STALE
[health] touch-wd wedges=0 recovered=0/0 (soft=0 hard=0) wakes=0 probes=3301/0 maxOutage=0ms rebootRec=0
[health] frame avg=28.1ms p95=28.4ms max=29.1ms  n=1 ap=329  heap free=89192 largest=44020 free8=89192 tlsOk=1 rej=0  allocFail=0 hardFail=0  tls=116/135  interval=217632ms  DATA STALE
[health] touch-wd wedges=0 recovered=0/0 (soft=0 hard=0) wakes=0 probes=3304/0 maxOutage=0ms rebootRec=0
[health] frame avg=28.1ms p95=28.2ms max=29.2ms  n=1 ap=329  heap free=89192 largest=44020 free8=89192 tlsOk=1 rej=0  allocFail=0 hardFail=0  tls=116/135  interval=217632ms  DATA STALE
[health] touch-wd wedges=0 recovered=0/0 (soft=0 hard=0) wakes=0 probes=3307/0 maxOutage=0ms rebootRec=0
[health] frame avg=28.1ms p95=28.4ms max=29.9ms  n=1 ap=329  heap free=89192 largest=44020 free8=89192 tlsOk=1 rej=0  allocFail=0 hardFail=0  tls=116/135  interval=217632ms  DATA STALE
[health] touch-wd wedges=0 recovered=0/0 (soft=0 hard=0) wakes=0 probes=3310/0 maxOutage=0ms rebootRec=0
[GET] diag: Content-Length path, CL=17 read=17 timedOut=0 err=InvalidInput
[GET] JSON parse failed (429): InvalidInput
[WARN] OpenSky request failed: InvalidInput
[health] frame avg=28.1ms p95=28.2ms max=33.7ms  n=1 ap=329  heap free=91576 largest=48116 free8=91576 tlsOk=1 rej=0  allocFail=0 hardFail=0  tls=117/135  interval=217632ms  DATA STALE
[health] touch-wd wedges=0 recovered=0/0 (soft=0 hard=0) wakes=0 probes=3313/0 maxOutage=0ms rebootRec=0
[health] frame avg=28.1ms p95=28.5ms max=29.6ms  n=1 ap=329  heap free=91576 largest=48116 free8=91576 tlsOk=1 rej=0  allocFail=0 hardFail=0  tls=117/135  interval=217632ms  DATA STALE
[health] touch-wd wedges=0 recovered=0/0 (soft=0 hard=0) wakes=0 probes=3316/0 maxOutage=0ms rebootRec=0
[health] frame avg=28.1ms p95=28.2ms max=30.3ms  n=1 ap=329  heap free=89160 largest=45044 free8=89160 tlsOk=1 rej=0  allocFail=0 hardFail=0  tls=117/135  interval=217632ms  DATA STALE
[health] touch-wd wedges=0 recovered=0/0 (soft=0 hard=0) wakes=0 probes=3319/0 maxOutage=0ms rebootRec=0
[health] frame avg=28.1ms p95=28.5ms max=29.3ms  n=1 ap=329  heap free=89160 largest=45044 free8=89160 tlsOk=1 rej=0  allocFail=0 hardFail=0  tls=117/135  interval=217632ms  DATA STALE
[health] touch-wd wedges=0 recovered=0/0 (soft=0 hard=0) wakes=0 probes=3322/0 maxOutage=0ms rebootRec=0
[health] frame avg=28.1ms p95=28.2ms max=29.5ms  n=1 ap=329  heap free=89160 largest=45044 free8=89160 tlsOk=1 rej=0  allocFail=0 hardFail=0  tls=117/135  interval=217632ms  DATA STALE
[health] touch-wd wedges=0 recovered=0/0 (soft=0 hard=0) wakes=0 probes=3325/0 maxOutage=0ms rebootRec=0
[health] frame avg=28.1ms p95=28.5ms max=29.8ms  n=1 ap=329  heap free=89160 largest=45044 free8=89160 tlsOk=1 rej=0  allocFail=0 hardFail=0  tls=117/135  interval=217632ms  DATA STALE
[health] touch-wd wedges=0 recovered=0/0 (soft=0 hard=0) wakes=0 probes=3328/0 maxOutage=0ms rebootRec=0
[health] frame avg=28.1ms p95=28.2ms max=29.6ms  n=1 ap=329  heap free=89192 largest=45044 free8=89192 tlsOk=1 rej=0  allocFail=0 hardFail=0  tls=117/135  interval=217632ms  DATA STALE
[health] touch-wd wedges=0 recovered=0/0 (soft=0 hard=0) wakes=0 probes=3331/0 maxOutage=0ms rebootRec=0
[GET] diag: Content-Length path, CL=17 read=17 timedOut=0 err=InvalidInput
[GET] JSON parse failed (429): InvalidInput
[WARN] OpenSky request failed: InvalidInput
[health] frame avg=28.1ms p95=28.4ms max=33.6ms  n=1 ap=329  heap free=91568 largest=46068 free8=91568 tlsOk=1 rej=0  allocFail=0 hardFail=0  tls=118/135  interval=217632ms  DATA STALE
[health] touch-wd wedges=0 recovered=0/0 (soft=0 hard=0) wakes=0 probes=3334/0 maxOutage=0ms rebootRec=0
[health] frame avg=28.1ms p95=28.2ms max=29.5ms  n=1 ap=329  heap free=91568 largest=46068 free8=91568 tlsOk=1 rej=0  allocFail=0 hardFail=0  tls=118/135  interval=217632ms  DATA STALE
[health] touch-wd wedges=0 recovered=0/0 (soft=0 hard=0) wakes=0 probes=3337/0 maxOutage=0ms rebootRec=0
[health] frame avg=28.1ms p95=28.4ms max=30.0ms  n=1 ap=329  heap free=91568 largest=46068 free8=91568 tlsOk=1 rej=0  allocFail=0 hardFail=0  tls=118/135  interval=217632ms  DATA STALE
[health] touch-wd wedges=0 recovered=0/0 (soft=0 hard=0) wakes=0 probes=3340/0 maxOutage=0ms rebootRec=0
[health] frame avg=28.0ms p95=28.2ms max=29.4ms  n=1 ap=329  heap free=89152 largest=44020 free8=89152 tlsOk=1 rej=0  allocFail=0 hardFail=0  tls=118/135  interval=217632ms  DATA STALE
[health] touch-wd wedges=0 recovered=0/0 (soft=0 hard=0) wakes=0 probes=3343/0 maxOutage=0ms rebootRec=0
[health] frame avg=28.1ms p95=28.4ms max=29.4ms  n=1 ap=329  heap free=89152 largest=44020 free8=89152 tlsOk=1 rej=0  allocFail=0 hardFail=0  tls=118/135  interval=217632ms  DATA STALE
[health] touch-wd wedges=0 recovered=0/0 (soft=0 hard=0) wakes=0 probes=3346/0 maxOutage=0ms rebootRec=0
[health] frame avg=28.1ms p95=28.2ms max=29.1ms  n=1 ap=329  heap free=89152 largest=44020 free8=89152 tlsOk=1 rej=0  allocFail=0 hardFail=0  tls=118/135  interval=217632ms  DATA STALE
[health] touch-wd wedges=0 recovered=0/0 (soft=0 hard=0) wakes=0 probes=3349/0 maxOutage=0ms rebootRec=0
[health] frame avg=28.1ms p95=28.4ms max=29.3ms  n=1 ap=329  heap free=89184 largest=44020 free8=89184 tlsOk=1 rej=0  allocFail=0 hardFail=0  tls=118/135  interval=217632ms  DATA STALE
[health] touch-wd wedges=0 recovered=0/0 (soft=0 hard=0) wakes=0 probes=3352/0 maxOutage=0ms rebootRec=0
[GET] diag: Content-Length path, CL=17 read=17 timedOut=0 err=InvalidInput
[GET] JSON parse failed (429): InvalidInput
[WARN] OpenSky request failed: InvalidInput
[health] frame avg=28.2ms p95=28.9ms max=33.4ms  n=1 ap=329  heap free=91576 largest=46068 free8=91576 tlsOk=1 rej=0  allocFail=0 hardFail=0  tls=119/135  interval=217632ms  DATA STALE
[health] touch-wd wedges=0 recovered=0/0 (soft=0 hard=0) wakes=0 probes=3355/0 maxOutage=0ms rebootRec=0
[health] frame avg=28.1ms p95=28.4ms max=29.3ms  n=1 ap=329  heap free=91576 largest=46068 free8=91576 tlsOk=1 rej=0  allocFail=0 hardFail=0  tls=119/135  interval=217632ms  DATA STALE
[health] touch-wd wedges=0 recovered=0/0 (soft=0 hard=0) wakes=0 probes=3358/0 maxOutage=0ms rebootRec=0
[health] frame avg=28.0ms p95=28.2ms max=29.2ms  n=1 ap=329  heap free=91576 largest=46068 free8=91576 tlsOk=1 rej=0  allocFail=0 hardFail=0  tls=119/135  interval=217632ms  DATA STALE
[health] touch-wd wedges=0 recovered=0/0 (soft=0 hard=0) wakes=0 probes=3361/0 maxOutage=0ms rebootRec=0
[health] frame avg=28.1ms p95=28.4ms max=30.2ms  n=1 ap=329  heap free=89160 largest=44020 free8=89160 tlsOk=1 rej=0  allocFail=0 hardFail=0  tls=119/135  interval=217632ms  DATA STALE
[health] touch-wd wedges=0 recovered=0/0 (soft=0 hard=0) wakes=0 probes=3364/0 maxOutage=0ms rebootRec=0
[health] frame avg=28.1ms p95=28.2ms max=29.8ms  n=1 ap=329  heap free=89160 largest=44020 free8=89160 tlsOk=1 rej=0  allocFail=0 hardFail=0  tls=119/135  interval=217632ms  DATA STALE
[health] touch-wd wedges=0 recovered=0/0 (soft=0 hard=0) wakes=0 probes=3367/0 maxOutage=0ms rebootRec=0
[health] frame avg=28.1ms p95=28.5ms max=29.3ms  n=1 ap=329  heap free=89160 largest=44020 free8=89160 tlsOk=1 rej=0  allocFail=0 hardFail=0  tls=119/135  interval=217632ms  DATA STALE
[health] touch-wd wedges=0 recovered=0/0 (soft=0 hard=0) wakes=0 probes=3370/0 maxOutage=0ms rebootRec=0
[health] frame avg=28.0ms p95=28.2ms max=29.6ms  n=1 ap=329  heap free=89160 largest=44020 free8=89160 tlsOk=1 rej=0  allocFail=0 hardFail=0  tls=119/135  interval=217632ms  DATA STALE
[health] touch-wd wedges=0 recovered=0/0 (soft=0 hard=0) wakes=0 probes=3373/0 maxOutage=0ms rebootRec=0
[health] frame avg=28.1ms p95=28.2ms max=29.5ms  n=1 ap=329  heap free=89160 largest=44020 free8=89160 tlsOk=1 rej=0  allocFail=0 hardFail=0  tls=119/135  interval=217632ms  DATA STALE
[health] touch-wd wedges=0 recovered=0/0 (soft=0 hard=0) wakes=0 probes=3376/0 maxOutage=0ms rebootRec=0
[GET] diag: Content-Length path, CL=17 read=17 timedOut=0 err=InvalidInput
[GET] JSON parse failed (429): InvalidInput
[WARN] OpenSky request failed: InvalidInput
[health] frame avg=28.0ms p95=28.2ms max=34.1ms  n=1 ap=329  heap free=91600 largest=44020 free8=91600 tlsOk=1 rej=0  allocFail=0 hardFail=0  tls=120/135  interval=217632ms  DATA STALE
[health] touch-wd wedges=0 recovered=0/0 (soft=0 hard=0) wakes=0 probes=3379/0 maxOutage=0ms rebootRec=0
[health] frame avg=28.1ms p95=28.4ms max=29.2ms  n=1 ap=329  heap free=91600 largest=44020 free8=91600 tlsOk=1 rej=0  allocFail=0 hardFail=0  tls=120/135  interval=217632ms  DATA STALE
[health] touch-wd wedges=0 recovered=0/0 (soft=0 hard=0) wakes=0 probes=3382/0 maxOutage=0ms rebootRec=0
[health] frame avg=28.1ms p95=28.2ms max=29.5ms  n=1 ap=329  heap free=89184 largest=44020 free8=89184 tlsOk=1 rej=0  allocFail=0 hardFail=0  tls=120/135  interval=217632ms  DATA STALE
[health] touch-wd wedges=0 recovered=0/0 (soft=0 hard=0) wakes=0 probes=3385/0 maxOutage=0ms rebootRec=0
[health] frame avg=28.1ms p95=28.4ms max=29.3ms  n=1 ap=329  heap free=89184 largest=44020 free8=89184 tlsOk=1 rej=0  allocFail=0 hardFail=0  tls=120/135  interval=217632ms  DATA STALE
[health] touch-wd wedges=0 recovered=0/0 (soft=0 hard=0) wakes=0 probes=3388/0 maxOutage=0ms rebootRec=0
[health] frame avg=28.1ms p95=28.2ms max=29.5ms  n=1 ap=329  heap free=89184 largest=44020 free8=89184 tlsOk=1 rej=0  allocFail=0 hardFail=0  tls=120/135  interval=217632ms  DATA STALE
[health] touch-wd wedges=0 recovered=0/0 (soft=0 hard=0) wakes=0 probes=3391/0 maxOutage=0ms rebootRec=0
[health] frame avg=28.1ms p95=28.4ms max=29.7ms  n=1 ap=329  heap free=89184 largest=44020 free8=89184 tlsOk=1 rej=0  allocFail=0 hardFail=0  tls=120/135  interval=217632ms  DATA STALE
[health] touch-wd wedges=0 recovered=0/0 (soft=0 hard=0) wakes=0 probes=3394/0 maxOutage=0ms rebootRec=0
[health] frame avg=28.1ms p95=28.2ms max=29.6ms  n=1 ap=329  heap free=89184 largest=44020 free8=89184 tlsOk=1 rej=0  allocFail=0 hardFail=0  tls=120/135  interval=217632ms  DATA STALE
[health] touch-wd wedges=0 recovered=0/0 (soft=0 hard=0) wakes=0 probes=3397/0 maxOutage=0ms rebootRec=0
[GET] diag: Content-Length path, CL=17 read=17 timedOut=0 err=InvalidInput
[GET] JSON parse failed (429): InvalidInput
[WARN] OpenSky request failed: InvalidInput
[health] frame avg=28.1ms p95=28.5ms max=33.2ms  n=1 ap=329  heap free=91576 largest=42996 free8=91576 tlsOk=1 rej=0  allocFail=0 hardFail=0  tls=121/135  interval=217632ms  DATA STALE
[health] touch-wd wedges=0 recovered=0/0 (soft=0 hard=0) wakes=0 probes=3400/0 maxOutage=0ms rebootRec=0
[health] frame avg=28.0ms p95=28.2ms max=29.8ms  n=1 ap=329  heap free=91576 largest=42996 free8=91576 tlsOk=1 rej=0  allocFail=0 hardFail=0  tls=121/135  interval=217632ms  DATA STALE
[health] touch-wd wedges=0 recovered=0/0 (soft=0 hard=0) wakes=0 probes=3403/0 maxOutage=0ms rebootRec=0
[health] frame avg=28.1ms p95=28.4ms max=29.0ms  n=1 ap=329  heap free=89192 largest=42996 free8=89192 tlsOk=1 rej=0  allocFail=0 hardFail=0  tls=121/135  interval=217632ms  DATA STALE
[health] touch-wd wedges=0 recovered=0/0 (soft=0 hard=0) wakes=0 probes=3406/0 maxOutage=0ms rebootRec=0
[health] frame avg=28.1ms p95=28.2ms max=29.4ms  n=1 ap=329  heap free=89192 largest=42996 free8=89192 tlsOk=1 rej=0  allocFail=0 hardFail=0  tls=121/135  interval=217632ms  DATA STALE
[health] touch-wd wedges=0 recovered=0/0 (soft=0 hard=0) wakes=0 probes=3409/0 maxOutage=0ms rebootRec=0
[health] frame avg=28.1ms p95=28.4ms max=29.0ms  n=1 ap=329  heap free=89192 largest=42996 free8=89192 tlsOk=1 rej=0  allocFail=0 hardFail=0  tls=121/135  interval=217632ms  DATA STALE
[health] touch-wd wedges=0 recovered=0/0 (soft=0 hard=0) wakes=0 probes=3412/0 maxOutage=0ms rebootRec=0
[health] frame avg=28.1ms p95=28.1ms max=29.6ms  n=1 ap=329  heap free=89192 largest=42996 free8=89192 tlsOk=1 rej=0  allocFail=0 hardFail=0  tls=121/135  interval=217632ms  DATA STALE
[health] touch-wd wedges=0 recovered=0/0 (soft=0 hard=0) wakes=0 probes=3415/0 maxOutage=0ms rebootRec=0
[health] frame avg=28.1ms p95=28.5ms max=29.4ms  n=1 ap=329  heap free=89192 largest=42996 free8=89192 tlsOk=1 rej=0  allocFail=0 hardFail=0  tls=121/135  interval=217632ms  DATA STALE
[health] touch-wd wedges=0 recovered=0/0 (soft=0 hard=0) wakes=0 probes=3418/0 maxOutage=0ms rebootRec=0
[GET] diag: Content-Length path, CL=17 read=17 timedOut=0 err=InvalidInput
[GET] JSON parse failed (429): InvalidInput
[WARN] OpenSky request failed: InvalidInput
[health] frame avg=28.0ms p95=28.2ms max=33.4ms  n=1 ap=329  heap free=91568 largest=48116 free8=91568 tlsOk=1 rej=0  allocFail=0 hardFail=0  tls=122/135  interval=217632ms  DATA STALE
[health] touch-wd wedges=0 recovered=0/0 (soft=0 hard=0) wakes=0 probes=3421/0 maxOutage=0ms rebootRec=0
[health] frame avg=28.1ms p95=28.4ms max=29.5ms  n=1 ap=329  heap free=91568 largest=48116 free8=91568 tlsOk=1 rej=0  allocFail=0 hardFail=0  tls=122/135  interval=217632ms  DATA STALE
[health] touch-wd wedges=0 recovered=0/0 (soft=0 hard=0) wakes=0 probes=3424/0 maxOutage=0ms rebootRec=0
[health] frame avg=28.1ms p95=28.2ms max=29.5ms  n=1 ap=329  heap free=91568 largest=48116 free8=91568 tlsOk=1 rej=0  allocFail=0 hardFail=0  tls=122/135  interval=217632ms  DATA STALE
[health] touch-wd wedges=0 recovered=0/0 (soft=0 hard=0) wakes=0 probes=3427/0 maxOutage=0ms rebootRec=0
[health] frame avg=28.1ms p95=28.3ms max=29.4ms  n=1 ap=329  heap free=89152 largest=45044 free8=89152 tlsOk=1 rej=0  allocFail=0 hardFail=0  tls=122/135  interval=217632ms  DATA STALE
[health] touch-wd wedges=0 recovered=0/0 (soft=0 hard=0) wakes=0 probes=3430/0 maxOutage=0ms rebootRec=0
[health] frame avg=28.1ms p95=28.2ms max=29.7ms  n=1 ap=329  heap free=89152 largest=45044 free8=89152 tlsOk=1 rej=0  allocFail=0 hardFail=0  tls=122/135  interval=217632ms  DATA STALE
[health] touch-wd wedges=0 recovered=0/0 (soft=0 hard=0) wakes=0 probes=3433/0 maxOutage=0ms rebootRec=0
[health] frame avg=28.1ms p95=28.4ms max=29.1ms  n=1 ap=329  heap free=89152 largest=45044 free8=89152 tlsOk=1 rej=0  allocFail=0 hardFail=0  tls=122/135  interval=217632ms  DATA STALE
[health] touch-wd wedges=0 recovered=0/0 (soft=0 hard=0) wakes=0 probes=3436/0 maxOutage=0ms rebootRec=0
[health] frame avg=28.0ms p95=28.2ms max=29.3ms  n=1 ap=329  heap free=89184 largest=45044 free8=89184 tlsOk=1 rej=0  allocFail=0 hardFail=0  tls=122/135  interval=217632ms  DATA STALE
[health] touch-wd wedges=0 recovered=0/0 (soft=0 hard=0) wakes=0 probes=3439/0 maxOutage=0ms rebootRec=0
[GET] diag: Content-Length path, CL=17 read=17 timedOut=0 err=InvalidInput
[GET] JSON parse failed (429): InvalidInput
[WARN] OpenSky request failed: InvalidInput
[health] frame avg=28.2ms p95=28.9ms max=34.3ms  n=1 ap=329  heap free=91568 largest=45044 free8=91568 tlsOk=1 rej=0  allocFail=0 hardFail=0  tls=123/135  interval=217632ms  DATA STALE
[health] touch-wd wedges=0 recovered=0/0 (soft=0 hard=0) wakes=0 probes=3442/0 maxOutage=0ms rebootRec=0
[health] frame avg=28.1ms p95=28.2ms max=29.6ms  n=1 ap=329  heap free=91568 largest=45044 free8=91568 tlsOk=1 rej=0  allocFail=0 hardFail=0  tls=123/135  interval=217632ms  DATA STALE
[health] touch-wd wedges=0 recovered=0/0 (soft=0 hard=0) wakes=0 probes=3445/0 maxOutage=0ms rebootRec=0
[health] frame avg=28.1ms p95=28.2ms max=29.0ms  n=1 ap=329  heap free=91568 largest=45044 free8=91568 tlsOk=1 rej=0  allocFail=0 hardFail=0  tls=123/135  interval=217632ms  DATA STALE
[health] touch-wd wedges=0 recovered=0/0 (soft=0 hard=0) wakes=0 probes=3448/0 maxOutage=0ms rebootRec=0
[health] frame avg=28.1ms p95=28.2ms max=29.8ms  n=1 ap=329  heap free=89152 largest=44020 free8=89152 tlsOk=1 rej=0  allocFail=0 hardFail=0  tls=123/135  interval=217632ms  DATA STALE
[health] touch-wd wedges=0 recovered=0/0 (soft=0 hard=0) wakes=0 probes=3451/0 maxOutage=0ms rebootRec=0
[health] frame avg=28.1ms p95=28.4ms max=29.6ms  n=1 ap=329  heap free=89152 largest=44020 free8=89152 tlsOk=1 rej=0  allocFail=0 hardFail=0  tls=123/135  interval=217632ms  DATA STALE
[health] touch-wd wedges=0 recovered=0/0 (soft=0 hard=0) wakes=0 probes=3454/0 maxOutage=0ms rebootRec=0
[health] frame avg=28.1ms p95=28.2ms max=29.6ms  n=1 ap=329  heap free=89152 largest=44020 free8=89152 tlsOk=1 rej=0  allocFail=0 hardFail=0  tls=123/135  interval=217632ms  DATA STALE
[health] touch-wd wedges=0 recovered=0/0 (soft=0 hard=0) wakes=0 probes=3457/0 maxOutage=0ms rebootRec=0
[health] frame avg=28.1ms p95=28.4ms max=29.0ms  n=1 ap=329  heap free=89152 largest=44020 free8=89152 tlsOk=1 rej=0  allocFail=0 hardFail=0  tls=123/135  interval=217632ms  DATA STALE
[health] touch-wd wedges=0 recovered=0/0 (soft=0 hard=0) wakes=0 probes=3460/0 maxOutage=0ms rebootRec=0
[health] frame avg=28.0ms p95=28.2ms max=29.5ms  n=1 ap=329  heap free=89152 largest=44020 free8=89152 tlsOk=1 rej=0  allocFail=0 hardFail=0  tls=123/135  interval=217632ms  DATA STALE
[health] touch-wd wedges=0 recovered=0/0 (soft=0 hard=0) wakes=0 probes=3463/0 maxOutage=0ms rebootRec=0
[GET] diag: Content-Length path, CL=17 read=17 timedOut=0 err=InvalidInput
[GET] JSON parse failed (429): InvalidInput
[WARN] OpenSky request failed: InvalidInput
[health] frame avg=28.1ms p95=28.3ms max=34.2ms  n=1 ap=329  heap free=91572 largest=45044 free8=91572 tlsOk=1 rej=0  allocFail=0 hardFail=0  tls=124/135  interval=217632ms  DATA STALE
[health] touch-wd wedges=0 recovered=0/0 (soft=0 hard=0) wakes=0 probes=3466/0 maxOutage=0ms rebootRec=0
[health] frame avg=28.0ms p95=28.2ms max=29.5ms  n=1 ap=329  heap free=91604 largest=45044 free8=91604 tlsOk=1 rej=0  allocFail=0 hardFail=0  tls=124/135  interval=217632ms  DATA STALE
[health] touch-wd wedges=0 recovered=0/0 (soft=0 hard=0) wakes=0 probes=3469/0 maxOutage=0ms rebootRec=0
[health] frame avg=28.1ms p95=28.5ms max=29.4ms  n=1 ap=329  heap free=89188 largest=42996 free8=89188 tlsOk=1 rej=0  allocFail=0 hardFail=0  tls=124/135  interval=217632ms  DATA STALE
[health] touch-wd wedges=0 recovered=0/0 (soft=0 hard=0) wakes=0 probes=3472/0 maxOutage=0ms rebootRec=0
[dim] brightness -> 255 (day)
[health] frame avg=28.0ms p95=28.1ms max=29.4ms  n=1 ap=329  heap free=89188 largest=42996 free8=89188 tlsOk=1 rej=0  allocFail=0 hardFail=0  tls=124/135  interval=217632ms  DATA STALE
[health] touch-wd wedges=0 recovered=0/0 (soft=0 hard=0) wakes=0 probes=3475/0 maxOutage=0ms rebootRec=0
[health] frame avg=28.1ms p95=28.4ms max=29.0ms  n=1 ap=329  heap free=89188 largest=42996 free8=89188 tlsOk=1 rej=0  allocFail=0 hardFail=0  tls=124/135  interval=217632ms  DATA STALE
[health] touch-wd wedges=0 recovered=0/0 (soft=0 hard=0) wakes=0 probes=3478/0 maxOutage=0ms rebootRec=0
[health] frame avg=28.0ms p95=28.1ms max=29.2ms  n=1 ap=329  heap free=89188 largest=42996 free8=89188 tlsOk=1 rej=0  allocFail=0 hardFail=0  tls=124/135  interval=217632ms  DATA STALE
[health] touch-wd wedges=0 recovered=0/0 (soft=0 hard=0) wakes=0 probes=3481/0 maxOutage=0ms rebootRec=0
[health] frame avg=28.0ms p95=28.2ms max=29.2ms  n=1 ap=329  heap free=89188 largest=42996 free8=89188 tlsOk=1 rej=0  allocFail=0 hardFail=0  tls=124/135  interval=217632ms  DATA STALE
[health] touch-wd wedges=0 recovered=0/0 (soft=0 hard=0) wakes=0 probes=3484/0 maxOutage=0ms rebootRec=0
[GET] diag: Content-Length path, CL=17 read=17 timedOut=0 err=InvalidInput
[GET] JSON parse failed (429): InvalidInput
[WARN] OpenSky request failed: InvalidInput
[health] frame avg=28.0ms p95=28.1ms max=33.3ms  n=1 ap=329  heap free=91572 largest=46068 free8=91572 tlsOk=1 rej=0  allocFail=0 hardFail=0  tls=125/135  interval=217632ms  DATA STALE
[health] touch-wd wedges=0 recovered=0/0 (soft=0 hard=0) wakes=0 probes=3487/0 maxOutage=0ms rebootRec=0
[health] frame avg=28.0ms p95=28.2ms max=29.2ms  n=1 ap=329  heap free=91608 largest=46068 free8=91608 tlsOk=1 rej=0  allocFail=0 hardFail=0  tls=125/135  interval=217632ms  DATA STALE
[health] touch-wd wedges=0 recovered=0/0 (soft=0 hard=0) wakes=0 probes=3490/0 maxOutage=0ms rebootRec=0
[health] frame avg=28.0ms p95=28.2ms max=29.5ms  n=1 ap=329  heap free=89192 largest=44020 free8=89192 tlsOk=1 rej=0  allocFail=0 hardFail=0  tls=125/135  interval=217632ms  DATA STALE
[health] touch-wd wedges=0 recovered=0/0 (soft=0 hard=0) wakes=0 probes=3493/0 maxOutage=0ms rebootRec=0
[health] frame avg=28.0ms p95=28.4ms max=29.5ms  n=1 ap=329  heap free=89192 largest=44020 free8=89192 tlsOk=1 rej=0  allocFail=0 hardFail=0  tls=125/135  interval=217632ms  DATA STALE
[health] touch-wd wedges=0 recovered=0/0 (soft=0 hard=0) wakes=0 probes=3496/0 maxOutage=0ms rebootRec=0
[health] frame avg=28.0ms p95=28.2ms max=29.3ms  n=1 ap=329  heap free=89192 largest=44020 free8=89192 tlsOk=1 rej=0  allocFail=0 hardFail=0  tls=125/135  interval=217632ms  DATA STALE
[health] touch-wd wedges=0 recovered=0/0 (soft=0 hard=0) wakes=0 probes=3499/0 maxOutage=0ms rebootRec=0
[health] frame avg=28.0ms p95=28.3ms max=30.5ms  n=1 ap=329  heap free=89192 largest=44020 free8=89192 tlsOk=1 rej=0  allocFail=0 hardFail=0  tls=125/135  interval=217632ms  DATA STALE
[health] touch-wd wedges=0 recovered=0/0 (soft=0 hard=0) wakes=0 probes=3502/0 maxOutage=0ms rebootRec=0
[health] frame avg=28.0ms p95=28.1ms max=29.9ms  n=1 ap=329  heap free=89192 largest=44020 free8=89192 tlsOk=1 rej=0  allocFail=0 hardFail=0  tls=125/135  interval=217632ms  DATA STALE
[health] touch-wd wedges=0 recovered=0/0 (soft=0 hard=0) wakes=0 probes=3505/0 maxOutage=0ms rebootRec=0
[GET] diag: Content-Length path, CL=17 read=17 timedOut=0 err=InvalidInput
[GET] JSON parse failed (429): InvalidInput
[WARN] OpenSky request failed: InvalidInput
[health] frame avg=28.0ms p95=28.3ms max=33.6ms  n=1 ap=329  heap free=91568 largest=46068 free8=91568 tlsOk=1 rej=0  allocFail=0 hardFail=0  tls=126/135  interval=217632ms  DATA STALE
[health] touch-wd wedges=0 recovered=0/0 (soft=0 hard=0) wakes=0 probes=3508/0 maxOutage=0ms rebootRec=0
[health] frame avg=28.1ms p95=28.2ms max=29.4ms  n=1 ap=329  heap free=91568 largest=46068 free8=91568 tlsOk=1 rej=0  allocFail=0 hardFail=0  tls=126/135  interval=217632ms  DATA STALE
[health] touch-wd wedges=0 recovered=0/0 (soft=0 hard=0) wakes=0 probes=3511/0 maxOutage=0ms rebootRec=0
[health] frame avg=28.0ms p95=28.2ms max=30.1ms  n=1 ap=329  heap free=91568 largest=46068 free8=91568 tlsOk=1 rej=0  allocFail=0 hardFail=0  tls=126/135  interval=217632ms  DATA STALE
[health] touch-wd wedges=0 recovered=0/0 (soft=0 hard=0) wakes=0 probes=3514/0 maxOutage=0ms rebootRec=0
[health] frame avg=28.0ms p95=28.1ms max=29.1ms  n=1 ap=329  heap free=89152 largest=45044 free8=89152 tlsOk=1 rej=0  allocFail=0 hardFail=0  tls=126/135  interval=217632ms  DATA STALE
[health] touch-wd wedges=0 recovered=0/0 (soft=0 hard=0) wakes=0 probes=3517/0 maxOutage=0ms rebootRec=0
[health] frame avg=28.0ms p95=28.4ms max=29.4ms  n=1 ap=329  heap free=89184 largest=45044 free8=89184 tlsOk=1 rej=0  allocFail=0 hardFail=0  tls=126/135  interval=217632ms  DATA STALE
[health] touch-wd wedges=0 recovered=0/0 (soft=0 hard=0) wakes=0 probes=3520/0 maxOutage=0ms rebootRec=0
[health] frame avg=28.0ms p95=28.2ms max=30.3ms  n=1 ap=329  heap free=89184 largest=45044 free8=89184 tlsOk=1 rej=0  allocFail=0 hardFail=0  tls=126/135  interval=217632ms  DATA STALE
[health] touch-wd wedges=0 recovered=0/0 (soft=0 hard=0) wakes=0 probes=3523/0 maxOutage=0ms rebootRec=0
[health] frame avg=28.1ms p95=28.4ms max=29.4ms  n=1 ap=329  heap free=89184 largest=45044 free8=89184 tlsOk=1 rej=0  allocFail=0 hardFail=0  tls=126/135  interval=217632ms  DATA STALE
[health] touch-wd wedges=0 recovered=0/0 (soft=0 hard=0) wakes=0 probes=3526/0 maxOutage=0ms rebootRec=0
[GET] diag: Content-Length path, CL=17 read=17 timedOut=0 err=InvalidInput
[GET] JSON parse failed (429): InvalidInput
[WARN] OpenSky request failed: InvalidInput
[health] frame avg=28.2ms p95=28.8ms max=33.3ms  n=1 ap=329  heap free=91580 largest=48116 free8=91580 tlsOk=1 rej=0  allocFail=0 hardFail=0  tls=127/135  interval=217632ms  DATA STALE
[health] touch-wd wedges=0 recovered=0/0 (soft=0 hard=0) wakes=0 probes=3529/0 maxOutage=0ms rebootRec=0
[health] frame avg=28.1ms p95=28.4ms max=29.1ms  n=1 ap=329  heap free=91580 largest=48116 free8=91580 tlsOk=1 rej=0  allocFail=0 hardFail=0  tls=127/135  interval=217632ms  DATA STALE
[health] touch-wd wedges=0 recovered=0/0 (soft=0 hard=0) wakes=0 probes=3532/0 maxOutage=0ms rebootRec=0
[health] frame avg=28.0ms p95=28.1ms max=29.7ms  n=1 ap=329  heap free=91580 largest=48116 free8=91580 tlsOk=1 rej=0  allocFail=0 hardFail=0  tls=127/135  interval=217632ms  DATA STALE
[health] touch-wd wedges=0 recovered=0/0 (soft=0 hard=0) wakes=0 probes=3535/0 maxOutage=0ms rebootRec=0
[health] frame avg=28.0ms p95=28.4ms max=29.2ms  n=1 ap=329  heap free=89164 largest=46068 free8=89164 tlsOk=1 rej=0  allocFail=0 hardFail=0  tls=127/135  interval=217632ms  DATA STALE
[health] touch-wd wedges=0 recovered=0/0 (soft=0 hard=0) wakes=0 probes=3538/0 maxOutage=0ms rebootRec=0
[health] frame avg=28.0ms p95=28.1ms max=29.5ms  n=1 ap=329  heap free=89164 largest=46068 free8=89164 tlsOk=1 rej=0  allocFail=0 hardFail=0  tls=127/135  interval=217632ms  DATA STALE
[health] touch-wd wedges=0 recovered=0/0 (soft=0 hard=0) wakes=0 probes=3541/0 maxOutage=0ms rebootRec=0
[health] frame avg=28.0ms p95=28.4ms max=30.4ms  n=1 ap=329  heap free=89196 largest=46068 free8=89196 tlsOk=1 rej=0  allocFail=0 hardFail=0  tls=127/135  interval=217632ms  DATA STALE
[health] touch-wd wedges=0 recovered=0/0 (soft=0 hard=0) wakes=0 probes=3544/0 maxOutage=0ms rebootRec=0
[health] frame avg=28.0ms p95=28.1ms max=29.4ms  n=1 ap=329  heap free=89196 largest=46068 free8=89196 tlsOk=1 rej=0  allocFail=0 hardFail=0  tls=127/135  interval=217632ms  DATA STALE
[health] touch-wd wedges=0 recovered=0/0 (soft=0 hard=0) wakes=0 probes=3547/0 maxOutage=0ms rebootRec=0
[health] frame avg=28.0ms p95=28.2ms max=29.2ms  n=1 ap=329  heap free=89196 largest=46068 free8=89196 tlsOk=1 rej=0  allocFail=0 hardFail=0  tls=127/135  interval=217632ms  DATA STALE
[health] touch-wd wedges=0 recovered=0/0 (soft=0 hard=0) wakes=0 probes=3550/0 maxOutage=0ms rebootRec=0
[GET] diag: Content-Length path, CL=17 read=17 timedOut=0 err=InvalidInput
[GET] JSON parse failed (429): InvalidInput
[WARN] OpenSky request failed: InvalidInput
[health] frame avg=28.0ms p95=28.2ms max=33.3ms  n=1 ap=329  heap free=91560 largest=44020 free8=91560 tlsOk=1 rej=0  allocFail=0 hardFail=0  tls=128/135  interval=217632ms  DATA STALE
[health] touch-wd wedges=0 recovered=0/0 (soft=0 hard=0) wakes=0 probes=3553/0 maxOutage=0ms rebootRec=0
[health] frame avg=28.0ms p95=28.4ms max=29.6ms  n=1 ap=329  heap free=91560 largest=44020 free8=91560 tlsOk=1 rej=0  allocFail=0 hardFail=0  tls=128/135  interval=217632ms  DATA STALE
[health] touch-wd wedges=0 recovered=0/0 (soft=0 hard=0) wakes=0 probes=3556/0 maxOutage=0ms rebootRec=0
[health] frame avg=28.0ms p95=28.2ms max=29.4ms  n=1 ap=329  heap free=89144 largest=44020 free8=89144 tlsOk=1 rej=0  allocFail=0 hardFail=0  tls=128/135  interval=217632ms  DATA STALE
[health] touch-wd wedges=0 recovered=0/0 (soft=0 hard=0) wakes=0 probes=3559/0 maxOutage=0ms rebootRec=0
[health] frame avg=28.1ms p95=28.4ms max=29.2ms  n=1 ap=329  heap free=89144 largest=44020 free8=89144 tlsOk=1 rej=0  allocFail=0 hardFail=0  tls=128/135  interval=217632ms  DATA STALE
[health] touch-wd wedges=0 recovered=0/0 (soft=0 hard=0) wakes=0 probes=3562/0 maxOutage=0ms rebootRec=0
[health] frame avg=28.0ms p95=28.1ms max=30.5ms  n=1 ap=329  heap free=89144 largest=44020 free8=89144 tlsOk=1 rej=0  allocFail=0 hardFail=0  tls=128/135  interval=217632ms  DATA STALE
[health] touch-wd wedges=0 recovered=0/0 (soft=0 hard=0) wakes=0 probes=3565/0 maxOutage=0ms rebootRec=0
[health] frame avg=28.0ms p95=28.4ms max=29.8ms  n=1 ap=329  heap free=89144 largest=44020 free8=89144 tlsOk=1 rej=0  allocFail=0 hardFail=0  tls=128/135  interval=217632ms  DATA STALE
[health] touch-wd wedges=0 recovered=0/0 (soft=0 hard=0) wakes=0 probes=3568/0 maxOutage=0ms rebootRec=0
[health] frame avg=28.0ms p95=28.2ms max=29.4ms  n=1 ap=329  heap free=89144 largest=44020 free8=89144 tlsOk=1 rej=0  allocFail=0 hardFail=0  tls=128/135  interval=217632ms  DATA STALE
[health] touch-wd wedges=0 recovered=0/0 (soft=0 hard=0) wakes=0 probes=3571/0 maxOutage=0ms rebootRec=0
[GET] diag: Content-Length path, CL=17 read=17 timedOut=0 err=InvalidInput
[GET] JSON parse failed (429): InvalidInput
[WARN] OpenSky request failed: InvalidInput
[health] frame avg=28.0ms p95=28.3ms max=33.8ms  n=1 ap=329  heap free=91612 largest=42996 free8=91612 tlsOk=1 rej=0  allocFail=0 hardFail=0  tls=129/135  interval=217632ms  DATA STALE
[health] touch-wd wedges=0 recovered=0/0 (soft=0 hard=0) wakes=0 probes=3574/0 maxOutage=0ms rebootRec=0
[health] frame avg=28.0ms p95=28.1ms max=29.1ms  n=1 ap=329  heap free=91612 largest=42996 free8=91612 tlsOk=1 rej=0  allocFail=0 hardFail=0  tls=129/135  interval=217632ms  DATA STALE
[health] touch-wd wedges=0 recovered=0/0 (soft=0 hard=0) wakes=0 probes=3577/0 maxOutage=0ms rebootRec=0
[health] frame avg=28.0ms p95=28.3ms max=29.6ms  n=1 ap=329  heap free=89196 largest=42996 free8=89196 tlsOk=1 rej=0  allocFail=0 hardFail=0  tls=129/135  interval=217632ms  DATA STALE
[health] touch-wd wedges=0 recovered=0/0 (soft=0 hard=0) wakes=0 probes=3580/0 maxOutage=0ms rebootRec=0
[health] frame avg=28.0ms p95=28.1ms max=29.3ms  n=1 ap=329  heap free=89196 largest=42996 free8=89196 tlsOk=1 rej=0  allocFail=0 hardFail=0  tls=129/135  interval=217632ms  DATA STALE
[health] touch-wd wedges=0 recovered=0/0 (soft=0 hard=0) wakes=0 probes=3583/0 maxOutage=0ms rebootRec=0
[health] frame avg=28.0ms p95=28.2ms max=29.1ms  n=1 ap=329  heap free=89196 largest=42996 free8=89196 tlsOk=1 rej=0  allocFail=0 hardFail=0  tls=129/135  interval=217632ms  DATA STALE
[health] touch-wd wedges=0 recovered=0/0 (soft=0 hard=0) wakes=0 probes=3586/0 maxOutage=0ms rebootRec=0
[health] frame avg=28.1ms p95=28.2ms max=29.7ms  n=1 ap=329  heap free=89196 largest=42996 free8=89196 tlsOk=1 rej=0  allocFail=0 hardFail=0  tls=129/135  interval=217632ms  DATA STALE
[health] touch-wd wedges=0 recovered=0/0 (soft=0 hard=0) wakes=0 probes=3589/0 maxOutage=0ms rebootRec=0
[health] frame avg=28.0ms p95=28.2ms max=29.0ms  n=1 ap=329  heap free=89196 largest=42996 free8=89196 tlsOk=1 rej=0  allocFail=0 hardFail=0  tls=129/135  interval=217632ms  DATA STALE
[health] touch-wd wedges=0 recovered=0/0 (soft=0 hard=0) wakes=0 probes=3592/0 maxOutage=0ms rebootRec=0
[GET] diag: Content-Length path, CL=17 read=17 timedOut=0 err=InvalidInput
[GET] JSON parse failed (429): InvalidInput
[WARN] OpenSky request failed: InvalidInput
[health] frame avg=28.0ms p95=28.1ms max=33.5ms  n=1 ap=329  heap free=91568 largest=47092 free8=91568 tlsOk=1 rej=0  allocFail=0 hardFail=0  tls=130/135  interval=217632ms  DATA STALE
[health] touch-wd wedges=0 recovered=0/0 (soft=0 hard=0) wakes=0 probes=3595/0 maxOutage=0ms rebootRec=0
[health] frame avg=28.1ms p95=28.4ms max=29.4ms  n=1 ap=329  heap free=91568 largest=47092 free8=91568 tlsOk=1 rej=0  allocFail=0 hardFail=0  tls=130/135  interval=217632ms  DATA STALE
[health] touch-wd wedges=0 recovered=0/0 (soft=0 hard=0) wakes=0 probes=3598/0 maxOutage=0ms rebootRec=0
[health] frame avg=28.0ms p95=28.1ms max=29.1ms  n=1 ap=329  heap free=91568 largest=47092 free8=91568 tlsOk=1 rej=0  allocFail=0 hardFail=0  tls=130/135  interval=217632ms  DATA STALE
[health] touch-wd wedges=0 recovered=0/0 (soft=0 hard=0) wakes=0 probes=3601/0 maxOutage=0ms rebootRec=0
[health] frame avg=28.0ms p95=28.2ms max=29.5ms  n=1 ap=329  heap free=89152 largest=45044 free8=89152 tlsOk=1 rej=0  allocFail=0 hardFail=0  tls=130/135  interval=217632ms  DATA STALE
[health] touch-wd wedges=0 recovered=0/0 (soft=0 hard=0) wakes=0 probes=3604/0 maxOutage=0ms rebootRec=0
[health] frame avg=28.0ms p95=28.1ms max=29.6ms  n=1 ap=329  heap free=89152 largest=45044 free8=89152 tlsOk=1 rej=0  allocFail=0 hardFail=0  tls=130/135  interval=217632ms  DATA STALE
[health] touch-wd wedges=0 recovered=0/0 (soft=0 hard=0) wakes=0 probes=3607/0 maxOutage=0ms rebootRec=0
[health] frame avg=28.1ms p95=28.2ms max=29.3ms  n=1 ap=329  heap free=89152 largest=45044 free8=89152 tlsOk=1 rej=0  allocFail=0 hardFail=0  tls=130/135  interval=217632ms  DATA STALE
[health] touch-wd wedges=0 recovered=0/0 (soft=0 hard=0) wakes=0 probes=3610/0 maxOutage=0ms rebootRec=0
[health] frame avg=28.0ms p95=28.1ms max=29.5ms  n=1 ap=329  heap free=89152 largest=45044 free8=89152 tlsOk=1 rej=0  allocFail=0 hardFail=0  tls=130/135  interval=217632ms  DATA STALE
[health] touch-wd wedges=0 recovered=0/0 (soft=0 hard=0) wakes=0 probes=3613/0 maxOutage=0ms rebootRec=0
[GET] diag: Content-Length path, CL=17 read=17 timedOut=0 err=InvalidInput
[GET] JSON parse failed (429): InvalidInput
[WARN] OpenSky request failed: InvalidInput
[health] frame avg=28.3ms p95=29.0ms max=34.0ms  n=1 ap=329  heap free=91568 largest=44020 free8=91568 tlsOk=1 rej=0  allocFail=0 hardFail=0  tls=131/135  interval=217632ms  DATA STALE
[health] touch-wd wedges=0 recovered=0/0 (soft=0 hard=0) wakes=0 probes=3616/0 maxOutage=0ms rebootRec=0
[health] frame avg=28.0ms p95=28.1ms max=29.4ms  n=1 ap=329  heap free=91568 largest=44020 free8=91568 tlsOk=1 rej=0  allocFail=0 hardFail=0  tls=131/135  interval=217632ms  DATA STALE
[health] touch-wd wedges=0 recovered=0/0 (soft=0 hard=0) wakes=0 probes=3619/0 maxOutage=0ms rebootRec=0
[health] frame avg=28.0ms p95=28.3ms max=29.1ms  n=1 ap=329  heap free=91568 largest=44020 free8=91568 tlsOk=1 rej=0  allocFail=0 hardFail=0  tls=131/135  interval=217632ms  DATA STALE
[health] touch-wd wedges=0 recovered=0/0 (soft=0 hard=0) wakes=0 probes=3622/0 maxOutage=0ms rebootRec=0
[health] frame avg=28.0ms p95=28.1ms max=29.6ms  n=1 ap=329  heap free=89188 largest=44020 free8=89188 tlsOk=1 rej=0  allocFail=0 hardFail=0  tls=131/135  interval=217632ms  DATA STALE
[health] touch-wd wedges=0 recovered=0/0 (soft=0 hard=0) wakes=0 probes=3625/0 maxOutage=0ms rebootRec=0
[health] frame avg=28.0ms p95=28.3ms max=29.0ms  n=1 ap=329  heap free=89188 largest=44020 free8=89188 tlsOk=1 rej=0  allocFail=0 hardFail=0  tls=131/135  interval=217632ms  DATA STALE
[health] touch-wd wedges=0 recovered=0/0 (soft=0 hard=0) wakes=0 probes=3628/0 maxOutage=0ms rebootRec=0
[health] frame avg=28.0ms p95=28.2ms max=29.3ms  n=1 ap=329  heap free=89188 largest=44020 free8=89188 tlsOk=1 rej=0  allocFail=0 hardFail=0  tls=131/135  interval=217632ms  DATA STALE
[health] touch-wd wedges=0 recovered=0/0 (soft=0 hard=0) wakes=0 probes=3631/0 maxOutage=0ms rebootRec=0
[health] frame avg=28.0ms p95=28.3ms max=29.3ms  n=1 ap=329  heap free=89188 largest=44020 free8=89188 tlsOk=1 rej=0  allocFail=0 hardFail=0  tls=131/135  interval=217632ms  DATA STALE
[health] touch-wd wedges=0 recovered=0/0 (soft=0 hard=0) wakes=0 probes=3634/0 maxOutage=0ms rebootRec=0
[health] frame avg=28.0ms p95=28.1ms max=29.8ms  n=1 ap=329  heap free=89188 largest=44020 free8=89188 tlsOk=1 rej=0  allocFail=0 hardFail=0  tls=131/135  interval=217632ms  DATA STALE
[health] touch-wd wedges=0 recovered=0/0 (soft=0 hard=0) wakes=0 probes=3637/0 maxOutage=0ms rebootRec=0
[GET] diag: Content-Length path, CL=17 read=17 timedOut=0 err=InvalidInput
[GET] JSON parse failed (429): InvalidInput
[WARN] OpenSky request failed: InvalidInput
[health] frame avg=28.0ms p95=28.4ms max=33.1ms  n=1 ap=329  heap free=91612 largest=45044 free8=91612 tlsOk=1 rej=0  allocFail=0 hardFail=0  tls=132/135  interval=217632ms  DATA STALE
[health] touch-wd wedges=0 recovered=0/0 (soft=0 hard=0) wakes=0 probes=3640/0 maxOutage=0ms rebootRec=0
[health] frame avg=28.0ms p95=28.1ms max=29.7ms  n=1 ap=329  heap free=91612 largest=45044 free8=91612 tlsOk=1 rej=0  allocFail=0 hardFail=0  tls=132/135  interval=217632ms  DATA STALE
[health] touch-wd wedges=0 recovered=0/0 (soft=0 hard=0) wakes=0 probes=3643/0 maxOutage=0ms rebootRec=0
[health] frame avg=28.1ms p95=28.4ms max=29.0ms  n=1 ap=329  heap free=89196 largest=45044 free8=89196 tlsOk=1 rej=0  allocFail=0 hardFail=0  tls=132/135  interval=217632ms  DATA STALE
[health] touch-wd wedges=0 recovered=0/0 (soft=0 hard=0) wakes=0 probes=3646/0 maxOutage=0ms rebootRec=0
[health] frame avg=28.0ms p95=28.2ms max=29.5ms  n=1 ap=329  heap free=89196 largest=45044 free8=89196 tlsOk=1 rej=0  allocFail=0 hardFail=0  tls=132/135  interval=217632ms  DATA STALE
[health] touch-wd wedges=0 recovered=0/0 (soft=0 hard=0) wakes=0 probes=3649/0 maxOutage=0ms rebootRec=0
[health] frame avg=28.1ms p95=28.4ms max=29.2ms  n=1 ap=329  heap free=89196 largest=45044 free8=89196 tlsOk=1 rej=0  allocFail=0 hardFail=0  tls=132/135  interval=217632ms  DATA STALE
[health] touch-wd wedges=0 recovered=0/0 (soft=0 hard=0) wakes=0 probes=3652/0 maxOutage=0ms rebootRec=0
[health] frame avg=28.0ms p95=28.2ms max=29.7ms  n=1 ap=329  heap free=89196 largest=45044 free8=89196 tlsOk=1 rej=0  allocFail=0 hardFail=0  tls=132/135  interval=217632ms  DATA STALE
[health] touch-wd wedges=0 recovered=0/0 (soft=0 hard=0) wakes=0 probes=3655/0 maxOutage=0ms rebootRec=0
[health] frame avg=28.0ms p95=28.2ms max=29.8ms  n=1 ap=329  heap free=89196 largest=45044 free8=89196 tlsOk=1 rej=0  allocFail=0 hardFail=0  tls=132/135  interval=217632ms  DATA STALE
[health] touch-wd wedges=0 recovered=0/0 (soft=0 hard=0) wakes=0 probes=3658/0 maxOutage=0ms rebootRec=0
[GET] diag: Content-Length path, CL=17 read=17 timedOut=0 err=InvalidInput
[GET] JSON parse failed (429): InvalidInput
[WARN] OpenSky request failed: InvalidInput
[health] frame avg=28.1ms p95=28.3ms max=33.5ms  n=1 ap=329  heap free=91584 largest=39924 free8=91584 tlsOk=1 rej=0  allocFail=0 hardFail=0  tls=133/135  interval=217632ms  DATA STALE
[health] touch-wd wedges=0 recovered=0/0 (soft=0 hard=0) wakes=0 probes=3661/0 maxOutage=0ms rebootRec=0
[health] frame avg=28.1ms p95=28.4ms max=29.3ms  n=1 ap=329  heap free=91584 largest=39924 free8=91584 tlsOk=1 rej=0  allocFail=0 hardFail=0  tls=133/135  interval=217632ms  DATA STALE
[health] touch-wd wedges=0 recovered=0/0 (soft=0 hard=0) wakes=0 probes=3664/0 maxOutage=0ms rebootRec=0
[health] frame avg=28.0ms p95=28.2ms max=29.5ms  n=1 ap=329  heap free=89168 largest=39924 free8=89168 tlsOk=1 rej=0  allocFail=0 hardFail=0  tls=133/135  interval=217632ms  DATA STALE
[health] touch-wd wedges=0 recovered=0/0 (soft=0 hard=0) wakes=0 probes=3667/0 maxOutage=0ms rebootRec=0
[health] frame avg=28.1ms p95=28.4ms max=29.6ms  n=1 ap=329  heap free=89168 largest=39924 free8=89168 tlsOk=1 rej=0  allocFail=0 hardFail=0  tls=133/135  interval=217632ms  DATA STALE
[health] touch-wd wedges=0 recovered=0/0 (soft=0 hard=0) wakes=0 probes=3670/0 maxOutage=0ms rebootRec=0
[health] frame avg=28.0ms p95=28.1ms max=29.2ms  n=1 ap=329  heap free=89168 largest=39924 free8=89168 tlsOk=1 rej=0  allocFail=0 hardFail=0  tls=133/135  interval=217632ms  DATA STALE
[health] touch-wd wedges=0 recovered=0/0 (soft=0 hard=0) wakes=0 probes=3673/0 maxOutage=0ms rebootRec=0
[health] frame avg=28.0ms p95=28.3ms max=29.6ms  n=1 ap=329  heap free=89168 largest=39924 free8=89168 tlsOk=1 rej=0  allocFail=0 hardFail=0  tls=133/135  interval=217632ms  DATA STALE
[health] touch-wd wedges=0 recovered=0/0 (soft=0 hard=0) wakes=0 probes=3676/0 maxOutage=0ms rebootRec=0
[health] frame avg=28.0ms p95=28.1ms max=29.4ms  n=1 ap=329  heap free=89168 largest=39924 free8=89168 tlsOk=1 rej=0  allocFail=0 hardFail=0  tls=133/135  interval=217632ms  DATA STALE
[health] touch-wd wedges=0 recovered=0/0 (soft=0 hard=0) wakes=0 probes=3679/0 maxOutage=0ms rebootRec=0
[GET] diag: Content-Length path, CL=17 read=17 timedOut=0 err=InvalidInput
[GET] JSON parse failed (429): InvalidInput
[WARN] OpenSky request failed: InvalidInput
[health] frame avg=28.1ms p95=28.4ms max=34.0ms  n=1 ap=329  heap free=91536 largest=46068 free8=91536 tlsOk=1 rej=0  allocFail=0 hardFail=0  tls=134/135  interval=217632ms  DATA STALE
[health] touch-wd wedges=0 recovered=0/0 (soft=0 hard=0) wakes=0 probes=3682/0 maxOutage=0ms rebootRec=0
[health] frame avg=28.0ms p95=28.1ms max=29.8ms  n=1 ap=329  heap free=91536 largest=46068 free8=91536 tlsOk=1 rej=0  allocFail=0 hardFail=0  tls=134/135  interval=217632ms  DATA STALE
[health] touch-wd wedges=0 recovered=0/0 (soft=0 hard=0) wakes=0 probes=3685/0 maxOutage=0ms rebootRec=0
[health] frame avg=28.0ms p95=28.2ms max=29.2ms  n=1 ap=329  heap free=91568 largest=46068 free8=91568 tlsOk=1 rej=0  allocFail=0 hardFail=0  tls=134/135  interval=217632ms  DATA STALE
[health] touch-wd wedges=0 recovered=0/0 (soft=0 hard=0) wakes=0 probes=3688/0 maxOutage=0ms rebootRec=0
[health] frame avg=28.1ms p95=28.5ms max=30.0ms  n=1 ap=329  heap free=89152 largest=44020 free8=89152 tlsOk=1 rej=0  allocFail=0 hardFail=0  tls=134/135  interval=217632ms  DATA STALE
[health] touch-wd wedges=0 recovered=0/0 (soft=0 hard=0) wakes=0 probes=3691/0 maxOutage=0ms rebootRec=0
[health] frame avg=28.1ms p95=28.4ms max=29.2ms  n=1 ap=329  heap free=89152 largest=44020 free8=89152 tlsOk=1 rej=0  allocFail=0 hardFail=0  tls=134/135  interval=217632ms  DATA STALE
[health] touch-wd wedges=0 recovered=0/0 (soft=0 hard=0) wakes=0 probes=3694/0 maxOutage=0ms rebootRec=0
[health] frame avg=28.0ms p95=28.1ms max=29.4ms  n=1 ap=329  heap free=89152 largest=44020 free8=89152 tlsOk=1 rej=0  allocFail=0 hardFail=0  tls=134/135  interval=217632ms  DATA STALE
[health] touch-wd wedges=0 recovered=0/0 (soft=0 hard=0) wakes=0 probes=3697/0 maxOutage=0ms rebootRec=0
[health] frame avg=28.0ms p95=28.4ms max=29.1ms  n=1 ap=329  heap free=89152 largest=44020 free8=89152 tlsOk=1 rej=0  allocFail=0 hardFail=0  tls=134/135  interval=217632ms  DATA STALE
[health] touch-wd wedges=0 recovered=0/0 (soft=0 hard=0) wakes=0 probes=3700/0 maxOutage=0ms rebootRec=0
[GET] diag: Content-Length path, CL=17 read=17 timedOut=0 err=InvalidInput
[GET] JSON parse failed (429): InvalidInput
[WARN] OpenSky request failed: InvalidInput
[health] frame avg=28.2ms p95=28.9ms max=33.2ms  n=1 ap=329  heap free=91564 largest=42996 free8=91564 tlsOk=1 rej=0  allocFail=0 hardFail=0  tls=135/135  interval=217632ms  DATA STALE
[health] touch-wd wedges=0 recovered=0/0 (soft=0 hard=0) wakes=0 probes=3703/0 maxOutage=0ms rebootRec=0
[health] frame avg=28.0ms p95=28.2ms max=29.1ms  n=1 ap=329  heap free=91564 largest=42996 free8=91564 tlsOk=1 rej=0  allocFail=0 hardFail=0  tls=135/135  interval=217632ms  DATA STALE
[health] touch-wd wedges=0 recovered=0/0 (soft=0 hard=0) wakes=0 probes=3706/0 maxOutage=0ms rebootRec=0
[health] frame avg=28.0ms p95=28.1ms max=29.5ms  n=1 ap=329  heap free=91600 largest=42996 free8=91600 tlsOk=1 rej=0  allocFail=0 hardFail=0  tls=135/135  interval=217632ms  DATA STALE
[health] touch-wd wedges=0 recovered=0/0 (soft=0 hard=0) wakes=0 probes=3709/0 maxOutage=0ms rebootRec=0
[health] frame avg=28.0ms p95=28.2ms max=29.2ms  n=1 ap=329  heap free=89184 largest=42996 free8=89184 tlsOk=1 rej=0  allocFail=0 hardFail=0  tls=135/135  interval=217632ms  DATA STALE
[health] touch-wd wedges=0 recovered=0/0 (soft=0 hard=0) wakes=0 probes=3712/0 maxOutage=0ms rebootRec=0
[health] frame avg=28.0ms p95=28.1ms max=29.3ms  n=1 ap=329  heap free=89184 largest=42996 free8=89184 tlsOk=1 rej=0  allocFail=0 hardFail=0  tls=135/135  interval=217632ms  DATA STALE
[health] touch-wd wedges=0 recovered=0/0 (soft=0 hard=0) wakes=0 probes=3715/0 maxOutage=0ms rebootRec=0
[health] frame avg=28.0ms p95=28.2ms max=29.4ms  n=1 ap=329  heap free=89184 largest=42996 free8=89184 tlsOk=1 rej=0  allocFail=0 hardFail=0  tls=135/135  interval=217632ms  DATA STALE
[health] touch-wd wedges=0 recovered=0/0 (soft=0 hard=0) wakes=0 probes=3718/0 maxOutage=0ms rebootRec=0
[health] frame avg=28.0ms p95=28.1ms max=29.9ms  n=1 ap=329  heap free=89184 largest=42996 free8=89184 tlsOk=1 rej=0  allocFail=0 hardFail=0  tls=135/135  interval=217632ms  DATA STALE
[health] touch-wd wedges=0 recovered=0/0 (soft=0 hard=0) wakes=0 probes=3721/0 maxOutage=0ms rebootRec=0
[health] frame avg=28.0ms p95=28.2ms max=29.1ms  n=1 ap=329  heap free=89184 largest=42996 free8=89184 tlsOk=1 rej=0  allocFail=0 hardFail=0  tls=135/135  interval=217632ms  DATA STALE
[health] touch-wd wedges=0 recovered=0/0 (soft=0 hard=0) wakes=0 probes=3724/0 maxOutage=0ms rebootRec=0
[GET] diag: Content-Length path, CL=17 read=17 timedOut=0 err=InvalidInput
[GET] JSON parse failed (429): InvalidInput
[WARN] OpenSky request failed: InvalidInput
[health] frame avg=28.0ms p95=28.1ms max=33.3ms  n=1 ap=329  heap free=91564 largest=41972 free8=91564 tlsOk=1 rej=0  allocFail=0 hardFail=0  tls=136/135  interval=217632ms  DATA STALE
[health] touch-wd wedges=0 recovered=0/0 (soft=0 hard=0) wakes=0 probes=3727/0 maxOutage=0ms rebootRec=0
[health] frame avg=28.0ms p95=28.3ms max=29.2ms  n=1 ap=329  heap free=91564 largest=41972 free8=91564 tlsOk=1 rej=0  allocFail=0 hardFail=0  tls=136/135  interval=217632ms  DATA STALE
[health] touch-wd wedges=0 recovered=0/0 (soft=0 hard=0) wakes=0 probes=3730/0 maxOutage=0ms rebootRec=0
[health] frame avg=28.0ms p95=28.2ms max=29.4ms  n=1 ap=329  heap free=89148 largest=41972 free8=89148 tlsOk=1 rej=0  allocFail=0 hardFail=0  tls=136/135  interval=217632ms  DATA STALE
[health] touch-wd wedges=0 recovered=0/0 (soft=0 hard=0) wakes=0 probes=3733/0 maxOutage=0ms rebootRec=0
[health] frame avg=28.0ms p95=28.3ms max=29.0ms  n=1 ap=329  heap free=89148 largest=41972 free8=89148 tlsOk=1 rej=0  allocFail=0 hardFail=0  tls=136/135  interval=217632ms  DATA STALE
[health] touch-wd wedges=0 recovered=0/0 (soft=0 hard=0) wakes=0 probes=3736/0 maxOutage=0ms rebootRec=0
[health] frame avg=28.0ms p95=28.1ms max=29.4ms  n=1 ap=329  heap free=89148 largest=41972 free8=89148 tlsOk=1 rej=0  allocFail=0 hardFail=0  tls=136/135  interval=217632ms  DATA STALE
[health] touch-wd wedges=0 recovered=0/0 (soft=0 hard=0) wakes=0 probes=3739/0 maxOutage=0ms rebootRec=0
[health] frame avg=28.1ms p95=28.4ms max=29.5ms  n=1 ap=329  heap free=89180 largest=41972 free8=89180 tlsOk=1 rej=0  allocFail=0 hardFail=0  tls=136/135  interval=217632ms  DATA STALE
[health] touch-wd wedges=0 recovered=0/0 (soft=0 hard=0) wakes=0 probes=3742/0 maxOutage=0ms rebootRec=0
[health] frame avg=28.1ms p95=28.2ms max=29.5ms  n=1 ap=329  heap free=89180 largest=41972 free8=89180 tlsOk=1 rej=0  allocFail=0 hardFail=0  tls=136/135  interval=217632ms  DATA STALE
[health] touch-wd wedges=0 recovered=0/0 (soft=0 hard=0) wakes=0 probes=3745/0 maxOutage=0ms rebootRec=0
[GET] diag: Content-Length path, CL=17 read=17 timedOut=0 err=InvalidInput
[GET] JSON parse failed (429): InvalidInput
[WARN] OpenSky request failed: InvalidInput
[health] frame avg=28.1ms p95=28.4ms max=33.4ms  n=1 ap=329  heap free=91560 largest=47092 free8=91560 tlsOk=1 rej=0  allocFail=0 hardFail=0  tls=137/135  interval=217632ms  DATA STALE
[health] touch-wd wedges=0 recovered=0/0 (soft=0 hard=0) wakes=0 probes=3748/0 maxOutage=0ms rebootRec=0
[health] frame avg=28.0ms p95=28.2ms max=30.8ms  n=1 ap=329  heap free=91560 largest=47092 free8=91560 tlsOk=1 rej=0  allocFail=0 hardFail=0  tls=137/135  interval=217632ms  DATA STALE
[health] touch-wd wedges=0 recovered=0/0 (soft=0 hard=0) wakes=0 probes=3751/0 maxOutage=0ms rebootRec=0
[health] frame avg=28.0ms p95=28.2ms max=29.1ms  n=1 ap=329  heap free=89144 largest=45044 free8=89144 tlsOk=1 rej=0  allocFail=0 hardFail=0  tls=137/135  interval=217632ms  DATA STALE
[health] touch-wd wedges=0 recovered=0/0 (soft=0 hard=0) wakes=0 probes=3754/0 maxOutage=0ms rebootRec=0
[health] frame avg=28.0ms p95=28.2ms max=29.6ms  n=1 ap=329  heap free=89144 largest=45044 free8=89144 tlsOk=1 rej=0  allocFail=0 hardFail=0  tls=137/135  interval=217632ms  DATA STALE
[health] touch-wd wedges=0 recovered=0/0 (soft=0 hard=0) wakes=0 probes=3757/0 maxOutage=0ms rebootRec=0
[health] frame avg=28.0ms p95=28.2ms max=29.4ms  n=1 ap=329  heap free=89144 largest=45044 free8=89144 tlsOk=1 rej=0  allocFail=0 hardFail=0  tls=137/135  interval=217632ms  DATA STALE
[health] touch-wd wedges=0 recovered=0/0 (soft=0 hard=0) wakes=0 probes=3760/0 maxOutage=0ms rebootRec=0
[health] frame avg=28.0ms p95=28.1ms max=29.3ms  n=1 ap=329  heap free=89144 largest=45044 free8=89144 tlsOk=1 rej=0  allocFail=0 hardFail=0  tls=137/135  interval=217632ms  DATA STALE
[health] touch-wd wedges=0 recovered=0/0 (soft=0 hard=0) wakes=0 probes=3763/0 maxOutage=0ms rebootRec=0
[health] frame avg=28.1ms p95=28.4ms max=29.6ms  n=1 ap=329  heap free=89176 largest=45044 free8=89176 tlsOk=1 rej=0  allocFail=0 hardFail=0  tls=137/135  interval=217632ms  DATA STALE
[health] touch-wd wedges=0 recovered=0/0 (soft=0 hard=0) wakes=0 probes=3766/0 maxOutage=0ms rebootRec=0
[GET] diag: Content-Length path, CL=17 read=17 timedOut=0 err=InvalidInput
[GET] JSON parse failed (429): InvalidInput
[WARN] OpenSky request failed: InvalidInput
[health] frame avg=28.0ms p95=28.1ms max=33.3ms  n=1 ap=329  heap free=91552 largest=44020 free8=91552 tlsOk=1 rej=0  allocFail=0 hardFail=0  tls=138/135  interval=217632ms  DATA STALE
[health] touch-wd wedges=0 recovered=0/0 (soft=0 hard=0) wakes=0 probes=3769/0 maxOutage=0ms rebootRec=0
[health] frame avg=28.1ms p95=28.3ms max=29.4ms  n=1 ap=329  heap free=91552 largest=44020 free8=91552 tlsOk=1 rej=0  allocFail=0 hardFail=0  tls=138/135  interval=217632ms  DATA STALE
[health] touch-wd wedges=0 recovered=0/0 (soft=0 hard=0) wakes=0 probes=3772/0 maxOutage=0ms rebootRec=0
[health] frame avg=28.0ms p95=28.1ms max=29.7ms  n=1 ap=329  heap free=91552 largest=44020 free8=91552 tlsOk=1 rej=0  allocFail=0 hardFail=0  tls=138/135  interval=217632ms  DATA STALE
[health] touch-wd wedges=0 recovered=0/0 (soft=0 hard=0) wakes=0 probes=3775/0 maxOutage=0ms rebootRec=0
[health] frame avg=28.1ms p95=28.4ms max=29.2ms  n=1 ap=329  heap free=89136 largest=44020 free8=89136 tlsOk=1 rej=0  allocFail=0 hardFail=0  tls=138/135  interval=217632ms  DATA STALE
[health] touch-wd wedges=0 recovered=0/0 (soft=0 hard=0) wakes=0 probes=3778/0 maxOutage=0ms rebootRec=0
[health] frame avg=28.0ms p95=28.1ms max=29.1ms  n=1 ap=329  heap free=89136 largest=44020 free8=89136 tlsOk=1 rej=0  allocFail=0 hardFail=0  tls=138/135  interval=217632ms  DATA STALE
[health] touch-wd wedges=0 recovered=0/0 (soft=0 hard=0) wakes=0 probes=3781/0 maxOutage=0ms rebootRec=0
[health] frame avg=28.1ms p95=28.4ms max=29.4ms  n=1 ap=329  heap free=89136 largest=44020 free8=89136 tlsOk=1 rej=0  allocFail=0 hardFail=0  tls=138/135  interval=217632ms  DATA STALE
[health] touch-wd wedges=0 recovered=0/0 (soft=0 hard=0) wakes=0 probes=3784/0 maxOutage=0ms rebootRec=0
[health] frame avg=28.0ms p95=28.2ms max=29.9ms  n=1 ap=329  heap free=89136 largest=44020 free8=89136 tlsOk=1 rej=0  allocFail=0 hardFail=0  tls=138/135  interval=217632ms  DATA STALE
[health] touch-wd wedges=0 recovered=0/0 (soft=0 hard=0) wakes=0 probes=3787/0 maxOutage=0ms rebootRec=0
[GET] diag: Content-Length path, CL=17 read=17 timedOut=0 err=InvalidInput
[GET] JSON parse failed (429): InvalidInput
[WARN] OpenSky request failed: InvalidInput
[health] frame avg=28.2ms p95=28.8ms max=34.0ms  n=1 ap=329  heap free=91572 largest=44020 free8=91572 tlsOk=1 rej=0  allocFail=0 hardFail=0  tls=139/135  interval=217632ms  DATA STALE
[health] touch-wd wedges=0 recovered=0/0 (soft=0 hard=0) wakes=0 probes=3790/0 maxOutage=0ms rebootRec=0
[health] frame avg=28.0ms p95=28.1ms max=30.4ms  n=1 ap=329  heap free=91604 largest=44020 free8=91604 tlsOk=1 rej=0  allocFail=0 hardFail=0  tls=139/135  interval=217632ms  DATA STALE
[health] touch-wd wedges=0 recovered=0/0 (soft=0 hard=0) wakes=0 probes=3793/0 maxOutage=0ms rebootRec=0
[health] frame avg=28.1ms p95=28.5ms max=29.3ms  n=1 ap=329  heap free=91604 largest=44020 free8=91604 tlsOk=1 rej=0  allocFail=0 hardFail=0  tls=139/135  interval=217632ms  DATA STALE
[health] touch-wd wedges=0 recovered=0/0 (soft=0 hard=0) wakes=0 probes=3796/0 maxOutage=0ms rebootRec=0
[health] frame avg=28.0ms p95=28.2ms max=29.5ms  n=1 ap=329  heap free=89188 largest=44020 free8=89188 tlsOk=1 rej=0  allocFail=0 hardFail=0  tls=139/135  interval=217632ms  DATA STALE
[health] touch-wd wedges=0 recovered=0/0 (soft=0 hard=0) wakes=0 probes=3799/0 maxOutage=0ms rebootRec=0
[health] frame avg=28.0ms p95=28.4ms max=29.2ms  n=1 ap=329  heap free=89188 largest=44020 free8=89188 tlsOk=1 rej=0  allocFail=0 hardFail=0  tls=139/135  interval=217632ms  DATA STALE
[health] touch-wd wedges=0 recovered=0/0 (soft=0 hard=0) wakes=0 probes=3802/0 maxOutage=0ms rebootRec=0
[health] frame avg=28.1ms p95=28.2ms max=29.3ms  n=1 ap=329  heap free=89188 largest=44020 free8=89188 tlsOk=1 rej=0  allocFail=0 hardFail=0  tls=139/135  interval=217632ms  DATA STALE
[health] touch-wd wedges=0 recovered=0/0 (soft=0 hard=0) wakes=0 probes=3805/0 maxOutage=0ms rebootRec=0
[health] frame avg=28.1ms p95=28.2ms max=29.5ms  n=1 ap=329  heap free=89188 largest=44020 free8=89188 tlsOk=1 rej=0  allocFail=0 hardFail=0  tls=139/135  interval=217632ms  DATA STALE
[health] touch-wd wedges=0 recovered=0/0 (soft=0 hard=0) wakes=0 probes=3808/0 maxOutage=0ms rebootRec=0
[health] frame avg=28.0ms p95=28.2ms max=29.7ms  n=1 ap=329  heap free=89188 largest=44020 free8=89188 tlsOk=1 rej=0  allocFail=0 hardFail=0  tls=139/135  interval=217632ms  DATA STALE
[health] touch-wd wedges=0 recovered=0/0 (soft=0 hard=0) wakes=0 probes=3811/0 maxOutage=0ms rebootRec=0
[GET] diag: Content-Length path, CL=17 read=17 timedOut=0 err=InvalidInput
[GET] JSON parse failed (429): InvalidInput
[WARN] OpenSky request failed: InvalidInput
[health] frame avg=28.1ms p95=28.2ms max=33.3ms  n=1 ap=329  heap free=91568 largest=45044 free8=91568 tlsOk=1 rej=0  allocFail=0 hardFail=0  tls=140/135  interval=217632ms  DATA STALE
[health] touch-wd wedges=0 recovered=0/0 (soft=0 hard=0) wakes=0 probes=3814/0 maxOutage=0ms rebootRec=0
[health] frame avg=28.0ms p95=28.2ms max=29.5ms  n=1 ap=329  heap free=91568 largest=45044 free8=91568 tlsOk=1 rej=0  allocFail=0 hardFail=0  tls=140/135  interval=217632ms  DATA STALE
[health] touch-wd wedges=0 recovered=0/0 (soft=0 hard=0) wakes=0 probes=3817/0 maxOutage=0ms rebootRec=0
[health] frame avg=28.1ms p95=28.4ms max=29.9ms  n=1 ap=329  heap free=89152 largest=42996 free8=89152 tlsOk=1 rej=0  allocFail=0 hardFail=0  tls=140/135  interval=217632ms  DATA STALE
[health] touch-wd wedges=0 recovered=0/0 (soft=0 hard=0) wakes=0 probes=3820/0 maxOutage=0ms rebootRec=0
[GET] Handling request to config web server...
[GET] heap free=85104 largest-block=40948
[37981574][E][Preferences.cpp:506] getString(): nvs_get_str len fail: local-details NOT_FOUND
[health] frame avg=28.0ms p95=28.1ms max=107.2ms  n=1 ap=329  heap free=88668 largest=42996 free8=88668 tlsOk=1 rej=0  allocFail=0 hardFail=0  tls=140/135  interval=217632ms  DATA STALE
[health] touch-wd wedges=0 recovered=0/0 (soft=0 hard=0) wakes=0 probes=3823/0 maxOutage=0ms rebootRec=0
[health] frame avg=28.1ms p95=28.4ms max=29.5ms  n=1 ap=329  heap free=88668 largest=42996 free8=88668 tlsOk=1 rej=0  allocFail=0 hardFail=0  tls=140/135  interval=217632ms  DATA STALE
[health] touch-wd wedges=0 recovered=0/0 (soft=0 hard=0) wakes=0 probes=3826/0 maxOutage=0ms rebootRec=0
[health] frame avg=28.0ms p95=28.2ms max=29.0ms  n=1 ap=329  heap free=88668 largest=42996 free8=88668 tlsOk=1 rej=0  allocFail=0 hardFail=0  tls=140/135  interval=217632ms  DATA STALE
[health] touch-wd wedges=0 recovered=0/0 (soft=0 hard=0) wakes=0 probes=3829/0 maxOutage=0ms rebootRec=0
[health] frame avg=28.1ms p95=28.3ms max=29.5ms  n=1 ap=329  heap free=88668 largest=42996 free8=88668 tlsOk=1 rej=0  allocFail=0 hardFail=0  tls=140/135  interval=217632ms  DATA STALE
[health] touch-wd wedges=0 recovered=0/0 (soft=0 hard=0) wakes=0 probes=3832/0 maxOutage=0ms rebootRec=0
[GET] diag: Content-Length path, CL=17 read=17 timedOut=0 err=InvalidInput
[GET] JSON parse failed (429): InvalidInput
[WARN] OpenSky request failed: InvalidInput
[health] frame avg=28.0ms p95=28.2ms max=33.3ms  n=1 ap=329  heap free=91576 largest=44020 free8=91576 tlsOk=1 rej=0  allocFail=0 hardFail=0  tls=141/135  interval=217632ms  DATA STALE
[health] touch-wd wedges=0 recovered=0/0 (soft=0 hard=0) wakes=0 probes=3835/0 maxOutage=0ms rebootRec=0
[health] frame avg=28.1ms p95=28.4ms max=29.1ms  n=1 ap=329  heap free=91576 largest=44020 free8=91576 tlsOk=1 rej=0  allocFail=0 hardFail=0  tls=141/135  interval=217632ms  DATA STALE
[health] touch-wd wedges=0 recovered=0/0 (soft=0 hard=0) wakes=0 probes=3838/0 maxOutage=0ms rebootRec=0
[health] frame avg=28.0ms p95=28.2ms max=29.5ms  n=1 ap=329  heap free=89160 largest=40948 free8=89160 tlsOk=1 rej=0  allocFail=0 hardFail=0  tls=141/135  interval=217632ms  DATA STALE
[health] touch-wd wedges=0 recovered=0/0 (soft=0 hard=0) wakes=0 probes=3841/0 maxOutage=0ms rebootRec=0
[health] frame avg=28.1ms p95=28.4ms max=29.3ms  n=1 ap=329  heap free=89192 largest=40948 free8=89192 tlsOk=1 rej=0  allocFail=0 hardFail=0  tls=141/135  interval=217632ms  DATA STALE
[health] touch-wd wedges=0 recovered=0/0 (soft=0 hard=0) wakes=0 probes=3844/0 maxOutage=0ms rebootRec=0
[health] frame avg=28.0ms p95=28.2ms max=29.7ms  n=1 ap=329  heap free=89192 largest=40948 free8=89192 tlsOk=1 rej=0  allocFail=0 hardFail=0  tls=141/135  interval=217632ms  DATA STALE
[health] touch-wd wedges=0 recovered=0/0 (soft=0 hard=0) wakes=0 probes=3847/0 maxOutage=0ms rebootRec=0
[health] frame avg=28.1ms p95=28.4ms max=29.5ms  n=1 ap=329  heap free=89192 largest=40948 free8=89192 tlsOk=1 rej=0  allocFail=0 hardFail=0  tls=141/135  interval=217632ms  DATA STALE
[health] touch-wd wedges=0 recovered=0/0 (soft=0 hard=0) wakes=0 probes=3850/0 maxOutage=0ms rebootRec=0
[health] frame avg=28.0ms p95=28.1ms max=29.4ms  n=1 ap=329  heap free=89192 largest=40948 free8=89192 tlsOk=1 rej=0  allocFail=0 hardFail=0  tls=141/135  interval=217632ms  DATA STALE
[health] touch-wd wedges=0 recovered=0/0 (soft=0 hard=0) wakes=0 probes=3853/0 maxOutage=0ms rebootRec=0
[GET] diag: Content-Length path, CL=17 read=17 timedOut=0 err=InvalidInput
[GET] JSON parse failed (429): InvalidInput
[WARN] OpenSky request failed: InvalidInput
[health] frame avg=28.0ms p95=28.2ms max=33.3ms  n=1 ap=329  heap free=91556 largest=46068 free8=91556 tlsOk=1 rej=0  allocFail=0 hardFail=0  tls=142/135  interval=217632ms  DATA STALE
[health] touch-wd wedges=0 recovered=0/0 (soft=0 hard=0) wakes=0 probes=3856/0 maxOutage=0ms rebootRec=0
[health] frame avg=28.0ms p95=28.1ms max=29.0ms  n=1 ap=329  heap free=91556 largest=46068 free8=91556 tlsOk=1 rej=0  allocFail=0 hardFail=0  tls=142/135  interval=217632ms  DATA STALE
[health] touch-wd wedges=0 recovered=0/0 (soft=0 hard=0) wakes=0 probes=3859/0 maxOutage=0ms rebootRec=0
[health] frame avg=28.0ms p95=28.2ms max=30.3ms  n=1 ap=329  heap free=91556 largest=46068 free8=91556 tlsOk=1 rej=0  allocFail=0 hardFail=0  tls=142/135  interval=217632ms  DATA STALE
[health] touch-wd wedges=0 recovered=0/0 (soft=0 hard=0) wakes=0 probes=3862/0 maxOutage=0ms rebootRec=0
[health] frame avg=28.0ms p95=28.1ms max=29.9ms  n=1 ap=329  heap free=89140 largest=42996 free8=89140 tlsOk=1 rej=0  allocFail=0 hardFail=0  tls=142/135  interval=217632ms  DATA STALE
[health] touch-wd wedges=0 recovered=0/0 (soft=0 hard=0) wakes=0 probes=3865/0 maxOutage=0ms rebootRec=0
[health] frame avg=28.0ms p95=28.2ms max=29.7ms  n=1 ap=329  heap free=89140 largest=42996 free8=89140 tlsOk=1 rej=0  allocFail=0 hardFail=0  tls=142/135  interval=217632ms  DATA STALE
[health] touch-wd wedges=0 recovered=0/0 (soft=0 hard=0) wakes=0 probes=3868/0 maxOutage=0ms rebootRec=0
[health] frame avg=28.0ms p95=28.2ms max=29.8ms  n=1 ap=329  heap free=89140 largest=42996 free8=89140 tlsOk=1 rej=0  allocFail=0 hardFail=0  tls=142/135  interval=217632ms  DATA STALE
[health] touch-wd wedges=0 recovered=0/0 (soft=0 hard=0) wakes=0 probes=3871/0 maxOutage=0ms rebootRec=0
[health] frame avg=28.0ms p95=28.2ms max=29.3ms  n=1 ap=329  heap free=89140 largest=42996 free8=89140 tlsOk=1 rej=0  allocFail=0 hardFail=0  tls=142/135  interval=217632ms  DATA STALE
[health] touch-wd wedges=0 recovered=0/0 (soft=0 hard=0) wakes=0 probes=3874/0 maxOutage=0ms rebootRec=0
[GET] diag: Content-Length path, CL=17 read=17 timedOut=0 err=InvalidInput
[GET] JSON parse failed (429): InvalidInput
[WARN] OpenSky request failed: InvalidInput
[health] frame avg=28.2ms p95=28.8ms max=34.0ms  n=1 ap=329  heap free=91576 largest=42996 free8=91576 tlsOk=1 rej=0  allocFail=0 hardFail=0  tls=143/135  interval=217632ms  DATA STALE
[health] touch-wd wedges=0 recovered=0/0 (soft=0 hard=0) wakes=0 probes=3877/0 maxOutage=0ms rebootRec=0
[health] frame avg=28.1ms p95=28.2ms max=30.5ms  n=1 ap=329  heap free=91576 largest=42996 free8=91576 tlsOk=1 rej=0  allocFail=0 hardFail=0  tls=143/135  interval=217632ms  DATA STALE
[health] touch-wd wedges=0 recovered=0/0 (soft=0 hard=0) wakes=0 probes=3880/0 maxOutage=0ms rebootRec=0
[health] frame avg=28.0ms p95=28.2ms max=30.6ms  n=1 ap=329  heap free=91608 largest=42996 free8=91608 tlsOk=1 rej=0  allocFail=0 hardFail=0  tls=143/135  interval=217632ms  DATA STALE
[health] touch-wd wedges=0 recovered=0/0 (soft=0 hard=0) wakes=0 probes=3883/0 maxOutage=0ms rebootRec=0
[health] frame avg=28.1ms p95=28.4ms max=29.2ms  n=1 ap=329  heap free=89192 largest=40948 free8=89192 tlsOk=1 rej=0  allocFail=0 hardFail=0  tls=143/135  interval=217632ms  DATA STALE
[health] touch-wd wedges=0 recovered=0/0 (soft=0 hard=0) wakes=0 probes=3886/0 maxOutage=0ms rebootRec=0
[health] frame avg=28.1ms p95=28.2ms max=29.3ms  n=1 ap=329  heap free=89192 largest=40948 free8=89192 tlsOk=1 rej=0  allocFail=0 hardFail=0  tls=143/135  interval=217632ms  DATA STALE
[health] touch-wd wedges=0 recovered=0/0 (soft=0 hard=0) wakes=0 probes=3889/0 maxOutage=0ms rebootRec=0
[health] frame avg=28.0ms p95=28.2ms max=29.1ms  n=1 ap=329  heap free=89192 largest=40948 free8=89192 tlsOk=1 rej=0  allocFail=0 hardFail=0  tls=143/135  interval=217632ms  DATA STALE
[health] touch-wd wedges=0 recovered=0/0 (soft=0 hard=0) wakes=0 probes=3892/0 maxOutage=0ms rebootRec=0
[health] frame avg=28.0ms p95=28.2ms max=29.1ms  n=1 ap=329  heap free=89192 largest=40948 free8=89192 tlsOk=1 rej=0  allocFail=0 hardFail=0  tls=143/135  interval=217632ms  DATA STALE
[health] touch-wd wedges=0 recovered=0/0 (soft=0 hard=0) wakes=0 probes=3895/0 maxOutage=0ms rebootRec=0
[health] frame avg=28.1ms p95=28.4ms max=29.1ms  n=1 ap=329  heap free=89192 largest=40948 free8=89192 tlsOk=1 rej=0  allocFail=0 hardFail=0  tls=143/135  interval=217632ms  DATA STALE
[health] touch-wd wedges=0 recovered=0/0 (soft=0 hard=0) wakes=0 probes=3898/0 maxOutage=0ms rebootRec=0
[GET] diag: Content-Length path, CL=17 read=17 timedOut=0 err=InvalidInput
[GET] JSON parse failed (429): InvalidInput
[WARN] OpenSky request failed: InvalidInput
[health] frame avg=28.0ms p95=28.1ms max=34.8ms  n=1 ap=329  heap free=91588 largest=46068 free8=91588 tlsOk=1 rej=0  allocFail=0 hardFail=0  tls=144/135  interval=217632ms  DATA STALE
[health] touch-wd wedges=0 recovered=0/0 (soft=0 hard=0) wakes=0 probes=3901/0 maxOutage=0ms rebootRec=0
[health] frame avg=28.0ms p95=28.4ms max=29.0ms  n=1 ap=329  heap free=91588 largest=46068 free8=91588 tlsOk=1 rej=0  allocFail=0 hardFail=0  tls=144/135  interval=217632ms  DATA STALE
[health] touch-wd wedges=0 recovered=0/0 (soft=0 hard=0) wakes=0 probes=3904/0 maxOutage=0ms rebootRec=0
[health] frame avg=28.0ms p95=28.1ms max=29.3ms  n=1 ap=329  heap free=89172 largest=44020 free8=89172 tlsOk=1 rej=0  allocFail=0 hardFail=0  tls=144/135  interval=217632ms  DATA STALE
[health] touch-wd wedges=0 recovered=0/0 (soft=0 hard=0) wakes=0 probes=3907/0 maxOutage=0ms rebootRec=0
[health] frame avg=28.0ms p95=28.4ms max=29.7ms  n=1 ap=329  heap free=89172 largest=44020 free8=89172 tlsOk=1 rej=0  allocFail=0 hardFail=0  tls=144/135  interval=217632ms  DATA STALE
[health] touch-wd wedges=0 recovered=0/0 (soft=0 hard=0) wakes=0 probes=3910/0 maxOutage=0ms rebootRec=0
[health] frame avg=28.0ms p95=28.1ms max=29.5ms  n=1 ap=329  heap free=89172 largest=44020 free8=89172 tlsOk=1 rej=0  allocFail=0 hardFail=0  tls=144/135  interval=217632ms  DATA STALE
[health] touch-wd wedges=0 recovered=0/0 (soft=0 hard=0) wakes=0 probes=3913/0 maxOutage=0ms rebootRec=0
[health] frame avg=28.0ms p95=28.2ms max=29.4ms  n=1 ap=329  heap free=89172 largest=44020 free8=89172 tlsOk=1 rej=0  allocFail=0 hardFail=0  tls=144/135  interval=217632ms  DATA STALE
[health] touch-wd wedges=0 recovered=0/0 (soft=0 hard=0) wakes=0 probes=3916/0 maxOutage=0ms rebootRec=0
[health] frame avg=28.0ms p95=28.1ms max=29.3ms  n=1 ap=329  heap free=89172 largest=44020 free8=89172 tlsOk=1 rej=0  allocFail=0 hardFail=0  tls=144/135  interval=217632ms  DATA STALE
[health] touch-wd wedges=0 recovered=0/0 (soft=0 hard=0) wakes=0 probes=3919/0 maxOutage=0ms rebootRec=0
[GET] diag: Content-Length path, CL=17 read=17 timedOut=0 err=InvalidInput
[GET] JSON parse failed (429): InvalidInput
[WARN] OpenSky request failed: InvalidInput
[health] frame avg=28.1ms p95=28.4ms max=33.7ms  n=1 ap=329  heap free=91544 largest=45044 free8=91544 tlsOk=1 rej=0  allocFail=0 hardFail=0  tls=145/135  interval=217632ms  DATA STALE
[health] touch-wd wedges=0 recovered=0/0 (soft=0 hard=0) wakes=0 probes=3922/0 maxOutage=0ms rebootRec=0
[health] frame avg=28.0ms p95=28.1ms max=29.6ms  n=1 ap=329  heap free=91544 largest=45044 free8=91544 tlsOk=1 rej=0  allocFail=0 hardFail=0  tls=145/135  interval=217632ms  DATA STALE
[health] touch-wd wedges=0 recovered=0/0 (soft=0 hard=0) wakes=0 probes=3925/0 maxOutage=0ms rebootRec=0
[health] frame avg=28.0ms p95=28.4ms max=29.3ms  n=1 ap=329  heap free=89128 largest=42996 free8=89128 tlsOk=1 rej=0  allocFail=0 hardFail=0  tls=145/135  interval=217632ms  DATA STALE
[health] touch-wd wedges=0 recovered=0/0 (soft=0 hard=0) wakes=0 probes=3928/0 maxOutage=0ms rebootRec=0
[health] frame avg=28.1ms p95=28.3ms max=29.8ms  n=1 ap=329  heap free=89128 largest=42996 free8=89128 tlsOk=1 rej=0  allocFail=0 hardFail=0  tls=145/135  interval=217632ms  DATA STALE
[health] touch-wd wedges=0 recovered=0/0 (soft=0 hard=0) wakes=0 probes=3931/0 maxOutage=0ms rebootRec=0
[health] frame avg=28.0ms p95=28.2ms max=29.3ms  n=1 ap=329  heap free=89128 largest=42996 free8=89128 tlsOk=1 rej=0  allocFail=0 hardFail=0  tls=145/135  interval=217632ms  DATA STALE
[health] touch-wd wedges=0 recovered=0/0 (soft=0 hard=0) wakes=0 probes=3934/0 maxOutage=0ms rebootRec=0
[health] frame avg=28.0ms p95=28.1ms max=29.7ms  n=1 ap=329  heap free=89128 largest=42996 free8=89128 tlsOk=1 rej=0  allocFail=0 hardFail=0  tls=145/135  interval=217632ms  DATA STALE
[health] touch-wd wedges=0 recovered=0/0 (soft=0 hard=0) wakes=0 probes=3937/0 maxOutage=0ms rebootRec=0
[health] frame avg=28.0ms p95=28.3ms max=29.4ms  n=1 ap=329  heap free=89128 largest=42996 free8=89128 tlsOk=1 rej=0  allocFail=0 hardFail=0  tls=145/135  interval=217632ms  DATA STALE
[health] touch-wd wedges=0 recovered=0/0 (soft=0 hard=0) wakes=0 probes=3940/0 maxOutage=0ms rebootRec=0
[GET] diag: Content-Length path, CL=17 read=17 timedOut=0 err=InvalidInput
[GET] JSON parse failed (429): InvalidInput
[WARN] OpenSky request failed: InvalidInput
[health] frame avg=28.0ms p95=28.1ms max=34.1ms  n=1 ap=329  heap free=91564 largest=46068 free8=91564 tlsOk=1 rej=0  allocFail=0 hardFail=0  tls=146/135  interval=217632ms  DATA STALE
[health] touch-wd wedges=0 recovered=0/0 (soft=0 hard=0) wakes=0 probes=3943/0 maxOutage=0ms rebootRec=0
[health] frame avg=28.0ms p95=28.2ms max=29.3ms  n=1 ap=329  heap free=91564 largest=46068 free8=91564 tlsOk=1 rej=0  allocFail=0 hardFail=0  tls=146/135  interval=217632ms  DATA STALE
[health] touch-wd wedges=0 recovered=0/0 (soft=0 hard=0) wakes=0 probes=3946/0 maxOutage=0ms rebootRec=0
[health] frame avg=28.1ms p95=28.3ms max=29.2ms  n=1 ap=329  heap free=91596 largest=46068 free8=91596 tlsOk=1 rej=0  allocFail=0 hardFail=0  tls=146/135  interval=217632ms  DATA STALE
[health] touch-wd wedges=0 recovered=0/0 (soft=0 hard=0) wakes=0 probes=3949/0 maxOutage=0ms rebootRec=0
[health] frame avg=28.1ms p95=28.3ms max=29.7ms  n=1 ap=329  heap free=89180 largest=44020 free8=89180 tlsOk=1 rej=0  allocFail=0 hardFail=0  tls=146/135  interval=217632ms  DATA STALE
[health] touch-wd wedges=0 recovered=0/0 (soft=0 hard=0) wakes=0 probes=3952/0 maxOutage=0ms rebootRec=0
[health] frame avg=28.0ms p95=28.2ms max=29.7ms  n=1 ap=329  heap free=89180 largest=44020 free8=89180 tlsOk=1 rej=0  allocFail=0 hardFail=0  tls=146/135  interval=217632ms  DATA STALE
[health] touch-wd wedges=0 recovered=0/0 (soft=0 hard=0) wakes=0 probes=3955/0 maxOutage=0ms rebootRec=0
[health] frame avg=28.1ms p95=28.4ms max=29.5ms  n=1 ap=329  heap free=89180 largest=44020 free8=89180 tlsOk=1 rej=0  allocFail=0 hardFail=0  tls=146/135  interval=217632ms  DATA STALE
[health] touch-wd wedges=0 recovered=0/0 (soft=0 hard=0) wakes=0 probes=3958/0 maxOutage=0ms rebootRec=0
[health] frame avg=28.0ms p95=28.1ms max=29.6ms  n=1 ap=329  heap free=89180 largest=44020 free8=89180 tlsOk=1 rej=0  allocFail=0 hardFail=0  tls=146/135  interval=217632ms  DATA STALE
[health] touch-wd wedges=0 recovered=0/0 (soft=0 hard=0) wakes=0 probes=3961/0 maxOutage=0ms rebootRec=0
[GET] diag: Content-Length path, CL=17 read=17 timedOut=0 err=InvalidInput
[GET] JSON parse failed (429): InvalidInput
[WARN] OpenSky request failed: InvalidInput
[health] frame avg=28.2ms p95=28.8ms max=33.2ms  n=1 ap=329  heap free=91572 largest=44020 free8=91572 tlsOk=1 rej=0  allocFail=0 hardFail=0  tls=147/135  interval=217632ms  DATA STALE
[health] touch-wd wedges=0 recovered=0/0 (soft=0 hard=0) wakes=0 probes=3964/0 maxOutage=0ms rebootRec=0
[health] frame avg=28.0ms p95=28.2ms max=29.5ms  n=1 ap=329  heap free=91572 largest=44020 free8=91572 tlsOk=1 rej=0  allocFail=0 hardFail=0  tls=147/135  interval=217632ms  DATA STALE
[health] touch-wd wedges=0 recovered=0/0 (soft=0 hard=0) wakes=0 probes=3967/0 maxOutage=0ms rebootRec=0
[health] frame avg=28.0ms p95=28.2ms max=29.2ms  n=1 ap=329  heap free=91572 largest=44020 free8=91572 tlsOk=1 rej=0  allocFail=0 hardFail=0  tls=147/135  interval=217632ms  DATA STALE
[health] touch-wd wedges=0 recovered=0/0 (soft=0 hard=0) wakes=0 probes=3970/0 maxOutage=0ms rebootRec=0
[health] frame avg=28.0ms p95=28.2ms max=29.7ms  n=1 ap=329  heap free=89156 largest=41972 free8=89156 tlsOk=1 rej=0  allocFail=0 hardFail=0  tls=147/135  interval=217632ms  DATA STALE
[health] touch-wd wedges=0 recovered=0/0 (soft=0 hard=0) wakes=0 probes=3973/0 maxOutage=0ms rebootRec=0
[health] frame avg=28.1ms p95=28.4ms max=29.1ms  n=1 ap=329  heap free=89156 largest=41972 free8=89156 tlsOk=1 rej=0  allocFail=0 hardFail=0  tls=147/135  interval=217632ms  DATA STALE
[health] touch-wd wedges=0 recovered=0/0 (soft=0 hard=0) wakes=0 probes=3976/0 maxOutage=0ms rebootRec=0
[health] frame avg=28.0ms p95=28.1ms max=29.3ms  n=1 ap=329  heap free=89188 largest=41972 free8=89188 tlsOk=1 rej=0  allocFail=0 hardFail=0  tls=147/135  interval=217632ms  DATA STALE
[health] touch-wd wedges=0 recovered=0/0 (soft=0 hard=0) wakes=0 probes=3979/0 maxOutage=0ms rebootRec=0
[health] frame avg=28.1ms p95=28.4ms max=29.4ms  n=1 ap=329  heap free=89188 largest=41972 free8=89188 tlsOk=1 rej=0  allocFail=0 hardFail=0  tls=147/135  interval=217632ms  DATA STALE
[health] touch-wd wedges=0 recovered=0/0 (soft=0 hard=0) wakes=0 probes=3982/0 maxOutage=0ms rebootRec=0
[health] frame avg=28.0ms p95=28.1ms max=29.3ms  n=1 ap=329  heap free=89188 largest=41972 free8=89188 tlsOk=1 rej=0  allocFail=0 hardFail=0  tls=147/135  interval=217632ms  DATA STALE
[health] touch-wd wedges=0 recovered=0/0 (soft=0 hard=0) wakes=0 probes=3985/0 maxOutage=0ms rebootRec=0
[GET] diag: Content-Length path, CL=17 read=17 timedOut=0 err=InvalidInput
[GET] JSON parse failed (429): InvalidInput
[WARN] OpenSky request failed: InvalidInput
[health] frame avg=28.1ms p95=28.4ms max=33.2ms  n=1 ap=329  heap free=91568 largest=46068 free8=91568 tlsOk=1 rej=0  allocFail=0 hardFail=0  tls=148/135  interval=217632ms  DATA STALE
[health] touch-wd wedges=0 recovered=0/0 (soft=0 hard=0) wakes=0 probes=3988/0 maxOutage=0ms rebootRec=0
[health] frame avg=28.1ms p95=28.3ms max=29.9ms  n=1 ap=329  heap free=91568 largest=46068 free8=91568 tlsOk=1 rej=0  allocFail=0 hardFail=0  tls=148/135  interval=217632ms  DATA STALE
[health] touch-wd wedges=0 recovered=0/0 (soft=0 hard=0) wakes=0 probes=3991/0 maxOutage=0ms rebootRec=0
[health] frame avg=28.1ms p95=28.4ms max=29.5ms  n=1 ap=329  heap free=89152 largest=44020 free8=89152 tlsOk=1 rej=0  allocFail=0 hardFail=0  tls=148/135  interval=217632ms  DATA STALE
[health] touch-wd wedges=0 recovered=0/0 (soft=0 hard=0) wakes=0 probes=3994/0 maxOutage=0ms rebootRec=0
[health] frame avg=28.0ms p95=28.2ms max=29.5ms  n=1 ap=329  heap free=89152 largest=44020 free8=89152 tlsOk=1 rej=0  allocFail=0 hardFail=0  tls=148/135  interval=217632ms  DATA STALE
[health] touch-wd wedges=0 recovered=0/0 (soft=0 hard=0) wakes=0 probes=3997/0 maxOutage=0ms rebootRec=0
[health] frame avg=28.1ms p95=28.2ms max=29.7ms  n=1 ap=329  heap free=89152 largest=44020 free8=89152 tlsOk=1 rej=0  allocFail=0 hardFail=0  tls=148/135  interval=217632ms  DATA STALE
[health] touch-wd wedges=0 recovered=0/0 (soft=0 hard=0) wakes=0 probes=4000/0 maxOutage=0ms rebootRec=0
[health] frame avg=28.0ms p95=28.2ms max=29.1ms  n=1 ap=329  heap free=89152 largest=44020 free8=89152 tlsOk=1 rej=0  allocFail=0 hardFail=0  tls=148/135  interval=217632ms  DATA STALE
[health] touch-wd wedges=0 recovered=0/0 (soft=0 hard=0) wakes=0 probes=4003/0 maxOutage=0ms rebootRec=0
[health] frame avg=28.1ms p95=28.2ms max=29.5ms  n=1 ap=329  heap free=89152 largest=44020 free8=89152 tlsOk=1 rej=0  allocFail=0 hardFail=0  tls=148/135  interval=217632ms  DATA STALE
[health] touch-wd wedges=0 recovered=0/0 (soft=0 hard=0) wakes=0 probes=4006/0 maxOutage=0ms rebootRec=0
[GET] diag: Content-Length path, CL=17 read=17 timedOut=0 err=InvalidInput
[GET] JSON parse failed (429): InvalidInput
[WARN] OpenSky request failed: InvalidInput
[health] frame avg=28.0ms p95=28.1ms max=33.4ms  n=1 ap=329  heap free=91552 largest=44020 free8=91552 tlsOk=1 rej=0  allocFail=0 hardFail=0  tls=149/135  interval=217632ms  DATA STALE
[health] touch-wd wedges=0 recovered=0/0 (soft=0 hard=0) wakes=0 probes=4009/0 maxOutage=0ms rebootRec=0
[health] frame avg=28.0ms p95=28.2ms max=29.6ms  n=1 ap=329  heap free=91552 largest=44020 free8=91552 tlsOk=1 rej=0  allocFail=0 hardFail=0  tls=149/135  interval=217632ms  DATA STALE
[health] touch-wd wedges=0 recovered=0/0 (soft=0 hard=0) wakes=0 probes=4012/0 maxOutage=0ms rebootRec=0
[health] frame avg=28.0ms p95=28.2ms max=29.3ms  n=1 ap=329  heap free=91584 largest=44020 free8=91584 tlsOk=1 rej=0  allocFail=0 hardFail=0  tls=149/135  interval=217632ms  DATA STALE
[health] touch-wd wedges=0 recovered=0/0 (soft=0 hard=0) wakes=0 probes=4015/0 maxOutage=0ms rebootRec=0
[health] frame avg=28.0ms p95=28.2ms max=29.6ms  n=1 ap=329  heap free=89168 largest=44020 free8=89168 tlsOk=1 rej=0  allocFail=0 hardFail=0  tls=149/135  interval=217632ms  DATA STALE
[health] touch-wd wedges=0 recovered=0/0 (soft=0 hard=0) wakes=0 probes=4018/0 maxOutage=0ms rebootRec=0
[health] frame avg=28.0ms p95=28.2ms max=29.5ms  n=1 ap=329  heap free=89168 largest=44020 free8=89168 tlsOk=1 rej=0  allocFail=0 hardFail=0  tls=149/135  interval=217632ms  DATA STALE
[health] touch-wd wedges=0 recovered=0/0 (soft=0 hard=0) wakes=0 probes=4021/0 maxOutage=0ms rebootRec=0
[health] frame avg=28.0ms p95=28.2ms max=29.4ms  n=1 ap=329  heap free=89168 largest=44020 free8=89168 tlsOk=1 rej=0  allocFail=0 hardFail=0  tls=149/135  interval=217632ms  DATA STALE
[health] touch-wd wedges=0 recovered=0/0 (soft=0 hard=0) wakes=0 probes=4024/0 maxOutage=0ms rebootRec=0
[health] frame avg=28.0ms p95=28.2ms max=29.7ms  n=1 ap=329  heap free=89168 largest=44020 free8=89168 tlsOk=1 rej=0  allocFail=0 hardFail=0  tls=149/135  interval=217632ms  DATA STALE
[health] touch-wd wedges=0 recovered=0/0 (soft=0 hard=0) wakes=0 probes=4027/0 maxOutage=0ms rebootRec=0
[GET] diag: Content-Length path, CL=17 read=17 timedOut=0 err=InvalidInput
[GET] JSON parse failed (429): InvalidInput
[WARN] OpenSky request failed: InvalidInput
[health] frame avg=28.1ms p95=28.4ms max=33.5ms  n=1 ap=329  heap free=91560 largest=47092 free8=91560 tlsOk=1 rej=0  allocFail=0 hardFail=0  tls=150/135  interval=217632ms  DATA STALE
[health] touch-wd wedges=0 recovered=0/0 (soft=0 hard=0) wakes=0 probes=4030/0 maxOutage=0ms rebootRec=0
[health] frame avg=28.0ms p95=28.2ms max=29.2ms  n=1 ap=329  heap free=91560 largest=47092 free8=91560 tlsOk=1 rej=0  allocFail=0 hardFail=0  tls=150/135  interval=217632ms  DATA STALE
[health] touch-wd wedges=0 recovered=0/0 (soft=0 hard=0) wakes=0 probes=4033/0 maxOutage=0ms rebootRec=0
[health] frame avg=28.0ms p95=28.2ms max=29.1ms  n=1 ap=329  heap free=91560 largest=47092 free8=91560 tlsOk=1 rej=0  allocFail=0 hardFail=0  tls=150/135  interval=217632ms  DATA STALE
[health] touch-wd wedges=0 recovered=0/0 (soft=0 hard=0) wakes=0 probes=4036/0 maxOutage=0ms rebootRec=0
[health] frame avg=28.0ms p95=28.2ms max=29.2ms  n=1 ap=329  heap free=89144 largest=44020 free8=89144 tlsOk=1 rej=0  allocFail=0 hardFail=0  tls=150/135  interval=217632ms  DATA STALE
[health] touch-wd wedges=0 recovered=0/0 (soft=0 hard=0) wakes=0 probes=4039/0 maxOutage=0ms rebootRec=0
[health] frame avg=28.0ms p95=28.4ms max=29.2ms  n=1 ap=329  heap free=89144 largest=44020 free8=89144 tlsOk=1 rej=0  allocFail=0 hardFail=0  tls=150/135  interval=217632ms  DATA STALE
[health] touch-wd wedges=0 recovered=0/0 (soft=0 hard=0) wakes=0 probes=4042/0 maxOutage=0ms rebootRec=0
[health] frame avg=28.0ms p95=28.2ms max=29.6ms  n=1 ap=329  heap free=89176 largest=44020 free8=89176 tlsOk=1 rej=0  allocFail=0 hardFail=0  tls=150/135  interval=217632ms  DATA STALE
[health] touch-wd wedges=0 recovered=0/0 (soft=0 hard=0) wakes=0 probes=4045/0 maxOutage=0ms rebootRec=0
[health] frame avg=28.0ms p95=28.2ms max=29.0ms  n=1 ap=329  heap free=89176 largest=44020 free8=89176 tlsOk=1 rej=0  allocFail=0 hardFail=0  tls=150/135  interval=217632ms  DATA STALE
[health] touch-wd wedges=0 recovered=0/0 (soft=0 hard=0) wakes=0 probes=4048/0 maxOutage=0ms rebootRec=0
[health] frame avg=28.2ms p95=28.8ms max=33.1ms  n=1 ap=329  heap free=89436 largest=45044 free8=89436 tlsOk=1 rej=0  allocFail=0 hardFail=0  tls=151/135  interval=217632ms  DATA STALE
[health] touch-wd wedges=0 recovered=0/0 (soft=0 hard=0) wakes=0 probes=4051/0 maxOutage=0ms rebootRec=0
[GET] diag: Content-Length path, CL=17 read=17 timedOut=0 err=InvalidInput
[GET] JSON parse failed (429): InvalidInput
[WARN] OpenSky request failed: InvalidInput
[health] frame avg=28.1ms p95=28.2ms max=29.4ms  n=1 ap=329  heap free=91568 largest=46068 free8=91568 tlsOk=1 rej=0  allocFail=0 hardFail=0  tls=151/135  interval=217632ms  DATA STALE
[health] touch-wd wedges=0 recovered=0/0 (soft=0 hard=0) wakes=0 probes=4054/0 maxOutage=0ms rebootRec=0
[health] frame avg=28.0ms p95=28.1ms max=29.6ms  n=1 ap=329  heap free=91568 largest=46068 free8=91568 tlsOk=1 rej=0  allocFail=0 hardFail=0  tls=151/135  interval=217632ms  DATA STALE
[health] touch-wd wedges=0 recovered=0/0 (soft=0 hard=0) wakes=0 probes=4057/0 maxOutage=0ms rebootRec=0
[health] frame avg=28.0ms p95=28.2ms max=29.6ms  n=1 ap=329  heap free=89152 largest=44020 free8=89152 tlsOk=1 rej=0  allocFail=0 hardFail=0  tls=151/135  interval=217632ms  DATA STALE
[health] touch-wd wedges=0 recovered=0/0 (soft=0 hard=0) wakes=0 probes=4060/0 maxOutage=0ms rebootRec=0
[health] frame avg=28.0ms p95=28.2ms max=29.5ms  n=1 ap=329  heap free=89152 largest=44020 free8=89152 tlsOk=1 rej=0  allocFail=0 hardFail=0  tls=151/135  interval=217632ms  DATA STALE
[health] touch-wd wedges=0 recovered=0/0 (soft=0 hard=0) wakes=0 probes=4063/0 maxOutage=0ms rebootRec=0
[health] frame avg=28.0ms p95=28.2ms max=29.3ms  n=1 ap=329  heap free=89152 largest=44020 free8=89152 tlsOk=1 rej=0  allocFail=0 hardFail=0  tls=151/135  interval=217632ms  DATA STALE
[health] touch-wd wedges=0 recovered=0/0 (soft=0 hard=0) wakes=0 probes=4066/0 maxOutage=0ms rebootRec=0
[health] frame avg=28.0ms p95=28.1ms max=29.1ms  n=1 ap=329  heap free=89152 largest=44020 free8=89152 tlsOk=1 rej=0  allocFail=0 hardFail=0  tls=151/135  interval=217632ms  DATA STALE
[health] touch-wd wedges=0 recovered=0/0 (soft=0 hard=0) wakes=0 probes=4069/0 maxOutage=0ms rebootRec=0
[health] frame avg=28.0ms p95=28.2ms max=29.4ms  n=1 ap=329  heap free=89152 largest=44020 free8=89152 tlsOk=1 rej=0  allocFail=0 hardFail=0  tls=151/135  interval=217632ms  DATA STALE
[health] touch-wd wedges=0 recovered=0/0 (soft=0 hard=0) wakes=0 probes=4072/0 maxOutage=0ms rebootRec=0
[GET] diag: Content-Length path, CL=17 read=17 timedOut=0 err=InvalidInput
[GET] JSON parse failed (429): InvalidInput
[WARN] OpenSky request failed: InvalidInput
[health] frame avg=28.0ms p95=28.1ms max=33.6ms  n=1 ap=329  heap free=91600 largest=45044 free8=91600 tlsOk=1 rej=0  allocFail=0 hardFail=0  tls=152/135  interval=217632ms  DATA STALE
[health] touch-wd wedges=0 recovered=0/0 (soft=0 hard=0) wakes=0 probes=4074/0 maxOutage=0ms rebootRec=0
[health] frame avg=28.0ms p95=28.2ms max=29.6ms  n=1 ap=329  heap free=91600 largest=45044 free8=91600 tlsOk=1 rej=0  allocFail=0 hardFail=0  tls=152/135  interval=217632ms  DATA STALE
[health] touch-wd wedges=0 recovered=0/0 (soft=0 hard=0) wakes=0 probes=4077/0 maxOutage=0ms rebootRec=0
[health] frame avg=28.0ms p95=28.1ms max=29.5ms  n=1 ap=329  heap free=89184 largest=41972 free8=89184 tlsOk=1 rej=0  allocFail=0 hardFail=0  tls=152/135  interval=217632ms  DATA STALE
[health] touch-wd wedges=0 recovered=0/0 (soft=0 hard=0) wakes=0 probes=4080/0 maxOutage=0ms rebootRec=0
[health] frame avg=28.0ms p95=28.4ms max=29.4ms  n=1 ap=329  heap free=89184 largest=41972 free8=89184 tlsOk=1 rej=0  allocFail=0 hardFail=0  tls=152/135  interval=217632ms  DATA STALE
[health] touch-wd wedges=0 recovered=0/0 (soft=0 hard=0) wakes=0 probes=4083/0 maxOutage=0ms rebootRec=0
[health] frame avg=28.0ms p95=28.2ms max=29.3ms  n=1 ap=329  heap free=89184 largest=41972 free8=89184 tlsOk=1 rej=0  allocFail=0 hardFail=0  tls=152/135  interval=217632ms  DATA STALE
[health] touch-wd wedges=0 recovered=0/0 (soft=0 hard=0) wakes=0 probes=4086/0 maxOutage=0ms rebootRec=0
[health] frame avg=28.0ms p95=28.3ms max=29.5ms  n=1 ap=329  heap free=89184 largest=39924 free8=86760 tlsOk=1 rej=0  allocFail=0 hardFail=0  tls=152/135  interval=217632ms  DATA STALE
[health] touch-wd wedges=0 recovered=0/0 (soft=0 hard=0) wakes=0 probes=4089/0 maxOutage=0ms rebootRec=0
[health] frame avg=28.0ms p95=28.1ms max=29.7ms  n=1 ap=329  heap free=89184 largest=41972 free8=89184 tlsOk=1 rej=0  allocFail=0 hardFail=0  tls=152/135  interval=217632ms  DATA STALE
[health] touch-wd wedges=0 recovered=0/0 (soft=0 hard=0) wakes=0 probes=4092/0 maxOutage=0ms rebootRec=0
[GET] diag: Content-Length path, CL=17 read=17 timedOut=0 err=InvalidInput
[GET] JSON parse failed (429): InvalidInput
[WARN] OpenSky request failed: InvalidInput
[health] frame avg=28.0ms p95=28.2ms max=33.3ms  n=1 ap=329  heap free=91580 largest=45044 free8=91580 tlsOk=1 rej=0  allocFail=0 hardFail=0  tls=153/135  interval=217632ms  DATA STALE
[health] touch-wd wedges=0 recovered=0/0 (soft=0 hard=0) wakes=0 probes=4095/0 maxOutage=0ms rebootRec=0
[health] frame avg=28.0ms p95=28.1ms max=29.0ms  n=1 ap=329  heap free=91580 largest=45044 free8=91580 tlsOk=1 rej=0  allocFail=0 hardFail=0  tls=153/135  interval=217632ms  DATA STALE
[health] touch-wd wedges=0 recovered=0/0 (soft=0 hard=0) wakes=0 probes=4098/0 maxOutage=0ms rebootRec=0
[health] frame avg=28.1ms p95=28.4ms max=29.5ms  n=1 ap=329  heap free=91580 largest=45044 free8=91580 tlsOk=1 rej=0  allocFail=0 hardFail=0  tls=153/135  interval=217632ms  DATA STALE
[health] touch-wd wedges=0 recovered=0/0 (soft=0 hard=0) wakes=0 probes=4101/0 maxOutage=0ms rebootRec=0
[health] frame avg=28.0ms p95=28.1ms max=29.8ms  n=1 ap=329  heap free=89196 largest=41972 free8=89196 tlsOk=1 rej=0  allocFail=0 hardFail=0  tls=153/135  interval=217632ms  DATA STALE
[health] touch-wd wedges=0 recovered=0/0 (soft=0 hard=0) wakes=0 probes=4104/0 maxOutage=0ms rebootRec=0
[health] frame avg=28.1ms p95=28.3ms max=29.3ms  n=1 ap=329  heap free=89196 largest=41972 free8=89196 tlsOk=1 rej=0  allocFail=0 hardFail=0  tls=153/135  interval=217632ms  DATA STALE
[health] touch-wd wedges=0 recovered=0/0 (soft=0 hard=0) wakes=0 probes=4107/0 maxOutage=0ms rebootRec=0
[health] frame avg=28.0ms p95=28.2ms max=29.3ms  n=1 ap=329  heap free=89196 largest=41972 free8=89196 tlsOk=1 rej=0  allocFail=0 hardFail=0  tls=153/135  interval=217632ms  DATA STALE
[health] touch-wd wedges=0 recovered=0/0 (soft=0 hard=0) wakes=0 probes=4110/0 maxOutage=0ms rebootRec=0
[health] frame avg=28.0ms p95=28.2ms max=29.5ms  n=1 ap=329  heap free=89196 largest=41972 free8=89196 tlsOk=1 rej=0  allocFail=0 hardFail=0  tls=153/135  interval=217632ms  DATA STALE
[health] touch-wd wedges=0 recovered=0/0 (soft=0 hard=0) wakes=0 probes=4113/0 maxOutage=0ms rebootRec=0
[GET] diag: Content-Length path, CL=17 read=17 timedOut=0 err=InvalidInput
[GET] JSON parse failed (429): InvalidInput
[WARN] OpenSky request failed: InvalidInput
[health] frame avg=28.0ms p95=28.1ms max=33.4ms  n=1 ap=329  heap free=91544 largest=46068 free8=91544 tlsOk=1 rej=0  allocFail=0 hardFail=0  tls=154/135  interval=217632ms  DATA STALE
[health] touch-wd wedges=0 recovered=0/0 (soft=0 hard=0) wakes=0 probes=4116/0 maxOutage=0ms rebootRec=0
[health] frame avg=28.0ms p95=28.2ms max=29.5ms  n=1 ap=329  heap free=91544 largest=46068 free8=91544 tlsOk=1 rej=0  allocFail=0 hardFail=0  tls=154/135  interval=217632ms  DATA STALE
[health] touch-wd wedges=0 recovered=0/0 (soft=0 hard=0) wakes=0 probes=4119/0 maxOutage=0ms rebootRec=0
[health] frame avg=28.0ms p95=28.1ms max=29.4ms  n=1 ap=329  heap free=91544 largest=46068 free8=91544 tlsOk=1 rej=0  allocFail=0 hardFail=0  tls=154/135  interval=217632ms  DATA STALE
[health] touch-wd wedges=0 recovered=0/0 (soft=0 hard=0) wakes=0 probes=4122/0 maxOutage=0ms rebootRec=0
[health] frame avg=28.0ms p95=28.3ms max=29.3ms  n=1 ap=329  heap free=89128 largest=44020 free8=89128 tlsOk=1 rej=0  allocFail=0 hardFail=0  tls=154/135  interval=217632ms  DATA STALE
[health] touch-wd wedges=0 recovered=0/0 (soft=0 hard=0) wakes=0 probes=4125/0 maxOutage=0ms rebootRec=0
[health] frame avg=28.0ms p95=28.2ms max=29.1ms  n=1 ap=329  heap free=89128 largest=44020 free8=89128 tlsOk=1 rej=0  allocFail=0 hardFail=0  tls=154/135  interval=217632ms  DATA STALE
[health] touch-wd wedges=0 recovered=0/0 (soft=0 hard=0) wakes=0 probes=4128/0 maxOutage=0ms rebootRec=0
[health] frame avg=28.0ms p95=28.2ms max=29.5ms  n=1 ap=329  heap free=89128 largest=44020 free8=89128 tlsOk=1 rej=0  allocFail=0 hardFail=0  tls=154/135  interval=217632ms  DATA STALE
[health] touch-wd wedges=0 recovered=0/0 (soft=0 hard=0) wakes=0 probes=4131/0 maxOutage=0ms rebootRec=0
[health] frame avg=28.0ms p95=28.1ms max=29.2ms  n=1 ap=329  heap free=89128 largest=44020 free8=89128 tlsOk=1 rej=0  allocFail=0 hardFail=0  tls=154/135  interval=217632ms  DATA STALE
[health] touch-wd wedges=0 recovered=0/0 (soft=0 hard=0) wakes=0 probes=4134/0 maxOutage=0ms rebootRec=0
[health] frame avg=28.2ms p95=28.8ms max=34.0ms  n=1 ap=329  heap free=84408 largest=33780 free8=84408 tlsOk=1 rej=0  allocFail=0 hardFail=0  tls=155/135  interval=217632ms  DATA STALE
[health] touch-wd wedges=0 recovered=0/0 (soft=0 hard=0) wakes=0 probes=4137/0 maxOutage=0ms rebootRec=0
[GET] diag: Content-Length path, CL=17 read=17 timedOut=0 err=InvalidInput
[GET] JSON parse failed (429): InvalidInput
[WARN] OpenSky request failed: InvalidInput
[health] frame avg=28.0ms p95=28.1ms max=29.3ms  n=1 ap=329  heap free=91588 largest=46068 free8=91588 tlsOk=1 rej=0  allocFail=0 hardFail=0  tls=155/135  interval=217632ms  DATA STALE
[health] touch-wd wedges=0 recovered=0/0 (soft=0 hard=0) wakes=0 probes=4140/0 maxOutage=0ms rebootRec=0
[health] frame avg=28.0ms p95=28.2ms max=29.7ms  n=1 ap=329  heap free=91588 largest=46068 free8=91588 tlsOk=1 rej=0  allocFail=0 hardFail=0  tls=155/135  interval=217632ms  DATA STALE
[health] touch-wd wedges=0 recovered=0/0 (soft=0 hard=0) wakes=0 probes=4143/0 maxOutage=0ms rebootRec=0
[health] frame avg=28.0ms p95=28.1ms max=29.3ms  n=1 ap=329  heap free=89172 largest=44020 free8=89172 tlsOk=1 rej=0  allocFail=0 hardFail=0  tls=155/135  interval=217632ms  DATA STALE
[health] touch-wd wedges=0 recovered=0/0 (soft=0 hard=0) wakes=0 probes=4146/0 maxOutage=0ms rebootRec=0
[health] frame avg=28.0ms p95=28.2ms max=29.5ms  n=1 ap=329  heap free=89172 largest=44020 free8=89172 tlsOk=1 rej=0  allocFail=0 hardFail=0  tls=155/135  interval=217632ms  DATA STALE
[health] touch-wd wedges=0 recovered=0/0 (soft=0 hard=0) wakes=0 probes=4149/0 maxOutage=0ms rebootRec=0
[health] frame avg=28.0ms p95=28.2ms max=30.0ms  n=1 ap=329  heap free=89172 largest=44020 free8=89172 tlsOk=1 rej=0  allocFail=0 hardFail=0  tls=155/135  interval=217632ms  DATA STALE
[health] touch-wd wedges=0 recovered=0/0 (soft=0 hard=0) wakes=0 probes=4152/0 maxOutage=0ms rebootRec=0
[health] frame avg=28.0ms p95=28.2ms max=29.2ms  n=1 ap=329  heap free=89172 largest=44020 free8=89172 tlsOk=1 rej=0  allocFail=0 hardFail=0  tls=155/135  interval=217632ms  DATA STALE
[health] touch-wd wedges=0 recovered=0/0 (soft=0 hard=0) wakes=0 probes=4155/0 maxOutage=0ms rebootRec=0
[health] frame avg=28.0ms p95=28.2ms max=29.0ms  n=1 ap=329  heap free=89172 largest=44020 free8=89172 tlsOk=1 rej=0  allocFail=0 hardFail=0  tls=155/135  interval=217632ms  DATA STALE
[health] touch-wd wedges=0 recovered=0/0 (soft=0 hard=0) wakes=0 probes=4158/0 maxOutage=0ms rebootRec=0
[GET] diag: Content-Length path, CL=17 read=17 timedOut=0 err=InvalidInput
[GET] JSON parse failed (429): InvalidInput
[WARN] OpenSky request failed: InvalidInput
[health] frame avg=28.0ms p95=28.1ms max=33.5ms  n=1 ap=329  heap free=91560 largest=44020 free8=91560 tlsOk=1 rej=0  allocFail=0 hardFail=0  tls=156/135  interval=217632ms  DATA STALE
[health] touch-wd wedges=0 recovered=0/0 (soft=0 hard=0) wakes=0 probes=4161/0 maxOutage=0ms rebootRec=0
[health] frame avg=28.0ms p95=28.1ms max=29.7ms  n=1 ap=329  heap free=91592 largest=44020 free8=91592 tlsOk=1 rej=0  allocFail=0 hardFail=0  tls=156/135  interval=217632ms  DATA STALE
[health] touch-wd wedges=0 recovered=0/0 (soft=0 hard=0) wakes=0 probes=4164/0 maxOutage=0ms rebootRec=0
[health] frame avg=28.0ms p95=28.2ms max=29.3ms  n=1 ap=329  heap free=89176 largest=44020 free8=89176 tlsOk=1 rej=0  allocFail=0 hardFail=0  tls=156/135  interval=217632ms  DATA STALE
[health] touch-wd wedges=0 recovered=0/0 (soft=0 hard=0) wakes=0 probes=4167/0 maxOutage=0ms rebootRec=0
[health] frame avg=28.0ms p95=28.2ms max=29.3ms  n=1 ap=329  heap free=89176 largest=44020 free8=89176 tlsOk=1 rej=0  allocFail=0 hardFail=0  tls=156/135  interval=217632ms  DATA STALE
[health] touch-wd wedges=0 recovered=0/0 (soft=0 hard=0) wakes=0 probes=4170/0 maxOutage=0ms rebootRec=0
[health] frame avg=28.0ms p95=28.2ms max=29.2ms  n=1 ap=329  heap free=89176 largest=44020 free8=89176 tlsOk=1 rej=0  allocFail=0 hardFail=0  tls=156/135  interval=217632ms  DATA STALE
[health] touch-wd wedges=0 recovered=0/0 (soft=0 hard=0) wakes=0 probes=4173/0 maxOutage=0ms rebootRec=0
[health] frame avg=28.0ms p95=28.2ms max=29.4ms  n=1 ap=329  heap free=89176 largest=44020 free8=89176 tlsOk=1 rej=0  allocFail=0 hardFail=0  tls=156/135  interval=217632ms  DATA STALE
[health] touch-wd wedges=0 recovered=0/0 (soft=0 hard=0) wakes=0 probes=4176/0 maxOutage=0ms rebootRec=0
[health] frame avg=28.0ms p95=28.2ms max=29.3ms  n=1 ap=329  heap free=89176 largest=44020 free8=89176 tlsOk=1 rej=0  allocFail=0 hardFail=0  tls=156/135  interval=217632ms  DATA STALE
[health] touch-wd wedges=0 recovered=0/0 (soft=0 hard=0) wakes=0 probes=4179/0 maxOutage=0ms rebootRec=0
[GET] diag: Content-Length path, CL=17 read=17 timedOut=0 err=InvalidInput
[GET] JSON parse failed (429): InvalidInput
[WARN] OpenSky request failed: InvalidInput
[health] frame avg=28.0ms p95=28.1ms max=33.4ms  n=1 ap=329  heap free=91564 largest=46068 free8=91564 tlsOk=1 rej=0  allocFail=0 hardFail=0  tls=157/135  interval=217632ms  DATA STALE
[health] touch-wd wedges=0 recovered=0/0 (soft=0 hard=0) wakes=0 probes=4182/0 maxOutage=0ms rebootRec=0
[health] frame avg=28.0ms p95=28.3ms max=29.0ms  n=1 ap=329  heap free=91564 largest=46068 free8=91564 tlsOk=1 rej=0  allocFail=0 hardFail=0  tls=157/135  interval=217632ms  DATA STALE
[health] touch-wd wedges=0 recovered=0/0 (soft=0 hard=0) wakes=0 probes=4185/0 maxOutage=0ms rebootRec=0
[health] frame avg=28.0ms p95=28.1ms max=29.3ms  n=1 ap=329  heap free=91564 largest=46068 free8=91564 tlsOk=1 rej=0  allocFail=0 hardFail=0  tls=157/135  interval=217632ms  DATA STALE
[health] touch-wd wedges=0 recovered=0/0 (soft=0 hard=0) wakes=0 probes=4188/0 maxOutage=0ms rebootRec=0
[health] frame avg=28.1ms p95=28.2ms max=29.3ms  n=1 ap=329  heap free=89148 largest=44020 free8=89148 tlsOk=1 rej=0  allocFail=0 hardFail=0  tls=157/135  interval=217632ms  DATA STALE
[health] touch-wd wedges=0 recovered=0/0 (soft=0 hard=0) wakes=0 probes=4191/0 maxOutage=0ms rebootRec=0
[health] frame avg=28.0ms p95=28.4ms max=30.2ms  n=1 ap=329  heap free=89148 largest=44020 free8=89148 tlsOk=1 rej=0  allocFail=0 hardFail=0  tls=157/135  interval=217632ms  DATA STALE
[health] touch-wd wedges=0 recovered=0/0 (soft=0 hard=0) wakes=0 probes=4194/0 maxOutage=0ms rebootRec=0
[health] frame avg=28.0ms p95=28.2ms max=29.1ms  n=1 ap=329  heap free=89148 largest=44020 free8=89148 tlsOk=1 rej=0  allocFail=0 hardFail=0  tls=157/135  interval=217632ms  DATA STALE
[health] touch-wd wedges=0 recovered=0/0 (soft=0 hard=0) wakes=0 probes=4197/0 maxOutage=0ms rebootRec=0
[health] frame avg=28.0ms p95=28.2ms max=29.0ms  n=1 ap=329  heap free=89148 largest=44020 free8=89148 tlsOk=1 rej=0  allocFail=0 hardFail=0  tls=157/135  interval=217632ms  DATA STALE
[health] touch-wd wedges=0 recovered=0/0 (soft=0 hard=0) wakes=0 probes=4200/0 maxOutage=0ms rebootRec=0
[GET] diag: Content-Length path, CL=17 read=17 timedOut=0 err=InvalidInput
[GET] JSON parse failed (429): InvalidInput
[WARN] OpenSky request failed: InvalidInput
[health] frame avg=28.1ms p95=28.2ms max=34.1ms  n=1 ap=329  heap free=91572 largest=46068 free8=91572 tlsOk=1 rej=0  allocFail=0 hardFail=0  tls=158/135  interval=217632ms  DATA STALE
[health] touch-wd wedges=0 recovered=0/0 (soft=0 hard=0) wakes=0 probes=4203/0 maxOutage=0ms rebootRec=0
[health] frame avg=28.0ms p95=28.1ms max=28.9ms  n=1 ap=329  heap free=91572 largest=46068 free8=91572 tlsOk=1 rej=0  allocFail=0 hardFail=0  tls=158/135  interval=217632ms  DATA STALE
[health] touch-wd wedges=0 recovered=0/0 (soft=0 hard=0) wakes=0 probes=4206/0 maxOutage=0ms rebootRec=0
[health] frame avg=28.0ms p95=28.2ms max=29.2ms  n=1 ap=329  heap free=91604 largest=46068 free8=91604 tlsOk=1 rej=0  allocFail=0 hardFail=0  tls=158/135  interval=217632ms  DATA STALE
[health] touch-wd wedges=0 recovered=0/0 (soft=0 hard=0) wakes=0 probes=4209/0 maxOutage=0ms rebootRec=0
[health] frame avg=28.0ms p95=28.2ms max=29.4ms  n=1 ap=329  heap free=89188 largest=44020 free8=89188 tlsOk=1 rej=0  allocFail=0 hardFail=0  tls=158/135  interval=217632ms  DATA STALE
[health] touch-wd wedges=0 recovered=0/0 (soft=0 hard=0) wakes=0 probes=4212/0 maxOutage=0ms rebootRec=0
[health] frame avg=28.0ms p95=28.2ms max=29.3ms  n=1 ap=329  heap free=89188 largest=44020 free8=89188 tlsOk=1 rej=0  allocFail=0 hardFail=0  tls=158/135  interval=217632ms  DATA STALE
[health] touch-wd wedges=0 recovered=0/0 (soft=0 hard=0) wakes=0 probes=4215/0 maxOutage=0ms rebootRec=0
[health] frame avg=28.0ms p95=28.2ms max=29.1ms  n=1 ap=329  heap free=89188 largest=44020 free8=89188 tlsOk=1 rej=0  allocFail=0 hardFail=0  tls=158/135  interval=217632ms  DATA STALE
[health] touch-wd wedges=0 recovered=0/0 (soft=0 hard=0) wakes=0 probes=4218/0 maxOutage=0ms rebootRec=0
[health] frame avg=28.1ms p95=28.2ms max=29.3ms  n=1 ap=329  heap free=89188 largest=44020 free8=89188 tlsOk=1 rej=0  allocFail=0 hardFail=0  tls=158/135  interval=217632ms  DATA STALE
[health] touch-wd wedges=0 recovered=0/0 (soft=0 hard=0) wakes=0 probes=4221/0 maxOutage=0ms rebootRec=0
[health] frame avg=28.1ms p95=28.3ms max=33.4ms  n=1 ap=329  heap free=89108 largest=44020 free8=89108 tlsOk=1 rej=0  allocFail=0 hardFail=0  tls=159/135  interval=217632ms  DATA STALE
[health] touch-wd wedges=0 recovered=0/0 (soft=0 hard=0) wakes=0 probes=4224/0 maxOutage=0ms rebootRec=0
[GET] diag: Content-Length path, CL=17 read=17 timedOut=0 err=InvalidInput
[GET] JSON parse failed (429): InvalidInput
[WARN] OpenSky request failed: InvalidInput
[health] frame avg=28.0ms p95=28.2ms max=29.1ms  n=1 ap=329  heap free=91572 largest=44020 free8=91572 tlsOk=1 rej=0  allocFail=0 hardFail=0  tls=159/135  interval=217632ms  DATA STALE
[health] touch-wd wedges=0 recovered=0/0 (soft=0 hard=0) wakes=0 probes=4227/0 maxOutage=0ms rebootRec=0
[health] frame avg=28.0ms p95=28.2ms max=29.5ms  n=1 ap=329  heap free=91572 largest=44020 free8=91572 tlsOk=1 rej=0  allocFail=0 hardFail=0  tls=159/135  interval=217632ms  DATA STALE
[health] touch-wd wedges=0 recovered=0/0 (soft=0 hard=0) wakes=0 probes=4230/0 maxOutage=0ms rebootRec=0
[health] frame avg=28.1ms p95=28.4ms max=29.5ms  n=1 ap=329  heap free=89156 largest=41972 free8=89156 tlsOk=1 rej=0  allocFail=0 hardFail=0  tls=159/135  interval=217632ms  DATA STALE
[health] touch-wd wedges=0 recovered=0/0 (soft=0 hard=0) wakes=0 probes=4233/0 maxOutage=0ms rebootRec=0
[health] frame avg=28.0ms p95=28.1ms max=29.2ms  n=1 ap=329  heap free=89188 largest=41972 free8=89188 tlsOk=1 rej=0  allocFail=0 hardFail=0  tls=159/135  interval=217632ms  DATA STALE
[health] touch-wd wedges=0 recovered=0/0 (soft=0 hard=0) wakes=0 probes=4236/0 maxOutage=0ms rebootRec=0
[health] frame avg=28.0ms p95=28.2ms max=29.2ms  n=1 ap=329  heap free=89188 largest=41972 free8=89188 tlsOk=1 rej=0  allocFail=0 hardFail=0  tls=159/135  interval=217632ms  DATA STALE
[health] touch-wd wedges=0 recovered=0/0 (soft=0 hard=0) wakes=0 probes=4239/0 maxOutage=0ms rebootRec=0
[health] frame avg=28.0ms p95=28.1ms max=29.5ms  n=1 ap=329  heap free=89188 largest=41972 free8=89188 tlsOk=1 rej=0  allocFail=0 hardFail=0  tls=159/135  interval=217632ms  DATA STALE
[health] touch-wd wedges=0 recovered=0/0 (soft=0 hard=0) wakes=0 probes=4242/0 maxOutage=0ms rebootRec=0
[health] frame avg=28.0ms p95=28.2ms max=29.1ms  n=1 ap=329  heap free=89188 largest=41972 free8=89188 tlsOk=1 rej=0  allocFail=0 hardFail=0  tls=159/135  interval=217632ms  DATA STALE
[health] touch-wd wedges=0 recovered=0/0 (soft=0 hard=0) wakes=0 probes=4245/0 maxOutage=0ms rebootRec=0
[GET] diag: Content-Length path, CL=17 read=17 timedOut=0 err=InvalidInput
[GET] JSON parse failed (429): InvalidInput
[WARN] OpenSky request failed: InvalidInput
[health] frame avg=28.0ms p95=28.2ms max=33.4ms  n=1 ap=329  heap free=91548 largest=46068 free8=91548 tlsOk=1 rej=0  allocFail=0 hardFail=0  tls=160/135  interval=217632ms  DATA STALE
[health] touch-wd wedges=0 recovered=0/0 (soft=0 hard=0) wakes=0 probes=4248/0 maxOutage=0ms rebootRec=0
[health] frame avg=28.1ms p95=28.2ms max=29.3ms  n=1 ap=329  heap free=91548 largest=46068 free8=91548 tlsOk=1 rej=0  allocFail=0 hardFail=0  tls=160/135  interval=217632ms  DATA STALE
[health] touch-wd wedges=0 recovered=0/0 (soft=0 hard=0) wakes=0 probes=4251/0 maxOutage=0ms rebootRec=0
[health] frame avg=28.0ms p95=28.2ms max=29.1ms  n=1 ap=329  heap free=89132 largest=44020 free8=89132 tlsOk=1 rej=0  allocFail=0 hardFail=0  tls=160/135  interval=217632ms  DATA STALE
[health] touch-wd wedges=0 recovered=0/0 (soft=0 hard=0) wakes=0 probes=4254/0 maxOutage=0ms rebootRec=0
[health] frame avg=28.0ms p95=28.2ms max=29.4ms  n=1 ap=329  heap free=89132 largest=44020 free8=89132 tlsOk=1 rej=0  allocFail=0 hardFail=0  tls=160/135  interval=217632ms  DATA STALE
[health] touch-wd wedges=0 recovered=0/0 (soft=0 hard=0) wakes=0 probes=4257/0 maxOutage=0ms rebootRec=0
[health] frame avg=28.0ms p95=28.1ms max=29.0ms  n=1 ap=329  heap free=89164 largest=44020 free8=89164 tlsOk=1 rej=0  allocFail=0 hardFail=0  tls=160/135  interval=217632ms  DATA STALE
[health] touch-wd wedges=0 recovered=0/0 (soft=0 hard=0) wakes=0 probes=4260/0 maxOutage=0ms rebootRec=0
[health] frame avg=28.1ms p95=28.3ms max=29.8ms  n=1 ap=329  heap free=89164 largest=44020 free8=89164 tlsOk=1 rej=0  allocFail=0 hardFail=0  tls=160/135  interval=217632ms  DATA STALE
[health] touch-wd wedges=0 recovered=0/0 (soft=0 hard=0) wakes=0 probes=4263/0 maxOutage=0ms rebootRec=0
[health] frame avg=28.0ms p95=28.1ms max=29.0ms  n=1 ap=329  heap free=89164 largest=44020 free8=89164 tlsOk=1 rej=0  allocFail=0 hardFail=0  tls=160/135  interval=217632ms  DATA STALE
[health] touch-wd wedges=0 recovered=0/0 (soft=0 hard=0) wakes=0 probes=4266/0 maxOutage=0ms rebootRec=0
[GET] diag: Content-Length path, CL=17 read=17 timedOut=0 err=InvalidInput
[GET] JSON parse failed (429): InvalidInput
[WARN] OpenSky request failed: InvalidInput
[health] frame avg=28.0ms p95=28.2ms max=33.7ms  n=1 ap=329  heap free=91560 largest=48116 free8=91560 tlsOk=1 rej=0  allocFail=0 hardFail=0  tls=161/135  interval=217632ms  DATA STALE
[health] touch-wd wedges=0 recovered=0/0 (soft=0 hard=0) wakes=0 probes=4269/0 maxOutage=0ms rebootRec=0
[health] frame avg=28.0ms p95=28.1ms max=29.4ms  n=1 ap=329  heap free=91560 largest=48116 free8=91560 tlsOk=1 rej=0  allocFail=0 hardFail=0  tls=161/135  interval=217632ms  DATA STALE
[health] touch-wd wedges=0 recovered=0/0 (soft=0 hard=0) wakes=0 probes=4272/0 maxOutage=0ms rebootRec=0
[health] frame avg=28.0ms p95=28.2ms max=29.3ms  n=1 ap=329  heap free=91560 largest=48116 free8=91560 tlsOk=1 rej=0  allocFail=0 hardFail=0  tls=161/135  interval=217632ms  DATA STALE
[health] touch-wd wedges=0 recovered=0/0 (soft=0 hard=0) wakes=0 probes=4275/0 maxOutage=0ms rebootRec=0
[health] frame avg=28.0ms p95=28.2ms max=29.3ms  n=1 ap=329  heap free=89144 largest=44020 free8=89144 tlsOk=1 rej=0  allocFail=0 hardFail=0  tls=161/135  interval=217632ms  DATA STALE
[health] touch-wd wedges=0 recovered=0/0 (soft=0 hard=0) wakes=0 probes=4278/0 maxOutage=0ms rebootRec=0
[health] frame avg=28.0ms p95=28.2ms max=29.3ms  n=1 ap=329  heap free=89144 largest=44020 free8=89144 tlsOk=1 rej=0  allocFail=0 hardFail=0  tls=161/135  interval=217632ms  DATA STALE
[health] touch-wd wedges=0 recovered=0/0 (soft=0 hard=0) wakes=0 probes=4281/0 maxOutage=0ms rebootRec=0
[health] frame avg=28.0ms p95=28.2ms max=30.0ms  n=1 ap=329  heap free=89144 largest=44020 free8=89144 tlsOk=1 rej=0  allocFail=0 hardFail=0  tls=161/135  interval=217632ms  DATA STALE
[health] touch-wd wedges=0 recovered=0/0 (soft=0 hard=0) wakes=0 probes=4284/0 maxOutage=0ms rebootRec=0
[health] frame avg=28.0ms p95=28.2ms max=29.2ms  n=1 ap=329  heap free=89144 largest=44020 free8=89144 tlsOk=1 rej=0  allocFail=0 hardFail=0  tls=161/135  interval=217632ms  DATA STALE
[health] touch-wd wedges=0 recovered=0/0 (soft=0 hard=0) wakes=0 probes=4287/0 maxOutage=0ms rebootRec=0
[GET] diag: Content-Length path, CL=17 read=17 timedOut=0 err=InvalidInput
[GET] JSON parse failed (429): InvalidInput
[WARN] OpenSky request failed: InvalidInput
[health] frame avg=28.0ms p95=28.2ms max=34.0ms  n=1 ap=329  heap free=91584 largest=44020 free8=91584 tlsOk=1 rej=0  allocFail=0 hardFail=0  tls=162/135  interval=217632ms  DATA STALE
[health] touch-wd wedges=0 recovered=0/0 (soft=0 hard=0) wakes=0 probes=4290/0 maxOutage=0ms rebootRec=0
[health] frame avg=28.0ms p95=28.2ms max=30.1ms  n=1 ap=329  heap free=91584 largest=44020 free8=91584 tlsOk=1 rej=0  allocFail=0 hardFail=0  tls=162/135  interval=217632ms  DATA STALE
[health] touch-wd wedges=0 recovered=0/0 (soft=0 hard=0) wakes=0 probes=4293/0 maxOutage=0ms rebootRec=0
[health] frame avg=28.0ms p95=28.1ms max=29.3ms  n=1 ap=329  heap free=91584 largest=44020 free8=91584 tlsOk=1 rej=0  allocFail=0 hardFail=0  tls=162/135  interval=217632ms  DATA STALE
[health] touch-wd wedges=0 recovered=0/0 (soft=0 hard=0) wakes=0 probes=4296/0 maxOutage=0ms rebootRec=0
[health] frame avg=28.1ms p95=28.2ms max=29.9ms  n=1 ap=329  heap free=89168 largest=41972 free8=89168 tlsOk=1 rej=0  allocFail=0 hardFail=0  tls=162/135  interval=217632ms  DATA STALE
[health] touch-wd wedges=0 recovered=0/0 (soft=0 hard=0) wakes=0 probes=4299/0 maxOutage=0ms rebootRec=0
[health] frame avg=28.0ms p95=28.1ms max=29.8ms  n=1 ap=329  heap free=89168 largest=41972 free8=89168 tlsOk=1 rej=0  allocFail=0 hardFail=0  tls=162/135  interval=217632ms  DATA STALE
[health] touch-wd wedges=0 recovered=0/0 (soft=0 hard=0) wakes=0 probes=4302/0 maxOutage=0ms rebootRec=0
[health] frame avg=28.1ms p95=28.2ms max=29.5ms  n=1 ap=329  heap free=89168 largest=41972 free8=89168 tlsOk=1 rej=0  allocFail=0 hardFail=0  tls=162/135  interval=217632ms  DATA STALE
[health] touch-wd wedges=0 recovered=0/0 (soft=0 hard=0) wakes=0 probes=4305/0 maxOutage=0ms rebootRec=0
[health] frame avg=28.0ms p95=28.1ms max=29.5ms  n=1 ap=329  heap free=89168 largest=41972 free8=89168 tlsOk=1 rej=0  allocFail=0 hardFail=0  tls=162/135  interval=217632ms  DATA STALE
[health] touch-wd wedges=0 recovered=0/0 (soft=0 hard=0) wakes=0 probes=4308/0 maxOutage=0ms rebootRec=0
[health] frame avg=28.1ms p95=28.3ms max=33.3ms  n=1 ap=329  heap free=96308 largest=49140 free8=96308 tlsOk=1 rej=0  allocFail=0 hardFail=0  tls=163/135  interval=217632ms  DATA STALE
[health] touch-wd wedges=0 recovered=0/0 (soft=0 hard=0) wakes=0 probes=4311/0 maxOutage=0ms rebootRec=0
[GET] diag: Content-Length path, CL=17 read=17 timedOut=0 err=InvalidInput
[GET] JSON parse failed (429): InvalidInput
[WARN] OpenSky request failed: InvalidInput
[health] frame avg=28.0ms p95=28.1ms max=30.4ms  n=1 ap=329  heap free=91572 largest=44020 free8=91572 tlsOk=1 rej=0  allocFail=0 hardFail=0  tls=163/135  interval=217632ms  DATA STALE
[health] touch-wd wedges=0 recovered=0/0 (soft=0 hard=0) wakes=0 probes=4314/0 maxOutage=0ms rebootRec=0
[health] frame avg=28.1ms p95=28.2ms max=29.3ms  n=1 ap=329  heap free=91572 largest=44020 free8=91572 tlsOk=1 rej=0  allocFail=0 hardFail=0  tls=163/135  interval=217632ms  DATA STALE
[health] touch-wd wedges=0 recovered=0/0 (soft=0 hard=0) wakes=0 probes=4317/0 maxOutage=0ms rebootRec=0
[health] frame avg=28.0ms p95=28.2ms max=29.4ms  n=1 ap=329  heap free=89156 largest=41972 free8=89156 tlsOk=1 rej=0  allocFail=0 hardFail=0  tls=163/135  interval=217632ms  DATA STALE
[health] touch-wd wedges=0 recovered=0/0 (soft=0 hard=0) wakes=0 probes=4320/0 maxOutage=0ms rebootRec=0
[health] frame avg=28.0ms p95=28.2ms max=29.3ms  n=1 ap=329  heap free=89188 largest=41972 free8=89188 tlsOk=1 rej=0  allocFail=0 hardFail=0  tls=163/135  interval=217632ms  DATA STALE
[health] touch-wd wedges=0 recovered=0/0 (soft=0 hard=0) wakes=0 probes=4323/0 maxOutage=0ms rebootRec=0
[health] frame avg=28.0ms p95=28.1ms max=29.2ms  n=1 ap=329  heap free=89188 largest=41972 free8=89188 tlsOk=1 rej=0  allocFail=0 hardFail=0  tls=163/135  interval=217632ms  DATA STALE
[health] touch-wd wedges=0 recovered=0/0 (soft=0 hard=0) wakes=0 probes=4326/0 maxOutage=0ms rebootRec=0
[health] frame avg=28.0ms p95=28.1ms max=29.2ms  n=1 ap=329  heap free=89188 largest=41972 free8=89188 tlsOk=1 rej=0  allocFail=0 hardFail=0  tls=163/135  interval=217632ms  DATA STALE
[health] touch-wd wedges=0 recovered=0/0 (soft=0 hard=0) wakes=0 probes=4329/0 maxOutage=0ms rebootRec=0
[health] frame avg=28.0ms p95=28.1ms max=29.3ms  n=1 ap=329  heap free=89188 largest=41972 free8=89188 tlsOk=1 rej=0  allocFail=0 hardFail=0  tls=163/135  interval=217632ms  DATA STALE
[health] touch-wd wedges=0 recovered=0/0 (soft=0 hard=0) wakes=0 probes=4332/0 maxOutage=0ms rebootRec=0
[GET] diag: Content-Length path, CL=17 read=17 timedOut=0 err=InvalidInput
[GET] JSON parse failed (429): InvalidInput
[WARN] OpenSky request failed: InvalidInput
[health] frame avg=28.0ms p95=28.2ms max=33.2ms  n=1 ap=329  heap free=91584 largest=46068 free8=91584 tlsOk=1 rej=0  allocFail=0 hardFail=0  tls=164/135  interval=217632ms  DATA STALE
[health] touch-wd wedges=0 recovered=0/0 (soft=0 hard=0) wakes=0 probes=4335/0 maxOutage=0ms rebootRec=0
[health] frame avg=28.0ms p95=28.1ms max=29.3ms  n=1 ap=329  heap free=91584 largest=46068 free8=91584 tlsOk=1 rej=0  allocFail=0 hardFail=0  tls=164/135  interval=217632ms  DATA STALE
[health] touch-wd wedges=0 recovered=0/0 (soft=0 hard=0) wakes=0 probes=4338/0 maxOutage=0ms rebootRec=0
[health] frame avg=28.1ms p95=28.5ms max=29.2ms  n=1 ap=329  heap free=89168 largest=44020 free8=89168 tlsOk=1 rej=0  allocFail=0 hardFail=0  tls=164/135  interval=217632ms  DATA STALE
[health] touch-wd wedges=0 recovered=0/0 (soft=0 hard=0) wakes=0 probes=4341/0 maxOutage=0ms rebootRec=0
[health] frame avg=28.0ms p95=28.1ms max=29.7ms  n=1 ap=329  heap free=89136 largest=44020 free8=89136 tlsOk=1 rej=0  allocFail=0 hardFail=0  tls=164/135  interval=217632ms  DATA STALE
[health] touch-wd wedges=0 recovered=0/0 (soft=0 hard=0) wakes=0 probes=4344/0 maxOutage=0ms rebootRec=0
[health] frame avg=28.1ms p95=28.4ms max=29.2ms  n=1 ap=329  heap free=89136 largest=44020 free8=89136 tlsOk=1 rej=0  allocFail=0 hardFail=0  tls=164/135  interval=217632ms  DATA STALE
[health] touch-wd wedges=0 recovered=0/0 (soft=0 hard=0) wakes=0 probes=4347/0 maxOutage=0ms rebootRec=0
[health] frame avg=28.0ms p95=28.1ms max=29.5ms  n=1 ap=329  heap free=89136 largest=44020 free8=89136 tlsOk=1 rej=0  allocFail=0 hardFail=0  tls=164/135  interval=217632ms  DATA STALE
[health] touch-wd wedges=0 recovered=0/0 (soft=0 hard=0) wakes=0 probes=4350/0 maxOutage=0ms rebootRec=0
[health] frame avg=28.0ms p95=28.1ms max=29.3ms  n=1 ap=329  heap free=89136 largest=44020 free8=89136 tlsOk=1 rej=0  allocFail=0 hardFail=0  tls=164/135  interval=217632ms  DATA STALE
[health] touch-wd wedges=0 recovered=0/0 (soft=0 hard=0) wakes=0 probes=4353/0 maxOutage=0ms rebootRec=0
[GET] diag: Content-Length path, CL=17 read=17 timedOut=0 err=InvalidInput
[GET] JSON parse failed (429): InvalidInput
[WARN] OpenSky request failed: InvalidInput
[health] frame avg=28.0ms p95=28.2ms max=33.4ms  n=1 ap=329  heap free=91576 largest=44020 free8=91576 tlsOk=1 rej=0  allocFail=0 hardFail=0  tls=165/135  interval=217632ms  DATA STALE
[health] touch-wd wedges=0 recovered=0/0 (soft=0 hard=0) wakes=0 probes=4356/0 maxOutage=0ms rebootRec=0
[health] frame avg=28.1ms p95=28.2ms max=29.2ms  n=1 ap=329  heap free=91576 largest=44020 free8=91576 tlsOk=1 rej=0  allocFail=0 hardFail=0  tls=165/135  interval=217632ms  DATA STALE
[health] touch-wd wedges=0 recovered=0/0 (soft=0 hard=0) wakes=0 probes=4359/0 maxOutage=0ms rebootRec=0
[health] frame avg=28.0ms p95=28.2ms max=29.2ms  n=1 ap=329  heap free=91576 largest=44020 free8=91576 tlsOk=1 rej=0  allocFail=0 hardFail=0  tls=165/135  interval=217632ms  DATA STALE
[health] touch-wd wedges=0 recovered=0/0 (soft=0 hard=0) wakes=0 probes=4362/0 maxOutage=0ms rebootRec=0
[health] frame avg=28.0ms p95=28.2ms max=29.5ms  n=1 ap=329  heap free=89160 largest=44020 free8=89160 tlsOk=1 rej=0  allocFail=0 hardFail=0  tls=165/135  interval=217632ms  DATA STALE
[health] touch-wd wedges=0 recovered=0/0 (soft=0 hard=0) wakes=0 probes=4365/0 maxOutage=0ms rebootRec=0
[health] frame avg=28.0ms p95=28.2ms max=29.2ms  n=1 ap=329  heap free=89160 largest=44020 free8=89160 tlsOk=1 rej=0  allocFail=0 hardFail=0  tls=165/135  interval=217632ms  DATA STALE
[health] touch-wd wedges=0 recovered=0/0 (soft=0 hard=0) wakes=0 probes=4368/0 maxOutage=0ms rebootRec=0
[health] frame avg=28.0ms p95=28.2ms max=29.4ms  n=1 ap=329  heap free=89160 largest=44020 free8=89160 tlsOk=1 rej=0  allocFail=0 hardFail=0  tls=165/135  interval=217632ms  DATA STALE
[health] touch-wd wedges=0 recovered=0/0 (soft=0 hard=0) wakes=0 probes=4371/0 maxOutage=0ms rebootRec=0
[health] frame avg=28.0ms p95=28.2ms max=29.4ms  n=1 ap=329  heap free=89160 largest=44020 free8=89160 tlsOk=1 rej=0  allocFail=0 hardFail=0  tls=165/135  interval=217632ms  DATA STALE
[health] touch-wd wedges=0 recovered=0/0 (soft=0 hard=0) wakes=0 probes=4374/0 maxOutage=0ms rebootRec=0
[GET] diag: Content-Length path, CL=17 read=17 timedOut=0 err=InvalidInput
[GET] JSON parse failed (429): InvalidInput
[WARN] OpenSky request failed: InvalidInput
[health] frame avg=28.0ms p95=28.2ms max=33.6ms  n=1 ap=329  heap free=91560 largest=46068 free8=91560 tlsOk=1 rej=0  allocFail=0 hardFail=0  tls=166/135  interval=217632ms  DATA STALE
[health] touch-wd wedges=0 recovered=0/0 (soft=0 hard=0) wakes=0 probes=4377/0 maxOutage=0ms rebootRec=0
[health] frame avg=28.0ms p95=28.2ms max=29.2ms  n=1 ap=329  heap free=91560 largest=46068 free8=91560 tlsOk=1 rej=0  allocFail=0 hardFail=0  tls=166/135  interval=217632ms  DATA STALE
[health] touch-wd wedges=0 recovered=0/0 (soft=0 hard=0) wakes=0 probes=4380/0 maxOutage=0ms rebootRec=0
[health] frame avg=28.0ms p95=28.1ms max=29.6ms  n=1 ap=329  heap free=91592 largest=46068 free8=91592 tlsOk=1 rej=0  allocFail=0 hardFail=0  tls=166/135  interval=217632ms  DATA STALE
[health] touch-wd wedges=0 recovered=0/0 (soft=0 hard=0) wakes=0 probes=4383/0 maxOutage=0ms rebootRec=0
[health] frame avg=28.0ms p95=28.1ms max=29.3ms  n=1 ap=329  heap free=89176 largest=44020 free8=89176 tlsOk=1 rej=0  allocFail=0 hardFail=0  tls=166/135  interval=217632ms  DATA STALE
[health] touch-wd wedges=0 recovered=0/0 (soft=0 hard=0) wakes=0 probes=4386/0 maxOutage=0ms rebootRec=0
[health] frame avg=28.0ms p95=28.1ms max=29.2ms  n=1 ap=329  heap free=89176 largest=44020 free8=89176 tlsOk=1 rej=0  allocFail=0 hardFail=0  tls=166/135  interval=217632ms  DATA STALE
[health] touch-wd wedges=0 recovered=0/0 (soft=0 hard=0) wakes=0 probes=4389/0 maxOutage=0ms rebootRec=0
[health] frame avg=28.0ms p95=28.2ms max=30.4ms  n=1 ap=329  heap free=89176 largest=44020 free8=89176 tlsOk=1 rej=0  allocFail=0 hardFail=0  tls=166/135  interval=217632ms  DATA STALE
[health] touch-wd wedges=0 recovered=0/0 (soft=0 hard=0) wakes=0 probes=4392/0 maxOutage=0ms rebootRec=0
[health] frame avg=28.0ms p95=28.2ms max=29.3ms  n=1 ap=329  heap free=89176 largest=44020 free8=89176 tlsOk=1 rej=0  allocFail=0 hardFail=0  tls=166/135  interval=217632ms  DATA STALE
[health] touch-wd wedges=0 recovered=0/0 (soft=0 hard=0) wakes=0 probes=4395/0 maxOutage=0ms rebootRec=0
[health] frame avg=28.1ms p95=28.2ms max=33.1ms  n=1 ap=329  heap free=134088 largest=48116 free8=134088 tlsOk=1 rej=0  allocFail=0 hardFail=0  tls=167/135  interval=217632ms  DATA STALE
[health] touch-wd wedges=0 recovered=0/0 (soft=0 hard=0) wakes=0 probes=4398/0 maxOutage=0ms rebootRec=0
[GET] diag: Content-Length path, CL=17 read=17 timedOut=0 err=InvalidInput
[GET] JSON parse failed (429): InvalidInput
[WARN] OpenSky request failed: InvalidInput
[health] frame avg=28.0ms p95=28.2ms max=30.4ms  n=1 ap=329  heap free=91572 largest=45044 free8=91572 tlsOk=1 rej=0  allocFail=0 hardFail=0  tls=167/135  interval=217632ms  DATA STALE
[health] touch-wd wedges=0 recovered=0/0 (soft=0 hard=0) wakes=0 probes=4401/0 maxOutage=0ms rebootRec=0
[health] frame avg=28.0ms p95=28.2ms max=30.0ms  n=1 ap=329  heap free=91572 largest=45044 free8=91572 tlsOk=1 rej=0  allocFail=0 hardFail=0  tls=167/135  interval=217632ms  DATA STALE
[health] touch-wd wedges=0 recovered=0/0 (soft=0 hard=0) wakes=0 probes=4404/0 maxOutage=0ms rebootRec=0
[health] frame avg=28.0ms p95=28.2ms max=29.3ms  n=1 ap=329  heap free=89156 largest=42996 free8=89156 tlsOk=1 rej=0  allocFail=0 hardFail=0  tls=167/135  interval=217632ms  DATA STALE
[health] touch-wd wedges=0 recovered=0/0 (soft=0 hard=0) wakes=0 probes=4407/0 maxOutage=0ms rebootRec=0
[health] frame avg=28.0ms p95=28.2ms max=29.2ms  n=1 ap=329  heap free=89156 largest=42996 free8=89156 tlsOk=1 rej=0  allocFail=0 hardFail=0  tls=167/135  interval=217632ms  DATA STALE
[health] touch-wd wedges=0 recovered=0/0 (soft=0 hard=0) wakes=0 probes=4410/0 maxOutage=0ms rebootRec=0
[health] frame avg=28.0ms p95=28.2ms max=29.9ms  n=1 ap=329  heap free=89156 largest=42996 free8=89156 tlsOk=1 rej=0  allocFail=0 hardFail=0  tls=167/135  interval=217632ms  DATA STALE
[health] touch-wd wedges=0 recovered=0/0 (soft=0 hard=0) wakes=0 probes=4413/0 maxOutage=0ms rebootRec=0
[health] frame avg=28.0ms p95=28.1ms max=29.4ms  n=1 ap=329  heap free=89156 largest=42996 free8=89156 tlsOk=1 rej=0  allocFail=0 hardFail=0  tls=167/135  interval=217632ms  DATA STALE
[health] touch-wd wedges=0 recovered=0/0 (soft=0 hard=0) wakes=0 probes=4416/0 maxOutage=0ms rebootRec=0
[health] frame avg=28.0ms p95=28.2ms max=29.5ms  n=1 ap=329  heap free=89156 largest=42996 free8=89156 tlsOk=1 rej=0  allocFail=0 hardFail=0  tls=167/135  interval=217632ms  DATA STALE
[health] touch-wd wedges=0 recovered=0/0 (soft=0 hard=0) wakes=0 probes=4419/0 maxOutage=0ms rebootRec=0
[GET] diag: Content-Length path, CL=17 read=17 timedOut=0 err=InvalidInput
[GET] JSON parse failed (429): InvalidInput
[WARN] OpenSky request failed: InvalidInput
[health] frame avg=28.0ms p95=28.2ms max=33.6ms  n=1 ap=329  heap free=91560 largest=48116 free8=91560 tlsOk=1 rej=0  allocFail=0 hardFail=0  tls=168/135  interval=217632ms  DATA STALE
[health] touch-wd wedges=0 recovered=0/0 (soft=0 hard=0) wakes=0 probes=4422/0 maxOutage=0ms rebootRec=0
[health] frame avg=28.0ms p95=28.2ms max=29.1ms  n=1 ap=329  heap free=91560 largest=48116 free8=91560 tlsOk=1 rej=0  allocFail=0 hardFail=0  tls=168/135  interval=217632ms  DATA STALE
[health] touch-wd wedges=0 recovered=0/0 (soft=0 hard=0) wakes=0 probes=4425/0 maxOutage=0ms rebootRec=0
[health] frame avg=28.0ms p95=28.1ms max=29.1ms  n=1 ap=329  heap free=89176 largest=46068 free8=89176 tlsOk=1 rej=0  allocFail=0 hardFail=0  tls=168/135  interval=217632ms  DATA STALE
[health] touch-wd wedges=0 recovered=0/0 (soft=0 hard=0) wakes=0 probes=4428/0 maxOutage=0ms rebootRec=0
[health] frame avg=28.1ms p95=28.4ms max=29.5ms  n=1 ap=329  heap free=89176 largest=46068 free8=89176 tlsOk=1 rej=0  allocFail=0 hardFail=0  tls=168/135  interval=217632ms  DATA STALE
[health] touch-wd wedges=0 recovered=0/0 (soft=0 hard=0) wakes=0 probes=4431/0 maxOutage=0ms rebootRec=0
[health] frame avg=28.0ms p95=28.1ms max=29.4ms  n=1 ap=329  heap free=89176 largest=46068 free8=89176 tlsOk=1 rej=0  allocFail=0 hardFail=0  tls=168/135  interval=217632ms  DATA STALE
[health] touch-wd wedges=0 recovered=0/0 (soft=0 hard=0) wakes=0 probes=4434/0 maxOutage=0ms rebootRec=0
[health] frame avg=28.0ms p95=28.2ms max=29.5ms  n=1 ap=329  heap free=89176 largest=46068 free8=89176 tlsOk=1 rej=0  allocFail=0 hardFail=0  tls=168/135  interval=217632ms  DATA STALE
[health] touch-wd wedges=0 recovered=0/0 (soft=0 hard=0) wakes=0 probes=4437/0 maxOutage=0ms rebootRec=0
[health] frame avg=28.0ms p95=28.2ms max=29.5ms  n=1 ap=329  heap free=89176 largest=46068 free8=89176 tlsOk=1 rej=0  allocFail=0 hardFail=0  tls=168/135  interval=217632ms  DATA STALE
[health] touch-wd wedges=0 recovered=0/0 (soft=0 hard=0) wakes=0 probes=4440/0 maxOutage=0ms rebootRec=0
[GET] diag: Content-Length path, CL=17 read=17 timedOut=0 err=InvalidInput
[GET] JSON parse failed (429): InvalidInput
[WARN] OpenSky request failed: InvalidInput
[health] frame avg=28.0ms p95=28.1ms max=33.8ms  n=1 ap=329  heap free=91572 largest=46068 free8=91572 tlsOk=1 rej=0  allocFail=0 hardFail=0  tls=169/135  interval=217632ms  DATA STALE
[health] touch-wd wedges=0 recovered=0/0 (soft=0 hard=0) wakes=0 probes=4443/0 maxOutage=0ms rebootRec=0
[health] frame avg=28.0ms p95=28.1ms max=29.5ms  n=1 ap=329  heap free=91572 largest=46068 free8=91572 tlsOk=1 rej=0  allocFail=0 hardFail=0  tls=169/135  interval=217632ms  DATA STALE
[health] touch-wd wedges=0 recovered=0/0 (soft=0 hard=0) wakes=0 probes=4446/0 maxOutage=0ms rebootRec=0
[health] frame avg=28.0ms p95=28.2ms max=29.3ms  n=1 ap=329  heap free=91572 largest=46068 free8=91572 tlsOk=1 rej=0  allocFail=0 hardFail=0  tls=169/135  interval=217632ms  DATA STALE
[health] touch-wd wedges=0 recovered=0/0 (soft=0 hard=0) wakes=0 probes=4449/0 maxOutage=0ms rebootRec=0
[health] frame avg=28.0ms p95=28.1ms max=29.4ms  n=1 ap=329  heap free=89156 largest=44020 free8=89156 tlsOk=1 rej=0  allocFail=0 hardFail=0  tls=169/135  interval=217632ms  DATA STALE
[health] touch-wd wedges=0 recovered=0/0 (soft=0 hard=0) wakes=0 probes=4452/0 maxOutage=0ms rebootRec=0
[health] frame avg=28.0ms p95=28.1ms max=29.7ms  n=1 ap=329  heap free=89188 largest=44020 free8=89188 tlsOk=1 rej=0  allocFail=0 hardFail=0  tls=169/135  interval=217632ms  DATA STALE
[health] touch-wd wedges=0 recovered=0/0 (soft=0 hard=0) wakes=0 probes=4455/0 maxOutage=0ms rebootRec=0
[health] frame avg=28.0ms p95=28.1ms max=29.4ms  n=1 ap=329  heap free=89188 largest=44020 free8=89188 tlsOk=1 rej=0  allocFail=0 hardFail=0  tls=169/135  interval=217632ms  DATA STALE
[health] touch-wd wedges=0 recovered=0/0 (soft=0 hard=0) wakes=0 probes=4458/0 maxOutage=0ms rebootRec=0
[health] frame avg=28.0ms p95=28.2ms max=29.3ms  n=1 ap=329  heap free=89188 largest=44020 free8=89188 tlsOk=1 rej=0  allocFail=0 hardFail=0  tls=169/135  interval=217632ms  DATA STALE
[health] touch-wd wedges=0 recovered=0/0 (soft=0 hard=0) wakes=0 probes=4461/0 maxOutage=0ms rebootRec=0
[GET] diag: Content-Length path, CL=17 read=17 timedOut=0 err=InvalidInput
[GET] JSON parse failed (429): InvalidInput
[WARN] OpenSky request failed: InvalidInput
[health] frame avg=28.0ms p95=28.2ms max=33.3ms  n=1 ap=329  heap free=91564 largest=42996 free8=91564 tlsOk=1 rej=0  allocFail=0 hardFail=0  tls=170/135  interval=217632ms  DATA STALE
[health] touch-wd wedges=0 recovered=0/0 (soft=0 hard=0) wakes=0 probes=4464/0 maxOutage=0ms rebootRec=0
[health] frame avg=28.0ms p95=28.2ms max=29.2ms  n=1 ap=329  heap free=91564 largest=42996 free8=91564 tlsOk=1 rej=0  allocFail=0 hardFail=0  tls=170/135  interval=217632ms  DATA STALE
[health] touch-wd wedges=0 recovered=0/0 (soft=0 hard=0) wakes=0 probes=4467/0 maxOutage=0ms rebootRec=0
[health] frame avg=28.0ms p95=28.2ms max=29.3ms  n=1 ap=329  heap free=91564 largest=42996 free8=91564 tlsOk=1 rej=0  allocFail=0 hardFail=0  tls=170/135  interval=217632ms  DATA STALE
[health] touch-wd wedges=0 recovered=0/0 (soft=0 hard=0) wakes=0 probes=4470/0 maxOutage=0ms rebootRec=0
[health] frame avg=28.0ms p95=28.2ms max=29.3ms  n=1 ap=329  heap free=89148 largest=42996 free8=89148 tlsOk=1 rej=0  allocFail=0 hardFail=0  tls=170/135  interval=217632ms  DATA STALE
[health] touch-wd wedges=0 recovered=0/0 (soft=0 hard=0) wakes=0 probes=4473/0 maxOutage=0ms rebootRec=0
[health] frame avg=28.0ms p95=28.2ms max=29.4ms  n=1 ap=329  heap free=89148 largest=42996 free8=89148 tlsOk=1 rej=0  allocFail=0 hardFail=0  tls=170/135  interval=217632ms  DATA STALE
[health] touch-wd wedges=0 recovered=0/0 (soft=0 hard=0) wakes=0 probes=4476/0 maxOutage=0ms rebootRec=0
[health] frame avg=28.0ms p95=28.2ms max=29.3ms  n=1 ap=329  heap free=89148 largest=42996 free8=89148 tlsOk=1 rej=0  allocFail=0 hardFail=0  tls=170/135  interval=217632ms  DATA STALE
[health] touch-wd wedges=0 recovered=0/0 (soft=0 hard=0) wakes=0 probes=4479/0 maxOutage=0ms rebootRec=0
[health] frame avg=28.0ms p95=28.1ms max=29.1ms  n=1 ap=329  heap free=89148 largest=42996 free8=89148 tlsOk=1 rej=0  allocFail=0 hardFail=0  tls=170/135  interval=217632ms  DATA STALE
[health] touch-wd wedges=0 recovered=0/0 (soft=0 hard=0) wakes=0 probes=4482/0 maxOutage=0ms rebootRec=0
[health] frame avg=28.0ms p95=28.1ms max=29.6ms  n=1 ap=329  heap free=89180 largest=42996 free8=89180 tlsOk=1 rej=0  allocFail=0 hardFail=0  tls=170/135  interval=217632ms  DATA STALE
[health] touch-wd wedges=0 recovered=0/0 (soft=0 hard=0) wakes=0 probes=4485/0 maxOutage=0ms rebootRec=0
[GET] diag: Content-Length path, CL=17 read=17 timedOut=0 err=InvalidInput
[GET] JSON parse failed (429): InvalidInput
[WARN] OpenSky request failed: InvalidInput
[health] frame avg=28.0ms p95=28.2ms max=33.6ms  n=1 ap=329  heap free=91552 largest=45044 free8=91552 tlsOk=1 rej=0  allocFail=0 hardFail=0  tls=171/135  interval=217632ms  DATA STALE
[health] touch-wd wedges=0 recovered=0/0 (soft=0 hard=0) wakes=0 probes=4488/0 maxOutage=0ms rebootRec=0
[health] frame avg=28.0ms p95=28.2ms max=29.2ms  n=1 ap=329  heap free=91552 largest=45044 free8=91552 tlsOk=1 rej=0  allocFail=0 hardFail=0  tls=171/135  interval=217632ms  DATA STALE
[health] touch-wd wedges=0 recovered=0/0 (soft=0 hard=0) wakes=0 probes=4491/0 maxOutage=0ms rebootRec=0
[health] frame avg=28.0ms p95=28.2ms max=29.7ms  n=1 ap=329  heap free=89136 largest=41972 free8=89136 tlsOk=1 rej=0  allocFail=0 hardFail=0  tls=171/135  interval=217632ms  DATA STALE
[health] touch-wd wedges=0 recovered=0/0 (soft=0 hard=0) wakes=0 probes=4494/0 maxOutage=0ms rebootRec=0
[health] frame avg=28.0ms p95=28.2ms max=29.3ms  n=1 ap=329  heap free=89168 largest=41972 free8=89168 tlsOk=1 rej=0  allocFail=0 hardFail=0  tls=171/135  interval=217632ms  DATA STALE
[health] touch-wd wedges=0 recovered=0/0 (soft=0 hard=0) wakes=0 probes=4497/0 maxOutage=0ms rebootRec=0
[health] frame avg=28.0ms p95=28.1ms max=29.2ms  n=1 ap=329  heap free=89168 largest=41972 free8=89168 tlsOk=1 rej=0  allocFail=0 hardFail=0  tls=171/135  interval=217632ms  DATA STALE
[health] touch-wd wedges=0 recovered=0/0 (soft=0 hard=0) wakes=0 probes=4500/0 maxOutage=0ms rebootRec=0
[health] frame avg=28.0ms p95=28.2ms max=29.0ms  n=1 ap=329  heap free=89168 largest=41972 free8=89168 tlsOk=1 rej=0  allocFail=0 hardFail=0  tls=171/135  interval=217632ms  DATA STALE
[health] touch-wd wedges=0 recovered=0/0 (soft=0 hard=0) wakes=0 probes=4503/0 maxOutage=0ms rebootRec=0
[health] frame avg=28.0ms p95=28.2ms max=29.6ms  n=1 ap=329  heap free=89168 largest=41972 free8=89168 tlsOk=1 rej=0  allocFail=0 hardFail=0  tls=171/135  interval=217632ms  DATA STALE
[health] touch-wd wedges=0 recovered=0/0 (soft=0 hard=0) wakes=0 probes=4506/0 maxOutage=0ms rebootRec=0
[GET] diag: Content-Length path, CL=17 read=17 timedOut=0 err=InvalidInput
[GET] JSON parse failed (429): InvalidInput
[WARN] OpenSky request failed: InvalidInput
[health] frame avg=28.0ms p95=28.1ms max=33.6ms  n=1 ap=329  heap free=91560 largest=46068 free8=91560 tlsOk=1 rej=0  allocFail=0 hardFail=0  tls=172/135  interval=217632ms  DATA STALE
[health] touch-wd wedges=0 recovered=0/0 (soft=0 hard=0) wakes=0 probes=4509/0 maxOutage=0ms rebootRec=0
[health] frame avg=28.0ms p95=28.1ms max=29.0ms  n=1 ap=329  heap free=91560 largest=46068 free8=91560 tlsOk=1 rej=0  allocFail=0 hardFail=0  tls=172/135  interval=217632ms  DATA STALE
[health] touch-wd wedges=0 recovered=0/0 (soft=0 hard=0) wakes=0 probes=4512/0 maxOutage=0ms rebootRec=0
[health] frame avg=28.1ms p95=28.2ms max=29.6ms  n=1 ap=329  heap free=89144 largest=44020 free8=89144 tlsOk=1 rej=0  allocFail=0 hardFail=0  tls=172/135  interval=217632ms  DATA STALE
[health] touch-wd wedges=0 recovered=0/0 (soft=0 hard=0) wakes=0 probes=4515/0 maxOutage=0ms rebootRec=0
[health] frame avg=28.0ms p95=28.1ms max=29.0ms  n=1 ap=329  heap free=89144 largest=44020 free8=89144 tlsOk=1 rej=0  allocFail=0 hardFail=0  tls=172/135  interval=217632ms  DATA STALE
[health] touch-wd wedges=0 recovered=0/0 (soft=0 hard=0) wakes=0 probes=4518/0 maxOutage=0ms rebootRec=0
[health] frame avg=28.1ms p95=28.4ms max=29.7ms  n=1 ap=329  heap free=89144 largest=44020 free8=89144 tlsOk=1 rej=0  allocFail=0 hardFail=0  tls=172/135  interval=217632ms  DATA STALE
[health] touch-wd wedges=0 recovered=0/0 (soft=0 hard=0) wakes=0 probes=4521/0 maxOutage=0ms rebootRec=0
[health] frame avg=28.0ms p95=28.1ms max=29.4ms  n=1 ap=329  heap free=89176 largest=44020 free8=89176 tlsOk=1 rej=0  allocFail=0 hardFail=0  tls=172/135  interval=217632ms  DATA STALE
[health] touch-wd wedges=0 recovered=0/0 (soft=0 hard=0) wakes=0 probes=4524/0 maxOutage=0ms rebootRec=0
[health] frame avg=28.0ms p95=28.1ms max=29.0ms  n=1 ap=329  heap free=89176 largest=44020 free8=89176 tlsOk=1 rej=0  allocFail=0 hardFail=0  tls=172/135  interval=217632ms  DATA STALE
[health] touch-wd wedges=0 recovered=0/0 (soft=0 hard=0) wakes=0 probes=4527/0 maxOutage=0ms rebootRec=0
[GET] diag: Content-Length path, CL=17 read=17 timedOut=0 err=InvalidInput
[GET] JSON parse failed (429): InvalidInput
[WARN] OpenSky request failed: InvalidInput
[health] frame avg=28.0ms p95=28.2ms max=33.7ms  n=1 ap=329  heap free=91568 largest=46068 free8=91568 tlsOk=1 rej=0  allocFail=0 hardFail=0  tls=173/135  interval=217632ms  DATA STALE
[health] touch-wd wedges=0 recovered=0/0 (soft=0 hard=0) wakes=0 probes=4530/0 maxOutage=0ms rebootRec=0
[health] frame avg=28.1ms p95=28.2ms max=30.0ms  n=1 ap=329  heap free=91568 largest=46068 free8=91568 tlsOk=1 rej=0  allocFail=0 hardFail=0  tls=173/135  interval=217632ms  DATA STALE
[health] touch-wd wedges=0 recovered=0/0 (soft=0 hard=0) wakes=0 probes=4533/0 maxOutage=0ms rebootRec=0
[health] frame avg=28.0ms p95=28.1ms max=29.5ms  n=1 ap=329  heap free=91568 largest=46068 free8=91568 tlsOk=1 rej=0  allocFail=0 hardFail=0  tls=173/135  interval=217632ms  DATA STALE
[health] touch-wd wedges=0 recovered=0/0 (soft=0 hard=0) wakes=0 probes=4536/0 maxOutage=0ms rebootRec=0
[health] frame avg=28.0ms p95=28.2ms max=29.3ms  n=1 ap=329  heap free=89152 largest=44020 free8=89152 tlsOk=1 rej=0  allocFail=0 hardFail=0  tls=173/135  interval=217632ms  DATA STALE
[health] touch-wd wedges=0 recovered=0/0 (soft=0 hard=0) wakes=0 probes=4539/0 maxOutage=0ms rebootRec=0
[health] frame avg=28.0ms p95=28.1ms max=29.3ms  n=1 ap=329  heap free=89152 largest=44020 free8=89152 tlsOk=1 rej=0  allocFail=0 hardFail=0  tls=173/135  interval=217632ms  DATA STALE
[health] touch-wd wedges=0 recovered=0/0 (soft=0 hard=0) wakes=0 probes=4542/0 maxOutage=0ms rebootRec=0
[health] frame avg=28.0ms p95=28.1ms max=29.2ms  n=1 ap=329  heap free=89152 largest=44020 free8=89152 tlsOk=1 rej=0  allocFail=0 hardFail=0  tls=173/135  interval=217632ms  DATA STALE
[health] touch-wd wedges=0 recovered=0/0 (soft=0 hard=0) wakes=0 probes=4545/0 maxOutage=0ms rebootRec=0
[health] frame avg=28.0ms p95=28.1ms max=28.9ms  n=1 ap=329  heap free=89152 largest=44020 free8=89152 tlsOk=1 rej=0  allocFail=0 hardFail=0  tls=173/135  interval=217632ms  DATA STALE
[health] touch-wd wedges=0 recovered=0/0 (soft=0 hard=0) wakes=0 probes=4548/0 maxOutage=0ms rebootRec=0
[GET] diag: Content-Length path, CL=17 read=17 timedOut=0 err=InvalidInput
[GET] JSON parse failed (429): InvalidInput
[WARN] OpenSky request failed: InvalidInput
[health] frame avg=28.0ms p95=28.1ms max=34.0ms  n=1 ap=329  heap free=91548 largest=40948 free8=91548 tlsOk=1 rej=0  allocFail=0 hardFail=0  tls=174/135  interval=217632ms  DATA STALE
[health] touch-wd wedges=0 recovered=0/0 (soft=0 hard=0) wakes=0 probes=4551/0 maxOutage=0ms rebootRec=0
[health] frame avg=28.0ms p95=28.2ms max=29.5ms  n=1 ap=329  heap free=91548 largest=40948 free8=91548 tlsOk=1 rej=0  allocFail=0 hardFail=0  tls=174/135  interval=217632ms  DATA STALE
[health] touch-wd wedges=0 recovered=0/0 (soft=0 hard=0) wakes=0 probes=4554/0 maxOutage=0ms rebootRec=0
[health] frame avg=28.0ms p95=28.2ms max=29.4ms  n=1 ap=329  heap free=91548 largest=40948 free8=91548 tlsOk=1 rej=0  allocFail=0 hardFail=0  tls=174/135  interval=217632ms  DATA STALE
[health] touch-wd wedges=0 recovered=0/0 (soft=0 hard=0) wakes=0 probes=4557/0 maxOutage=0ms rebootRec=0
[health] frame avg=28.0ms p95=28.1ms max=29.2ms  n=1 ap=329  heap free=89164 largest=40948 free8=89164 tlsOk=1 rej=0  allocFail=0 hardFail=0  tls=174/135  interval=217632ms  DATA STALE
[health] touch-wd wedges=0 recovered=0/0 (soft=0 hard=0) wakes=0 probes=4560/0 maxOutage=0ms rebootRec=0
[health] frame avg=28.1ms p95=28.4ms max=30.3ms  n=1 ap=329  heap free=89164 largest=40948 free8=89164 tlsOk=1 rej=0  allocFail=0 hardFail=0  tls=174/135  interval=217632ms  DATA STALE
[health] touch-wd wedges=0 recovered=0/0 (soft=0 hard=0) wakes=0 probes=4563/0 maxOutage=0ms rebootRec=0
[health] frame avg=28.0ms p95=28.2ms max=29.2ms  n=1 ap=329  heap free=89164 largest=40948 free8=89164 tlsOk=1 rej=0  allocFail=0 hardFail=0  tls=174/135  interval=217632ms  DATA STALE
[health] touch-wd wedges=0 recovered=0/0 (soft=0 hard=0) wakes=0 probes=4566/0 maxOutage=0ms rebootRec=0
[health] frame avg=28.0ms p95=28.1ms max=29.3ms  n=1 ap=329  heap free=89164 largest=40948 free8=89164 tlsOk=1 rej=0  allocFail=0 hardFail=0  tls=174/135  interval=217632ms  DATA STALE
[health] touch-wd wedges=0 recovered=0/0 (soft=0 hard=0) wakes=0 probes=4569/0 maxOutage=0ms rebootRec=0
[health] frame avg=28.0ms p95=28.2ms max=29.5ms  n=1 ap=329  heap free=89164 largest=40948 free8=89164 tlsOk=1 rej=0  allocFail=0 hardFail=0  tls=174/135  interval=217632ms  DATA STALE
[health] touch-wd wedges=0 recovered=0/0 (soft=0 hard=0) wakes=0 probes=4572/0 maxOutage=0ms rebootRec=0
[GET] diag: Content-Length path, CL=17 read=17 timedOut=0 err=InvalidInput
[GET] JSON parse failed (429): InvalidInput
[WARN] OpenSky request failed: InvalidInput
[health] frame avg=28.0ms p95=28.2ms max=33.4ms  n=1 ap=329  heap free=91564 largest=48116 free8=91564 tlsOk=1 rej=0  allocFail=0 hardFail=0  tls=175/135  interval=217632ms  DATA STALE
[health] touch-wd wedges=0 recovered=0/0 (soft=0 hard=0) wakes=0 probes=4575/0 maxOutage=0ms rebootRec=0
[health] frame avg=28.0ms p95=28.1ms max=29.1ms  n=1 ap=329  heap free=91564 largest=48116 free8=91564 tlsOk=1 rej=0  allocFail=0 hardFail=0  tls=175/135  interval=217632ms  DATA STALE
[health] touch-wd wedges=0 recovered=0/0 (soft=0 hard=0) wakes=0 probes=4578/0 maxOutage=0ms rebootRec=0
[health] frame avg=28.0ms p95=28.3ms max=29.2ms  n=1 ap=329  heap free=89148 largest=45044 free8=89148 tlsOk=1 rej=0  allocFail=0 hardFail=0  tls=175/135  interval=217632ms  DATA STALE
[health] touch-wd wedges=0 recovered=0/0 (soft=0 hard=0) wakes=0 probes=4581/0 maxOutage=0ms rebootRec=0
[health] frame avg=28.0ms p95=28.1ms max=29.6ms  n=1 ap=329  heap free=89180 largest=45044 free8=89180 tlsOk=1 rej=0  allocFail=0 hardFail=0  tls=175/135  interval=217632ms  DATA STALE
[health] touch-wd wedges=0 recovered=0/0 (soft=0 hard=0) wakes=0 probes=4584/0 maxOutage=0ms rebootRec=0
[health] frame avg=28.0ms p95=28.4ms max=30.0ms  n=1 ap=329  heap free=88980 largest=45044 free8=88980 tlsOk=1 rej=0  allocFail=0 hardFail=0  tls=175/135  interval=217632ms  DATA STALE
[health] touch-wd wedges=0 recovered=0/0 (soft=0 hard=0) wakes=0 probes=4587/0 maxOutage=0ms rebootRec=0
[health] frame avg=28.0ms p95=28.2ms max=29.9ms  n=1 ap=329  heap free=88980 largest=45044 free8=88980 tlsOk=1 rej=0  allocFail=0 hardFail=0  tls=175/135  interval=217632ms  DATA STALE
[health] touch-wd wedges=0 recovered=0/0 (soft=0 hard=0) wakes=0 probes=4590/0 maxOutage=0ms rebootRec=0
[health] frame avg=28.1ms p95=28.2ms max=29.5ms  n=1 ap=329  heap free=88980 largest=45044 free8=88980 tlsOk=1 rej=0  allocFail=0 hardFail=0  tls=175/135  interval=217632ms  DATA STALE
[health] touch-wd wedges=0 recovered=0/0 (soft=0 hard=0) wakes=0 probes=4593/0 maxOutage=0ms rebootRec=0
[GET] diag: Content-Length path, CL=17 read=17 timedOut=0 err=InvalidInput
[GET] JSON parse failed (429): InvalidInput
[WARN] OpenSky request failed: InvalidInput
[health] frame avg=28.0ms p95=28.1ms max=33.4ms  n=1 ap=329  heap free=91360 largest=44020 free8=91360 tlsOk=1 rej=0  allocFail=0 hardFail=0  tls=176/135  interval=217632ms  DATA STALE
[health] touch-wd wedges=0 recovered=0/0 (soft=0 hard=0) wakes=0 probes=4596/0 maxOutage=0ms rebootRec=0
[health] frame avg=28.1ms p95=28.2ms max=29.4ms  n=1 ap=329  heap free=91360 largest=44020 free8=91360 tlsOk=1 rej=0  allocFail=0 hardFail=0  tls=176/135  interval=217632ms  DATA STALE
[health] touch-wd wedges=0 recovered=0/0 (soft=0 hard=0) wakes=0 probes=4599/0 maxOutage=0ms rebootRec=0
[health] frame avg=28.0ms p95=28.1ms max=29.2ms  n=1 ap=329  heap free=88944 largest=44020 free8=88944 tlsOk=1 rej=0  allocFail=0 hardFail=0  tls=176/135  interval=217632ms  DATA STALE
[health] touch-wd wedges=0 recovered=0/0 (soft=0 hard=0) wakes=0 probes=4602/0 maxOutage=0ms rebootRec=0
[health] frame avg=28.0ms p95=28.2ms max=29.6ms  n=1 ap=329  heap free=88944 largest=44020 free8=88944 tlsOk=1 rej=0  allocFail=0 hardFail=0  tls=176/135  interval=217632ms  DATA STALE
[health] touch-wd wedges=0 recovered=0/0 (soft=0 hard=0) wakes=0 probes=4605/0 maxOutage=0ms rebootRec=0
[health] frame avg=28.0ms p95=28.2ms max=29.1ms  n=1 ap=329  heap free=88944 largest=44020 free8=88944 tlsOk=1 rej=0  allocFail=0 hardFail=0  tls=176/135  interval=217632ms  DATA STALE
[health] touch-wd wedges=0 recovered=0/0 (soft=0 hard=0) wakes=0 probes=4608/0 maxOutage=0ms rebootRec=0
[health] frame avg=28.0ms p95=28.2ms max=29.5ms  n=1 ap=329  heap free=88944 largest=44020 free8=88944 tlsOk=1 rej=0  allocFail=0 hardFail=0  tls=176/135  interval=217632ms  DATA STALE
[health] touch-wd wedges=0 recovered=0/0 (soft=0 hard=0) wakes=0 probes=4611/0 maxOutage=0ms rebootRec=0
[health] frame avg=28.0ms p95=28.1ms max=29.6ms  n=1 ap=329  heap free=88976 largest=44020 free8=88976 tlsOk=1 rej=0  allocFail=0 hardFail=0  tls=176/135  interval=217632ms  DATA STALE
[health] touch-wd wedges=0 recovered=0/0 (soft=0 hard=0) wakes=0 probes=4614/0 maxOutage=0ms rebootRec=0
[GET] diag: Content-Length path, CL=17 read=17 timedOut=0 err=InvalidInput
[GET] JSON parse failed (429): InvalidInput
[WARN] OpenSky request failed: InvalidInput
[health] frame avg=28.0ms p95=28.2ms max=34.0ms  n=1 ap=329  heap free=91364 largest=42996 free8=91364 tlsOk=1 rej=0  allocFail=0 hardFail=0  tls=177/135  interval=217632ms  DATA STALE
[health] touch-wd wedges=0 recovered=0/0 (soft=0 hard=0) wakes=0 probes=4617/0 maxOutage=0ms rebootRec=0
[health] frame avg=28.0ms p95=28.1ms max=29.1ms  n=1 ap=329  heap free=91364 largest=42996 free8=91364 tlsOk=1 rej=0  allocFail=0 hardFail=0  tls=177/135  interval=217632ms  DATA STALE
[health] touch-wd wedges=0 recovered=0/0 (soft=0 hard=0) wakes=0 probes=4620/0 maxOutage=0ms rebootRec=0
[health] frame avg=28.0ms p95=28.1ms max=29.8ms  n=1 ap=329  heap free=91364 largest=42996 free8=91364 tlsOk=1 rej=0  allocFail=0 hardFail=0  tls=177/135  interval=217632ms  DATA STALE
[health] touch-wd wedges=0 recovered=0/0 (soft=0 hard=0) wakes=0 probes=4623/0 maxOutage=0ms rebootRec=0
[health] frame avg=28.0ms p95=28.1ms max=29.7ms  n=1 ap=329  heap free=88948 largest=40948 free8=88948 tlsOk=1 rej=0  allocFail=0 hardFail=0  tls=177/135  interval=217632ms  DATA STALE
[health] touch-wd wedges=0 recovered=0/0 (soft=0 hard=0) wakes=0 probes=4626/0 maxOutage=0ms rebootRec=0
[health] frame avg=28.0ms p95=28.1ms max=29.6ms  n=1 ap=329  heap free=88948 largest=40948 free8=88948 tlsOk=1 rej=0  allocFail=0 hardFail=0  tls=177/135  interval=217632ms  DATA STALE
[health] touch-wd wedges=0 recovered=0/0 (soft=0 hard=0) wakes=0 probes=4629/0 maxOutage=0ms rebootRec=0
[health] frame avg=28.0ms p95=28.1ms max=29.1ms  n=1 ap=329  heap free=88948 largest=40948 free8=88948 tlsOk=1 rej=0  allocFail=0 hardFail=0  tls=177/135  interval=217632ms  DATA STALE
[health] touch-wd wedges=0 recovered=0/0 (soft=0 hard=0) wakes=0 probes=4632/0 maxOutage=0ms rebootRec=0
[health] frame avg=28.1ms p95=28.4ms max=30.1ms  n=1 ap=329  heap free=88948 largest=40948 free8=88948 tlsOk=1 rej=0  allocFail=0 hardFail=0  tls=177/135  interval=217632ms  DATA STALE
[health] touch-wd wedges=0 recovered=0/0 (soft=0 hard=0) wakes=0 probes=4635/0 maxOutage=0ms rebootRec=0
[GET] diag: Content-Length path, CL=17 read=17 timedOut=0 err=InvalidInput
[GET] JSON parse failed (429): InvalidInput
[WARN] OpenSky request failed: InvalidInput
[health] frame avg=28.0ms p95=28.1ms max=33.9ms  n=1 ap=329  heap free=91388 largest=44020 free8=91388 tlsOk=1 rej=0  allocFail=0 hardFail=0  tls=178/135  interval=217632ms  DATA STALE
[health] touch-wd wedges=0 recovered=0/0 (soft=0 hard=0) wakes=0 probes=4638/0 maxOutage=0ms rebootRec=0
[health] frame avg=28.1ms p95=28.4ms max=29.2ms  n=1 ap=329  heap free=91388 largest=44020 free8=91388 tlsOk=1 rej=0  allocFail=0 hardFail=0  tls=178/135  interval=217632ms  DATA STALE
[health] touch-wd wedges=0 recovered=0/0 (soft=0 hard=0) wakes=0 probes=4641/0 maxOutage=0ms rebootRec=0
[health] frame avg=28.0ms p95=28.1ms max=29.4ms  n=1 ap=329  heap free=91388 largest=44020 free8=91388 tlsOk=1 rej=0  allocFail=0 hardFail=0  tls=178/135  interval=217632ms  DATA STALE
[health] touch-wd wedges=0 recovered=0/0 (soft=0 hard=0) wakes=0 probes=4644/0 maxOutage=0ms rebootRec=0
[health] frame avg=28.0ms p95=28.2ms max=29.3ms  n=1 ap=329  heap free=89004 largest=44020 free8=89004 tlsOk=1 rej=0  allocFail=0 hardFail=0  tls=178/135  interval=217632ms  DATA STALE
[health] touch-wd wedges=0 recovered=0/0 (soft=0 hard=0) wakes=0 probes=4647/0 maxOutage=0ms rebootRec=0
[health] frame avg=28.0ms p95=28.2ms max=29.3ms  n=1 ap=329  heap free=89004 largest=44020 free8=89004 tlsOk=1 rej=0  allocFail=0 hardFail=0  tls=178/135  interval=217632ms  DATA STALE
[health] touch-wd wedges=0 recovered=0/0 (soft=0 hard=0) wakes=0 probes=4650/0 maxOutage=0ms rebootRec=0
[health] frame avg=28.0ms p95=28.2ms max=29.4ms  n=1 ap=329  heap free=89004 largest=44020 free8=89004 tlsOk=1 rej=0  allocFail=0 hardFail=0  tls=178/135  interval=217632ms  DATA STALE
[health] touch-wd wedges=0 recovered=0/0 (soft=0 hard=0) wakes=0 probes=4653/0 maxOutage=0ms rebootRec=0
[health] frame avg=28.0ms p95=28.1ms max=29.2ms  n=1 ap=329  heap free=89004 largest=44020 free8=89004 tlsOk=1 rej=0  allocFail=0 hardFail=0  tls=178/135  interval=217632ms  DATA STALE
[health] touch-wd wedges=0 recovered=0/0 (soft=0 hard=0) wakes=0 probes=4656/0 maxOutage=0ms rebootRec=0
[health] frame avg=28.0ms p95=28.2ms max=29.7ms  n=1 ap=329  heap free=89004 largest=44020 free8=89004 tlsOk=1 rej=0  allocFail=0 hardFail=0  tls=178/135  interval=217632ms  DATA STALE
[health] touch-wd wedges=0 recovered=0/0 (soft=0 hard=0) wakes=0 probes=4659/0 maxOutage=0ms rebootRec=0
[GET] diag: Content-Length path, CL=17 read=17 timedOut=0 err=InvalidInput
[GET] JSON parse failed (429): InvalidInput
[WARN] OpenSky request failed: InvalidInput
[health] frame avg=28.0ms p95=28.2ms max=33.7ms  n=1 ap=329  heap free=91364 largest=42996 free8=91364 tlsOk=1 rej=0  allocFail=0 hardFail=0  tls=179/135  interval=217632ms  DATA STALE
[health] touch-wd wedges=0 recovered=0/0 (soft=0 hard=0) wakes=0 probes=4662/0 maxOutage=0ms rebootRec=0
[health] frame avg=28.1ms p95=28.2ms max=29.2ms  n=1 ap=329  heap free=91364 largest=42996 free8=91364 tlsOk=1 rej=0  allocFail=0 hardFail=0  tls=179/135  interval=217632ms  DATA STALE
[health] touch-wd wedges=0 recovered=0/0 (soft=0 hard=0) wakes=0 probes=4665/0 maxOutage=0ms rebootRec=0
[health] frame avg=28.0ms p95=28.1ms max=29.9ms  n=1 ap=329  heap free=88948 largest=39924 free8=88948 tlsOk=1 rej=0  allocFail=0 hardFail=0  tls=179/135  interval=217632ms  DATA STALE
[health] touch-wd wedges=0 recovered=0/0 (soft=0 hard=0) wakes=0 probes=4668/0 maxOutage=0ms rebootRec=0
[health] frame avg=28.0ms p95=28.2ms max=29.4ms  n=1 ap=329  heap free=88948 largest=39924 free8=88948 tlsOk=1 rej=0  allocFail=0 hardFail=0  tls=179/135  interval=217632ms  DATA STALE
[health] touch-wd wedges=0 recovered=0/0 (soft=0 hard=0) wakes=0 probes=4671/0 maxOutage=0ms rebootRec=0
[health] frame avg=28.0ms p95=28.1ms max=29.3ms  n=1 ap=329  heap free=88948 largest=39924 free8=88948 tlsOk=1 rej=0  allocFail=0 hardFail=0  tls=179/135  interval=217632ms  DATA STALE
[health] touch-wd wedges=0 recovered=0/0 (soft=0 hard=0) wakes=0 probes=4674/0 maxOutage=0ms rebootRec=0
[health] frame avg=28.0ms p95=28.1ms max=29.4ms  n=1 ap=329  heap free=88984 largest=39924 free8=88984 tlsOk=1 rej=0  allocFail=0 hardFail=0  tls=179/135  interval=217632ms  DATA STALE
[health] touch-wd wedges=0 recovered=0/0 (soft=0 hard=0) wakes=0 probes=4677/0 maxOutage=0ms rebootRec=0
[health] frame avg=28.0ms p95=28.1ms max=29.4ms  n=1 ap=329  heap free=88984 largest=39924 free8=88984 tlsOk=1 rej=0  allocFail=0 hardFail=0  tls=179/135  interval=217632ms  DATA STALE
[health] touch-wd wedges=0 recovered=0/0 (soft=0 hard=0) wakes=0 probes=4680/0 maxOutage=0ms rebootRec=0
[GET] diag: Content-Length path, CL=17 read=17 timedOut=0 err=InvalidInput
[GET] JSON parse failed (429): InvalidInput
[WARN] OpenSky request failed: InvalidInput
[health] frame avg=28.0ms p95=28.1ms max=33.5ms  n=1 ap=329  heap free=91356 largest=44020 free8=91356 tlsOk=1 rej=0  allocFail=0 hardFail=0  tls=180/135  interval=217632ms  DATA STALE
[health] touch-wd wedges=0 recovered=0/0 (soft=0 hard=0) wakes=0 probes=4683/0 maxOutage=0ms rebootRec=0
[health] frame avg=28.0ms p95=28.1ms max=29.3ms  n=1 ap=329  heap free=91356 largest=44020 free8=91356 tlsOk=1 rej=0  allocFail=0 hardFail=0  tls=180/135  interval=217632ms  DATA STALE
[health] touch-wd wedges=0 recovered=0/0 (soft=0 hard=0) wakes=0 probes=4686/0 maxOutage=0ms rebootRec=0
[health] frame avg=28.1ms p95=28.2ms max=29.6ms  n=1 ap=329  heap free=88940 largest=40948 free8=88940 tlsOk=1 rej=0  allocFail=0 hardFail=0  tls=180/135  interval=217632ms  DATA STALE
[health] touch-wd wedges=0 recovered=0/0 (soft=0 hard=0) wakes=0 probes=4689/0 maxOutage=0ms rebootRec=0
[health] frame avg=28.0ms p95=28.1ms max=29.2ms  n=1 ap=329  heap free=88940 largest=40948 free8=88940 tlsOk=1 rej=0  allocFail=0 hardFail=0  tls=180/135  interval=217632ms  DATA STALE
[health] touch-wd wedges=0 recovered=0/0 (soft=0 hard=0) wakes=0 probes=4692/0 maxOutage=0ms rebootRec=0
[health] frame avg=28.0ms p95=28.1ms max=29.4ms  n=1 ap=329  heap free=88940 largest=40948 free8=88940 tlsOk=1 rej=0  allocFail=0 hardFail=0  tls=180/135  interval=217632ms  DATA STALE
[health] touch-wd wedges=0 recovered=0/0 (soft=0 hard=0) wakes=0 probes=4695/0 maxOutage=0ms rebootRec=0
[health] frame avg=28.0ms p95=28.1ms max=29.7ms  n=1 ap=329  heap free=88940 largest=40948 free8=88940 tlsOk=1 rej=0  allocFail=0 hardFail=0  tls=180/135  interval=217632ms  DATA STALE
[health] touch-wd wedges=0 recovered=0/0 (soft=0 hard=0) wakes=0 probes=4698/0 maxOutage=0ms rebootRec=0
[health] frame avg=28.1ms p95=28.4ms max=29.8ms  n=1 ap=329  heap free=88940 largest=40948 free8=88940 tlsOk=1 rej=0  allocFail=0 hardFail=0  tls=180/135  interval=217632ms  DATA STALE
[health] touch-wd wedges=0 recovered=0/0 (soft=0 hard=0) wakes=0 probes=4701/0 maxOutage=0ms rebootRec=0
[GET] diag: Content-Length path, CL=17 read=17 timedOut=0 err=InvalidInput
[GET] JSON parse failed (429): InvalidInput
[WARN] OpenSky request failed: InvalidInput
[health] frame avg=28.0ms p95=28.2ms max=33.6ms  n=1 ap=329  heap free=91360 largest=46068 free8=91360 tlsOk=1 rej=0  allocFail=0 hardFail=0  tls=181/135  interval=217632ms  DATA STALE
[health] touch-wd wedges=0 recovered=0/0 (soft=0 hard=0) wakes=0 probes=4704/0 maxOutage=0ms rebootRec=0
[health] frame avg=28.0ms p95=28.1ms max=29.3ms  n=1 ap=329  heap free=91360 largest=46068 free8=91360 tlsOk=1 rej=0  allocFail=0 hardFail=0  tls=181/135  interval=217632ms  DATA STALE
[health] touch-wd wedges=0 recovered=0/0 (soft=0 hard=0) wakes=0 probes=4707/0 maxOutage=0ms rebootRec=0
[health] frame avg=28.0ms p95=28.2ms max=29.1ms  n=1 ap=329  heap free=91392 largest=46068 free8=91392 tlsOk=1 rej=0  allocFail=0 hardFail=0  tls=181/135  interval=217632ms  DATA STALE
[health] touch-wd wedges=0 recovered=0/0 (soft=0 hard=0) wakes=0 probes=4710/0 maxOutage=0ms rebootRec=0
[health] frame avg=28.0ms p95=28.1ms max=29.5ms  n=1 ap=329  heap free=88976 largest=44020 free8=88976 tlsOk=1 rej=0  allocFail=0 hardFail=0  tls=181/135  interval=217632ms  DATA STALE
[health] touch-wd wedges=0 recovered=0/0 (soft=0 hard=0) wakes=0 probes=4713/0 maxOutage=0ms rebootRec=0
[health] frame avg=28.0ms p95=28.1ms max=29.2ms  n=1 ap=329  heap free=88976 largest=44020 free8=88976 tlsOk=1 rej=0  allocFail=0 hardFail=0  tls=181/135  interval=217632ms  DATA STALE
[health] touch-wd wedges=0 recovered=0/0 (soft=0 hard=0) wakes=0 probes=4716/0 maxOutage=0ms rebootRec=0
[health] frame avg=28.1ms p95=28.2ms max=29.6ms  n=1 ap=329  heap free=88976 largest=44020 free8=88976 tlsOk=1 rej=0  allocFail=0 hardFail=0  tls=181/135  interval=217632ms  DATA STALE
[health] touch-wd wedges=0 recovered=0/0 (soft=0 hard=0) wakes=0 probes=4719/0 maxOutage=0ms rebootRec=0
[health] frame avg=28.0ms p95=28.1ms max=29.5ms  n=1 ap=329  heap free=88976 largest=44020 free8=88976 tlsOk=1 rej=0  allocFail=0 hardFail=0  tls=181/135  interval=217632ms  DATA STALE
[health] touch-wd wedges=0 recovered=0/0 (soft=0 hard=0) wakes=0 probes=4722/0 maxOutage=0ms rebootRec=0
[GET] diag: Content-Length path, CL=17 read=17 timedOut=0 err=InvalidInput
[GET] JSON parse failed (429): InvalidInput
[WARN] OpenSky request failed: InvalidInput
[health] frame avg=28.0ms p95=28.1ms max=33.4ms  n=1 ap=329  heap free=91372 largest=47092 free8=91372 tlsOk=1 rej=0  allocFail=0 hardFail=0  tls=182/135  interval=217632ms  DATA STALE
[health] touch-wd wedges=0 recovered=0/0 (soft=0 hard=0) wakes=0 probes=4725/0 maxOutage=0ms rebootRec=0
[health] frame avg=28.0ms p95=28.2ms max=29.0ms  n=1 ap=329  heap free=91372 largest=47092 free8=91372 tlsOk=1 rej=0  allocFail=0 hardFail=0  tls=182/135  interval=217632ms  DATA STALE
[health] touch-wd wedges=0 recovered=0/0 (soft=0 hard=0) wakes=0 probes=4728/0 maxOutage=0ms rebootRec=0
[health] frame avg=28.0ms p95=28.3ms max=29.5ms  n=1 ap=329  heap free=91372 largest=47092 free8=91372 tlsOk=1 rej=0  allocFail=0 hardFail=0  tls=182/135  interval=217632ms  DATA STALE
[health] touch-wd wedges=0 recovered=0/0 (soft=0 hard=0) wakes=0 probes=4731/0 maxOutage=0ms rebootRec=0
[health] frame avg=28.0ms p95=28.1ms max=29.5ms  n=1 ap=329  heap free=88956 largest=44020 free8=88956 tlsOk=1 rej=0  allocFail=0 hardFail=0  tls=182/135  interval=217632ms  DATA STALE
[health] touch-wd wedges=0 recovered=0/0 (soft=0 hard=0) wakes=0 probes=4734/0 maxOutage=0ms rebootRec=0
[health] frame avg=28.0ms p95=28.2ms max=29.5ms  n=1 ap=329  heap free=88956 largest=44020 free8=88956 tlsOk=1 rej=0  allocFail=0 hardFail=0  tls=182/135  interval=217632ms  DATA STALE
[health] touch-wd wedges=0 recovered=0/0 (soft=0 hard=0) wakes=0 probes=4737/0 maxOutage=0ms rebootRec=0
[health] frame avg=28.0ms p95=28.1ms max=29.6ms  n=1 ap=329  heap free=88956 largest=44020 free8=88956 tlsOk=1 rej=0  allocFail=0 hardFail=0  tls=182/135  interval=217632ms  DATA STALE
[health] touch-wd wedges=0 recovered=0/0 (soft=0 hard=0) wakes=0 probes=4740/0 maxOutage=0ms rebootRec=0
[health] frame avg=28.0ms p95=28.1ms max=29.4ms  n=1 ap=329  heap free=88956 largest=44020 free8=88956 tlsOk=1 rej=0  allocFail=0 hardFail=0  tls=182/135  interval=217632ms  DATA STALE
[health] touch-wd wedges=0 recovered=0/0 (soft=0 hard=0) wakes=0 probes=4743/0 maxOutage=0ms rebootRec=0
[health] frame avg=28.0ms p95=28.2ms max=29.5ms  n=1 ap=329  heap free=88956 largest=44020 free8=88956 tlsOk=1 rej=0  allocFail=0 hardFail=0  tls=182/135  interval=217632ms  DATA STALE
[health] touch-wd wedges=0 recovered=0/0 (soft=0 hard=0) wakes=0 probes=4746/0 maxOutage=0ms rebootRec=0
[GET] diag: Content-Length path, CL=17 read=17 timedOut=0 err=InvalidInput
[GET] JSON parse failed (429): InvalidInput
[WARN] OpenSky request failed: InvalidInput
[health] frame avg=28.0ms p95=28.1ms max=33.9ms  n=1 ap=329  heap free=91368 largest=45044 free8=91368 tlsOk=1 rej=0  allocFail=0 hardFail=0  tls=183/135  interval=217632ms  DATA STALE
[health] touch-wd wedges=0 recovered=0/0 (soft=0 hard=0) wakes=0 probes=4749/0 maxOutage=0ms rebootRec=0
[health] frame avg=28.0ms p95=28.1ms max=29.4ms  n=1 ap=329  heap free=91404 largest=45044 free8=91404 tlsOk=1 rej=0  allocFail=0 hardFail=0  tls=183/135  interval=217632ms  DATA STALE
[health] touch-wd wedges=0 recovered=0/0 (soft=0 hard=0) wakes=0 probes=4752/0 maxOutage=0ms rebootRec=0
[health] frame avg=28.0ms p95=28.2ms max=29.6ms  n=1 ap=329  heap free=88988 largest=42996 free8=88988 tlsOk=1 rej=0  allocFail=0 hardFail=0  tls=183/135  interval=217632ms  DATA STALE
[health] touch-wd wedges=0 recovered=0/0 (soft=0 hard=0) wakes=0 probes=4755/0 maxOutage=0ms rebootRec=0
[health] frame avg=28.0ms p95=28.1ms max=29.5ms  n=1 ap=329  heap free=88988 largest=42996 free8=88988 tlsOk=1 rej=0  allocFail=0 hardFail=0  tls=183/135  interval=217632ms  DATA STALE
[health] touch-wd wedges=0 recovered=0/0 (soft=0 hard=0) wakes=0 probes=4758/0 maxOutage=0ms rebootRec=0
[health] frame avg=28.1ms p95=28.2ms max=29.4ms  n=1 ap=329  heap free=88988 largest=42996 free8=88988 tlsOk=1 rej=0  allocFail=0 hardFail=0  tls=183/135  interval=217632ms  DATA STALE
[health] touch-wd wedges=0 recovered=0/0 (soft=0 hard=0) wakes=0 probes=4761/0 maxOutage=0ms rebootRec=0
[health] frame avg=28.0ms p95=28.1ms max=29.4ms  n=1 ap=329  heap free=88988 largest=42996 free8=88988 tlsOk=1 rej=0  allocFail=0 hardFail=0  tls=183/135  interval=217632ms  DATA STALE
[health] touch-wd wedges=0 recovered=0/0 (soft=0 hard=0) wakes=0 probes=4764/0 maxOutage=0ms rebootRec=0
[health] frame avg=28.0ms p95=28.1ms max=29.3ms  n=1 ap=329  heap free=88988 largest=42996 free8=88988 tlsOk=1 rej=0  allocFail=0 hardFail=0  tls=183/135  interval=217632ms  DATA STALE
[health] touch-wd wedges=0 recovered=0/0 (soft=0 hard=0) wakes=0 probes=4767/0 maxOutage=0ms rebootRec=0
[GET] diag: Content-Length path, CL=17 read=17 timedOut=0 err=InvalidInput
[GET] JSON parse failed (429): InvalidInput
[WARN] OpenSky request failed: InvalidInput
[health] frame avg=28.0ms p95=28.2ms max=33.6ms  n=1 ap=329  heap free=91368 largest=46068 free8=91368 tlsOk=1 rej=0  allocFail=0 hardFail=0  tls=184/135  interval=217632ms  DATA STALE
[health] touch-wd wedges=0 recovered=0/0 (soft=0 hard=0) wakes=0 probes=4770/0 maxOutage=0ms rebootRec=0
[health] frame avg=28.0ms p95=28.1ms max=29.3ms  n=1 ap=329  heap free=91400 largest=46068 free8=91400 tlsOk=1 rej=0  allocFail=0 hardFail=0  tls=184/135  interval=217632ms  DATA STALE
[health] touch-wd wedges=0 recovered=0/0 (soft=0 hard=0) wakes=0 probes=4773/0 maxOutage=0ms rebootRec=0
[health] frame avg=28.0ms p95=28.2ms max=29.5ms  n=1 ap=329  heap free=88984 largest=42996 free8=88984 tlsOk=1 rej=0  allocFail=0 hardFail=0  tls=184/135  interval=217632ms  DATA STALE
[health] touch-wd wedges=0 recovered=0/0 (soft=0 hard=0) wakes=0 probes=4776/0 maxOutage=0ms rebootRec=0
[health] frame avg=28.0ms p95=28.2ms max=29.3ms  n=1 ap=329  heap free=88984 largest=42996 free8=88984 tlsOk=1 rej=0  allocFail=0 hardFail=0  tls=184/135  interval=217632ms  DATA STALE
[health] touch-wd wedges=0 recovered=0/0 (soft=0 hard=0) wakes=0 probes=4779/0 maxOutage=0ms rebootRec=0
[health] frame avg=28.0ms p95=28.2ms max=29.7ms  n=1 ap=329  heap free=88984 largest=42996 free8=88984 tlsOk=1 rej=0  allocFail=0 hardFail=0  tls=184/135  interval=217632ms  DATA STALE
[health] touch-wd wedges=0 recovered=0/0 (soft=0 hard=0) wakes=0 probes=4782/0 maxOutage=0ms rebootRec=0
[health] frame avg=28.0ms p95=28.1ms max=29.2ms  n=1 ap=329  heap free=88984 largest=42996 free8=88984 tlsOk=1 rej=0  allocFail=0 hardFail=0  tls=184/135  interval=217632ms  DATA STALE
[health] touch-wd wedges=0 recovered=0/0 (soft=0 hard=0) wakes=0 probes=4785/0 maxOutage=0ms rebootRec=0
[health] frame avg=28.0ms p95=28.1ms max=29.5ms  n=1 ap=329  heap free=88984 largest=42996 free8=88984 tlsOk=1 rej=0  allocFail=0 hardFail=0  tls=184/135  interval=217632ms  DATA STALE
[health] touch-wd wedges=0 recovered=0/0 (soft=0 hard=0) wakes=0 probes=4788/0 maxOutage=0ms rebootRec=0
[GET] diag: Content-Length path, CL=17 read=17 timedOut=0 err=InvalidInput
[GET] JSON parse failed (429): InvalidInput
[WARN] OpenSky request failed: InvalidInput
[health] frame avg=28.1ms p95=28.3ms max=33.9ms  n=1 ap=329  heap free=91332 largest=44020 free8=91332 tlsOk=1 rej=0  allocFail=0 hardFail=0  tls=185/135  interval=217632ms  DATA STALE
[health] touch-wd wedges=0 recovered=0/0 (soft=0 hard=0) wakes=0 probes=4791/0 maxOutage=0ms rebootRec=0
[health] frame avg=28.0ms p95=28.2ms max=29.5ms  n=1 ap=329  heap free=91332 largest=44020 free8=91332 tlsOk=1 rej=0  allocFail=0 hardFail=0  tls=185/135  interval=217632ms  DATA STALE
[health] touch-wd wedges=0 recovered=0/0 (soft=0 hard=0) wakes=0 probes=4794/0 maxOutage=0ms rebootRec=0
[health] frame avg=28.0ms p95=28.1ms max=29.2ms  n=1 ap=329  heap free=91332 largest=44020 free8=91332 tlsOk=1 rej=0  allocFail=0 hardFail=0  tls=185/135  interval=217632ms  DATA STALE
[health] touch-wd wedges=0 recovered=0/0 (soft=0 hard=0) wakes=0 probes=4797/0 maxOutage=0ms rebootRec=0
[health] frame avg=28.0ms p95=28.1ms max=29.6ms  n=1 ap=329  heap free=88916 largest=44020 free8=88916 tlsOk=1 rej=0  allocFail=0 hardFail=0  tls=185/135  interval=217632ms  DATA STALE
[health] touch-wd wedges=0 recovered=0/0 (soft=0 hard=0) wakes=0 probes=4800/0 maxOutage=0ms rebootRec=0
[health] frame avg=28.0ms p95=28.2ms max=29.7ms  n=1 ap=329  heap free=88948 largest=44020 free8=88948 tlsOk=1 rej=0  allocFail=0 hardFail=0  tls=185/135  interval=217632ms  DATA STALE
[health] touch-wd wedges=0 recovered=0/0 (soft=0 hard=0) wakes=0 probes=4803/0 maxOutage=0ms rebootRec=0
[health] frame avg=28.0ms p95=28.1ms max=29.3ms  n=1 ap=329  heap free=88948 largest=44020 free8=88948 tlsOk=1 rej=0  allocFail=0 hardFail=0  tls=185/135  interval=217632ms  DATA STALE
[health] touch-wd wedges=0 recovered=0/0 (soft=0 hard=0) wakes=0 probes=4806/0 maxOutage=0ms rebootRec=0
[health] frame avg=28.0ms p95=28.1ms max=29.2ms  n=1 ap=329  heap free=88948 largest=44020 free8=88948 tlsOk=1 rej=0  allocFail=0 hardFail=0  tls=185/135  interval=217632ms  DATA STALE
[health] touch-wd wedges=0 recovered=0/0 (soft=0 hard=0) wakes=0 probes=4809/0 maxOutage=0ms rebootRec=0
[GET] diag: Content-Length path, CL=17 read=17 timedOut=0 err=InvalidInput
[GET] JSON parse failed (429): InvalidInput
[WARN] OpenSky request failed: InvalidInput
[health] frame avg=28.0ms p95=28.2ms max=33.7ms  n=1 ap=329  heap free=91368 largest=46068 free8=91368 tlsOk=1 rej=0  allocFail=0 hardFail=0  tls=186/135  interval=217632ms  DATA STALE
[health] touch-wd wedges=0 recovered=0/0 (soft=0 hard=0) wakes=0 probes=4812/0 maxOutage=0ms rebootRec=0
[health] frame avg=28.1ms p95=28.2ms max=29.0ms  n=1 ap=329  heap free=91368 largest=46068 free8=91368 tlsOk=1 rej=0  allocFail=0 hardFail=0  tls=186/135  interval=217632ms  DATA STALE
[health] touch-wd wedges=0 recovered=0/0 (soft=0 hard=0) wakes=0 probes=4815/0 maxOutage=0ms rebootRec=0
[health] frame avg=28.0ms p95=28.1ms max=29.4ms  n=1 ap=329  heap free=91368 largest=46068 free8=91368 tlsOk=1 rej=0  allocFail=0 hardFail=0  tls=186/135  interval=217632ms  DATA STALE
[health] touch-wd wedges=0 recovered=0/0 (soft=0 hard=0) wakes=0 probes=4818/0 maxOutage=0ms rebootRec=0
[health] frame avg=28.1ms p95=28.3ms max=30.4ms  n=1 ap=329  heap free=88952 largest=44020 free8=88952 tlsOk=1 rej=0  allocFail=0 hardFail=0  tls=186/135  interval=217632ms  DATA STALE
[health] touch-wd wedges=0 recovered=0/0 (soft=0 hard=0) wakes=0 probes=4821/0 maxOutage=0ms rebootRec=0
[health] frame avg=28.0ms p95=28.1ms max=30.1ms  n=1 ap=329  heap free=88952 largest=44020 free8=88952 tlsOk=1 rej=0  allocFail=0 hardFail=0  tls=186/135  interval=217632ms  DATA STALE
[health] touch-wd wedges=0 recovered=0/0 (soft=0 hard=0) wakes=0 probes=4824/0 maxOutage=0ms rebootRec=0
[health] frame avg=28.0ms p95=28.2ms max=29.3ms  n=1 ap=329  heap free=88952 largest=44020 free8=88952 tlsOk=1 rej=0  allocFail=0 hardFail=0  tls=186/135  interval=217632ms  DATA STALE
[health] touch-wd wedges=0 recovered=0/0 (soft=0 hard=0) wakes=0 probes=4827/0 maxOutage=0ms rebootRec=0
[health] frame avg=28.1ms p95=28.2ms max=29.3ms  n=1 ap=329  heap free=88952 largest=44020 free8=88952 tlsOk=1 rej=0  allocFail=0 hardFail=0  tls=186/135  interval=217632ms  DATA STALE
[health] touch-wd wedges=0 recovered=0/0 (soft=0 hard=0) wakes=0 probes=4830/0 maxOutage=0ms rebootRec=0
[health] frame avg=28.1ms p95=28.2ms max=29.6ms  n=1 ap=329  heap free=88952 largest=44020 free8=88952 tlsOk=1 rej=0  allocFail=0 hardFail=0  tls=186/135  interval=217632ms  DATA STALE
[health] touch-wd wedges=0 recovered=0/0 (soft=0 hard=0) wakes=0 probes=4833/0 maxOutage=0ms rebootRec=0
[GET] diag: Content-Length path, CL=17 read=17 timedOut=0 err=InvalidInput
[GET] JSON parse failed (429): InvalidInput
[WARN] OpenSky request failed: InvalidInput
[health] frame avg=28.0ms p95=28.1ms max=34.0ms  n=1 ap=329  heap free=91392 largest=45044 free8=91392 tlsOk=1 rej=0  allocFail=0 hardFail=0  tls=187/135  interval=217632ms  DATA STALE
[health] touch-wd wedges=0 recovered=0/0 (soft=0 hard=0) wakes=0 probes=4836/0 maxOutage=0ms rebootRec=0
[health] frame avg=28.0ms p95=28.1ms max=29.3ms  n=1 ap=329  heap free=91392 largest=45044 free8=91392 tlsOk=1 rej=0  allocFail=0 hardFail=0  tls=187/135  interval=217632ms  DATA STALE
[health] touch-wd wedges=0 recovered=0/0 (soft=0 hard=0) wakes=0 probes=4839/0 maxOutage=0ms rebootRec=0
[health] frame avg=28.0ms p95=28.1ms max=29.5ms  n=1 ap=329  heap free=88976 largest=44020 free8=88976 tlsOk=1 rej=0  allocFail=0 hardFail=0  tls=187/135  interval=217632ms  DATA STALE
[health] touch-wd wedges=0 recovered=0/0 (soft=0 hard=0) wakes=0 probes=4842/0 maxOutage=0ms rebootRec=0
[health] frame avg=28.0ms p95=28.1ms max=29.0ms  n=1 ap=329  heap free=88976 largest=44020 free8=88976 tlsOk=1 rej=0  allocFail=0 hardFail=0  tls=187/135  interval=217632ms  DATA STALE
[health] touch-wd wedges=0 recovered=0/0 (soft=0 hard=0) wakes=0 probes=4845/0 maxOutage=0ms rebootRec=0
[health] frame avg=28.0ms p95=28.1ms max=29.7ms  n=1 ap=329  heap free=88976 largest=44020 free8=88976 tlsOk=1 rej=0  allocFail=0 hardFail=0  tls=187/135  interval=217632ms  DATA STALE
[health] touch-wd wedges=0 recovered=0/0 (soft=0 hard=0) wakes=0 probes=4848/0 maxOutage=0ms rebootRec=0
[health] frame avg=28.1ms p95=28.2ms max=30.0ms  n=1 ap=329  heap free=88976 largest=44020 free8=88976 tlsOk=1 rej=0  allocFail=0 hardFail=0  tls=187/135  interval=217632ms  DATA STALE
[health] touch-wd wedges=0 recovered=0/0 (soft=0 hard=0) wakes=0 probes=4851/0 maxOutage=0ms rebootRec=0
[health] frame avg=28.0ms p95=28.1ms max=29.5ms  n=1 ap=329  heap free=88976 largest=44020 free8=88976 tlsOk=1 rej=0  allocFail=0 hardFail=0  tls=187/135  interval=217632ms  DATA STALE
[health] touch-wd wedges=0 recovered=0/0 (soft=0 hard=0) wakes=0 probes=4854/0 maxOutage=0ms rebootRec=0
[GET] diag: Content-Length path, CL=17 read=17 timedOut=0 err=InvalidInput
[GET] JSON parse failed (429): InvalidInput
[WARN] OpenSky request failed: InvalidInput
[health] frame avg=28.0ms p95=28.1ms max=33.1ms  n=1 ap=329  heap free=91408 largest=44020 free8=91408 tlsOk=1 rej=0  allocFail=0 hardFail=0  tls=188/135  interval=217632ms  DATA STALE
[health] touch-wd wedges=0 recovered=0/0 (soft=0 hard=0) wakes=0 probes=4857/0 maxOutage=0ms rebootRec=0
[health] frame avg=28.0ms p95=28.2ms max=29.4ms  n=1 ap=329  heap free=91408 largest=44020 free8=91408 tlsOk=1 rej=0  allocFail=0 hardFail=0  tls=188/135  interval=217632ms  DATA STALE
[health] touch-wd wedges=0 recovered=0/0 (soft=0 hard=0) wakes=0 probes=4860/0 maxOutage=0ms rebootRec=0
[health] frame avg=28.0ms p95=28.2ms max=30.5ms  n=1 ap=329  heap free=88992 largest=44020 free8=88992 tlsOk=1 rej=0  allocFail=0 hardFail=0  tls=188/135  interval=217632ms  DATA STALE
[health] touch-wd wedges=0 recovered=0/0 (soft=0 hard=0) wakes=0 probes=4863/0 maxOutage=0ms rebootRec=0
[health] frame avg=28.0ms p95=28.2ms max=29.5ms  n=1 ap=329  heap free=88992 largest=44020 free8=88992 tlsOk=1 rej=0  allocFail=0 hardFail=0  tls=188/135  interval=217632ms  DATA STALE
[health] touch-wd wedges=0 recovered=0/0 (soft=0 hard=0) wakes=0 probes=4866/0 maxOutage=0ms rebootRec=0
[health] frame avg=28.0ms p95=28.2ms max=29.3ms  n=1 ap=329  heap free=88992 largest=44020 free8=88992 tlsOk=1 rej=0  allocFail=0 hardFail=0  tls=188/135  interval=217632ms  DATA STALE
[health] touch-wd wedges=0 recovered=0/0 (soft=0 hard=0) wakes=0 probes=4869/0 maxOutage=0ms rebootRec=0
[health] frame avg=28.0ms p95=28.2ms max=29.2ms  n=1 ap=329  heap free=88992 largest=44020 free8=88992 tlsOk=1 rej=0  allocFail=0 hardFail=0  tls=188/135  interval=217632ms  DATA STALE
[health] touch-wd wedges=0 recovered=0/0 (soft=0 hard=0) wakes=0 probes=4872/0 maxOutage=0ms rebootRec=0
[health] frame avg=28.0ms p95=28.1ms max=29.7ms  n=1 ap=329  heap free=88992 largest=44020 free8=88992 tlsOk=1 rej=0  allocFail=0 hardFail=0  tls=188/135  interval=217632ms  DATA STALE
[health] touch-wd wedges=0 recovered=0/0 (soft=0 hard=0) wakes=0 probes=4875/0 maxOutage=0ms rebootRec=0
[GET] diag: Content-Length path, CL=17 read=17 timedOut=0 err=InvalidInput
[GET] JSON parse failed (429): InvalidInput
[WARN] OpenSky request failed: InvalidInput
[health] frame avg=28.0ms p95=28.1ms max=33.5ms  n=1 ap=329  heap free=91368 largest=48116 free8=91368 tlsOk=1 rej=0  allocFail=0 hardFail=0  tls=189/135  interval=217632ms  DATA STALE
[health] touch-wd wedges=0 recovered=0/0 (soft=0 hard=0) wakes=0 probes=4878/0 maxOutage=0ms rebootRec=0
[health] frame avg=28.1ms p95=28.3ms max=30.2ms  n=1 ap=329  heap free=91368 largest=48116 free8=91368 tlsOk=1 rej=0  allocFail=0 hardFail=0  tls=189/135  interval=217632ms  DATA STALE
[health] touch-wd wedges=0 recovered=0/0 (soft=0 hard=0) wakes=0 probes=4881/0 maxOutage=0ms rebootRec=0
[health] frame avg=28.0ms p95=28.2ms max=29.2ms  n=1 ap=329  heap free=91368 largest=48116 free8=91368 tlsOk=1 rej=0  allocFail=0 hardFail=0  tls=189/135  interval=217632ms  DATA STALE
[health] touch-wd wedges=0 recovered=0/0 (soft=0 hard=0) wakes=0 probes=4884/0 maxOutage=0ms rebootRec=0
[health] frame avg=28.0ms p95=28.1ms max=29.5ms  n=1 ap=329  heap free=88952 largest=45044 free8=88952 tlsOk=1 rej=0  allocFail=0 hardFail=0  tls=189/135  interval=217632ms  DATA STALE
[health] touch-wd wedges=0 recovered=0/0 (soft=0 hard=0) wakes=0 probes=4887/0 maxOutage=0ms rebootRec=0
[health] frame avg=28.0ms p95=28.2ms max=29.4ms  n=1 ap=329  heap free=88952 largest=45044 free8=88952 tlsOk=1 rej=0  allocFail=0 hardFail=0  tls=189/135  interval=217632ms  DATA STALE
[health] touch-wd wedges=0 recovered=0/0 (soft=0 hard=0) wakes=0 probes=4890/0 maxOutage=0ms rebootRec=0
[health] frame avg=28.0ms p95=28.1ms max=29.2ms  n=1 ap=329  heap free=88952 largest=45044 free8=88952 tlsOk=1 rej=0  allocFail=0 hardFail=0  tls=189/135  interval=217632ms  DATA STALE
[health] touch-wd wedges=0 recovered=0/0 (soft=0 hard=0) wakes=0 probes=4893/0 maxOutage=0ms rebootRec=0
[health] frame avg=28.0ms p95=28.1ms max=29.3ms  n=1 ap=329  heap free=88984 largest=45044 free8=88984 tlsOk=1 rej=0  allocFail=0 hardFail=0  tls=189/135  interval=217632ms  DATA STALE
[health] touch-wd wedges=0 recovered=0/0 (soft=0 hard=0) wakes=0 probes=4896/0 maxOutage=0ms rebootRec=0
[GET] diag: Content-Length path, CL=17 read=17 timedOut=0 err=InvalidInput
[GET] JSON parse failed (429): InvalidInput
[WARN] OpenSky request failed: InvalidInput
[health] frame avg=28.0ms p95=28.2ms max=33.6ms  n=1 ap=329  heap free=91376 largest=44020 free8=91376 tlsOk=1 rej=0  allocFail=0 hardFail=0  tls=190/135  interval=217632ms  DATA STALE
[health] touch-wd wedges=0 recovered=0/0 (soft=0 hard=0) wakes=0 probes=4899/0 maxOutage=0ms rebootRec=0
[health] frame avg=28.0ms p95=28.2ms max=29.6ms  n=1 ap=329  heap free=91376 largest=44020 free8=91376 tlsOk=1 rej=0  allocFail=0 hardFail=0  tls=190/135  interval=217632ms  DATA STALE
[health] touch-wd wedges=0 recovered=0/0 (soft=0 hard=0) wakes=0 probes=4902/0 maxOutage=0ms rebootRec=0
[health] frame avg=28.0ms p95=28.2ms max=29.5ms  n=1 ap=329  heap free=91376 largest=44020 free8=91376 tlsOk=1 rej=0  allocFail=0 hardFail=0  tls=190/135  interval=217632ms  DATA STALE
[health] touch-wd wedges=0 recovered=0/0 (soft=0 hard=0) wakes=0 probes=4905/0 maxOutage=0ms rebootRec=0
[health] frame avg=28.0ms p95=28.2ms max=29.3ms  n=1 ap=329  heap free=88960 largest=44020 free8=88960 tlsOk=1 rej=0  allocFail=0 hardFail=0  tls=190/135  interval=217632ms  DATA STALE
[health] touch-wd wedges=0 recovered=0/0 (soft=0 hard=0) wakes=0 probes=4908/0 maxOutage=0ms rebootRec=0
[health] frame avg=28.1ms p95=28.2ms max=30.2ms  n=1 ap=329  heap free=88960 largest=44020 free8=88960 tlsOk=1 rej=0  allocFail=0 hardFail=0  tls=190/135  interval=217632ms  DATA STALE
[health] touch-wd wedges=0 recovered=0/0 (soft=0 hard=0) wakes=0 probes=4911/0 maxOutage=0ms rebootRec=0
[health] frame avg=28.0ms p95=28.1ms max=29.5ms  n=1 ap=329  heap free=88992 largest=44020 free8=88992 tlsOk=1 rej=0  allocFail=0 hardFail=0  tls=190/135  interval=217632ms  DATA STALE
[health] touch-wd wedges=0 recovered=0/0 (soft=0 hard=0) wakes=0 probes=4914/0 maxOutage=0ms rebootRec=0
[health] frame avg=28.1ms p95=28.2ms max=29.1ms  n=1 ap=329  heap free=88992 largest=44020 free8=88992 tlsOk=1 rej=0  allocFail=0 hardFail=0  tls=190/135  interval=217632ms  DATA STALE
[health] touch-wd wedges=0 recovered=0/0 (soft=0 hard=0) wakes=0 probes=4917/0 maxOutage=0ms rebootRec=0
[health] frame avg=28.1ms p95=28.3ms max=29.2ms  n=1 ap=329  heap free=88992 largest=44020 free8=88992 tlsOk=1 rej=0  allocFail=0 hardFail=0  tls=190/135  interval=217632ms  DATA STALE
[health] touch-wd wedges=0 recovered=0/0 (soft=0 hard=0) wakes=0 probes=4920/0 maxOutage=0ms rebootRec=0
[GET] diag: Content-Length path, CL=17 read=17 timedOut=0 err=InvalidInput
[GET] JSON parse failed (429): InvalidInput
[WARN] OpenSky request failed: InvalidInput
[health] frame avg=28.0ms p95=28.1ms max=33.3ms  n=1 ap=329  heap free=91372 largest=40948 free8=91372 tlsOk=1 rej=0  allocFail=0 hardFail=0  tls=191/135  interval=217632ms  DATA STALE
[health] touch-wd wedges=0 recovered=0/0 (soft=0 hard=0) wakes=0 probes=4923/0 maxOutage=0ms rebootRec=0
[health] frame avg=28.0ms p95=28.2ms max=29.4ms  n=1 ap=329  heap free=91408 largest=40948 free8=91408 tlsOk=1 rej=0  allocFail=0 hardFail=0  tls=191/135  interval=217632ms  DATA STALE
[health] touch-wd wedges=0 recovered=0/0 (soft=0 hard=0) wakes=0 probes=4926/0 maxOutage=0ms rebootRec=0
[health] frame avg=28.0ms p95=28.2ms max=29.3ms  n=1 ap=329  heap free=88992 largest=40948 free8=88992 tlsOk=1 rej=0  allocFail=0 hardFail=0  tls=191/135  interval=217632ms  DATA STALE
[health] touch-wd wedges=0 recovered=0/0 (soft=0 hard=0) wakes=0 probes=4929/0 maxOutage=0ms rebootRec=0
[health] frame avg=28.1ms p95=28.3ms max=29.6ms  n=1 ap=329  heap free=88992 largest=40948 free8=88992 tlsOk=1 rej=0  allocFail=0 hardFail=0  tls=191/135  interval=217632ms  DATA STALE
[health] touch-wd wedges=0 recovered=0/0 (soft=0 hard=0) wakes=0 probes=4932/0 maxOutage=0ms rebootRec=0
[health] frame avg=28.0ms p95=28.2ms max=29.2ms  n=1 ap=329  heap free=88992 largest=40948 free8=88992 tlsOk=1 rej=0  allocFail=0 hardFail=0  tls=191/135  interval=217632ms  DATA STALE
[health] touch-wd wedges=0 recovered=0/0 (soft=0 hard=0) wakes=0 probes=4935/0 maxOutage=0ms rebootRec=0
[health] frame avg=28.0ms p95=28.1ms max=29.1ms  n=1 ap=329  heap free=88992 largest=40948 free8=88992 tlsOk=1 rej=0  allocFail=0 hardFail=0  tls=191/135  interval=217632ms  DATA STALE
[health] touch-wd wedges=0 recovered=0/0 (soft=0 hard=0) wakes=0 probes=4938/0 maxOutage=0ms rebootRec=0
[health] frame avg=28.0ms p95=28.2ms max=29.4ms  n=1 ap=329  heap free=88992 largest=40948 free8=88992 tlsOk=1 rej=0  allocFail=0 hardFail=0  tls=191/135  interval=217632ms  DATA STALE
[health] touch-wd wedges=0 recovered=0/0 (soft=0 hard=0) wakes=0 probes=4941/0 maxOutage=0ms rebootRec=0
[GET] diag: Content-Length path, CL=17 read=17 timedOut=0 err=InvalidInput
[GET] JSON parse failed (429): InvalidInput
[WARN] OpenSky request failed: InvalidInput
[health] frame avg=28.0ms p95=28.2ms max=33.3ms  n=1 ap=329  heap free=91380 largest=42996 free8=91380 tlsOk=1 rej=0  allocFail=0 hardFail=0  tls=192/135  interval=217632ms  DATA STALE
[health] touch-wd wedges=0 recovered=0/0 (soft=0 hard=0) wakes=0 probes=4944/0 maxOutage=0ms rebootRec=0
[health] frame avg=28.0ms p95=28.2ms max=29.8ms  n=1 ap=329  heap free=91380 largest=42996 free8=91380 tlsOk=1 rej=0  allocFail=0 hardFail=0  tls=192/135  interval=217632ms  DATA STALE
[health] touch-wd wedges=0 recovered=0/0 (soft=0 hard=0) wakes=0 probes=4947/0 maxOutage=0ms rebootRec=0
[health] frame avg=28.1ms p95=28.2ms max=30.0ms  n=1 ap=329  heap free=88964 largest=42996 free8=88964 tlsOk=1 rej=0  allocFail=0 hardFail=0  tls=192/135  interval=217632ms  DATA STALE
[health] touch-wd wedges=0 recovered=0/0 (soft=0 hard=0) wakes=0 probes=4950/0 maxOutage=0ms rebootRec=0
[health] frame avg=28.1ms p95=28.2ms max=29.5ms  n=1 ap=329  heap free=88964 largest=42996 free8=88964 tlsOk=1 rej=0  allocFail=0 hardFail=0  tls=192/135  interval=217632ms  DATA STALE
[health] touch-wd wedges=0 recovered=0/0 (soft=0 hard=0) wakes=0 probes=4953/0 maxOutage=0ms rebootRec=0
[health] frame avg=28.0ms p95=28.2ms max=29.3ms  n=1 ap=329  heap free=88964 largest=42996 free8=88964 tlsOk=1 rej=0  allocFail=0 hardFail=0  tls=192/135  interval=217632ms  DATA STALE
[health] touch-wd wedges=0 recovered=0/0 (soft=0 hard=0) wakes=0 probes=4956/0 maxOutage=0ms rebootRec=0
[health] frame avg=28.0ms p95=28.1ms max=29.5ms  n=1 ap=329  heap free=88996 largest=42996 free8=88996 tlsOk=1 rej=0  allocFail=0 hardFail=0  tls=192/135  interval=217632ms  DATA STALE
[health] touch-wd wedges=0 recovered=0/0 (soft=0 hard=0) wakes=0 probes=4959/0 maxOutage=0ms rebootRec=0
[health] frame avg=28.0ms p95=28.2ms max=29.4ms  n=1 ap=329  heap free=88996 largest=42996 free8=88996 tlsOk=1 rej=0  allocFail=0 hardFail=0  tls=192/135  interval=217632ms  DATA STALE
[health] touch-wd wedges=0 recovered=0/0 (soft=0 hard=0) wakes=0 probes=4962/0 maxOutage=0ms rebootRec=0
[GET] diag: Content-Length path, CL=17 read=17 timedOut=0 err=InvalidInput
[GET] JSON parse failed (429): InvalidInput
[WARN] OpenSky request failed: InvalidInput
[health] frame avg=28.0ms p95=28.1ms max=33.7ms  n=1 ap=329  heap free=91356 largest=44020 free8=91356 tlsOk=1 rej=0  allocFail=0 hardFail=0  tls=193/135  interval=217632ms  DATA STALE
[health] touch-wd wedges=0 recovered=0/0 (soft=0 hard=0) wakes=0 probes=4965/0 maxOutage=0ms rebootRec=0
[health] frame avg=28.0ms p95=28.1ms max=29.4ms  n=1 ap=329  heap free=91356 largest=44020 free8=91356 tlsOk=1 rej=0  allocFail=0 hardFail=0  tls=193/135  interval=217632ms  DATA STALE
[health] touch-wd wedges=0 recovered=0/0 (soft=0 hard=0) wakes=0 probes=4968/0 maxOutage=0ms rebootRec=0
[health] frame avg=28.0ms p95=28.2ms max=29.4ms  n=1 ap=329  heap free=91356 largest=44020 free8=91356 tlsOk=1 rej=0  allocFail=0 hardFail=0  tls=193/135  interval=217632ms  DATA STALE
[health] touch-wd wedges=0 recovered=0/0 (soft=0 hard=0) wakes=0 probes=4971/0 maxOutage=0ms rebootRec=0
[health] frame avg=28.0ms p95=28.1ms max=29.0ms  n=1 ap=329  heap free=88940 largest=44020 free8=88940 tlsOk=1 rej=0  allocFail=0 hardFail=0  tls=193/135  interval=217632ms  DATA STALE
[health] touch-wd wedges=0 recovered=0/0 (soft=0 hard=0) wakes=0 probes=4974/0 maxOutage=0ms rebootRec=0
[health] frame avg=28.0ms p95=28.1ms max=29.5ms  n=1 ap=329  heap free=88940 largest=44020 free8=88940 tlsOk=1 rej=0  allocFail=0 hardFail=0  tls=193/135  interval=217632ms  DATA STALE
[health] touch-wd wedges=0 recovered=0/0 (soft=0 hard=0) wakes=0 probes=4977/0 maxOutage=0ms rebootRec=0
[health] frame avg=28.0ms p95=28.1ms max=29.5ms  n=1 ap=329  heap free=88940 largest=44020 free8=88940 tlsOk=1 rej=0  allocFail=0 hardFail=0  tls=193/135  interval=217632ms  DATA STALE
[health] touch-wd wedges=0 recovered=0/0 (soft=0 hard=0) wakes=0 probes=4980/0 maxOutage=0ms rebootRec=0
[health] frame avg=28.0ms p95=28.1ms max=29.5ms  n=1 ap=329  heap free=88940 largest=44020 free8=88940 tlsOk=1 rej=0  allocFail=0 hardFail=0  tls=193/135  interval=217632ms  DATA STALE
[health] touch-wd wedges=0 recovered=0/0 (soft=0 hard=0) wakes=0 probes=4983/0 maxOutage=0ms rebootRec=0
[GET] diag: Content-Length path, CL=17 read=17 timedOut=0 err=InvalidInput
[GET] JSON parse failed (429): InvalidInput
[WARN] OpenSky request failed: InvalidInput
[health] frame avg=28.0ms p95=28.1ms max=33.5ms  n=1 ap=329  heap free=91384 largest=41972 free8=91384 tlsOk=1 rej=0  allocFail=0 hardFail=0  tls=194/135  interval=217632ms  DATA STALE
[health] touch-wd wedges=0 recovered=0/0 (soft=0 hard=0) wakes=0 probes=4986/0 maxOutage=0ms rebootRec=0
[health] frame avg=28.0ms p95=28.1ms max=29.2ms  n=1 ap=329  heap free=91384 largest=41972 free8=91384 tlsOk=1 rej=0  allocFail=0 hardFail=0  tls=194/135  interval=217632ms  DATA STALE
[health] touch-wd wedges=0 recovered=0/0 (soft=0 hard=0) wakes=0 probes=4989/0 maxOutage=0ms rebootRec=0
[health] frame avg=28.0ms p95=28.1ms max=29.6ms  n=1 ap=329  heap free=91384 largest=41972 free8=91384 tlsOk=1 rej=0  allocFail=0 hardFail=0  tls=194/135  interval=217632ms  DATA STALE
[health] touch-wd wedges=0 recovered=0/0 (soft=0 hard=0) wakes=0 probes=4992/0 maxOutage=0ms rebootRec=0
[health] frame avg=28.1ms p95=28.2ms max=29.8ms  n=1 ap=329  heap free=89004 largest=41972 free8=89004 tlsOk=1 rej=0  allocFail=0 hardFail=0  tls=194/135  interval=217632ms  DATA STALE
[health] touch-wd wedges=0 recovered=0/0 (soft=0 hard=0) wakes=0 probes=4995/0 maxOutage=0ms rebootRec=0
[health] frame avg=28.0ms p95=28.1ms max=28.9ms  n=1 ap=329  heap free=89004 largest=41972 free8=89004 tlsOk=1 rej=0  allocFail=0 hardFail=0  tls=194/135  interval=217632ms  DATA STALE
[health] touch-wd wedges=0 recovered=0/0 (soft=0 hard=0) wakes=0 probes=4998/0 maxOutage=0ms rebootRec=0
[health] frame avg=28.0ms p95=28.2ms max=29.4ms  n=1 ap=329  heap free=89004 largest=41972 free8=89004 tlsOk=1 rej=0  allocFail=0 hardFail=0  tls=194/135  interval=217632ms  DATA STALE
[health] touch-wd wedges=0 recovered=0/0 (soft=0 hard=0) wakes=0 probes=5001/0 maxOutage=0ms rebootRec=0
[health] frame avg=28.0ms p95=28.2ms max=29.3ms  n=1 ap=329  heap free=89004 largest=41972 free8=89004 tlsOk=1 rej=0  allocFail=0 hardFail=0  tls=194/135  interval=217632ms  DATA STALE
[health] touch-wd wedges=0 recovered=0/0 (soft=0 hard=0) wakes=0 probes=5004/0 maxOutage=0ms rebootRec=0
[GET] Handling request to config web server...
[GET] heap free=86292 largest-block=39924
[49826637][E][Preferences.cpp:506] getString(): nvs_get_str len fail: local-details NOT_FOUND
[GET] Handling request to config web server...
[GET] heap free=86036 largest-block=39924
[49834192][E][Preferences.cpp:506] getString(): nvs_get_str len fail: local-details NOT_FOUND
[health] frame avg=28.0ms p95=28.1ms max=106.3ms  n=1 ap=329  heap free=88492 largest=41972 free8=88492 tlsOk=1 rej=0  allocFail=0 hardFail=0  tls=194/135  interval=217632ms  DATA STALE
[health] touch-wd wedges=0 recovered=0/0 (soft=0 hard=0) wakes=0 probes=5007/0 maxOutage=0ms rebootRec=0
[GET] diag: Content-Length path, CL=17 read=17 timedOut=0 err=InvalidInput
[GET] JSON parse failed (429): InvalidInput
[WARN] OpenSky request failed: InvalidInput
[health] frame avg=28.0ms p95=28.1ms max=33.2ms  n=1 ap=329  heap free=90852 largest=44020 free8=90852 tlsOk=1 rej=0  allocFail=0 hardFail=0  tls=195/135  interval=217632ms  DATA STALE
[health] touch-wd wedges=0 recovered=0/0 (soft=0 hard=0) wakes=0 probes=5010/0 maxOutage=0ms rebootRec=0
[GET] Handling request to config web server...
[GET] heap free=86816 largest-block=40948
[49893754][E][Preferences.cpp:506] getString(): nvs_get_str len fail: local-details NOT_FOUND
[health] frame avg=28.0ms p95=28.1ms max=108.5ms  n=1 ap=329  heap free=90332 largest=44020 free8=90332 tlsOk=1 rej=0  allocFail=0 hardFail=0  tls=195/135  interval=217632ms  DATA STALE
[health] touch-wd wedges=0 recovered=0/0 (soft=0 hard=0) wakes=0 probes=5013/0 maxOutage=0ms rebootRec=0
[health] frame avg=28.0ms p95=28.1ms max=30.0ms  n=1 ap=329  heap free=87916 largest=41972 free8=87916 tlsOk=1 rej=0  allocFail=0 hardFail=0  tls=195/135  interval=217632ms  DATA STALE
[health] touch-wd wedges=0 recovered=0/0 (soft=0 hard=0) wakes=0 probes=5016/0 maxOutage=0ms rebootRec=0
[health] frame avg=28.0ms p95=28.1ms max=29.2ms  n=1 ap=329  heap free=88428 largest=41972 free8=88428 tlsOk=1 rej=0  allocFail=0 hardFail=0  tls=195/135  interval=217632ms  DATA STALE
[health] touch-wd wedges=0 recovered=0/0 (soft=0 hard=0) wakes=0 probes=5019/0 maxOutage=0ms rebootRec=0
[GET] Handling request to config web server...
[GET] heap free=84032 largest-block=36852
[49992175][E][Preferences.cpp:506] getString(): nvs_get_str len fail: local-details NOT_FOUND
[health] frame avg=28.0ms p95=28.1ms max=109.2ms  n=1 ap=329  heap free=87916 largest=41972 free8=87916 tlsOk=1 rej=0  allocFail=0 hardFail=0  tls=195/135  interval=217632ms  DATA STALE
[health] touch-wd wedges=0 recovered=0/0 (soft=0 hard=0) wakes=0 probes=5022/0 maxOutage=0ms rebootRec=0
[health] frame avg=28.0ms p95=28.1ms max=29.0ms  n=1 ap=329  heap free=88468 largest=41972 free8=88468 tlsOk=1 rej=0  allocFail=0 hardFail=0  tls=195/135  interval=217632ms  DATA STALE
[health] touch-wd wedges=0 recovered=0/0 (soft=0 hard=0) wakes=0 probes=5025/0 maxOutage=0ms rebootRec=0
[health] frame avg=28.0ms p95=28.2ms max=29.3ms  n=1 ap=329  heap free=88468 largest=41972 free8=88468 tlsOk=1 rej=0  allocFail=0 hardFail=0  tls=195/135  interval=217632ms  DATA STALE
[health] touch-wd wedges=0 recovered=0/0 (soft=0 hard=0) wakes=0 probes=5028/0 maxOutage=0ms rebootRec=0
[GET] diag: Content-Length path, CL=17 read=17 timedOut=0 err=InvalidInput
[GET] JSON parse failed (429): InvalidInput
[WARN] OpenSky request failed: InvalidInput
[health] frame avg=28.0ms p95=28.1ms max=33.5ms  n=1 ap=329  heap free=90840 largest=45044 free8=90840 tlsOk=1 rej=0  allocFail=0 hardFail=0  tls=196/135  interval=217632ms  DATA STALE
[health] touch-wd wedges=0 recovered=0/0 (soft=0 hard=0) wakes=0 probes=5031/0 maxOutage=0ms rebootRec=0
[health] frame avg=28.0ms p95=28.2ms max=29.5ms  n=1 ap=329  heap free=91352 largest=47092 free8=91352 tlsOk=1 rej=0  allocFail=0 hardFail=0  tls=196/135  interval=217632ms  DATA STALE
[health] touch-wd wedges=0 recovered=0/0 (soft=0 hard=0) wakes=0 probes=5034/0 maxOutage=0ms rebootRec=0
[health] frame avg=28.0ms p95=28.1ms max=29.0ms  n=1 ap=329  heap free=88936 largest=45044 free8=88936 tlsOk=1 rej=0  allocFail=0 hardFail=0  tls=196/135  interval=217632ms  DATA STALE
[health] touch-wd wedges=0 recovered=0/0 (soft=0 hard=0) wakes=0 probes=5037/0 maxOutage=0ms rebootRec=0
[health] frame avg=28.0ms p95=28.1ms max=29.4ms  n=1 ap=329  heap free=88936 largest=45044 free8=88936 tlsOk=1 rej=0  allocFail=0 hardFail=0  tls=196/135  interval=217632ms  DATA STALE
[health] touch-wd wedges=0 recovered=0/0 (soft=0 hard=0) wakes=0 probes=5040/0 maxOutage=0ms rebootRec=0
[health] frame avg=28.0ms p95=28.1ms max=29.5ms  n=1 ap=329  heap free=88936 largest=45044 free8=88936 tlsOk=1 rej=0  allocFail=0 hardFail=0  tls=196/135  interval=217632ms  DATA STALE
[health] touch-wd wedges=0 recovered=0/0 (soft=0 hard=0) wakes=0 probes=5043/0 maxOutage=0ms rebootRec=0
[health] frame avg=28.0ms p95=28.2ms max=29.3ms  n=1 ap=329  heap free=88936 largest=45044 free8=88936 tlsOk=1 rej=0  allocFail=0 hardFail=0  tls=196/135  interval=217632ms  DATA STALE
[health] touch-wd wedges=0 recovered=0/0 (soft=0 hard=0) wakes=0 probes=5046/0 maxOutage=0ms rebootRec=0
[health] frame avg=28.0ms p95=28.2ms max=29.1ms  n=1 ap=329  heap free=88936 largest=45044 free8=88936 tlsOk=1 rej=0  allocFail=0 hardFail=0  tls=196/135  interval=217632ms  DATA STALE
[health] touch-wd wedges=0 recovered=0/0 (soft=0 hard=0) wakes=0 probes=5049/0 maxOutage=0ms rebootRec=0
[GET] diag: Content-Length path, CL=17 read=17 timedOut=0 err=InvalidInput
[GET] JSON parse failed (429): InvalidInput
[WARN] OpenSky request failed: InvalidInput
[health] frame avg=28.0ms p95=28.1ms max=34.0ms  n=1 ap=329  heap free=91360 largest=44020 free8=91360 tlsOk=1 rej=0  allocFail=0 hardFail=0  tls=197/135  interval=217632ms  DATA STALE
[health] touch-wd wedges=0 recovered=0/0 (soft=0 hard=0) wakes=0 probes=5052/0 maxOutage=0ms rebootRec=0
[health] frame avg=28.0ms p95=28.1ms max=29.1ms  n=1 ap=329  heap free=91360 largest=44020 free8=91360 tlsOk=1 rej=0  allocFail=0 hardFail=0  tls=197/135  interval=217632ms  DATA STALE
[health] touch-wd wedges=0 recovered=0/0 (soft=0 hard=0) wakes=0 probes=5055/0 maxOutage=0ms rebootRec=0
[health] frame avg=28.0ms p95=28.1ms max=29.3ms  n=1 ap=329  heap free=91360 largest=44020 free8=91360 tlsOk=1 rej=0  allocFail=0 hardFail=0  tls=197/135  interval=217632ms  DATA STALE
[health] touch-wd wedges=0 recovered=0/0 (soft=0 hard=0) wakes=0 probes=5058/0 maxOutage=0ms rebootRec=0
[health] frame avg=28.0ms p95=28.2ms max=29.7ms  n=1 ap=329  heap free=88976 largest=41972 free8=88976 tlsOk=1 rej=0  allocFail=0 hardFail=0  tls=197/135  interval=217632ms  DATA STALE
[health] touch-wd wedges=0 recovered=0/0 (soft=0 hard=0) wakes=0 probes=5061/0 maxOutage=0ms rebootRec=0
[health] frame avg=28.0ms p95=28.1ms max=29.2ms  n=1 ap=329  heap free=88976 largest=41972 free8=88976 tlsOk=1 rej=0  allocFail=0 hardFail=0  tls=197/135  interval=217632ms  DATA STALE
[health] touch-wd wedges=0 recovered=0/0 (soft=0 hard=0) wakes=0 probes=5064/0 maxOutage=0ms rebootRec=0
