ISO-10303-21;
HEADER;
/* Generated by software containing ST-Developer
 * from STEP Tools, Inc. (www.steptools.com) 
 */

FILE_DESCRIPTION(
/* description */ (''),
/* implementation_level */ '2;1');

FILE_NAME(
/* name */ 'blipscope-front-housing.step',
/* time_stamp */ '2026-09-23T14:37:59-07:00',
/* author */ (''),
/* organization */ (''),
/* preprocessor_version */ 'ST-DEVELOPER v20.2',
/* originating_system */ 'Autodesk Translation Framework v15.15.0.0',
/* authorisation */ '');

FILE_SCHEMA (('AUTOMOTIVE_DESIGN { 1 0 10303 214 3 1 1 }'));
ENDSEC;

DATA;
#10=MECHANICAL_DESIGN_GEOMETRIC_PRESENTATION_REPRESENTATION('',(#13),#3315);
#11=SHAPE_REPRESENTATION_RELATIONSHIP('SRR','None',#3322,#12);
#12=ADVANCED_BREP_SHAPE_REPRESENTATION('',(#14),#3314);
#13=STYLED_ITEM('',(#3332),#14);
#14=MANIFOLD_SOLID_BREP('front-housing',#1774);
#15=B_SPLINE_SURFACE_WITH_KNOTS('',3,3,((#2865,#2866,#2867,#2868),(#2869,
#2870,#2871,#2872),(#2873,#2874,#2875,#2876),(#2877,#2878,#2879,#2880),
(#2881,#2882,#2883,#2884),(#2885,#2886,#2887,#2888)),.UNSPECIFIED.,.F.,
 .F.,.F.,(4,1,1,4),(4,4),(0.,0.285714285714286,0.571428571428571,1.),(-3.00997719409198,
8.88178419700125E-16),.UNSPECIFIED.);
#16=B_SPLINE_SURFACE_WITH_KNOTS('',3,3,((#3171,#3172,#3173,#3174),(#3175,
#3176,#3177,#3178),(#3179,#3180,#3181,#3182),(#3183,#3184,#3185,#3186),
(#3187,#3188,#3189,#3190),(#3191,#3192,#3193,#3194),(#3195,#3196,#3197,
#3198)),.UNSPECIFIED.,.F.,.F.,.F.,(4,1,1,1,4),(4,4),(0.,0.285714285714286,
0.571428571428571,0.785714285714286,1.),(-1.04326838366687E-16,1.63196279285174),
 .UNSPECIFIED.);
#17=B_SPLINE_SURFACE_WITH_KNOTS('',3,3,((#3203,#3204,#3205,#3206),(#3207,
#3208,#3209,#3210),(#3211,#3212,#3213,#3214),(#3215,#3216,#3217,#3218),
(#3219,#3220,#3221,#3222),(#3223,#3224,#3225,#3226),(#3227,#3228,#3229,
#3230)),.UNSPECIFIED.,.F.,.F.,.F.,(4,1,1,1,4),(4,4),(0.,0.285714285714286,
0.571428571428571,0.785714285714286,1.),(-1.17455879182604E-8,1.63196279285174),
 .UNSPECIFIED.);
#18=B_SPLINE_SURFACE_WITH_KNOTS('',3,3,((#3244,#3245,#3246,#3247),(#3248,
#3249,#3250,#3251),(#3252,#3253,#3254,#3255),(#3256,#3257,#3258,#3259),
(#3260,#3261,#3262,#3263),(#3264,#3265,#3266,#3267),(#3268,#3269,#3270,
#3271)),.UNSPECIFIED.,.F.,.F.,.F.,(4,1,1,1,4),(4,4),(0.,0.285714285714286,
0.571428571428571,0.785714285714286,1.),(-1.4948929230327E-8,1.63196279285174),
 .UNSPECIFIED.);
#19=B_SPLINE_SURFACE_WITH_KNOTS('',3,3,((#3276,#3277,#3278,#3279),(#3280,
#3281,#3282,#3283),(#3284,#3285,#3286,#3287),(#3288,#3289,#3290,#3291),
(#3292,#3293,#3294,#3295),(#3296,#3297,#3298,#3299),(#3300,#3301,#3302,
#3303)),.UNSPECIFIED.,.F.,.F.,.F.,(4,1,1,1,4),(4,4),(0.,0.285714285714286,
0.571428571428571,0.785714285714286,1.),(0.,1.63196279285174),
 .UNSPECIFIED.);
#20=TOROIDAL_SURFACE('',#1895,2.,1.);
#21=TOROIDAL_SURFACE('',#1900,2.,1.);
#22=B_SPLINE_CURVE_WITH_KNOTS('',3,(#2518,#2519,#2520,#2521,#2522,#2523,
#2524,#2525,#2526,#2527),.UNSPECIFIED.,.F.,.F.,(4,3,3,4),(0.,0.202606528872672,
0.33767754812112,0.472748567369567),.UNSPECIFIED.);
#23=B_SPLINE_CURVE_WITH_KNOTS('',3,(#2545,#2546,#2547,#2548,#2549,#2550,
#2551,#2552,#2553,#2554,#2555,#2556,#2557),.UNSPECIFIED.,.F.,.F.,(4,3,3,
3,4),(0.,0.135071019248448,0.270142038496896,0.371445302933232,0.472748567369568),
 .UNSPECIFIED.);
#24=B_SPLINE_CURVE_WITH_KNOTS('',3,(#2559,#2560,#2561,#2562,#2563,#2564,
#2565,#2566,#2567,#2568,#2569,#2570,#2571),.UNSPECIFIED.,.F.,.F.,(4,3,3,
3,4),(0.,0.135071021353782,0.270142042707565,0.371445308722902,0.472748574738239),
 .UNSPECIFIED.);
#25=B_SPLINE_CURVE_WITH_KNOTS('',3,(#2579,#2580,#2581,#2582,#2583,#2584,
#2585,#2586,#2587,#2588,#2589,#2590,#2591),.UNSPECIFIED.,.F.,.F.,(4,3,3,
3,4),(0.,0.135071019248448,0.270142038496896,0.371445302933232,0.472748567369568),
 .UNSPECIFIED.);
#26=B_SPLINE_CURVE_WITH_KNOTS('',3,(#2593,#2594,#2595,#2596,#2597,#2598,
#2599,#2600,#2601,#2602,#2603,#2604,#2605),.UNSPECIFIED.,.F.,.F.,(4,3,3,
3,4),(0.,0.135071021353782,0.270142042707563,0.371445308722899,0.472748574738236),
 .UNSPECIFIED.);
#27=B_SPLINE_CURVE_WITH_KNOTS('',3,(#2891,#2892,#2893,#2894,#2895,#2896,
#2897,#2898,#2899,#2900,#2901,#2902),.UNSPECIFIED.,.F.,.F.,(4,2,2,2,2,4),
(0.,0.648140182067676,1.02931234787177,1.18861518736967,1.25336031978964,
1.31212836911594),.UNSPECIFIED.);
#28=B_SPLINE_CURVE_WITH_KNOTS('',3,(#2903,#2904,#2905,#2906),
 .UNSPECIFIED.,.F.,.F.,(4,4),(0.824243225836387,3.00997719409198),
 .UNSPECIFIED.);
#29=B_SPLINE_CURVE_WITH_KNOTS('',3,(#2907,#2908,#2909,#2910),
 .UNSPECIFIED.,.F.,.F.,(4,4),(-3.00997719409198,8.88178419700125E-16),
 .UNSPECIFIED.);
#30=B_SPLINE_CURVE_WITH_KNOTS('',3,(#2941,#2942,#2943,#2944,#2945,#2946,
#2947,#2948,#2949,#2950,#2951,#2952,#2953,#2954,#2955,#2956,#2957,#2958,
#2959,#2960,#2961,#2962,#2963,#2964,#2965,#2966,#2967,#2968,#2969,#2970,
#2971,#2972,#2973,#2974,#2975,#2976,#2977,#2978,#2979,#2980,#2981,#2982,
#2983,#2984,#2985,#2986,#2987,#2988,#2989,#2990,#2991,#2992,#2993,#2994,
#2995,#2996,#2997,#2998,#2999,#3000,#3001,#3002,#3003,#3004,#3005,#3006,
#3007,#3008,#3009,#3010,#3011,#3012,#3013,#3014,#3015,#3016,#3017,#3018,
#3019),.UNSPECIFIED.,.F.,.F.,(4,3,3,3,3,3,3,3,3,3,3,3,3,3,3,3,3,3,3,3,3,
3,3,3,3,3,4),(0.,0.0188913155028997,0.0385702829137667,0.0595085619536038,
0.0810816694302355,0.10325369949806,0.117364534225537,0.13074607349421,
0.152106398197718,0.174604489954721,0.197574456673306,0.220737693965207,
0.236953309254597,0.260096159161307,0.272910681231604,0.29629612030769,
0.319611144939179,0.342227758575473,0.353856296956387,0.375287247325208,
0.378384839702651,0.400881168141359,0.422864227142881,0.443754527737894,
0.460596315024063,0.467594339531328,0.476120746840885),.UNSPECIFIED.);
#31=B_SPLINE_CURVE_WITH_KNOTS('',3,(#3021,#3022,#3023,#3024,#3025,#3026,
#3027,#3028,#3029,#3030,#3031,#3032),.UNSPECIFIED.,.F.,.F.,(4,2,2,2,2,4),
(-0.0082246180268669,-5.66205559868194E-10,0.114111045719613,0.231011522022989,
0.35059774439844,0.467959778842509),.UNSPECIFIED.);
#32=B_SPLINE_CURVE_WITH_KNOTS('',3,(#3041,#3042,#3043,#3044,#3045,#3046,
#3047,#3048,#3049,#3050,#3051,#3052,#3053,#3054),.UNSPECIFIED.,.F.,.F.,
(4,2,2,2,2,2,4),(4.17232515204092E-8,0.117364565746974,0.236953323942906,
0.353856277371821,0.460596388537317,0.467905679604606,0.476126567526803),
 .UNSPECIFIED.);
#33=B_SPLINE_CURVE_WITH_KNOTS('',3,(#3056,#3057,#3058,#3059,#3060,#3061,
#3062,#3063,#3064,#3065,#3066,#3067,#3068,#3069,#3070,#3071,#3072,#3073,
#3074,#3075,#3076,#3077,#3078,#3079,#3080,#3081,#3082,#3083,#3084,#3085,
#3086,#3087,#3088,#3089,#3090,#3091,#3092,#3093,#3094,#3095,#3096,#3097,
#3098,#3099,#3100,#3101,#3102,#3103,#3104,#3105,#3106,#3107,#3108,#3109,
#3110,#3111,#3112,#3113,#3114,#3115,#3116,#3117,#3118,#3119,#3120,#3121,
#3122,#3123,#3124,#3125,#3126,#3127,#3128,#3129,#3130,#3131),
 .UNSPECIFIED.,.F.,.F.,(4,3,3,3,3,3,3,3,3,3,3,3,3,3,3,3,3,3,3,3,3,3,3,3,
3,4),(-0.0085299818669454,1.04083408558608E-17,0.0197637731830437,0.0403594212730862,
0.062193423864246,0.0846237316087774,0.107474075025936,0.113779013707277,
0.123763523921038,0.145540943175384,0.168405698817075,0.191661824044049,
0.214921993070228,0.230657369992516,0.253504401727791,0.266315493289768,
0.289519960298631,0.312518773774485,0.334650902351745,0.350220945927133,
0.370992926531935,0.39316783245762,0.414552680173101,0.435279321044741,
0.454919644233782,0.467560748815333),.UNSPECIFIED.);
#34=B_SPLINE_CURVE_WITH_KNOTS('',3,(#3167,#3168,#3169,#3170),
 .UNSPECIFIED.,.F.,.F.,(4,4),(0.0528980942125383,1.63196279285174),
 .UNSPECIFIED.);
#35=B_SPLINE_CURVE_WITH_KNOTS('',3,(#3199,#3200,#3201,#3202),
 .UNSPECIFIED.,.F.,.F.,(4,4),(1.65436122510606E-24,1.63196279285174),
 .UNSPECIFIED.);
#36=B_SPLINE_CURVE_WITH_KNOTS('',3,(#3231,#3232,#3233,#3234),
 .UNSPECIFIED.,.F.,.F.,(4,4),(-1.63196279285174,-0.0528980942125368),
 .UNSPECIFIED.);
#37=B_SPLINE_CURVE_WITH_KNOTS('',3,(#3240,#3241,#3242,#3243),
 .UNSPECIFIED.,.F.,.F.,(4,4),(0.0528980942125383,1.63196279285174),
 .UNSPECIFIED.);
#38=B_SPLINE_CURVE_WITH_KNOTS('',3,(#3272,#3273,#3274,#3275),
 .UNSPECIFIED.,.F.,.F.,(4,4),(0.,1.63196279285174),.UNSPECIFIED.);
#39=B_SPLINE_CURVE_WITH_KNOTS('',3,(#3304,#3305,#3306,#3307),
 .UNSPECIFIED.,.F.,.F.,(4,4),(-1.63196279285174,-0.0528980942125368),
 .UNSPECIFIED.);
#40=FACE_BOUND('',#248,.T.);
#41=FACE_BOUND('',#249,.T.);
#42=FACE_BOUND('',#250,.T.);
#43=FACE_BOUND('',#251,.T.);
#44=FACE_BOUND('',#252,.T.);
#45=FACE_BOUND('',#259,.T.);
#46=FACE_BOUND('',#260,.T.);
#47=FACE_BOUND('',#261,.T.);
#48=FACE_BOUND('',#262,.T.);
#49=FACE_BOUND('',#263,.T.);
#50=FACE_BOUND('',#304,.T.);
#51=FACE_BOUND('',#306,.T.);
#52=FACE_BOUND('',#309,.T.);
#53=FACE_BOUND('',#312,.T.);
#54=FACE_BOUND('',#328,.T.);
#55=FACE_BOUND('',#329,.T.);
#56=FACE_BOUND('',#330,.T.);
#57=FACE_BOUND('',#331,.T.);
#58=FACE_BOUND('',#335,.T.);
#59=FACE_BOUND('',#339,.T.);
#60=FACE_BOUND('',#341,.T.);
#61=FACE_BOUND('',#342,.T.);
#62=ELLIPSE('',#1791,1.06417777247591,1.);
#63=ELLIPSE('',#1893,1.06417777247591,1.);
#64=ELLIPSE('',#1903,3.19253331742774,3.);
#65=ELLIPSE('',#1906,3.19253331742774,3.);
#66=CIRCLE('',#1790,1.);
#67=CIRCLE('',#1793,8.00821734220501);
#68=CIRCLE('',#1794,8.00821734220501);
#69=CIRCLE('',#1796,8.22759103499295);
#70=CIRCLE('',#1797,8.22759103499295);
#71=CIRCLE('',#1801,2.);
#72=CIRCLE('',#1802,2.);
#73=CIRCLE('',#1803,7.50821734220498);
#74=CIRCLE('',#1804,18.4601045494101);
#75=CIRCLE('',#1805,18.5);
#76=CIRCLE('',#1806,18.5686386325155);
#77=CIRCLE('',#1807,7.72759103664986);
#78=CIRCLE('',#1808,0.95);
#79=CIRCLE('',#1809,0.95);
#80=CIRCLE('',#1810,0.95);
#81=CIRCLE('',#1811,0.95);
#82=CIRCLE('',#1818,4.);
#83=CIRCLE('',#1819,4.);
#84=CIRCLE('',#1820,4.);
#85=CIRCLE('',#1821,7.72759103664986);
#86=CIRCLE('',#1822,18.5686386325155);
#87=CIRCLE('',#1823,18.5);
#88=CIRCLE('',#1824,18.4601045494101);
#89=CIRCLE('',#1825,7.50821734220498);
#90=CIRCLE('',#1826,4.);
#91=CIRCLE('',#1841,4.);
#92=CIRCLE('',#1847,4.);
#93=CIRCLE('',#1857,0.95);
#94=CIRCLE('',#1858,0.95);
#95=CIRCLE('',#1861,0.95);
#96=CIRCLE('',#1862,0.95);
#97=CIRCLE('',#1865,0.95);
#98=CIRCLE('',#1866,0.95);
#99=CIRCLE('',#1868,0.95);
#100=CIRCLE('',#1869,0.95);
#101=CIRCLE('',#1871,0.95);
#102=CIRCLE('',#1872,0.95);
#103=CIRCLE('',#1874,0.95);
#104=CIRCLE('',#1875,0.95);
#105=CIRCLE('',#1877,0.95);
#106=CIRCLE('',#1879,0.95);
#107=CIRCLE('',#1881,0.95);
#108=CIRCLE('',#1883,0.95);
#109=CIRCLE('',#1887,4.);
#110=CIRCLE('',#1890,4.);
#111=CIRCLE('',#1894,1.);
#112=CIRCLE('',#1896,1.);
#113=CIRCLE('',#1897,3.);
#114=CIRCLE('',#1899,1.);
#115=CIRCLE('',#1901,3.);
#116=CIRCLE('',#1918,3.);
#117=CIRCLE('',#1920,3.);
#118=CYLINDRICAL_SURFACE('',#1789,1.);
#119=CYLINDRICAL_SURFACE('',#1792,8.00821734220501);
#120=CYLINDRICAL_SURFACE('',#1795,8.22759103499295);
#121=CYLINDRICAL_SURFACE('',#1827,7.50821734220498);
#122=CYLINDRICAL_SURFACE('',#1828,7.72759103664986);
#123=CYLINDRICAL_SURFACE('',#1840,4.);
#124=CYLINDRICAL_SURFACE('',#1846,4.);
#125=CYLINDRICAL_SURFACE('',#1853,18.5);
#126=CYLINDRICAL_SURFACE('',#1854,18.4601045494101);
#127=CYLINDRICAL_SURFACE('',#1855,18.5686386325155);
#128=CYLINDRICAL_SURFACE('',#1856,0.95);
#129=CYLINDRICAL_SURFACE('',#1860,0.95);
#130=CYLINDRICAL_SURFACE('',#1864,0.95);
#131=CYLINDRICAL_SURFACE('',#1867,0.95);
#132=CYLINDRICAL_SURFACE('',#1870,0.95);
#133=CYLINDRICAL_SURFACE('',#1873,0.95);
#134=CYLINDRICAL_SURFACE('',#1876,0.95);
#135=CYLINDRICAL_SURFACE('',#1878,0.95);
#136=CYLINDRICAL_SURFACE('',#1880,0.95);
#137=CYLINDRICAL_SURFACE('',#1882,0.95);
#138=CYLINDRICAL_SURFACE('',#1886,4.);
#139=CYLINDRICAL_SURFACE('',#1889,4.);
#140=CYLINDRICAL_SURFACE('',#1892,1.);
#141=CYLINDRICAL_SURFACE('',#1898,1.);
#142=CYLINDRICAL_SURFACE('',#1902,3.);
#143=CYLINDRICAL_SURFACE('',#1905,3.);
#144=CYLINDRICAL_SURFACE('',#1917,3.);
#145=CYLINDRICAL_SURFACE('',#1919,3.);
#146=FACE_OUTER_BOUND('',#241,.T.);
#147=FACE_OUTER_BOUND('',#242,.T.);
#148=FACE_OUTER_BOUND('',#243,.T.);
#149=FACE_OUTER_BOUND('',#244,.T.);
#150=FACE_OUTER_BOUND('',#245,.T.);
#151=FACE_OUTER_BOUND('',#246,.T.);
#152=FACE_OUTER_BOUND('',#247,.T.);
#153=FACE_OUTER_BOUND('',#253,.T.);
#154=FACE_OUTER_BOUND('',#254,.T.);
#155=FACE_OUTER_BOUND('',#255,.T.);
#156=FACE_OUTER_BOUND('',#256,.T.);
#157=FACE_OUTER_BOUND('',#257,.T.);
#158=FACE_OUTER_BOUND('',#258,.T.);
#159=FACE_OUTER_BOUND('',#264,.T.);
#160=FACE_OUTER_BOUND('',#265,.T.);
#161=FACE_OUTER_BOUND('',#266,.T.);
#162=FACE_OUTER_BOUND('',#267,.T.);
#163=FACE_OUTER_BOUND('',#268,.T.);
#164=FACE_OUTER_BOUND('',#269,.T.);
#165=FACE_OUTER_BOUND('',#270,.T.);
#166=FACE_OUTER_BOUND('',#271,.T.);
#167=FACE_OUTER_BOUND('',#272,.T.);
#168=FACE_OUTER_BOUND('',#273,.T.);
#169=FACE_OUTER_BOUND('',#274,.T.);
#170=FACE_OUTER_BOUND('',#275,.T.);
#171=FACE_OUTER_BOUND('',#276,.T.);
#172=FACE_OUTER_BOUND('',#277,.T.);
#173=FACE_OUTER_BOUND('',#278,.T.);
#174=FACE_OUTER_BOUND('',#279,.T.);
#175=FACE_OUTER_BOUND('',#280,.T.);
#176=FACE_OUTER_BOUND('',#281,.T.);
#177=FACE_OUTER_BOUND('',#282,.T.);
#178=FACE_OUTER_BOUND('',#283,.T.);
#179=FACE_OUTER_BOUND('',#284,.T.);
#180=FACE_OUTER_BOUND('',#285,.T.);
#181=FACE_OUTER_BOUND('',#286,.T.);
#182=FACE_OUTER_BOUND('',#287,.T.);
#183=FACE_OUTER_BOUND('',#288,.T.);
#184=FACE_OUTER_BOUND('',#289,.T.);
#185=FACE_OUTER_BOUND('',#290,.T.);
#186=FACE_OUTER_BOUND('',#291,.T.);
#187=FACE_OUTER_BOUND('',#292,.T.);
#188=FACE_OUTER_BOUND('',#293,.T.);
#189=FACE_OUTER_BOUND('',#294,.T.);
#190=FACE_OUTER_BOUND('',#295,.T.);
#191=FACE_OUTER_BOUND('',#296,.T.);
#192=FACE_OUTER_BOUND('',#297,.T.);
#193=FACE_OUTER_BOUND('',#298,.T.);
#194=FACE_OUTER_BOUND('',#299,.T.);
#195=FACE_OUTER_BOUND('',#300,.T.);
#196=FACE_OUTER_BOUND('',#301,.T.);
#197=FACE_OUTER_BOUND('',#302,.T.);
#198=FACE_OUTER_BOUND('',#303,.T.);
#199=FACE_OUTER_BOUND('',#305,.T.);
#200=FACE_OUTER_BOUND('',#307,.T.);
#201=FACE_OUTER_BOUND('',#308,.T.);
#202=FACE_OUTER_BOUND('',#310,.T.);
#203=FACE_OUTER_BOUND('',#311,.T.);
#204=FACE_OUTER_BOUND('',#313,.T.);
#205=FACE_OUTER_BOUND('',#314,.T.);
#206=FACE_OUTER_BOUND('',#315,.T.);
#207=FACE_OUTER_BOUND('',#316,.T.);
#208=FACE_OUTER_BOUND('',#317,.T.);
#209=FACE_OUTER_BOUND('',#318,.T.);
#210=FACE_OUTER_BOUND('',#319,.T.);
#211=FACE_OUTER_BOUND('',#320,.T.);
#212=FACE_OUTER_BOUND('',#321,.T.);
#213=FACE_OUTER_BOUND('',#322,.T.);
#214=FACE_OUTER_BOUND('',#323,.T.);
#215=FACE_OUTER_BOUND('',#324,.T.);
#216=FACE_OUTER_BOUND('',#325,.T.);
#217=FACE_OUTER_BOUND('',#326,.T.);
#218=FACE_OUTER_BOUND('',#327,.T.);
#219=FACE_OUTER_BOUND('',#332,.T.);
#220=FACE_OUTER_BOUND('',#333,.T.);
#221=FACE_OUTER_BOUND('',#334,.T.);
#222=FACE_OUTER_BOUND('',#336,.T.);
#223=FACE_OUTER_BOUND('',#337,.T.);
#224=FACE_OUTER_BOUND('',#338,.T.);
#225=FACE_OUTER_BOUND('',#340,.T.);
#226=FACE_OUTER_BOUND('',#343,.T.);
#227=FACE_OUTER_BOUND('',#344,.T.);
#228=FACE_OUTER_BOUND('',#345,.T.);
#229=FACE_OUTER_BOUND('',#346,.T.);
#230=FACE_OUTER_BOUND('',#347,.T.);
#231=FACE_OUTER_BOUND('',#348,.T.);
#232=FACE_OUTER_BOUND('',#349,.T.);
#233=FACE_OUTER_BOUND('',#350,.T.);
#234=FACE_OUTER_BOUND('',#351,.T.);
#235=FACE_OUTER_BOUND('',#352,.T.);
#236=FACE_OUTER_BOUND('',#353,.T.);
#237=FACE_OUTER_BOUND('',#354,.T.);
#238=FACE_OUTER_BOUND('',#355,.T.);
#239=FACE_OUTER_BOUND('',#356,.T.);
#240=FACE_OUTER_BOUND('',#357,.T.);
#241=EDGE_LOOP('',(#1121,#1122,#1123,#1124,#1125,#1126));
#242=EDGE_LOOP('',(#1127,#1128,#1129,#1130));
#243=EDGE_LOOP('',(#1131,#1132,#1133,#1134));
#244=EDGE_LOOP('',(#1135,#1136,#1137,#1138));
#245=EDGE_LOOP('',(#1139,#1140,#1141,#1142,#1143));
#246=EDGE_LOOP('',(#1144,#1145,#1146,#1147));
#247=EDGE_LOOP('',(#1148,#1149,#1150,#1151,#1152,#1153));
#248=EDGE_LOOP('',(#1154,#1155,#1156,#1157,#1158,#1159,#1160,#1161,#1162,
#1163,#1164,#1165));
#249=EDGE_LOOP('',(#1166));
#250=EDGE_LOOP('',(#1167));
#251=EDGE_LOOP('',(#1168));
#252=EDGE_LOOP('',(#1169));
#253=EDGE_LOOP('',(#1170,#1171,#1172,#1173,#1174,#1175));
#254=EDGE_LOOP('',(#1176,#1177,#1178,#1179));
#255=EDGE_LOOP('',(#1180,#1181,#1182,#1183,#1184));
#256=EDGE_LOOP('',(#1185,#1186,#1187,#1188,#1189));
#257=EDGE_LOOP('',(#1190,#1191,#1192,#1193));
#258=EDGE_LOOP('',(#1194,#1195,#1196,#1197,#1198,#1199,#1200,#1201,#1202,
#1203,#1204,#1205,#1206,#1207,#1208,#1209,#1210,#1211,#1212,#1213,#1214));
#259=EDGE_LOOP('',(#1215,#1216,#1217,#1218,#1219));
#260=EDGE_LOOP('',(#1220,#1221,#1222,#1223,#1224));
#261=EDGE_LOOP('',(#1225,#1226,#1227,#1228,#1229));
#262=EDGE_LOOP('',(#1230,#1231,#1232,#1233,#1234,#1235,#1236,#1237,#1238,
#1239,#1240,#1241));
#263=EDGE_LOOP('',(#1242,#1243,#1244,#1245,#1246,#1247));
#264=EDGE_LOOP('',(#1248,#1249,#1250,#1251));
#265=EDGE_LOOP('',(#1252,#1253,#1254,#1255));
#266=EDGE_LOOP('',(#1256,#1257,#1258,#1259));
#267=EDGE_LOOP('',(#1260,#1261,#1262,#1263));
#268=EDGE_LOOP('',(#1264,#1265,#1266,#1267,#1268));
#269=EDGE_LOOP('',(#1269,#1270,#1271,#1272));
#270=EDGE_LOOP('',(#1273,#1274,#1275,#1276));
#271=EDGE_LOOP('',(#1277,#1278,#1279,#1280));
#272=EDGE_LOOP('',(#1281,#1282,#1283,#1284));
#273=EDGE_LOOP('',(#1285,#1286,#1287,#1288));
#274=EDGE_LOOP('',(#1289,#1290,#1291,#1292));
#275=EDGE_LOOP('',(#1293,#1294,#1295,#1296));
#276=EDGE_LOOP('',(#1297,#1298,#1299,#1300));
#277=EDGE_LOOP('',(#1301,#1302,#1303,#1304));
#278=EDGE_LOOP('',(#1305,#1306,#1307,#1308));
#279=EDGE_LOOP('',(#1309,#1310,#1311,#1312));
#280=EDGE_LOOP('',(#1313,#1314,#1315,#1316));
#281=EDGE_LOOP('',(#1317,#1318,#1319,#1320));
#282=EDGE_LOOP('',(#1321,#1322,#1323,#1324));
#283=EDGE_LOOP('',(#1325,#1326,#1327,#1328));
#284=EDGE_LOOP('',(#1329,#1330,#1331,#1332));
#285=EDGE_LOOP('',(#1333,#1334,#1335,#1336));
#286=EDGE_LOOP('',(#1337,#1338,#1339,#1340));
#287=EDGE_LOOP('',(#1341,#1342,#1343,#1344));
#288=EDGE_LOOP('',(#1345,#1346,#1347,#1348));
#289=EDGE_LOOP('',(#1349,#1350,#1351,#1352));
#290=EDGE_LOOP('',(#1353,#1354,#1355,#1356));
#291=EDGE_LOOP('',(#1357,#1358,#1359,#1360));
#292=EDGE_LOOP('',(#1361));
#293=EDGE_LOOP('',(#1362,#1363,#1364,#1365));
#294=EDGE_LOOP('',(#1366));
#295=EDGE_LOOP('',(#1367,#1368,#1369,#1370));
#296=EDGE_LOOP('',(#1371,#1372,#1373,#1374));
#297=EDGE_LOOP('',(#1375,#1376,#1377,#1378));
#298=EDGE_LOOP('',(#1379,#1380,#1381,#1382));
#299=EDGE_LOOP('',(#1383,#1384,#1385,#1386));
#300=EDGE_LOOP('',(#1387,#1388,#1389,#1390));
#301=EDGE_LOOP('',(#1391,#1392,#1393,#1394));
#302=EDGE_LOOP('',(#1395,#1396,#1397,#1398));
#303=EDGE_LOOP('',(#1399,#1400,#1401,#1402,#1403));
#304=EDGE_LOOP('',(#1404));
#305=EDGE_LOOP('',(#1405,#1406,#1407,#1408,#1409));
#306=EDGE_LOOP('',(#1410));
#307=EDGE_LOOP('',(#1411,#1412,#1413,#1414));
#308=EDGE_LOOP('',(#1415,#1416,#1417,#1418,#1419,#1420));
#309=EDGE_LOOP('',(#1421));
#310=EDGE_LOOP('',(#1422,#1423,#1424,#1425));
#311=EDGE_LOOP('',(#1426,#1427,#1428,#1429,#1430));
#312=EDGE_LOOP('',(#1431));
#313=EDGE_LOOP('',(#1432,#1433,#1434,#1435));
#314=EDGE_LOOP('',(#1436,#1437,#1438,#1439));
#315=EDGE_LOOP('',(#1440,#1441,#1442,#1443));
#316=EDGE_LOOP('',(#1444,#1445,#1446,#1447));
#317=EDGE_LOOP('',(#1448,#1449,#1450,#1451));
#318=EDGE_LOOP('',(#1452,#1453,#1454,#1455));
#319=EDGE_LOOP('',(#1456,#1457,#1458,#1459));
#320=EDGE_LOOP('',(#1460,#1461,#1462,#1463));
#321=EDGE_LOOP('',(#1464));
#322=EDGE_LOOP('',(#1465));
#323=EDGE_LOOP('',(#1466,#1467,#1468));
#324=EDGE_LOOP('',(#1469,#1470,#1471,#1472,#1473));
#325=EDGE_LOOP('',(#1474,#1475,#1476,#1477));
#326=EDGE_LOOP('',(#1478,#1479,#1480,#1481,#1482));
#327=EDGE_LOOP('',(#1483,#1484,#1485,#1486,#1487,#1488,#1489,#1490,#1491,
#1492));
#328=EDGE_LOOP('',(#1493));
#329=EDGE_LOOP('',(#1494));
#330=EDGE_LOOP('',(#1495));
#331=EDGE_LOOP('',(#1496));
#332=EDGE_LOOP('',(#1497,#1498,#1499,#1500,#1501,#1502));
#333=EDGE_LOOP('',(#1503,#1504,#1505,#1506));
#334=EDGE_LOOP('',(#1507,#1508,#1509,#1510,#1511));
#335=EDGE_LOOP('',(#1512));
#336=EDGE_LOOP('',(#1513,#1514,#1515,#1516,#1517));
#337=EDGE_LOOP('',(#1518,#1519,#1520,#1521,#1522));
#338=EDGE_LOOP('',(#1523,#1524,#1525,#1526));
#339=EDGE_LOOP('',(#1527));
#340=EDGE_LOOP('',(#1528,#1529,#1530,#1531,#1532,#1533,#1534,#1535,#1536,
#1537,#1538,#1539,#1540,#1541,#1542,#1543,#1544,#1545,#1546,#1547,#1548,
#1549));
#341=EDGE_LOOP('',(#1550));
#342=EDGE_LOOP('',(#1551));
#343=EDGE_LOOP('',(#1552,#1553,#1554,#1555,#1556));
#344=EDGE_LOOP('',(#1557,#1558,#1559));
#345=EDGE_LOOP('',(#1560,#1561,#1562,#1563,#1564,#1565));
#346=EDGE_LOOP('',(#1566,#1567,#1568,#1569));
#347=EDGE_LOOP('',(#1570,#1571,#1572,#1573,#1574));
#348=EDGE_LOOP('',(#1575,#1576,#1577,#1578));
#349=EDGE_LOOP('',(#1579,#1580,#1581,#1582));
#350=EDGE_LOOP('',(#1583,#1584,#1585,#1586,#1587));
#351=EDGE_LOOP('',(#1588,#1589,#1590,#1591));
#352=EDGE_LOOP('',(#1592,#1593,#1594,#1595,#1596));
#353=EDGE_LOOP('',(#1597,#1598,#1599,#1600));
#354=EDGE_LOOP('',(#1601,#1602,#1603,#1604));
#355=EDGE_LOOP('',(#1605,#1606,#1607,#1608,#1609));
#356=EDGE_LOOP('',(#1610,#1611,#1612,#1613));
#357=EDGE_LOOP('',(#1614,#1615,#1616,#1617,#1618));
#358=LINE('',#2407,#533);
#359=LINE('',#2409,#534);
#360=LINE('',#2411,#535);
#361=LINE('',#2413,#536);
#362=LINE('',#2415,#537);
#363=LINE('',#2416,#538);
#364=LINE('',#2420,#539);
#365=LINE('',#2424,#540);
#366=LINE('',#2430,#541);
#367=LINE('',#2437,#542);
#368=LINE('',#2440,#543);
#369=LINE('',#2443,#544);
#370=LINE('',#2445,#545);
#371=LINE('',#2447,#546);
#372=LINE('',#2448,#547);
#373=LINE('',#2451,#548);
#374=LINE('',#2453,#549);
#375=LINE('',#2454,#550);
#376=LINE('',#2457,#551);
#377=LINE('',#2459,#552);
#378=LINE('',#2463,#553);
#379=LINE('',#2475,#554);
#380=LINE('',#2477,#555);
#381=LINE('',#2478,#556);
#382=LINE('',#2489,#557);
#383=LINE('',#2491,#558);
#384=LINE('',#2493,#559);
#385=LINE('',#2494,#560);
#386=LINE('',#2497,#561);
#387=LINE('',#2498,#562);
#388=LINE('',#2501,#563);
#389=LINE('',#2502,#564);
#390=LINE('',#2505,#565);
#391=LINE('',#2506,#566);
#392=LINE('',#2509,#567);
#393=LINE('',#2510,#568);
#394=LINE('',#2514,#569);
#395=LINE('',#2516,#570);
#396=LINE('',#2529,#571);
#397=LINE('',#2531,#572);
#398=LINE('',#2533,#573);
#399=LINE('',#2535,#574);
#400=LINE('',#2537,#575);
#401=LINE('',#2539,#576);
#402=LINE('',#2541,#577);
#403=LINE('',#2543,#578);
#404=LINE('',#2573,#579);
#405=LINE('',#2575,#580);
#406=LINE('',#2577,#581);
#407=LINE('',#2607,#582);
#408=LINE('',#2609,#583);
#409=LINE('',#2610,#584);
#410=LINE('',#2613,#585);
#411=LINE('',#2615,#586);
#412=LINE('',#2617,#587);
#413=LINE('',#2620,#588);
#414=LINE('',#2623,#589);
#415=LINE('',#2625,#590);
#416=LINE('',#2627,#591);
#417=LINE('',#2629,#592);
#418=LINE('',#2633,#593);
#419=LINE('',#2637,#594);
#420=LINE('',#2639,#595);
#421=LINE('',#2640,#596);
#422=LINE('',#2641,#597);
#423=LINE('',#2642,#598);
#424=LINE('',#2654,#599);
#425=LINE('',#2656,#600);
#426=LINE('',#2658,#601);
#427=LINE('',#2660,#602);
#428=LINE('',#2662,#603);
#429=LINE('',#2665,#604);
#430=LINE('',#2667,#605);
#431=LINE('',#2670,#606);
#432=LINE('',#2674,#607);
#433=LINE('',#2676,#608);
#434=LINE('',#2677,#609);
#435=LINE('',#2680,#610);
#436=LINE('',#2681,#611);
#437=LINE('',#2684,#612);
#438=LINE('',#2685,#613);
#439=LINE('',#2688,#614);
#440=LINE('',#2689,#615);
#441=LINE('',#2692,#616);
#442=LINE('',#2694,#617);
#443=LINE('',#2695,#618);
#444=LINE('',#2698,#619);
#445=LINE('',#2699,#620);
#446=LINE('',#2702,#621);
#447=LINE('',#2703,#622);
#448=LINE('',#2706,#623);
#449=LINE('',#2707,#624);
#450=LINE('',#2712,#625);
#451=LINE('',#2714,#626);
#452=LINE('',#2715,#627);
#453=LINE('',#2718,#628);
#454=LINE('',#2720,#629);
#455=LINE('',#2721,#630);
#456=LINE('',#2723,#631);
#457=LINE('',#2726,#632);
#458=LINE('',#2727,#633);
#459=LINE('',#2732,#634);
#460=LINE('',#2734,#635);
#461=LINE('',#2735,#636);
#462=LINE('',#2738,#637);
#463=LINE('',#2739,#638);
#464=LINE('',#2742,#639);
#465=LINE('',#2744,#640);
#466=LINE('',#2745,#641);
#467=LINE('',#2748,#642);
#468=LINE('',#2749,#643);
#469=LINE('',#2751,#644);
#470=LINE('',#2753,#645);
#471=LINE('',#2754,#646);
#472=LINE('',#2761,#647);
#473=LINE('',#2768,#648);
#474=LINE('',#2775,#649);
#475=LINE('',#2781,#650);
#476=LINE('',#2787,#651);
#477=LINE('',#2793,#652);
#478=LINE('',#2797,#653);
#479=LINE('',#2801,#654);
#480=LINE('',#2805,#655);
#481=LINE('',#2809,#656);
#482=LINE('',#2823,#657);
#483=LINE('',#2832,#658);
#484=LINE('',#2837,#659);
#485=LINE('',#2840,#660);
#486=LINE('',#2843,#661);
#487=LINE('',#2844,#662);
#488=LINE('',#2847,#663);
#489=LINE('',#2851,#664);
#490=LINE('',#2852,#665);
#491=LINE('',#2857,#666);
#492=LINE('',#2858,#667);
#493=LINE('',#2861,#668);
#494=LINE('',#2863,#669);
#495=LINE('',#2864,#670);
#496=LINE('',#2913,#671);
#497=LINE('',#2915,#672);
#498=LINE('',#2916,#673);
#499=LINE('',#2919,#674);
#500=LINE('',#2921,#675);
#501=LINE('',#2922,#676);
#502=LINE('',#2923,#677);
#503=LINE('',#2926,#678);
#504=LINE('',#2928,#679);
#505=LINE('',#2929,#680);
#506=LINE('',#2931,#681);
#507=LINE('',#2934,#682);
#508=LINE('',#2936,#683);
#509=LINE('',#2937,#684);
#510=LINE('',#3034,#685);
#511=LINE('',#3037,#686);
#512=LINE('',#3133,#687);
#513=LINE('',#3136,#688);
#514=LINE('',#3139,#689);
#515=LINE('',#3140,#690);
#516=LINE('',#3143,#691);
#517=LINE('',#3145,#692);
#518=LINE('',#3146,#693);
#519=LINE('',#3148,#694);
#520=LINE('',#3150,#695);
#521=LINE('',#3151,#696);
#522=LINE('',#3153,#697);
#523=LINE('',#3154,#698);
#524=LINE('',#3155,#699);
#525=LINE('',#3158,#700);
#526=LINE('',#3159,#701);
#527=LINE('',#3161,#702);
#528=LINE('',#3163,#703);
#529=LINE('',#3165,#704);
#530=LINE('',#3236,#705);
#531=LINE('',#3238,#706);
#532=LINE('',#3309,#707);
#533=VECTOR('',#1938,10.);
#534=VECTOR('',#1939,10.);
#535=VECTOR('',#1940,10.);
#536=VECTOR('',#1941,10.);
#537=VECTOR('',#1942,10.);
#538=VECTOR('',#1943,10.);
#539=VECTOR('',#1946,10.);
#540=VECTOR('',#1949,10.);
#541=VECTOR('',#1956,10.);
#542=VECTOR('',#1963,10.);
#543=VECTOR('',#1966,10.);
#544=VECTOR('',#1969,10.);
#545=VECTOR('',#1970,10.);
#546=VECTOR('',#1971,10.);
#547=VECTOR('',#1972,10.);
#548=VECTOR('',#1975,10.);
#549=VECTOR('',#1976,10.);
#550=VECTOR('',#1977,10.);
#551=VECTOR('',#1980,10.);
#552=VECTOR('',#1981,10.);
#553=VECTOR('',#1984,10.);
#554=VECTOR('',#1997,10.);
#555=VECTOR('',#1998,10.);
#556=VECTOR('',#1999,10.);
#557=VECTOR('',#2010,10.);
#558=VECTOR('',#2011,10.);
#559=VECTOR('',#2012,10.);
#560=VECTOR('',#2013,10.);
#561=VECTOR('',#2016,10.);
#562=VECTOR('',#2017,10.);
#563=VECTOR('',#2020,10.);
#564=VECTOR('',#2021,10.);
#565=VECTOR('',#2024,10.);
#566=VECTOR('',#2025,10.);
#567=VECTOR('',#2028,10.);
#568=VECTOR('',#2029,10.);
#569=VECTOR('',#2032,10.);
#570=VECTOR('',#2033,10.);
#571=VECTOR('',#2034,10.);
#572=VECTOR('',#2035,10.);
#573=VECTOR('',#2036,10.);
#574=VECTOR('',#2037,10.);
#575=VECTOR('',#2038,10.);
#576=VECTOR('',#2039,1000.);
#577=VECTOR('',#2040,10.);
#578=VECTOR('',#2041,10.);
#579=VECTOR('',#2042,10.);
#580=VECTOR('',#2043,10.);
#581=VECTOR('',#2044,10.);
#582=VECTOR('',#2045,10.);
#583=VECTOR('',#2046,10.);
#584=VECTOR('',#2047,1000.);
#585=VECTOR('',#2048,10.);
#586=VECTOR('',#2049,10.);
#587=VECTOR('',#2050,10.);
#588=VECTOR('',#2053,10.);
#589=VECTOR('',#2054,10.);
#590=VECTOR('',#2055,10.);
#591=VECTOR('',#2056,10.);
#592=VECTOR('',#2057,10.);
#593=VECTOR('',#2060,10.);
#594=VECTOR('',#2063,10.);
#595=VECTOR('',#2064,10.);
#596=VECTOR('',#2065,10.);
#597=VECTOR('',#2066,10.);
#598=VECTOR('',#2067,10.);
#599=VECTOR('',#2078,10.);
#600=VECTOR('',#2079,10.);
#601=VECTOR('',#2080,10.);
#602=VECTOR('',#2081,10.);
#603=VECTOR('',#2082,10.);
#604=VECTOR('',#2087,10.);
#605=VECTOR('',#2090,10.);
#606=VECTOR('',#2095,10.);
#607=VECTOR('',#2100,10.);
#608=VECTOR('',#2101,10.);
#609=VECTOR('',#2102,10.);
#610=VECTOR('',#2105,10.);
#611=VECTOR('',#2106,10.);
#612=VECTOR('',#2109,10.);
#613=VECTOR('',#2110,10.);
#614=VECTOR('',#2113,10.);
#615=VECTOR('',#2114,10.);
#616=VECTOR('',#2117,10.);
#617=VECTOR('',#2118,10.);
#618=VECTOR('',#2119,10.);
#619=VECTOR('',#2122,10.);
#620=VECTOR('',#2123,10.);
#621=VECTOR('',#2126,10.);
#622=VECTOR('',#2127,10.);
#623=VECTOR('',#2130,10.);
#624=VECTOR('',#2131,10.);
#625=VECTOR('',#2138,10.);
#626=VECTOR('',#2139,10.);
#627=VECTOR('',#2140,10.);
#628=VECTOR('',#2143,10.);
#629=VECTOR('',#2144,10.);
#630=VECTOR('',#2145,10.);
#631=VECTOR('',#2148,10.);
#632=VECTOR('',#2151,10.);
#633=VECTOR('',#2152,10.);
#634=VECTOR('',#2159,10.);
#635=VECTOR('',#2160,10.);
#636=VECTOR('',#2161,10.);
#637=VECTOR('',#2164,10.);
#638=VECTOR('',#2165,10.);
#639=VECTOR('',#2168,10.);
#640=VECTOR('',#2169,10.);
#641=VECTOR('',#2170,10.);
#642=VECTOR('',#2173,10.);
#643=VECTOR('',#2174,10.);
#644=VECTOR('',#2177,10.);
#645=VECTOR('',#2180,10.);
#646=VECTOR('',#2181,10.);
#647=VECTOR('',#2190,0.95);
#648=VECTOR('',#2199,0.95);
#649=VECTOR('',#2208,0.95);
#650=VECTOR('',#2215,0.95);
#651=VECTOR('',#2222,0.95);
#652=VECTOR('',#2229,0.95);
#653=VECTOR('',#2234,0.95);
#654=VECTOR('',#2239,0.95);
#655=VECTOR('',#2244,0.95);
#656=VECTOR('',#2249,0.95);
#657=VECTOR('',#2272,10.);
#658=VECTOR('',#2285,10.);
#659=VECTOR('',#2292,10.);
#660=VECTOR('',#2295,10.);
#661=VECTOR('',#2298,10.);
#662=VECTOR('',#2299,10.);
#663=VECTOR('',#2302,10.);
#664=VECTOR('',#2307,10.);
#665=VECTOR('',#2308,10.);
#666=VECTOR('',#2315,10.);
#667=VECTOR('',#2316,10.);
#668=VECTOR('',#2319,10.);
#669=VECTOR('',#2320,10.);
#670=VECTOR('',#2321,10.);
#671=VECTOR('',#2324,10.);
#672=VECTOR('',#2325,10.);
#673=VECTOR('',#2326,10.);
#674=VECTOR('',#2329,10.);
#675=VECTOR('',#2330,10.);
#676=VECTOR('',#2331,10.);
#677=VECTOR('',#2332,10.);
#678=VECTOR('',#2335,10.);
#679=VECTOR('',#2336,1000.);
#680=VECTOR('',#2337,1000.);
#681=VECTOR('',#2340,10.);
#682=VECTOR('',#2343,10.);
#683=VECTOR('',#2344,10.);
#684=VECTOR('',#2345,10.);
#685=VECTOR('',#2348,10.);
#686=VECTOR('',#2351,10.);
#687=VECTOR('',#2354,10.);
#688=VECTOR('',#2357,10.);
#689=VECTOR('',#2360,10.);
#690=VECTOR('',#2361,10.);
#691=VECTOR('',#2364,1000.);
#692=VECTOR('',#2365,10.);
#693=VECTOR('',#2366,10.);
#694=VECTOR('',#2367,10.);
#695=VECTOR('',#2368,10.);
#696=VECTOR('',#2369,10.);
#697=VECTOR('',#2370,10.);
#698=VECTOR('',#2371,10.);
#699=VECTOR('',#2372,10.);
#700=VECTOR('',#2375,10.);
#701=VECTOR('',#2376,10.);
#702=VECTOR('',#2379,10.);
#703=VECTOR('',#2382,1000.);
#704=VECTOR('',#2385,10.);
#705=VECTOR('',#2390,10.);
#706=VECTOR('',#2393,10.);
#707=VECTOR('',#2398,10.);
#708=VERTEX_POINT('',#2405);
#709=VERTEX_POINT('',#2406);
#710=VERTEX_POINT('',#2408);
#711=VERTEX_POINT('',#2410);
#712=VERTEX_POINT('',#2412);
#713=VERTEX_POINT('',#2414);
#714=VERTEX_POINT('',#2418);
#715=VERTEX_POINT('',#2419);
#716=VERTEX_POINT('',#2421);
#717=VERTEX_POINT('',#2423);
#718=VERTEX_POINT('',#2427);
#719=VERTEX_POINT('',#2429);
#720=VERTEX_POINT('',#2433);
#721=VERTEX_POINT('',#2434);
#722=VERTEX_POINT('',#2436);
#723=VERTEX_POINT('',#2438);
#724=VERTEX_POINT('',#2442);
#725=VERTEX_POINT('',#2444);
#726=VERTEX_POINT('',#2446);
#727=VERTEX_POINT('',#2450);
#728=VERTEX_POINT('',#2452);
#729=VERTEX_POINT('',#2456);
#730=VERTEX_POINT('',#2458);
#731=VERTEX_POINT('',#2460);
#732=VERTEX_POINT('',#2462);
#733=VERTEX_POINT('',#2465);
#734=VERTEX_POINT('',#2467);
#735=VERTEX_POINT('',#2469);
#736=VERTEX_POINT('',#2471);
#737=VERTEX_POINT('',#2473);
#738=VERTEX_POINT('',#2476);
#739=VERTEX_POINT('',#2479);
#740=VERTEX_POINT('',#2481);
#741=VERTEX_POINT('',#2483);
#742=VERTEX_POINT('',#2485);
#743=VERTEX_POINT('',#2488);
#744=VERTEX_POINT('',#2490);
#745=VERTEX_POINT('',#2492);
#746=VERTEX_POINT('',#2496);
#747=VERTEX_POINT('',#2500);
#748=VERTEX_POINT('',#2504);
#749=VERTEX_POINT('',#2508);
#750=VERTEX_POINT('',#2512);
#751=VERTEX_POINT('',#2513);
#752=VERTEX_POINT('',#2515);
#753=VERTEX_POINT('',#2517);
#754=VERTEX_POINT('',#2528);
#755=VERTEX_POINT('',#2530);
#756=VERTEX_POINT('',#2532);
#757=VERTEX_POINT('',#2534);
#758=VERTEX_POINT('',#2536);
#759=VERTEX_POINT('',#2538);
#760=VERTEX_POINT('',#2540);
#761=VERTEX_POINT('',#2542);
#762=VERTEX_POINT('',#2544);
#763=VERTEX_POINT('',#2558);
#764=VERTEX_POINT('',#2572);
#765=VERTEX_POINT('',#2574);
#766=VERTEX_POINT('',#2576);
#767=VERTEX_POINT('',#2578);
#768=VERTEX_POINT('',#2592);
#769=VERTEX_POINT('',#2606);
#770=VERTEX_POINT('',#2608);
#771=VERTEX_POINT('',#2611);
#772=VERTEX_POINT('',#2612);
#773=VERTEX_POINT('',#2614);
#774=VERTEX_POINT('',#2616);
#775=VERTEX_POINT('',#2618);
#776=VERTEX_POINT('',#2621);
#777=VERTEX_POINT('',#2622);
#778=VERTEX_POINT('',#2624);
#779=VERTEX_POINT('',#2626);
#780=VERTEX_POINT('',#2628);
#781=VERTEX_POINT('',#2631);
#782=VERTEX_POINT('',#2632);
#783=VERTEX_POINT('',#2634);
#784=VERTEX_POINT('',#2636);
#785=VERTEX_POINT('',#2638);
#786=VERTEX_POINT('',#2643);
#787=VERTEX_POINT('',#2645);
#788=VERTEX_POINT('',#2647);
#789=VERTEX_POINT('',#2649);
#790=VERTEX_POINT('',#2652);
#791=VERTEX_POINT('',#2653);
#792=VERTEX_POINT('',#2655);
#793=VERTEX_POINT('',#2657);
#794=VERTEX_POINT('',#2659);
#795=VERTEX_POINT('',#2661);
#796=VERTEX_POINT('',#2673);
#797=VERTEX_POINT('',#2675);
#798=VERTEX_POINT('',#2679);
#799=VERTEX_POINT('',#2683);
#800=VERTEX_POINT('',#2687);
#801=VERTEX_POINT('',#2691);
#802=VERTEX_POINT('',#2693);
#803=VERTEX_POINT('',#2697);
#804=VERTEX_POINT('',#2701);
#805=VERTEX_POINT('',#2705);
#806=VERTEX_POINT('',#2711);
#807=VERTEX_POINT('',#2713);
#808=VERTEX_POINT('',#2717);
#809=VERTEX_POINT('',#2719);
#810=VERTEX_POINT('',#2725);
#811=VERTEX_POINT('',#2731);
#812=VERTEX_POINT('',#2733);
#813=VERTEX_POINT('',#2737);
#814=VERTEX_POINT('',#2741);
#815=VERTEX_POINT('',#2743);
#816=VERTEX_POINT('',#2747);
#817=VERTEX_POINT('',#2758);
#818=VERTEX_POINT('',#2760);
#819=VERTEX_POINT('',#2765);
#820=VERTEX_POINT('',#2767);
#821=VERTEX_POINT('',#2772);
#822=VERTEX_POINT('',#2774);
#823=VERTEX_POINT('',#2778);
#824=VERTEX_POINT('',#2780);
#825=VERTEX_POINT('',#2784);
#826=VERTEX_POINT('',#2786);
#827=VERTEX_POINT('',#2790);
#828=VERTEX_POINT('',#2792);
#829=VERTEX_POINT('',#2796);
#830=VERTEX_POINT('',#2800);
#831=VERTEX_POINT('',#2804);
#832=VERTEX_POINT('',#2808);
#833=VERTEX_POINT('',#2820);
#834=VERTEX_POINT('',#2822);
#835=VERTEX_POINT('',#2826);
#836=VERTEX_POINT('',#2830);
#837=VERTEX_POINT('',#2836);
#838=VERTEX_POINT('',#2838);
#839=VERTEX_POINT('',#2842);
#840=VERTEX_POINT('',#2846);
#841=VERTEX_POINT('',#2850);
#842=VERTEX_POINT('',#2856);
#843=VERTEX_POINT('',#2860);
#844=VERTEX_POINT('',#2862);
#845=VERTEX_POINT('',#2889);
#846=VERTEX_POINT('',#2890);
#847=VERTEX_POINT('',#2912);
#848=VERTEX_POINT('',#2914);
#849=VERTEX_POINT('',#2918);
#850=VERTEX_POINT('',#2920);
#851=VERTEX_POINT('',#2925);
#852=VERTEX_POINT('',#2927);
#853=VERTEX_POINT('',#2933);
#854=VERTEX_POINT('',#2935);
#855=VERTEX_POINT('',#2939);
#856=VERTEX_POINT('',#2940);
#857=VERTEX_POINT('',#3020);
#858=VERTEX_POINT('',#3033);
#859=VERTEX_POINT('',#3035);
#860=VERTEX_POINT('',#3039);
#861=VERTEX_POINT('',#3040);
#862=VERTEX_POINT('',#3055);
#863=VERTEX_POINT('',#3132);
#864=VERTEX_POINT('',#3134);
#865=VERTEX_POINT('',#3138);
#866=VERTEX_POINT('',#3142);
#867=VERTEX_POINT('',#3144);
#868=VERTEX_POINT('',#3147);
#869=VERTEX_POINT('',#3149);
#870=VERTEX_POINT('',#3152);
#871=VERTEX_POINT('',#3157);
#872=EDGE_CURVE('',#708,#709,#358,.T.);
#873=EDGE_CURVE('',#710,#708,#359,.T.);
#874=EDGE_CURVE('',#711,#710,#360,.T.);
#875=EDGE_CURVE('',#712,#711,#361,.T.);
#876=EDGE_CURVE('',#713,#712,#362,.T.);
#877=EDGE_CURVE('',#709,#713,#363,.T.);
#878=EDGE_CURVE('',#714,#715,#364,.T.);
#879=EDGE_CURVE('',#716,#715,#66,.T.);
#880=EDGE_CURVE('',#716,#717,#365,.T.);
#881=EDGE_CURVE('',#717,#714,#62,.T.);
#882=EDGE_CURVE('',#718,#708,#67,.T.);
#883=EDGE_CURVE('',#719,#718,#366,.T.);
#884=EDGE_CURVE('',#710,#719,#68,.T.);
#885=EDGE_CURVE('',#720,#721,#69,.T.);
#886=EDGE_CURVE('',#722,#720,#367,.T.);
#887=EDGE_CURVE('',#723,#722,#70,.T.);
#888=EDGE_CURVE('',#723,#721,#368,.T.);
#889=EDGE_CURVE('',#721,#724,#369,.T.);
#890=EDGE_CURVE('',#725,#723,#370,.T.);
#891=EDGE_CURVE('',#725,#726,#371,.T.);
#892=EDGE_CURVE('',#724,#726,#372,.T.);
#893=EDGE_CURVE('',#727,#726,#373,.T.);
#894=EDGE_CURVE('',#725,#728,#374,.T.);
#895=EDGE_CURVE('',#728,#727,#375,.T.);
#896=EDGE_CURVE('',#714,#729,#376,.T.);
#897=EDGE_CURVE('',#730,#729,#377,.T.);
#898=EDGE_CURVE('',#731,#730,#71,.T.);
#899=EDGE_CURVE('',#732,#731,#378,.T.);
#900=EDGE_CURVE('',#715,#732,#72,.T.);
#901=EDGE_CURVE('',#709,#733,#73,.T.);
#902=EDGE_CURVE('',#733,#734,#74,.T.);
#903=EDGE_CURVE('',#734,#735,#75,.T.);
#904=EDGE_CURVE('',#735,#736,#76,.T.);
#905=EDGE_CURVE('',#736,#737,#77,.T.);
#906=EDGE_CURVE('',#737,#720,#379,.T.);
#907=EDGE_CURVE('',#738,#724,#380,.T.);
#908=EDGE_CURVE('',#738,#718,#381,.T.);
#909=EDGE_CURVE('',#739,#739,#78,.T.);
#910=EDGE_CURVE('',#740,#740,#79,.T.);
#911=EDGE_CURVE('',#741,#741,#80,.T.);
#912=EDGE_CURVE('',#742,#742,#81,.T.);
#913=EDGE_CURVE('',#743,#737,#382,.T.);
#914=EDGE_CURVE('',#744,#743,#383,.T.);
#915=EDGE_CURVE('',#744,#745,#384,.T.);
#916=EDGE_CURVE('',#722,#745,#385,.T.);
#917=EDGE_CURVE('',#746,#738,#386,.T.);
#918=EDGE_CURVE('',#726,#746,#387,.T.);
#919=EDGE_CURVE('',#747,#746,#388,.T.);
#920=EDGE_CURVE('',#719,#747,#389,.T.);
#921=EDGE_CURVE('',#748,#747,#390,.T.);
#922=EDGE_CURVE('',#711,#748,#391,.T.);
#923=EDGE_CURVE('',#746,#749,#392,.T.);
#924=EDGE_CURVE('',#749,#748,#393,.T.);
#925=EDGE_CURVE('',#750,#751,#394,.F.);
#926=EDGE_CURVE('',#750,#752,#395,.T.);
#927=EDGE_CURVE('',#753,#752,#22,.F.);
#928=EDGE_CURVE('',#754,#753,#396,.T.);
#929=EDGE_CURVE('',#755,#754,#397,.F.);
#930=EDGE_CURVE('',#756,#755,#398,.T.);
#931=EDGE_CURVE('',#757,#756,#399,.T.);
#932=EDGE_CURVE('',#758,#757,#400,.T.);
#933=EDGE_CURVE('',#758,#759,#401,.T.);
#934=EDGE_CURVE('',#759,#760,#402,.T.);
#935=EDGE_CURVE('',#760,#761,#403,.T.);
#936=EDGE_CURVE('',#762,#761,#23,.F.);
#937=EDGE_CURVE('',#763,#762,#24,.F.);
#938=EDGE_CURVE('',#763,#764,#404,.T.);
#939=EDGE_CURVE('',#764,#765,#405,.T.);
#940=EDGE_CURVE('',#765,#766,#406,.T.);
#941=EDGE_CURVE('',#767,#766,#25,.F.);
#942=EDGE_CURVE('',#768,#767,#26,.F.);
#943=EDGE_CURVE('',#768,#769,#407,.T.);
#944=EDGE_CURVE('',#769,#770,#408,.T.);
#945=EDGE_CURVE('',#770,#751,#409,.T.);
#946=EDGE_CURVE('',#771,#772,#410,.T.);
#947=EDGE_CURVE('',#772,#773,#411,.T.);
#948=EDGE_CURVE('',#773,#774,#412,.T.);
#949=EDGE_CURVE('',#774,#775,#82,.F.);
#950=EDGE_CURVE('',#775,#771,#413,.T.);
#951=EDGE_CURVE('',#776,#777,#414,.T.);
#952=EDGE_CURVE('',#777,#778,#415,.T.);
#953=EDGE_CURVE('',#778,#779,#416,.T.);
#954=EDGE_CURVE('',#779,#780,#417,.T.);
#955=EDGE_CURVE('',#780,#776,#83,.F.);
#956=EDGE_CURVE('',#781,#782,#418,.T.);
#957=EDGE_CURVE('',#782,#783,#84,.F.);
#958=EDGE_CURVE('',#783,#784,#419,.T.);
#959=EDGE_CURVE('',#784,#785,#420,.T.);
#960=EDGE_CURVE('',#785,#781,#421,.T.);
#961=EDGE_CURVE('',#712,#749,#422,.T.);
#962=EDGE_CURVE('',#727,#744,#423,.T.);
#963=EDGE_CURVE('',#786,#743,#85,.T.);
#964=EDGE_CURVE('',#787,#786,#86,.T.);
#965=EDGE_CURVE('',#788,#787,#87,.T.);
#966=EDGE_CURVE('',#789,#788,#88,.T.);
#967=EDGE_CURVE('',#713,#789,#89,.T.);
#968=EDGE_CURVE('',#790,#791,#424,.T.);
#969=EDGE_CURVE('',#791,#792,#425,.T.);
#970=EDGE_CURVE('',#792,#793,#426,.T.);
#971=EDGE_CURVE('',#793,#794,#427,.T.);
#972=EDGE_CURVE('',#794,#795,#428,.T.);
#973=EDGE_CURVE('',#795,#790,#90,.F.);
#974=EDGE_CURVE('',#733,#789,#429,.T.);
#975=EDGE_CURVE('',#736,#786,#430,.T.);
#976=EDGE_CURVE('',#745,#728,#431,.T.);
#977=EDGE_CURVE('',#796,#778,#432,.T.);
#978=EDGE_CURVE('',#797,#796,#433,.T.);
#979=EDGE_CURVE('',#797,#779,#434,.T.);
#980=EDGE_CURVE('',#797,#798,#435,.T.);
#981=EDGE_CURVE('',#780,#798,#436,.T.);
#982=EDGE_CURVE('',#799,#777,#437,.T.);
#983=EDGE_CURVE('',#799,#796,#438,.T.);
#984=EDGE_CURVE('',#776,#800,#439,.T.);
#985=EDGE_CURVE('',#800,#799,#440,.T.);
#986=EDGE_CURVE('',#801,#785,#441,.T.);
#987=EDGE_CURVE('',#801,#802,#442,.T.);
#988=EDGE_CURVE('',#802,#781,#443,.T.);
#989=EDGE_CURVE('',#803,#784,#444,.T.);
#990=EDGE_CURVE('',#801,#803,#445,.T.);
#991=EDGE_CURVE('',#783,#804,#446,.T.);
#992=EDGE_CURVE('',#803,#804,#447,.T.);
#993=EDGE_CURVE('',#805,#802,#448,.T.);
#994=EDGE_CURVE('',#782,#805,#449,.T.);
#995=EDGE_CURVE('',#804,#805,#91,.F.);
#996=EDGE_CURVE('',#806,#772,#450,.T.);
#997=EDGE_CURVE('',#807,#806,#451,.T.);
#998=EDGE_CURVE('',#807,#773,#452,.T.);
#999=EDGE_CURVE('',#775,#808,#453,.T.);
#1000=EDGE_CURVE('',#808,#809,#454,.T.);
#1001=EDGE_CURVE('',#809,#771,#455,.T.);
#1002=EDGE_CURVE('',#809,#806,#456,.T.);
#1003=EDGE_CURVE('',#807,#810,#457,.T.);
#1004=EDGE_CURVE('',#774,#810,#458,.T.);
#1005=EDGE_CURVE('',#808,#810,#92,.F.);
#1006=EDGE_CURVE('',#790,#811,#459,.T.);
#1007=EDGE_CURVE('',#812,#811,#460,.T.);
#1008=EDGE_CURVE('',#812,#791,#461,.T.);
#1009=EDGE_CURVE('',#813,#812,#462,.T.);
#1010=EDGE_CURVE('',#813,#792,#463,.T.);
#1011=EDGE_CURVE('',#814,#794,#464,.T.);
#1012=EDGE_CURVE('',#815,#814,#465,.T.);
#1013=EDGE_CURVE('',#795,#815,#466,.T.);
#1014=EDGE_CURVE('',#816,#793,#467,.T.);
#1015=EDGE_CURVE('',#814,#816,#468,.T.);
#1016=EDGE_CURVE('',#813,#816,#469,.T.);
#1017=EDGE_CURVE('',#735,#787,#470,.T.);
#1018=EDGE_CURVE('',#734,#788,#471,.T.);
#1019=EDGE_CURVE('',#817,#817,#93,.T.);
#1020=EDGE_CURVE('',#817,#818,#472,.T.);
#1021=EDGE_CURVE('',#818,#818,#94,.T.);
#1022=EDGE_CURVE('',#819,#819,#95,.T.);
#1023=EDGE_CURVE('',#819,#820,#473,.T.);
#1024=EDGE_CURVE('',#820,#820,#96,.T.);
#1025=EDGE_CURVE('',#821,#821,#97,.T.);
#1026=EDGE_CURVE('',#821,#822,#474,.T.);
#1027=EDGE_CURVE('',#822,#822,#98,.T.);
#1028=EDGE_CURVE('',#823,#823,#99,.T.);
#1029=EDGE_CURVE('',#823,#824,#475,.T.);
#1030=EDGE_CURVE('',#824,#824,#100,.T.);
#1031=EDGE_CURVE('',#825,#825,#101,.T.);
#1032=EDGE_CURVE('',#825,#826,#476,.T.);
#1033=EDGE_CURVE('',#826,#826,#102,.T.);
#1034=EDGE_CURVE('',#827,#827,#103,.T.);
#1035=EDGE_CURVE('',#827,#828,#477,.T.);
#1036=EDGE_CURVE('',#828,#828,#104,.T.);
#1037=EDGE_CURVE('',#742,#829,#478,.T.);
#1038=EDGE_CURVE('',#829,#829,#105,.T.);
#1039=EDGE_CURVE('',#741,#830,#479,.T.);
#1040=EDGE_CURVE('',#830,#830,#106,.T.);
#1041=EDGE_CURVE('',#740,#831,#480,.T.);
#1042=EDGE_CURVE('',#831,#831,#107,.T.);
#1043=EDGE_CURVE('',#739,#832,#481,.T.);
#1044=EDGE_CURVE('',#832,#832,#108,.T.);
#1045=EDGE_CURVE('',#811,#815,#109,.F.);
#1046=EDGE_CURVE('',#800,#798,#110,.F.);
#1047=EDGE_CURVE('',#729,#833,#63,.T.);
#1048=EDGE_CURVE('',#833,#834,#482,.T.);
#1049=EDGE_CURVE('',#834,#730,#111,.T.);
#1050=EDGE_CURVE('',#835,#731,#112,.T.);
#1051=EDGE_CURVE('',#834,#835,#113,.T.);
#1052=EDGE_CURVE('',#836,#732,#114,.T.);
#1053=EDGE_CURVE('',#835,#836,#483,.T.);
#1054=EDGE_CURVE('',#836,#716,#115,.T.);
#1055=EDGE_CURVE('',#836,#837,#484,.T.);
#1056=EDGE_CURVE('',#837,#838,#64,.T.);
#1057=EDGE_CURVE('',#838,#716,#485,.T.);
#1058=EDGE_CURVE('',#839,#835,#486,.T.);
#1059=EDGE_CURVE('',#839,#837,#487,.T.);
#1060=EDGE_CURVE('',#834,#840,#488,.T.);
#1061=EDGE_CURVE('',#840,#839,#65,.T.);
#1062=EDGE_CURVE('',#833,#841,#489,.T.);
#1063=EDGE_CURVE('',#841,#840,#490,.T.);
#1064=EDGE_CURVE('',#758,#842,#491,.T.);
#1065=EDGE_CURVE('',#842,#757,#492,.T.);
#1066=EDGE_CURVE('',#843,#756,#493,.T.);
#1067=EDGE_CURVE('',#844,#843,#494,.T.);
#1068=EDGE_CURVE('',#842,#844,#495,.T.);
#1069=EDGE_CURVE('',#845,#846,#27,.F.);
#1070=EDGE_CURVE('',#846,#753,#28,.T.);
#1071=EDGE_CURVE('',#752,#845,#29,.T.);
#1072=EDGE_CURVE('',#846,#847,#496,.T.);
#1073=EDGE_CURVE('',#847,#848,#497,.T.);
#1074=EDGE_CURVE('',#848,#754,#498,.T.);
#1075=EDGE_CURVE('',#849,#717,#499,.T.);
#1076=EDGE_CURVE('',#849,#850,#500,.T.);
#1077=EDGE_CURVE('',#755,#850,#501,.T.);
#1078=EDGE_CURVE('',#848,#841,#502,.T.);
#1079=EDGE_CURVE('',#844,#851,#503,.T.);
#1080=EDGE_CURVE('',#852,#851,#504,.T.);
#1081=EDGE_CURVE('',#759,#852,#505,.T.);
#1082=EDGE_CURVE('',#838,#849,#506,.T.);
#1083=EDGE_CURVE('',#853,#847,#507,.T.);
#1084=EDGE_CURVE('',#845,#854,#508,.T.);
#1085=EDGE_CURVE('',#853,#854,#509,.T.);
#1086=EDGE_CURVE('',#855,#856,#30,.T.);
#1087=EDGE_CURVE('',#857,#855,#31,.T.);
#1088=EDGE_CURVE('',#858,#857,#510,.T.);
#1089=EDGE_CURVE('',#858,#859,#116,.T.);
#1090=EDGE_CURVE('',#859,#856,#511,.T.);
#1091=EDGE_CURVE('',#860,#861,#32,.T.);
#1092=EDGE_CURVE('',#862,#860,#33,.T.);
#1093=EDGE_CURVE('',#863,#862,#512,.T.);
#1094=EDGE_CURVE('',#863,#864,#117,.T.);
#1095=EDGE_CURVE('',#864,#861,#513,.T.);
#1096=EDGE_CURVE('',#865,#851,#514,.T.);
#1097=EDGE_CURVE('',#843,#865,#515,.T.);
#1098=EDGE_CURVE('',#853,#866,#516,.T.);
#1099=EDGE_CURVE('',#867,#866,#517,.F.);
#1100=EDGE_CURVE('',#867,#859,#518,.T.);
#1101=EDGE_CURVE('',#858,#868,#519,.T.);
#1102=EDGE_CURVE('',#869,#868,#520,.F.);
#1103=EDGE_CURVE('',#869,#864,#521,.T.);
#1104=EDGE_CURVE('',#863,#870,#522,.T.);
#1105=EDGE_CURVE('',#852,#870,#523,.F.);
#1106=EDGE_CURVE('',#850,#865,#524,.T.);
#1107=EDGE_CURVE('',#854,#871,#525,.T.);
#1108=EDGE_CURVE('',#871,#750,#526,.T.);
#1109=EDGE_CURVE('',#871,#751,#527,.T.);
#1110=EDGE_CURVE('',#866,#770,#528,.T.);
#1111=EDGE_CURVE('',#769,#867,#529,.T.);
#1112=EDGE_CURVE('',#856,#768,#34,.T.);
#1113=EDGE_CURVE('',#855,#767,#35,.T.);
#1114=EDGE_CURVE('',#766,#857,#36,.T.);
#1115=EDGE_CURVE('',#868,#765,#530,.T.);
#1116=EDGE_CURVE('',#764,#869,#531,.T.);
#1117=EDGE_CURVE('',#861,#763,#37,.T.);
#1118=EDGE_CURVE('',#860,#762,#38,.T.);
#1119=EDGE_CURVE('',#761,#862,#39,.T.);
#1120=EDGE_CURVE('',#870,#760,#532,.T.);
#1121=ORIENTED_EDGE('',*,*,#872,.F.);
#1122=ORIENTED_EDGE('',*,*,#873,.F.);
#1123=ORIENTED_EDGE('',*,*,#874,.F.);
#1124=ORIENTED_EDGE('',*,*,#875,.F.);
#1125=ORIENTED_EDGE('',*,*,#876,.F.);
#1126=ORIENTED_EDGE('',*,*,#877,.F.);
#1127=ORIENTED_EDGE('',*,*,#878,.T.);
#1128=ORIENTED_EDGE('',*,*,#879,.F.);
#1129=ORIENTED_EDGE('',*,*,#880,.T.);
#1130=ORIENTED_EDGE('',*,*,#881,.T.);
#1131=ORIENTED_EDGE('',*,*,#882,.F.);
#1132=ORIENTED_EDGE('',*,*,#883,.F.);
#1133=ORIENTED_EDGE('',*,*,#884,.F.);
#1134=ORIENTED_EDGE('',*,*,#873,.T.);
#1135=ORIENTED_EDGE('',*,*,#885,.F.);
#1136=ORIENTED_EDGE('',*,*,#886,.F.);
#1137=ORIENTED_EDGE('',*,*,#887,.F.);
#1138=ORIENTED_EDGE('',*,*,#888,.T.);
#1139=ORIENTED_EDGE('',*,*,#889,.F.);
#1140=ORIENTED_EDGE('',*,*,#888,.F.);
#1141=ORIENTED_EDGE('',*,*,#890,.F.);
#1142=ORIENTED_EDGE('',*,*,#891,.T.);
#1143=ORIENTED_EDGE('',*,*,#892,.F.);
#1144=ORIENTED_EDGE('',*,*,#893,.T.);
#1145=ORIENTED_EDGE('',*,*,#891,.F.);
#1146=ORIENTED_EDGE('',*,*,#894,.T.);
#1147=ORIENTED_EDGE('',*,*,#895,.T.);
#1148=ORIENTED_EDGE('',*,*,#878,.F.);
#1149=ORIENTED_EDGE('',*,*,#896,.T.);
#1150=ORIENTED_EDGE('',*,*,#897,.F.);
#1151=ORIENTED_EDGE('',*,*,#898,.F.);
#1152=ORIENTED_EDGE('',*,*,#899,.F.);
#1153=ORIENTED_EDGE('',*,*,#900,.F.);
#1154=ORIENTED_EDGE('',*,*,#901,.T.);
#1155=ORIENTED_EDGE('',*,*,#902,.T.);
#1156=ORIENTED_EDGE('',*,*,#903,.T.);
#1157=ORIENTED_EDGE('',*,*,#904,.T.);
#1158=ORIENTED_EDGE('',*,*,#905,.T.);
#1159=ORIENTED_EDGE('',*,*,#906,.T.);
#1160=ORIENTED_EDGE('',*,*,#885,.T.);
#1161=ORIENTED_EDGE('',*,*,#889,.T.);
#1162=ORIENTED_EDGE('',*,*,#907,.F.);
#1163=ORIENTED_EDGE('',*,*,#908,.T.);
#1164=ORIENTED_EDGE('',*,*,#882,.T.);
#1165=ORIENTED_EDGE('',*,*,#872,.T.);
#1166=ORIENTED_EDGE('',*,*,#909,.T.);
#1167=ORIENTED_EDGE('',*,*,#910,.T.);
#1168=ORIENTED_EDGE('',*,*,#911,.T.);
#1169=ORIENTED_EDGE('',*,*,#912,.T.);
#1170=ORIENTED_EDGE('',*,*,#906,.F.);
#1171=ORIENTED_EDGE('',*,*,#913,.F.);
#1172=ORIENTED_EDGE('',*,*,#914,.F.);
#1173=ORIENTED_EDGE('',*,*,#915,.T.);
#1174=ORIENTED_EDGE('',*,*,#916,.F.);
#1175=ORIENTED_EDGE('',*,*,#886,.T.);
#1176=ORIENTED_EDGE('',*,*,#917,.T.);
#1177=ORIENTED_EDGE('',*,*,#907,.T.);
#1178=ORIENTED_EDGE('',*,*,#892,.T.);
#1179=ORIENTED_EDGE('',*,*,#918,.T.);
#1180=ORIENTED_EDGE('',*,*,#908,.F.);
#1181=ORIENTED_EDGE('',*,*,#917,.F.);
#1182=ORIENTED_EDGE('',*,*,#919,.F.);
#1183=ORIENTED_EDGE('',*,*,#920,.F.);
#1184=ORIENTED_EDGE('',*,*,#883,.T.);
#1185=ORIENTED_EDGE('',*,*,#921,.F.);
#1186=ORIENTED_EDGE('',*,*,#922,.F.);
#1187=ORIENTED_EDGE('',*,*,#874,.T.);
#1188=ORIENTED_EDGE('',*,*,#884,.T.);
#1189=ORIENTED_EDGE('',*,*,#920,.T.);
#1190=ORIENTED_EDGE('',*,*,#923,.T.);
#1191=ORIENTED_EDGE('',*,*,#924,.T.);
#1192=ORIENTED_EDGE('',*,*,#921,.T.);
#1193=ORIENTED_EDGE('',*,*,#919,.T.);
#1194=ORIENTED_EDGE('',*,*,#925,.F.);
#1195=ORIENTED_EDGE('',*,*,#926,.T.);
#1196=ORIENTED_EDGE('',*,*,#927,.F.);
#1197=ORIENTED_EDGE('',*,*,#928,.F.);
#1198=ORIENTED_EDGE('',*,*,#929,.F.);
#1199=ORIENTED_EDGE('',*,*,#930,.F.);
#1200=ORIENTED_EDGE('',*,*,#931,.F.);
#1201=ORIENTED_EDGE('',*,*,#932,.F.);
#1202=ORIENTED_EDGE('',*,*,#933,.T.);
#1203=ORIENTED_EDGE('',*,*,#934,.T.);
#1204=ORIENTED_EDGE('',*,*,#935,.T.);
#1205=ORIENTED_EDGE('',*,*,#936,.F.);
#1206=ORIENTED_EDGE('',*,*,#937,.F.);
#1207=ORIENTED_EDGE('',*,*,#938,.T.);
#1208=ORIENTED_EDGE('',*,*,#939,.T.);
#1209=ORIENTED_EDGE('',*,*,#940,.T.);
#1210=ORIENTED_EDGE('',*,*,#941,.F.);
#1211=ORIENTED_EDGE('',*,*,#942,.F.);
#1212=ORIENTED_EDGE('',*,*,#943,.T.);
#1213=ORIENTED_EDGE('',*,*,#944,.T.);
#1214=ORIENTED_EDGE('',*,*,#945,.T.);
#1215=ORIENTED_EDGE('',*,*,#946,.T.);
#1216=ORIENTED_EDGE('',*,*,#947,.T.);
#1217=ORIENTED_EDGE('',*,*,#948,.T.);
#1218=ORIENTED_EDGE('',*,*,#949,.T.);
#1219=ORIENTED_EDGE('',*,*,#950,.T.);
#1220=ORIENTED_EDGE('',*,*,#951,.T.);
#1221=ORIENTED_EDGE('',*,*,#952,.T.);
#1222=ORIENTED_EDGE('',*,*,#953,.T.);
#1223=ORIENTED_EDGE('',*,*,#954,.T.);
#1224=ORIENTED_EDGE('',*,*,#955,.T.);
#1225=ORIENTED_EDGE('',*,*,#956,.T.);
#1226=ORIENTED_EDGE('',*,*,#957,.T.);
#1227=ORIENTED_EDGE('',*,*,#958,.T.);
#1228=ORIENTED_EDGE('',*,*,#959,.T.);
#1229=ORIENTED_EDGE('',*,*,#960,.T.);
#1230=ORIENTED_EDGE('',*,*,#961,.T.);
#1231=ORIENTED_EDGE('',*,*,#923,.F.);
#1232=ORIENTED_EDGE('',*,*,#918,.F.);
#1233=ORIENTED_EDGE('',*,*,#893,.F.);
#1234=ORIENTED_EDGE('',*,*,#962,.T.);
#1235=ORIENTED_EDGE('',*,*,#914,.T.);
#1236=ORIENTED_EDGE('',*,*,#963,.F.);
#1237=ORIENTED_EDGE('',*,*,#964,.F.);
#1238=ORIENTED_EDGE('',*,*,#965,.F.);
#1239=ORIENTED_EDGE('',*,*,#966,.F.);
#1240=ORIENTED_EDGE('',*,*,#967,.F.);
#1241=ORIENTED_EDGE('',*,*,#876,.T.);
#1242=ORIENTED_EDGE('',*,*,#968,.T.);
#1243=ORIENTED_EDGE('',*,*,#969,.T.);
#1244=ORIENTED_EDGE('',*,*,#970,.T.);
#1245=ORIENTED_EDGE('',*,*,#971,.T.);
#1246=ORIENTED_EDGE('',*,*,#972,.T.);
#1247=ORIENTED_EDGE('',*,*,#973,.T.);
#1248=ORIENTED_EDGE('',*,*,#877,.T.);
#1249=ORIENTED_EDGE('',*,*,#967,.T.);
#1250=ORIENTED_EDGE('',*,*,#974,.F.);
#1251=ORIENTED_EDGE('',*,*,#901,.F.);
#1252=ORIENTED_EDGE('',*,*,#913,.T.);
#1253=ORIENTED_EDGE('',*,*,#905,.F.);
#1254=ORIENTED_EDGE('',*,*,#975,.T.);
#1255=ORIENTED_EDGE('',*,*,#963,.T.);
#1256=ORIENTED_EDGE('',*,*,#961,.F.);
#1257=ORIENTED_EDGE('',*,*,#875,.T.);
#1258=ORIENTED_EDGE('',*,*,#922,.T.);
#1259=ORIENTED_EDGE('',*,*,#924,.F.);
#1260=ORIENTED_EDGE('',*,*,#962,.F.);
#1261=ORIENTED_EDGE('',*,*,#895,.F.);
#1262=ORIENTED_EDGE('',*,*,#976,.F.);
#1263=ORIENTED_EDGE('',*,*,#915,.F.);
#1264=ORIENTED_EDGE('',*,*,#916,.T.);
#1265=ORIENTED_EDGE('',*,*,#976,.T.);
#1266=ORIENTED_EDGE('',*,*,#894,.F.);
#1267=ORIENTED_EDGE('',*,*,#890,.T.);
#1268=ORIENTED_EDGE('',*,*,#887,.T.);
#1269=ORIENTED_EDGE('',*,*,#953,.F.);
#1270=ORIENTED_EDGE('',*,*,#977,.F.);
#1271=ORIENTED_EDGE('',*,*,#978,.F.);
#1272=ORIENTED_EDGE('',*,*,#979,.T.);
#1273=ORIENTED_EDGE('',*,*,#954,.F.);
#1274=ORIENTED_EDGE('',*,*,#979,.F.);
#1275=ORIENTED_EDGE('',*,*,#980,.T.);
#1276=ORIENTED_EDGE('',*,*,#981,.F.);
#1277=ORIENTED_EDGE('',*,*,#952,.F.);
#1278=ORIENTED_EDGE('',*,*,#982,.F.);
#1279=ORIENTED_EDGE('',*,*,#983,.T.);
#1280=ORIENTED_EDGE('',*,*,#977,.T.);
#1281=ORIENTED_EDGE('',*,*,#951,.F.);
#1282=ORIENTED_EDGE('',*,*,#984,.T.);
#1283=ORIENTED_EDGE('',*,*,#985,.T.);
#1284=ORIENTED_EDGE('',*,*,#982,.T.);
#1285=ORIENTED_EDGE('',*,*,#960,.F.);
#1286=ORIENTED_EDGE('',*,*,#986,.F.);
#1287=ORIENTED_EDGE('',*,*,#987,.T.);
#1288=ORIENTED_EDGE('',*,*,#988,.T.);
#1289=ORIENTED_EDGE('',*,*,#959,.F.);
#1290=ORIENTED_EDGE('',*,*,#989,.F.);
#1291=ORIENTED_EDGE('',*,*,#990,.F.);
#1292=ORIENTED_EDGE('',*,*,#986,.T.);
#1293=ORIENTED_EDGE('',*,*,#958,.F.);
#1294=ORIENTED_EDGE('',*,*,#991,.T.);
#1295=ORIENTED_EDGE('',*,*,#992,.F.);
#1296=ORIENTED_EDGE('',*,*,#989,.T.);
#1297=ORIENTED_EDGE('',*,*,#956,.F.);
#1298=ORIENTED_EDGE('',*,*,#988,.F.);
#1299=ORIENTED_EDGE('',*,*,#993,.F.);
#1300=ORIENTED_EDGE('',*,*,#994,.F.);
#1301=ORIENTED_EDGE('',*,*,#994,.T.);
#1302=ORIENTED_EDGE('',*,*,#995,.F.);
#1303=ORIENTED_EDGE('',*,*,#991,.F.);
#1304=ORIENTED_EDGE('',*,*,#957,.F.);
#1305=ORIENTED_EDGE('',*,*,#947,.F.);
#1306=ORIENTED_EDGE('',*,*,#996,.F.);
#1307=ORIENTED_EDGE('',*,*,#997,.F.);
#1308=ORIENTED_EDGE('',*,*,#998,.T.);
#1309=ORIENTED_EDGE('',*,*,#950,.F.);
#1310=ORIENTED_EDGE('',*,*,#999,.T.);
#1311=ORIENTED_EDGE('',*,*,#1000,.T.);
#1312=ORIENTED_EDGE('',*,*,#1001,.T.);
#1313=ORIENTED_EDGE('',*,*,#946,.F.);
#1314=ORIENTED_EDGE('',*,*,#1001,.F.);
#1315=ORIENTED_EDGE('',*,*,#1002,.T.);
#1316=ORIENTED_EDGE('',*,*,#996,.T.);
#1317=ORIENTED_EDGE('',*,*,#948,.F.);
#1318=ORIENTED_EDGE('',*,*,#998,.F.);
#1319=ORIENTED_EDGE('',*,*,#1003,.T.);
#1320=ORIENTED_EDGE('',*,*,#1004,.F.);
#1321=ORIENTED_EDGE('',*,*,#1004,.T.);
#1322=ORIENTED_EDGE('',*,*,#1005,.F.);
#1323=ORIENTED_EDGE('',*,*,#999,.F.);
#1324=ORIENTED_EDGE('',*,*,#949,.F.);
#1325=ORIENTED_EDGE('',*,*,#968,.F.);
#1326=ORIENTED_EDGE('',*,*,#1006,.T.);
#1327=ORIENTED_EDGE('',*,*,#1007,.F.);
#1328=ORIENTED_EDGE('',*,*,#1008,.T.);
#1329=ORIENTED_EDGE('',*,*,#969,.F.);
#1330=ORIENTED_EDGE('',*,*,#1008,.F.);
#1331=ORIENTED_EDGE('',*,*,#1009,.F.);
#1332=ORIENTED_EDGE('',*,*,#1010,.T.);
#1333=ORIENTED_EDGE('',*,*,#972,.F.);
#1334=ORIENTED_EDGE('',*,*,#1011,.F.);
#1335=ORIENTED_EDGE('',*,*,#1012,.F.);
#1336=ORIENTED_EDGE('',*,*,#1013,.F.);
#1337=ORIENTED_EDGE('',*,*,#971,.F.);
#1338=ORIENTED_EDGE('',*,*,#1014,.F.);
#1339=ORIENTED_EDGE('',*,*,#1015,.F.);
#1340=ORIENTED_EDGE('',*,*,#1011,.T.);
#1341=ORIENTED_EDGE('',*,*,#970,.F.);
#1342=ORIENTED_EDGE('',*,*,#1010,.F.);
#1343=ORIENTED_EDGE('',*,*,#1016,.T.);
#1344=ORIENTED_EDGE('',*,*,#1014,.T.);
#1345=ORIENTED_EDGE('',*,*,#965,.T.);
#1346=ORIENTED_EDGE('',*,*,#1017,.F.);
#1347=ORIENTED_EDGE('',*,*,#903,.F.);
#1348=ORIENTED_EDGE('',*,*,#1018,.T.);
#1349=ORIENTED_EDGE('',*,*,#966,.T.);
#1350=ORIENTED_EDGE('',*,*,#1018,.F.);
#1351=ORIENTED_EDGE('',*,*,#902,.F.);
#1352=ORIENTED_EDGE('',*,*,#974,.T.);
#1353=ORIENTED_EDGE('',*,*,#964,.T.);
#1354=ORIENTED_EDGE('',*,*,#975,.F.);
#1355=ORIENTED_EDGE('',*,*,#904,.F.);
#1356=ORIENTED_EDGE('',*,*,#1017,.T.);
#1357=ORIENTED_EDGE('',*,*,#1019,.F.);
#1358=ORIENTED_EDGE('',*,*,#1020,.T.);
#1359=ORIENTED_EDGE('',*,*,#1021,.T.);
#1360=ORIENTED_EDGE('',*,*,#1020,.F.);
#1361=ORIENTED_EDGE('',*,*,#1021,.F.);
#1362=ORIENTED_EDGE('',*,*,#1022,.F.);
#1363=ORIENTED_EDGE('',*,*,#1023,.T.);
#1364=ORIENTED_EDGE('',*,*,#1024,.T.);
#1365=ORIENTED_EDGE('',*,*,#1023,.F.);
#1366=ORIENTED_EDGE('',*,*,#1024,.F.);
#1367=ORIENTED_EDGE('',*,*,#1025,.F.);
#1368=ORIENTED_EDGE('',*,*,#1026,.T.);
#1369=ORIENTED_EDGE('',*,*,#1027,.F.);
#1370=ORIENTED_EDGE('',*,*,#1026,.F.);
#1371=ORIENTED_EDGE('',*,*,#1028,.F.);
#1372=ORIENTED_EDGE('',*,*,#1029,.T.);
#1373=ORIENTED_EDGE('',*,*,#1030,.T.);
#1374=ORIENTED_EDGE('',*,*,#1029,.F.);
#1375=ORIENTED_EDGE('',*,*,#1031,.F.);
#1376=ORIENTED_EDGE('',*,*,#1032,.T.);
#1377=ORIENTED_EDGE('',*,*,#1033,.F.);
#1378=ORIENTED_EDGE('',*,*,#1032,.F.);
#1379=ORIENTED_EDGE('',*,*,#1034,.F.);
#1380=ORIENTED_EDGE('',*,*,#1035,.T.);
#1381=ORIENTED_EDGE('',*,*,#1036,.T.);
#1382=ORIENTED_EDGE('',*,*,#1035,.F.);
#1383=ORIENTED_EDGE('',*,*,#912,.F.);
#1384=ORIENTED_EDGE('',*,*,#1037,.T.);
#1385=ORIENTED_EDGE('',*,*,#1038,.F.);
#1386=ORIENTED_EDGE('',*,*,#1037,.F.);
#1387=ORIENTED_EDGE('',*,*,#911,.F.);
#1388=ORIENTED_EDGE('',*,*,#1039,.T.);
#1389=ORIENTED_EDGE('',*,*,#1040,.F.);
#1390=ORIENTED_EDGE('',*,*,#1039,.F.);
#1391=ORIENTED_EDGE('',*,*,#910,.F.);
#1392=ORIENTED_EDGE('',*,*,#1041,.T.);
#1393=ORIENTED_EDGE('',*,*,#1042,.F.);
#1394=ORIENTED_EDGE('',*,*,#1041,.F.);
#1395=ORIENTED_EDGE('',*,*,#909,.F.);
#1396=ORIENTED_EDGE('',*,*,#1043,.T.);
#1397=ORIENTED_EDGE('',*,*,#1044,.F.);
#1398=ORIENTED_EDGE('',*,*,#1043,.F.);
#1399=ORIENTED_EDGE('',*,*,#997,.T.);
#1400=ORIENTED_EDGE('',*,*,#1002,.F.);
#1401=ORIENTED_EDGE('',*,*,#1000,.F.);
#1402=ORIENTED_EDGE('',*,*,#1005,.T.);
#1403=ORIENTED_EDGE('',*,*,#1003,.F.);
#1404=ORIENTED_EDGE('',*,*,#1042,.T.);
#1405=ORIENTED_EDGE('',*,*,#995,.T.);
#1406=ORIENTED_EDGE('',*,*,#993,.T.);
#1407=ORIENTED_EDGE('',*,*,#987,.F.);
#1408=ORIENTED_EDGE('',*,*,#990,.T.);
#1409=ORIENTED_EDGE('',*,*,#992,.T.);
#1410=ORIENTED_EDGE('',*,*,#1038,.T.);
#1411=ORIENTED_EDGE('',*,*,#1006,.F.);
#1412=ORIENTED_EDGE('',*,*,#973,.F.);
#1413=ORIENTED_EDGE('',*,*,#1013,.T.);
#1414=ORIENTED_EDGE('',*,*,#1045,.F.);
#1415=ORIENTED_EDGE('',*,*,#1045,.T.);
#1416=ORIENTED_EDGE('',*,*,#1012,.T.);
#1417=ORIENTED_EDGE('',*,*,#1015,.T.);
#1418=ORIENTED_EDGE('',*,*,#1016,.F.);
#1419=ORIENTED_EDGE('',*,*,#1009,.T.);
#1420=ORIENTED_EDGE('',*,*,#1007,.T.);
#1421=ORIENTED_EDGE('',*,*,#1040,.T.);
#1422=ORIENTED_EDGE('',*,*,#981,.T.);
#1423=ORIENTED_EDGE('',*,*,#1046,.F.);
#1424=ORIENTED_EDGE('',*,*,#984,.F.);
#1425=ORIENTED_EDGE('',*,*,#955,.F.);
#1426=ORIENTED_EDGE('',*,*,#1046,.T.);
#1427=ORIENTED_EDGE('',*,*,#980,.F.);
#1428=ORIENTED_EDGE('',*,*,#978,.T.);
#1429=ORIENTED_EDGE('',*,*,#983,.F.);
#1430=ORIENTED_EDGE('',*,*,#985,.F.);
#1431=ORIENTED_EDGE('',*,*,#1044,.T.);
#1432=ORIENTED_EDGE('',*,*,#1047,.T.);
#1433=ORIENTED_EDGE('',*,*,#1048,.T.);
#1434=ORIENTED_EDGE('',*,*,#1049,.T.);
#1435=ORIENTED_EDGE('',*,*,#897,.T.);
#1436=ORIENTED_EDGE('',*,*,#1050,.T.);
#1437=ORIENTED_EDGE('',*,*,#898,.T.);
#1438=ORIENTED_EDGE('',*,*,#1049,.F.);
#1439=ORIENTED_EDGE('',*,*,#1051,.T.);
#1440=ORIENTED_EDGE('',*,*,#1052,.T.);
#1441=ORIENTED_EDGE('',*,*,#899,.T.);
#1442=ORIENTED_EDGE('',*,*,#1050,.F.);
#1443=ORIENTED_EDGE('',*,*,#1053,.T.);
#1444=ORIENTED_EDGE('',*,*,#879,.T.);
#1445=ORIENTED_EDGE('',*,*,#900,.T.);
#1446=ORIENTED_EDGE('',*,*,#1052,.F.);
#1447=ORIENTED_EDGE('',*,*,#1054,.T.);
#1448=ORIENTED_EDGE('',*,*,#1054,.F.);
#1449=ORIENTED_EDGE('',*,*,#1055,.T.);
#1450=ORIENTED_EDGE('',*,*,#1056,.T.);
#1451=ORIENTED_EDGE('',*,*,#1057,.T.);
#1452=ORIENTED_EDGE('',*,*,#1053,.F.);
#1453=ORIENTED_EDGE('',*,*,#1058,.F.);
#1454=ORIENTED_EDGE('',*,*,#1059,.T.);
#1455=ORIENTED_EDGE('',*,*,#1055,.F.);
#1456=ORIENTED_EDGE('',*,*,#1051,.F.);
#1457=ORIENTED_EDGE('',*,*,#1060,.T.);
#1458=ORIENTED_EDGE('',*,*,#1061,.T.);
#1459=ORIENTED_EDGE('',*,*,#1058,.T.);
#1460=ORIENTED_EDGE('',*,*,#1048,.F.);
#1461=ORIENTED_EDGE('',*,*,#1062,.T.);
#1462=ORIENTED_EDGE('',*,*,#1063,.T.);
#1463=ORIENTED_EDGE('',*,*,#1060,.F.);
#1464=ORIENTED_EDGE('',*,*,#1036,.F.);
#1465=ORIENTED_EDGE('',*,*,#1030,.F.);
#1466=ORIENTED_EDGE('',*,*,#1064,.F.);
#1467=ORIENTED_EDGE('',*,*,#932,.T.);
#1468=ORIENTED_EDGE('',*,*,#1065,.F.);
#1469=ORIENTED_EDGE('',*,*,#1065,.T.);
#1470=ORIENTED_EDGE('',*,*,#931,.T.);
#1471=ORIENTED_EDGE('',*,*,#1066,.F.);
#1472=ORIENTED_EDGE('',*,*,#1067,.F.);
#1473=ORIENTED_EDGE('',*,*,#1068,.F.);
#1474=ORIENTED_EDGE('',*,*,#1069,.T.);
#1475=ORIENTED_EDGE('',*,*,#1070,.T.);
#1476=ORIENTED_EDGE('',*,*,#927,.T.);
#1477=ORIENTED_EDGE('',*,*,#1071,.T.);
#1478=ORIENTED_EDGE('',*,*,#1070,.F.);
#1479=ORIENTED_EDGE('',*,*,#1072,.T.);
#1480=ORIENTED_EDGE('',*,*,#1073,.T.);
#1481=ORIENTED_EDGE('',*,*,#1074,.T.);
#1482=ORIENTED_EDGE('',*,*,#928,.T.);
#1483=ORIENTED_EDGE('',*,*,#881,.F.);
#1484=ORIENTED_EDGE('',*,*,#1075,.F.);
#1485=ORIENTED_EDGE('',*,*,#1076,.T.);
#1486=ORIENTED_EDGE('',*,*,#1077,.F.);
#1487=ORIENTED_EDGE('',*,*,#929,.T.);
#1488=ORIENTED_EDGE('',*,*,#1074,.F.);
#1489=ORIENTED_EDGE('',*,*,#1078,.T.);
#1490=ORIENTED_EDGE('',*,*,#1062,.F.);
#1491=ORIENTED_EDGE('',*,*,#1047,.F.);
#1492=ORIENTED_EDGE('',*,*,#896,.F.);
#1493=ORIENTED_EDGE('',*,*,#1034,.T.);
#1494=ORIENTED_EDGE('',*,*,#1031,.T.);
#1495=ORIENTED_EDGE('',*,*,#1028,.T.);
#1496=ORIENTED_EDGE('',*,*,#1025,.T.);
#1497=ORIENTED_EDGE('',*,*,#1068,.T.);
#1498=ORIENTED_EDGE('',*,*,#1079,.T.);
#1499=ORIENTED_EDGE('',*,*,#1080,.F.);
#1500=ORIENTED_EDGE('',*,*,#1081,.F.);
#1501=ORIENTED_EDGE('',*,*,#933,.F.);
#1502=ORIENTED_EDGE('',*,*,#1064,.T.);
#1503=ORIENTED_EDGE('',*,*,#880,.F.);
#1504=ORIENTED_EDGE('',*,*,#1057,.F.);
#1505=ORIENTED_EDGE('',*,*,#1082,.T.);
#1506=ORIENTED_EDGE('',*,*,#1075,.T.);
#1507=ORIENTED_EDGE('',*,*,#1083,.T.);
#1508=ORIENTED_EDGE('',*,*,#1072,.F.);
#1509=ORIENTED_EDGE('',*,*,#1069,.F.);
#1510=ORIENTED_EDGE('',*,*,#1084,.T.);
#1511=ORIENTED_EDGE('',*,*,#1085,.F.);
#1512=ORIENTED_EDGE('',*,*,#1027,.T.);
#1513=ORIENTED_EDGE('',*,*,#1086,.F.);
#1514=ORIENTED_EDGE('',*,*,#1087,.F.);
#1515=ORIENTED_EDGE('',*,*,#1088,.F.);
#1516=ORIENTED_EDGE('',*,*,#1089,.T.);
#1517=ORIENTED_EDGE('',*,*,#1090,.T.);
#1518=ORIENTED_EDGE('',*,*,#1091,.F.);
#1519=ORIENTED_EDGE('',*,*,#1092,.F.);
#1520=ORIENTED_EDGE('',*,*,#1093,.F.);
#1521=ORIENTED_EDGE('',*,*,#1094,.T.);
#1522=ORIENTED_EDGE('',*,*,#1095,.T.);
#1523=ORIENTED_EDGE('',*,*,#1096,.T.);
#1524=ORIENTED_EDGE('',*,*,#1079,.F.);
#1525=ORIENTED_EDGE('',*,*,#1067,.T.);
#1526=ORIENTED_EDGE('',*,*,#1097,.T.);
#1527=ORIENTED_EDGE('',*,*,#1033,.T.);
#1528=ORIENTED_EDGE('',*,*,#1082,.F.);
#1529=ORIENTED_EDGE('',*,*,#1056,.F.);
#1530=ORIENTED_EDGE('',*,*,#1059,.F.);
#1531=ORIENTED_EDGE('',*,*,#1061,.F.);
#1532=ORIENTED_EDGE('',*,*,#1063,.F.);
#1533=ORIENTED_EDGE('',*,*,#1078,.F.);
#1534=ORIENTED_EDGE('',*,*,#1073,.F.);
#1535=ORIENTED_EDGE('',*,*,#1083,.F.);
#1536=ORIENTED_EDGE('',*,*,#1098,.T.);
#1537=ORIENTED_EDGE('',*,*,#1099,.F.);
#1538=ORIENTED_EDGE('',*,*,#1100,.T.);
#1539=ORIENTED_EDGE('',*,*,#1089,.F.);
#1540=ORIENTED_EDGE('',*,*,#1101,.T.);
#1541=ORIENTED_EDGE('',*,*,#1102,.F.);
#1542=ORIENTED_EDGE('',*,*,#1103,.T.);
#1543=ORIENTED_EDGE('',*,*,#1094,.F.);
#1544=ORIENTED_EDGE('',*,*,#1104,.T.);
#1545=ORIENTED_EDGE('',*,*,#1105,.F.);
#1546=ORIENTED_EDGE('',*,*,#1080,.T.);
#1547=ORIENTED_EDGE('',*,*,#1096,.F.);
#1548=ORIENTED_EDGE('',*,*,#1106,.F.);
#1549=ORIENTED_EDGE('',*,*,#1076,.F.);
#1550=ORIENTED_EDGE('',*,*,#1019,.T.);
#1551=ORIENTED_EDGE('',*,*,#1022,.T.);
#1552=ORIENTED_EDGE('',*,*,#1107,.F.);
#1553=ORIENTED_EDGE('',*,*,#1084,.F.);
#1554=ORIENTED_EDGE('',*,*,#1071,.F.);
#1555=ORIENTED_EDGE('',*,*,#926,.F.);
#1556=ORIENTED_EDGE('',*,*,#1108,.F.);
#1557=ORIENTED_EDGE('',*,*,#1109,.F.);
#1558=ORIENTED_EDGE('',*,*,#1108,.T.);
#1559=ORIENTED_EDGE('',*,*,#925,.T.);
#1560=ORIENTED_EDGE('',*,*,#1107,.T.);
#1561=ORIENTED_EDGE('',*,*,#1109,.T.);
#1562=ORIENTED_EDGE('',*,*,#945,.F.);
#1563=ORIENTED_EDGE('',*,*,#1110,.F.);
#1564=ORIENTED_EDGE('',*,*,#1098,.F.);
#1565=ORIENTED_EDGE('',*,*,#1085,.T.);
#1566=ORIENTED_EDGE('',*,*,#1111,.T.);
#1567=ORIENTED_EDGE('',*,*,#1099,.T.);
#1568=ORIENTED_EDGE('',*,*,#1110,.T.);
#1569=ORIENTED_EDGE('',*,*,#944,.F.);
#1570=ORIENTED_EDGE('',*,*,#1112,.F.);
#1571=ORIENTED_EDGE('',*,*,#1090,.F.);
#1572=ORIENTED_EDGE('',*,*,#1100,.F.);
#1573=ORIENTED_EDGE('',*,*,#1111,.F.);
#1574=ORIENTED_EDGE('',*,*,#943,.F.);
#1575=ORIENTED_EDGE('',*,*,#1086,.T.);
#1576=ORIENTED_EDGE('',*,*,#1112,.T.);
#1577=ORIENTED_EDGE('',*,*,#942,.T.);
#1578=ORIENTED_EDGE('',*,*,#1113,.F.);
#1579=ORIENTED_EDGE('',*,*,#1087,.T.);
#1580=ORIENTED_EDGE('',*,*,#1113,.T.);
#1581=ORIENTED_EDGE('',*,*,#941,.T.);
#1582=ORIENTED_EDGE('',*,*,#1114,.T.);
#1583=ORIENTED_EDGE('',*,*,#1114,.F.);
#1584=ORIENTED_EDGE('',*,*,#940,.F.);
#1585=ORIENTED_EDGE('',*,*,#1115,.F.);
#1586=ORIENTED_EDGE('',*,*,#1101,.F.);
#1587=ORIENTED_EDGE('',*,*,#1088,.T.);
#1588=ORIENTED_EDGE('',*,*,#1116,.T.);
#1589=ORIENTED_EDGE('',*,*,#1102,.T.);
#1590=ORIENTED_EDGE('',*,*,#1115,.T.);
#1591=ORIENTED_EDGE('',*,*,#939,.F.);
#1592=ORIENTED_EDGE('',*,*,#1117,.F.);
#1593=ORIENTED_EDGE('',*,*,#1095,.F.);
#1594=ORIENTED_EDGE('',*,*,#1103,.F.);
#1595=ORIENTED_EDGE('',*,*,#1116,.F.);
#1596=ORIENTED_EDGE('',*,*,#938,.F.);
#1597=ORIENTED_EDGE('',*,*,#1091,.T.);
#1598=ORIENTED_EDGE('',*,*,#1117,.T.);
#1599=ORIENTED_EDGE('',*,*,#937,.T.);
#1600=ORIENTED_EDGE('',*,*,#1118,.F.);
#1601=ORIENTED_EDGE('',*,*,#1092,.T.);
#1602=ORIENTED_EDGE('',*,*,#1118,.T.);
#1603=ORIENTED_EDGE('',*,*,#936,.T.);
#1604=ORIENTED_EDGE('',*,*,#1119,.T.);
#1605=ORIENTED_EDGE('',*,*,#1119,.F.);
#1606=ORIENTED_EDGE('',*,*,#935,.F.);
#1607=ORIENTED_EDGE('',*,*,#1120,.F.);
#1608=ORIENTED_EDGE('',*,*,#1104,.F.);
#1609=ORIENTED_EDGE('',*,*,#1093,.T.);
#1610=ORIENTED_EDGE('',*,*,#1120,.T.);
#1611=ORIENTED_EDGE('',*,*,#934,.F.);
#1612=ORIENTED_EDGE('',*,*,#1081,.T.);
#1613=ORIENTED_EDGE('',*,*,#1105,.T.);
#1614=ORIENTED_EDGE('',*,*,#930,.T.);
#1615=ORIENTED_EDGE('',*,*,#1077,.T.);
#1616=ORIENTED_EDGE('',*,*,#1106,.T.);
#1617=ORIENTED_EDGE('',*,*,#1097,.F.);
#1618=ORIENTED_EDGE('',*,*,#1066,.T.);
#1619=PLANE('',#1788);
#1620=PLANE('',#1798);
#1621=PLANE('',#1799);
#1622=PLANE('',#1800);
#1623=PLANE('',#1812);
#1624=PLANE('',#1813);
#1625=PLANE('',#1814);
#1626=PLANE('',#1815);
#1627=PLANE('',#1816);
#1628=PLANE('',#1817);
#1629=PLANE('',#1829);
#1630=PLANE('',#1830);
#1631=PLANE('',#1831);
#1632=PLANE('',#1832);
#1633=PLANE('',#1833);
#1634=PLANE('',#1834);
#1635=PLANE('',#1835);
#1636=PLANE('',#1836);
#1637=PLANE('',#1837);
#1638=PLANE('',#1838);
#1639=PLANE('',#1839);
#1640=PLANE('',#1842);
#1641=PLANE('',#1843);
#1642=PLANE('',#1844);
#1643=PLANE('',#1845);
#1644=PLANE('',#1848);
#1645=PLANE('',#1849);
#1646=PLANE('',#1850);
#1647=PLANE('',#1851);
#1648=PLANE('',#1852);
#1649=PLANE('',#1859);
#1650=PLANE('',#1863);
#1651=PLANE('',#1884);
#1652=PLANE('',#1885);
#1653=PLANE('',#1888);
#1654=PLANE('',#1891);
#1655=PLANE('',#1904);
#1656=PLANE('',#1907);
#1657=PLANE('',#1908);
#1658=PLANE('',#1909);
#1659=PLANE('',#1910);
#1660=PLANE('',#1911);
#1661=PLANE('',#1912);
#1662=PLANE('',#1913);
#1663=PLANE('',#1914);
#1664=PLANE('',#1915);
#1665=PLANE('',#1916);
#1666=PLANE('',#1921);
#1667=PLANE('',#1922);
#1668=PLANE('',#1923);
#1669=PLANE('',#1924);
#1670=PLANE('',#1925);
#1671=PLANE('',#1926);
#1672=PLANE('',#1927);
#1673=PLANE('',#1928);
#1674=PLANE('',#1929);
#1675=PLANE('',#1930);
#1676=PLANE('',#1931);
#1677=PLANE('',#1932);
#1678=PLANE('',#1933);
#1679=ADVANCED_FACE('',(#146),#1619,.T.);
#1680=ADVANCED_FACE('',(#147),#118,.T.);
#1681=ADVANCED_FACE('',(#148),#119,.T.);
#1682=ADVANCED_FACE('',(#149),#120,.T.);
#1683=ADVANCED_FACE('',(#150),#1620,.T.);
#1684=ADVANCED_FACE('',(#151),#1621,.T.);
#1685=ADVANCED_FACE('',(#152,#40,#41,#42,#43,#44),#1622,.T.);
#1686=ADVANCED_FACE('',(#153),#1623,.T.);
#1687=ADVANCED_FACE('',(#154),#1624,.T.);
#1688=ADVANCED_FACE('',(#155),#1625,.T.);
#1689=ADVANCED_FACE('',(#156),#1626,.T.);
#1690=ADVANCED_FACE('',(#157),#1627,.T.);
#1691=ADVANCED_FACE('',(#158,#45,#46,#47,#48,#49),#1628,.F.);
#1692=ADVANCED_FACE('',(#159),#121,.T.);
#1693=ADVANCED_FACE('',(#160),#122,.T.);
#1694=ADVANCED_FACE('',(#161),#1629,.T.);
#1695=ADVANCED_FACE('',(#162),#1630,.T.);
#1696=ADVANCED_FACE('',(#163),#1631,.T.);
#1697=ADVANCED_FACE('',(#164),#1632,.T.);
#1698=ADVANCED_FACE('',(#165),#1633,.T.);
#1699=ADVANCED_FACE('',(#166),#1634,.T.);
#1700=ADVANCED_FACE('',(#167),#1635,.T.);
#1701=ADVANCED_FACE('',(#168),#1636,.T.);
#1702=ADVANCED_FACE('',(#169),#1637,.T.);
#1703=ADVANCED_FACE('',(#170),#1638,.T.);
#1704=ADVANCED_FACE('',(#171),#1639,.T.);
#1705=ADVANCED_FACE('',(#172),#123,.T.);
#1706=ADVANCED_FACE('',(#173),#1640,.T.);
#1707=ADVANCED_FACE('',(#174),#1641,.T.);
#1708=ADVANCED_FACE('',(#175),#1642,.T.);
#1709=ADVANCED_FACE('',(#176),#1643,.T.);
#1710=ADVANCED_FACE('',(#177),#124,.T.);
#1711=ADVANCED_FACE('',(#178),#1644,.T.);
#1712=ADVANCED_FACE('',(#179),#1645,.T.);
#1713=ADVANCED_FACE('',(#180),#1646,.T.);
#1714=ADVANCED_FACE('',(#181),#1647,.T.);
#1715=ADVANCED_FACE('',(#182),#1648,.T.);
#1716=ADVANCED_FACE('',(#183),#125,.F.);
#1717=ADVANCED_FACE('',(#184),#126,.F.);
#1718=ADVANCED_FACE('',(#185),#127,.F.);
#1719=ADVANCED_FACE('',(#186),#128,.F.);
#1720=ADVANCED_FACE('',(#187),#1649,.F.);
#1721=ADVANCED_FACE('',(#188),#129,.F.);
#1722=ADVANCED_FACE('',(#189),#1650,.F.);
#1723=ADVANCED_FACE('',(#190),#130,.F.);
#1724=ADVANCED_FACE('',(#191),#131,.F.);
#1725=ADVANCED_FACE('',(#192),#132,.F.);
#1726=ADVANCED_FACE('',(#193),#133,.F.);
#1727=ADVANCED_FACE('',(#194),#134,.F.);
#1728=ADVANCED_FACE('',(#195),#135,.F.);
#1729=ADVANCED_FACE('',(#196),#136,.F.);
#1730=ADVANCED_FACE('',(#197),#137,.F.);
#1731=ADVANCED_FACE('',(#198,#50),#1651,.T.);
#1732=ADVANCED_FACE('',(#199,#51),#1652,.T.);
#1733=ADVANCED_FACE('',(#200),#138,.T.);
#1734=ADVANCED_FACE('',(#201,#52),#1653,.T.);
#1735=ADVANCED_FACE('',(#202),#139,.T.);
#1736=ADVANCED_FACE('',(#203,#53),#1654,.T.);
#1737=ADVANCED_FACE('',(#204),#140,.T.);
#1738=ADVANCED_FACE('',(#205),#20,.T.);
#1739=ADVANCED_FACE('',(#206),#141,.T.);
#1740=ADVANCED_FACE('',(#207),#21,.T.);
#1741=ADVANCED_FACE('',(#208),#142,.T.);
#1742=ADVANCED_FACE('',(#209),#1655,.T.);
#1743=ADVANCED_FACE('',(#210),#143,.T.);
#1744=ADVANCED_FACE('',(#211),#1656,.T.);
#1745=ADVANCED_FACE('',(#212),#1657,.F.);
#1746=ADVANCED_FACE('',(#213),#1658,.F.);
#1747=ADVANCED_FACE('',(#214),#1659,.F.);
#1748=ADVANCED_FACE('',(#215),#1660,.T.);
#1749=ADVANCED_FACE('',(#216),#15,.T.);
#1750=ADVANCED_FACE('',(#217),#1661,.T.);
#1751=ADVANCED_FACE('',(#218,#54,#55,#56,#57),#1662,.F.);
#1752=ADVANCED_FACE('',(#219),#1663,.F.);
#1753=ADVANCED_FACE('',(#220),#1664,.T.);
#1754=ADVANCED_FACE('',(#221,#58),#1665,.T.);
#1755=ADVANCED_FACE('',(#222),#144,.T.);
#1756=ADVANCED_FACE('',(#223),#145,.T.);
#1757=ADVANCED_FACE('',(#224,#59),#1666,.T.);
#1758=ADVANCED_FACE('',(#225,#60,#61),#1667,.F.);
#1759=ADVANCED_FACE('',(#226),#1668,.T.);
#1760=ADVANCED_FACE('',(#227),#1669,.T.);
#1761=ADVANCED_FACE('',(#228),#1670,.F.);
#1762=ADVANCED_FACE('',(#229),#1671,.F.);
#1763=ADVANCED_FACE('',(#230),#1672,.T.);
#1764=ADVANCED_FACE('',(#231),#16,.T.);
#1765=ADVANCED_FACE('',(#232),#17,.T.);
#1766=ADVANCED_FACE('',(#233),#1673,.T.);
#1767=ADVANCED_FACE('',(#234),#1674,.F.);
#1768=ADVANCED_FACE('',(#235),#1675,.T.);
#1769=ADVANCED_FACE('',(#236),#18,.T.);
#1770=ADVANCED_FACE('',(#237),#19,.T.);
#1771=ADVANCED_FACE('',(#238),#1676,.T.);
#1772=ADVANCED_FACE('',(#239),#1677,.F.);
#1773=ADVANCED_FACE('',(#240),#1678,.T.);
#1774=CLOSED_SHELL('',(#1679,#1680,#1681,#1682,#1683,#1684,#1685,#1686,
#1687,#1688,#1689,#1690,#1691,#1692,#1693,#1694,#1695,#1696,#1697,#1698,
#1699,#1700,#1701,#1702,#1703,#1704,#1705,#1706,#1707,#1708,#1709,#1710,
#1711,#1712,#1713,#1714,#1715,#1716,#1717,#1718,#1719,#1720,#1721,#1722,
#1723,#1724,#1725,#1726,#1727,#1728,#1729,#1730,#1731,#1732,#1733,#1734,
#1735,#1736,#1737,#1738,#1739,#1740,#1741,#1742,#1743,#1744,#1745,#1746,
#1747,#1748,#1749,#1750,#1751,#1752,#1753,#1754,#1755,#1756,#1757,#1758,
#1759,#1760,#1761,#1762,#1763,#1764,#1765,#1766,#1767,#1768,#1769,#1770,
#1771,#1772,#1773));
#1775=DERIVED_UNIT_ELEMENT(#1777,1.);
#1776=DERIVED_UNIT_ELEMENT(#3317,-3.);
#1777=(
MASS_UNIT()
NAMED_UNIT(*)
SI_UNIT(.KILO.,.GRAM.)
);
#1778=DERIVED_UNIT((#1775,#1776));
#1779=MEASURE_REPRESENTATION_ITEM('density measure',
POSITIVE_RATIO_MEASURE(7850.),#1778);
#1780=PROPERTY_DEFINITION_REPRESENTATION(#1785,#1782);
#1781=PROPERTY_DEFINITION_REPRESENTATION(#1786,#1783);
#1782=REPRESENTATION('material name',(#1784),#3314);
#1783=REPRESENTATION('density',(#1779),#3314);
#1784=DESCRIPTIVE_REPRESENTATION_ITEM('Steel','Steel');
#1785=PROPERTY_DEFINITION('material property','material name',#3324);
#1786=PROPERTY_DEFINITION('material property','density of part',#3324);
#1787=AXIS2_PLACEMENT_3D('',#2403,#1934,#1935);
#1788=AXIS2_PLACEMENT_3D('',#2404,#1936,#1937);
#1789=AXIS2_PLACEMENT_3D('',#2417,#1944,#1945);
#1790=AXIS2_PLACEMENT_3D('',#2422,#1947,#1948);
#1791=AXIS2_PLACEMENT_3D('',#2425,#1950,#1951);
#1792=AXIS2_PLACEMENT_3D('',#2426,#1952,#1953);
#1793=AXIS2_PLACEMENT_3D('',#2428,#1954,#1955);
#1794=AXIS2_PLACEMENT_3D('',#2431,#1957,#1958);
#1795=AXIS2_PLACEMENT_3D('',#2432,#1959,#1960);
#1796=AXIS2_PLACEMENT_3D('',#2435,#1961,#1962);
#1797=AXIS2_PLACEMENT_3D('',#2439,#1964,#1965);
#1798=AXIS2_PLACEMENT_3D('',#2441,#1967,#1968);
#1799=AXIS2_PLACEMENT_3D('',#2449,#1973,#1974);
#1800=AXIS2_PLACEMENT_3D('',#2455,#1978,#1979);
#1801=AXIS2_PLACEMENT_3D('',#2461,#1982,#1983);
#1802=AXIS2_PLACEMENT_3D('',#2464,#1985,#1986);
#1803=AXIS2_PLACEMENT_3D('',#2466,#1987,#1988);
#1804=AXIS2_PLACEMENT_3D('',#2468,#1989,#1990);
#1805=AXIS2_PLACEMENT_3D('',#2470,#1991,#1992);
#1806=AXIS2_PLACEMENT_3D('',#2472,#1993,#1994);
#1807=AXIS2_PLACEMENT_3D('',#2474,#1995,#1996);
#1808=AXIS2_PLACEMENT_3D('',#2480,#2000,#2001);
#1809=AXIS2_PLACEMENT_3D('',#2482,#2002,#2003);
#1810=AXIS2_PLACEMENT_3D('',#2484,#2004,#2005);
#1811=AXIS2_PLACEMENT_3D('',#2486,#2006,#2007);
#1812=AXIS2_PLACEMENT_3D('',#2487,#2008,#2009);
#1813=AXIS2_PLACEMENT_3D('',#2495,#2014,#2015);
#1814=AXIS2_PLACEMENT_3D('',#2499,#2018,#2019);
#1815=AXIS2_PLACEMENT_3D('',#2503,#2022,#2023);
#1816=AXIS2_PLACEMENT_3D('',#2507,#2026,#2027);
#1817=AXIS2_PLACEMENT_3D('',#2511,#2030,#2031);
#1818=AXIS2_PLACEMENT_3D('',#2619,#2051,#2052);
#1819=AXIS2_PLACEMENT_3D('',#2630,#2058,#2059);
#1820=AXIS2_PLACEMENT_3D('',#2635,#2061,#2062);
#1821=AXIS2_PLACEMENT_3D('',#2644,#2068,#2069);
#1822=AXIS2_PLACEMENT_3D('',#2646,#2070,#2071);
#1823=AXIS2_PLACEMENT_3D('',#2648,#2072,#2073);
#1824=AXIS2_PLACEMENT_3D('',#2650,#2074,#2075);
#1825=AXIS2_PLACEMENT_3D('',#2651,#2076,#2077);
#1826=AXIS2_PLACEMENT_3D('',#2663,#2083,#2084);
#1827=AXIS2_PLACEMENT_3D('',#2664,#2085,#2086);
#1828=AXIS2_PLACEMENT_3D('',#2666,#2088,#2089);
#1829=AXIS2_PLACEMENT_3D('',#2668,#2091,#2092);
#1830=AXIS2_PLACEMENT_3D('',#2669,#2093,#2094);
#1831=AXIS2_PLACEMENT_3D('',#2671,#2096,#2097);
#1832=AXIS2_PLACEMENT_3D('',#2672,#2098,#2099);
#1833=AXIS2_PLACEMENT_3D('',#2678,#2103,#2104);
#1834=AXIS2_PLACEMENT_3D('',#2682,#2107,#2108);
#1835=AXIS2_PLACEMENT_3D('',#2686,#2111,#2112);
#1836=AXIS2_PLACEMENT_3D('',#2690,#2115,#2116);
#1837=AXIS2_PLACEMENT_3D('',#2696,#2120,#2121);
#1838=AXIS2_PLACEMENT_3D('',#2700,#2124,#2125);
#1839=AXIS2_PLACEMENT_3D('',#2704,#2128,#2129);
#1840=AXIS2_PLACEMENT_3D('',#2708,#2132,#2133);
#1841=AXIS2_PLACEMENT_3D('',#2709,#2134,#2135);
#1842=AXIS2_PLACEMENT_3D('',#2710,#2136,#2137);
#1843=AXIS2_PLACEMENT_3D('',#2716,#2141,#2142);
#1844=AXIS2_PLACEMENT_3D('',#2722,#2146,#2147);
#1845=AXIS2_PLACEMENT_3D('',#2724,#2149,#2150);
#1846=AXIS2_PLACEMENT_3D('',#2728,#2153,#2154);
#1847=AXIS2_PLACEMENT_3D('',#2729,#2155,#2156);
#1848=AXIS2_PLACEMENT_3D('',#2730,#2157,#2158);
#1849=AXIS2_PLACEMENT_3D('',#2736,#2162,#2163);
#1850=AXIS2_PLACEMENT_3D('',#2740,#2166,#2167);
#1851=AXIS2_PLACEMENT_3D('',#2746,#2171,#2172);
#1852=AXIS2_PLACEMENT_3D('',#2750,#2175,#2176);
#1853=AXIS2_PLACEMENT_3D('',#2752,#2178,#2179);
#1854=AXIS2_PLACEMENT_3D('',#2755,#2182,#2183);
#1855=AXIS2_PLACEMENT_3D('',#2756,#2184,#2185);
#1856=AXIS2_PLACEMENT_3D('',#2757,#2186,#2187);
#1857=AXIS2_PLACEMENT_3D('',#2759,#2188,#2189);
#1858=AXIS2_PLACEMENT_3D('',#2762,#2191,#2192);
#1859=AXIS2_PLACEMENT_3D('',#2763,#2193,#2194);
#1860=AXIS2_PLACEMENT_3D('',#2764,#2195,#2196);
#1861=AXIS2_PLACEMENT_3D('',#2766,#2197,#2198);
#1862=AXIS2_PLACEMENT_3D('',#2769,#2200,#2201);
#1863=AXIS2_PLACEMENT_3D('',#2770,#2202,#2203);
#1864=AXIS2_PLACEMENT_3D('',#2771,#2204,#2205);
#1865=AXIS2_PLACEMENT_3D('',#2773,#2206,#2207);
#1866=AXIS2_PLACEMENT_3D('',#2776,#2209,#2210);
#1867=AXIS2_PLACEMENT_3D('',#2777,#2211,#2212);
#1868=AXIS2_PLACEMENT_3D('',#2779,#2213,#2214);
#1869=AXIS2_PLACEMENT_3D('',#2782,#2216,#2217);
#1870=AXIS2_PLACEMENT_3D('',#2783,#2218,#2219);
#1871=AXIS2_PLACEMENT_3D('',#2785,#2220,#2221);
#1872=AXIS2_PLACEMENT_3D('',#2788,#2223,#2224);
#1873=AXIS2_PLACEMENT_3D('',#2789,#2225,#2226);
#1874=AXIS2_PLACEMENT_3D('',#2791,#2227,#2228);
#1875=AXIS2_PLACEMENT_3D('',#2794,#2230,#2231);
#1876=AXIS2_PLACEMENT_3D('',#2795,#2232,#2233);
#1877=AXIS2_PLACEMENT_3D('',#2798,#2235,#2236);
#1878=AXIS2_PLACEMENT_3D('',#2799,#2237,#2238);
#1879=AXIS2_PLACEMENT_3D('',#2802,#2240,#2241);
#1880=AXIS2_PLACEMENT_3D('',#2803,#2242,#2243);
#1881=AXIS2_PLACEMENT_3D('',#2806,#2245,#2246);
#1882=AXIS2_PLACEMENT_3D('',#2807,#2247,#2248);
#1883=AXIS2_PLACEMENT_3D('',#2810,#2250,#2251);
#1884=AXIS2_PLACEMENT_3D('',#2811,#2252,#2253);
#1885=AXIS2_PLACEMENT_3D('',#2812,#2254,#2255);
#1886=AXIS2_PLACEMENT_3D('',#2813,#2256,#2257);
#1887=AXIS2_PLACEMENT_3D('',#2814,#2258,#2259);
#1888=AXIS2_PLACEMENT_3D('',#2815,#2260,#2261);
#1889=AXIS2_PLACEMENT_3D('',#2816,#2262,#2263);
#1890=AXIS2_PLACEMENT_3D('',#2817,#2264,#2265);
#1891=AXIS2_PLACEMENT_3D('',#2818,#2266,#2267);
#1892=AXIS2_PLACEMENT_3D('',#2819,#2268,#2269);
#1893=AXIS2_PLACEMENT_3D('',#2821,#2270,#2271);
#1894=AXIS2_PLACEMENT_3D('',#2824,#2273,#2274);
#1895=AXIS2_PLACEMENT_3D('',#2825,#2275,#2276);
#1896=AXIS2_PLACEMENT_3D('',#2827,#2277,#2278);
#1897=AXIS2_PLACEMENT_3D('',#2828,#2279,#2280);
#1898=AXIS2_PLACEMENT_3D('',#2829,#2281,#2282);
#1899=AXIS2_PLACEMENT_3D('',#2831,#2283,#2284);
#1900=AXIS2_PLACEMENT_3D('',#2833,#2286,#2287);
#1901=AXIS2_PLACEMENT_3D('',#2834,#2288,#2289);
#1902=AXIS2_PLACEMENT_3D('',#2835,#2290,#2291);
#1903=AXIS2_PLACEMENT_3D('',#2839,#2293,#2294);
#1904=AXIS2_PLACEMENT_3D('',#2841,#2296,#2297);
#1905=AXIS2_PLACEMENT_3D('',#2845,#2300,#2301);
#1906=AXIS2_PLACEMENT_3D('',#2848,#2303,#2304);
#1907=AXIS2_PLACEMENT_3D('',#2849,#2305,#2306);
#1908=AXIS2_PLACEMENT_3D('',#2853,#2309,#2310);
#1909=AXIS2_PLACEMENT_3D('',#2854,#2311,#2312);
#1910=AXIS2_PLACEMENT_3D('',#2855,#2313,#2314);
#1911=AXIS2_PLACEMENT_3D('',#2859,#2317,#2318);
#1912=AXIS2_PLACEMENT_3D('',#2911,#2322,#2323);
#1913=AXIS2_PLACEMENT_3D('',#2917,#2327,#2328);
#1914=AXIS2_PLACEMENT_3D('',#2924,#2333,#2334);
#1915=AXIS2_PLACEMENT_3D('',#2930,#2338,#2339);
#1916=AXIS2_PLACEMENT_3D('',#2932,#2341,#2342);
#1917=AXIS2_PLACEMENT_3D('',#2938,#2346,#2347);
#1918=AXIS2_PLACEMENT_3D('',#3036,#2349,#2350);
#1919=AXIS2_PLACEMENT_3D('',#3038,#2352,#2353);
#1920=AXIS2_PLACEMENT_3D('',#3135,#2355,#2356);
#1921=AXIS2_PLACEMENT_3D('',#3137,#2358,#2359);
#1922=AXIS2_PLACEMENT_3D('',#3141,#2362,#2363);
#1923=AXIS2_PLACEMENT_3D('',#3156,#2373,#2374);
#1924=AXIS2_PLACEMENT_3D('',#3160,#2377,#2378);
#1925=AXIS2_PLACEMENT_3D('',#3162,#2380,#2381);
#1926=AXIS2_PLACEMENT_3D('',#3164,#2383,#2384);
#1927=AXIS2_PLACEMENT_3D('',#3166,#2386,#2387);
#1928=AXIS2_PLACEMENT_3D('',#3235,#2388,#2389);
#1929=AXIS2_PLACEMENT_3D('',#3237,#2391,#2392);
#1930=AXIS2_PLACEMENT_3D('',#3239,#2394,#2395);
#1931=AXIS2_PLACEMENT_3D('',#3308,#2396,#2397);
#1932=AXIS2_PLACEMENT_3D('',#3310,#2399,#2400);
#1933=AXIS2_PLACEMENT_3D('',#3311,#2401,#2402);
#1934=DIRECTION('axis',(0.,0.,1.));
#1935=DIRECTION('refdir',(1.,0.,0.));
#1936=DIRECTION('center_axis',(1.11021725229279E-16,0.342020143325667,0.939692620785909));
#1937=DIRECTION('ref_axis',(-1.,2.59375543640937E-16,2.37418748690117E-17));
#1938=DIRECTION('',(-1.,2.59375543640937E-16,2.37418748690117E-17));
#1939=DIRECTION('',(0.,-0.939692620785909,0.342020143325668));
#1940=DIRECTION('',(1.,6.86275745135633E-16,1.91783043263764E-15));
#1941=DIRECTION('',(-3.70074341541719E-16,0.939692620785909,-0.342020143325668));
#1942=DIRECTION('',(-1.,3.79716663751809E-17,1.04326295944874E-16));
#1943=DIRECTION('',(0.,0.939692620785909,-0.342020143325668));
#1944=DIRECTION('center_axis',(7.60942069395211E-17,-0.342020143325668,
-0.939692620785909));
#1945=DIRECTION('ref_axis',(-0.707106781186551,-0.664463024388671,0.241844762647974));
#1946=DIRECTION('',(-7.60942069395211E-17,0.342020143325668,0.939692620785909));
#1947=DIRECTION('center_axis',(7.59437276011497E-16,0.342020143325665,0.93969262078591));
#1948=DIRECTION('ref_axis',(-1.,2.22044604925031E-15,0.));
#1949=DIRECTION('',(7.60942069395211E-17,-0.342020143325668,-0.939692620785909));
#1950=DIRECTION('center_axis',(1.08673789965299E-16,-1.42547451204917E-48,
1.));
#1951=DIRECTION('ref_axis',(7.17247013770974E-16,-1.,-5.4293464706739E-31));
#1952=DIRECTION('center_axis',(0.,-0.939692620785909,0.342020143325668));
#1953=DIRECTION('ref_axis',(0.962972936583851,0.092207973116629,0.253339324031618));
#1954=DIRECTION('center_axis',(1.08673789965299E-16,-0.939692620785909,
0.342020143325668));
#1955=DIRECTION('ref_axis',(0.962972936583851,0.092207973116629,0.253339324031618));
#1956=DIRECTION('',(0.,-0.939692620785909,0.342020143325668));
#1957=DIRECTION('center_axis',(-1.3363321038443E-17,0.939692620785909,-0.342020143325668));
#1958=DIRECTION('ref_axis',(0.962972936583851,0.0922079731166291,0.253339324031618));
#1959=DIRECTION('center_axis',(0.,-0.939692620785909,0.342020143325668));
#1960=DIRECTION('ref_axis',(-0.999793983363842,0.00694217343260141,0.0190734647480102));
#1961=DIRECTION('center_axis',(1.08673789965299E-16,-0.939692620785909,
0.342020143325668));
#1962=DIRECTION('ref_axis',(-0.999793983363842,0.00694217343260141,0.0190734647480102));
#1963=DIRECTION('',(0.,-0.939692620785909,0.342020143325668));
#1964=DIRECTION('center_axis',(-8.74092718508665E-19,0.939692620785909,
-0.342020143325668));
#1965=DIRECTION('ref_axis',(-0.999793983363842,0.00694217343260141,0.0190734647480102));
#1966=DIRECTION('',(0.,-0.939692620785909,0.342020143325668));
#1967=DIRECTION('center_axis',(-1.,2.37324148753591E-16,6.52042739791783E-16));
#1968=DIRECTION('ref_axis',(-6.9388939039071E-16,-0.342020143325668,-0.939692620785909));
#1969=DIRECTION('',(-6.9388939039071E-16,-0.342020143325668,-0.939692620785909));
#1970=DIRECTION('',(6.9388939039071E-16,0.342020143325668,0.939692620785909));
#1971=DIRECTION('',(0.,-0.939692620785909,0.342020143325668));
#1972=DIRECTION('',(1.20794326111967E-29,0.939692620785915,-0.342020143325651));
#1973=DIRECTION('center_axis',(0.,-0.342020143325668,-0.939692620785909));
#1974=DIRECTION('ref_axis',(-1.,0.,0.));
#1975=DIRECTION('',(-1.,2.71129655723741E-12,7.44922606845486E-12));
#1976=DIRECTION('',(1.,5.08159081474915E-16,-1.84954779928923E-16));
#1977=DIRECTION('',(3.70074341541719E-16,-0.939692620785909,0.342020143325668));
#1978=DIRECTION('center_axis',(1.08673789965299E-16,-0.939692620785909,
0.342020143325668));
#1979=DIRECTION('ref_axis',(6.16297582203915E-33,-0.342020143325668,-0.939692620785909));
#1980=DIRECTION('',(1.,7.60942069395211E-17,-1.08673789965299E-16));
#1981=DIRECTION('',(-7.60942069395211E-17,-0.342020143325668,-0.939692620785909));
#1982=DIRECTION('center_axis',(-1.08673789965299E-16,0.939692620785909,
-0.342020143325668));
#1983=DIRECTION('ref_axis',(0.707106781186548,0.241844762647975,0.664463024388675));
#1984=DIRECTION('',(1.,1.15648231731787E-16,6.28518935138102E-32));
#1985=DIRECTION('center_axis',(-1.08673789965299E-16,0.939692620785909,
-0.342020143325668));
#1986=DIRECTION('ref_axis',(-0.707106781186547,0.241844762647975,0.664463024388675));
#1987=DIRECTION('center_axis',(1.08673789965299E-16,-0.939692620785909,
0.342020143325668));
#1988=DIRECTION('ref_axis',(0.981409976241768,-0.065641550326488,-0.180348677300021));
#1989=DIRECTION('center_axis',(-1.08673789965299E-16,0.939692620785909,
-0.342020143325668));
#1990=DIRECTION('ref_axis',(-0.999365834978866,0.0121786446813056,0.0334605512614484));
#1991=DIRECTION('center_axis',(-1.08673789965299E-16,0.939692620785909,
-0.342020143325668));
#1992=DIRECTION('ref_axis',(0.999999923043016,0.000134180897808908,0.000368658986852124));
#1993=DIRECTION('center_axis',(-1.08673789965299E-16,0.939692620785909,
-0.342020143325668));
#1994=DIRECTION('ref_axis',(0.567280252269959,-0.281662074108907,-0.773860188530978));
#1995=DIRECTION('center_axis',(1.08673789965299E-16,-0.939692620785909,
0.342020143325668));
#1996=DIRECTION('ref_axis',(-0.614858883102241,0.269729790968724,0.741076510040787));
#1997=DIRECTION('',(-1.,2.59375543640937E-16,2.37418748690117E-17));
#1998=DIRECTION('',(1.,-2.71138998831976E-12,-7.44980050914917E-12));
#1999=DIRECTION('',(-6.93889390390664E-16,0.342020143325668,0.939692620785909));
#2000=DIRECTION('center_axis',(-1.08673789965299E-16,0.939692620785909,
-0.342020143325668));
#2001=DIRECTION('ref_axis',(2.17173858826956E-33,-0.342020143325668,-0.939692620785909));
#2002=DIRECTION('center_axis',(-1.08673789965299E-16,0.939692620785909,
-0.342020143325668));
#2003=DIRECTION('ref_axis',(2.17173858826956E-33,-0.342020143325668,-0.939692620785909));
#2004=DIRECTION('center_axis',(-1.08673789965299E-16,0.939692620785909,
-0.342020143325668));
#2005=DIRECTION('ref_axis',(2.17173858826956E-33,-0.342020143325668,-0.939692620785909));
#2006=DIRECTION('center_axis',(-1.08673789965299E-16,0.939692620785909,
-0.342020143325668));
#2007=DIRECTION('ref_axis',(2.17173858826956E-33,-0.342020143325668,-0.939692620785909));
#2008=DIRECTION('center_axis',(1.11021725229279E-16,0.342020143325668,0.939692620785909));
#2009=DIRECTION('ref_axis',(-1.,2.59375543640937E-16,2.37418748690117E-17));
#2010=DIRECTION('',(0.,-0.939692620785909,0.342020143325668));
#2011=DIRECTION('',(-1.,3.79716663751809E-17,1.04326295944874E-16));
#2012=DIRECTION('',(-3.70074341541719E-16,0.939692620785909,-0.342020143325668));
#2013=DIRECTION('',(1.,4.70187415099734E-16,-2.89281075873797E-16));
#2014=DIRECTION('center_axis',(7.92699239582365E-12,0.342020143325651,0.939692620785915));
#2015=DIRECTION('ref_axis',(1.,0.,-8.43572911022105E-12));
#2016=DIRECTION('',(1.20301288046204E-29,-0.939692620785915,0.342020143325651));
#2017=DIRECTION('',(-1.,2.71149210827826E-12,7.44976334052395E-12));
#2018=DIRECTION('center_axis',(1.,2.37324148753575E-16,6.5204273979174E-16));
#2019=DIRECTION('ref_axis',(-6.93889390390664E-16,0.342020143325668,0.939692620785909));
#2020=DIRECTION('',(0.,-0.939692620785909,0.342020143325668));
#2021=DIRECTION('',(6.93889390390664E-16,-0.342020143325668,-0.939692620785909));
#2022=DIRECTION('center_axis',(-4.50130095451883E-32,0.939692620785909,
-0.342020143325668));
#2023=DIRECTION('ref_axis',(-1.,4.08920324998463E-32,2.23407873548919E-32));
#2024=DIRECTION('',(1.,8.41177407646697E-33,2.31111593326468E-33));
#2025=DIRECTION('',(0.,-0.342020143325667,-0.939692620785909));
#2026=DIRECTION('center_axis',(0.,-0.342020143325667,-0.939692620785909));
#2027=DIRECTION('ref_axis',(-1.,0.,0.));
#2028=DIRECTION('',(-1.,2.71149210827826E-12,7.44976334052395E-12));
#2029=DIRECTION('',(-3.70074341541719E-16,0.939692620785909,-0.342020143325668));
#2030=DIRECTION('center_axis',(7.11403382463673E-33,-0.939692620785909,
0.342020143325668));
#2031=DIRECTION('ref_axis',(5.97481376166947E-33,0.342020143325668,0.939692620785909));
#2032=DIRECTION('',(-5.97481376166947E-33,-0.342020143325668,-0.939692620785909));
#2033=DIRECTION('',(-1.,-1.28292706084427E-48,2.0800043399382E-32));
#2034=DIRECTION('',(5.97481376166947E-33,0.342020143325668,0.939692620785909));
#2035=DIRECTION('',(-1.,5.75462185954779E-17,1.08673789965299E-16));
#2036=DIRECTION('',(4.20123213471344E-208,-0.342020143325668,-0.939692620785909));
#2037=DIRECTION('',(1.,-4.64149842992216E-33,-3.35524555280272E-32));
#2038=DIRECTION('',(-1.9545647294426E-32,-0.342020143325668,-0.939692620785909));
#2039=DIRECTION('',(7.60942069395212E-17,0.342020143325668,0.939692620785909));
#2040=DIRECTION('',(1.,5.55111512312578E-17,0.));
#2041=DIRECTION('',(-1.73739087061565E-32,-0.342020143325668,-0.939692620785909));
#2042=DIRECTION('',(1.42805233899441E-31,0.342020143325668,0.939692620785909));
#2043=DIRECTION('',(1.,5.55111512312578E-17,0.));
#2044=DIRECTION('',(-1.95456472944261E-32,-0.342020143325668,-0.939692620785909));
#2045=DIRECTION('',(1.44976972202213E-31,0.342020143325668,0.939692620785909));
#2046=DIRECTION('',(1.,5.55111512312578E-17,0.));
#2047=DIRECTION('',(-4.23038902134883E-16,-0.342020143325668,-0.939692620785909));
#2048=DIRECTION('',(5.04873476352593E-33,-0.342020143325668,-0.939692620785909));
#2049=DIRECTION('',(1.,8.41177407646691E-33,2.31111593326471E-33));
#2050=DIRECTION('',(-5.04873476352593E-33,0.342020143325668,0.939692620785909));
#2051=DIRECTION('center_axis',(-7.11403382463673E-33,0.939692620785909,
-0.342020143325668));
#2052=DIRECTION('ref_axis',(-1.,-1.72676898743442E-33,-4.74425880159061E-33));
#2053=DIRECTION('',(-1.,-8.41177407646691E-33,-2.31111593326471E-33));
#2054=DIRECTION('',(1.,1.51164525848983E-32,2.07320687398827E-32));
#2055=DIRECTION('',(-5.04873476352593E-33,0.342020143325668,0.939692620785909));
#2056=DIRECTION('',(-1.,-8.41177407646691E-33,-2.31111593326471E-33));
#2057=DIRECTION('',(5.04873476352593E-33,-0.342020143325668,-0.939692620785909));
#2058=DIRECTION('center_axis',(-7.11403382463673E-33,0.939692620785909,
-0.342020143325668));
#2059=DIRECTION('ref_axis',(-1.,-1.72676898743442E-33,-4.74425880159061E-33));
#2060=DIRECTION('',(1.,4.57714321506603E-33,-8.22444577037807E-33));
#2061=DIRECTION('center_axis',(-7.11403382463673E-33,0.939692620785909,
-0.342020143325668));
#2062=DIRECTION('ref_axis',(-1.,-1.72676898743442E-33,-4.74425880159061E-33));
#2063=DIRECTION('',(-5.04873476352593E-33,0.342020143325668,0.939692620785909));
#2064=DIRECTION('',(-1.,-8.41177407646691E-33,-2.31111593326471E-33));
#2065=DIRECTION('',(5.04873476352593E-33,-0.342020143325668,-0.939692620785909));
#2066=DIRECTION('',(-2.46519032881566E-32,-0.342020143325668,-0.939692620785909));
#2067=DIRECTION('',(-1.23259516440783E-31,0.342020143325668,0.939692620785909));
#2068=DIRECTION('center_axis',(7.11403382463673E-33,-0.939692620785909,
0.342020143325668));
#2069=DIRECTION('ref_axis',(-0.614858883102241,0.269729790968724,0.741076510040787));
#2070=DIRECTION('center_axis',(-7.11403382463673E-33,0.939692620785909,
-0.342020143325668));
#2071=DIRECTION('ref_axis',(0.567280252269959,-0.281662074108907,-0.773860188530978));
#2072=DIRECTION('center_axis',(-7.11403382463673E-33,0.939692620785909,
-0.342020143325668));
#2073=DIRECTION('ref_axis',(0.999999923043016,0.000134180897808908,0.000368658986852124));
#2074=DIRECTION('center_axis',(-7.11403382463673E-33,0.939692620785909,
-0.342020143325668));
#2075=DIRECTION('ref_axis',(-0.999365834978866,0.0121786446813056,0.0334605512614484));
#2076=DIRECTION('center_axis',(7.11403382463673E-33,-0.939692620785909,
0.342020143325668));
#2077=DIRECTION('ref_axis',(0.981409976241768,-0.065641550326488,-0.180348677300021));
#2078=DIRECTION('',(5.04873476352593E-33,-0.342020143325668,-0.939692620785909));
#2079=DIRECTION('',(1.,8.41177407646691E-33,2.31111593326471E-33));
#2080=DIRECTION('',(-5.04873476352593E-33,0.342020143325668,0.939692620785909));
#2081=DIRECTION('',(-1.,-8.41177407646691E-33,-2.31111593326471E-33));
#2082=DIRECTION('',(5.04873476352593E-33,-0.342020143325668,-0.939692620785909));
#2083=DIRECTION('center_axis',(-7.11403382463673E-33,0.939692620785909,
-0.342020143325668));
#2084=DIRECTION('ref_axis',(-1.,-1.72676898743442E-33,-4.74425880159061E-33));
#2085=DIRECTION('center_axis',(0.,0.939692620785909,-0.342020143325668));
#2086=DIRECTION('ref_axis',(0.981409976241768,-0.065641550326488,-0.180348677300021));
#2087=DIRECTION('',(0.,0.939692620785909,-0.342020143325668));
#2088=DIRECTION('center_axis',(0.,0.939692620785909,-0.342020143325668));
#2089=DIRECTION('ref_axis',(-0.614858883102241,0.269729790968724,0.741076510040787));
#2090=DIRECTION('',(0.,0.939692620785909,-0.342020143325668));
#2091=DIRECTION('center_axis',(-1.,-3.47756127888957E-16,1.26572879335251E-16));
#2092=DIRECTION('ref_axis',(-5.04873476352593E-33,0.342020143325668,0.939692620785909));
#2093=DIRECTION('center_axis',(1.,3.47756127888957E-16,-1.26572879335251E-16));
#2094=DIRECTION('ref_axis',(5.04873476352593E-33,-0.342020143325668,-0.939692620785909));
#2095=DIRECTION('',(5.04873476352593E-33,-0.342020143325668,-0.939692620785909));
#2096=DIRECTION('center_axis',(-5.40771599387381E-16,0.939692620785909,
-0.342020143325668));
#2097=DIRECTION('ref_axis',(-1.,-5.08159081474915E-16,1.84954779928923E-16));
#2098=DIRECTION('center_axis',(-5.04873476352593E-33,0.342020143325668,
0.939692620785909));
#2099=DIRECTION('ref_axis',(-1.,-8.41177407646697E-33,-2.31111593326468E-33));
#2100=DIRECTION('',(0.,-0.939692620785909,0.342020143325668));
#2101=DIRECTION('',(1.,8.41177407646697E-33,2.31111593326468E-33));
#2102=DIRECTION('',(0.,-0.939692620785909,0.342020143325668));
#2103=DIRECTION('center_axis',(-1.,-1.72676898743442E-33,-4.74425880159061E-33));
#2104=DIRECTION('ref_axis',(5.04873476352593E-33,-0.342020143325668,-0.939692620785909));
#2105=DIRECTION('',(5.04873476352593E-33,-0.342020143325668,-0.939692620785909));
#2106=DIRECTION('',(0.,0.939692620785909,-0.342020143325668));
#2107=DIRECTION('center_axis',(1.,1.72676898743442E-33,4.74425880159061E-33));
#2108=DIRECTION('ref_axis',(-5.04873476352593E-33,0.342020143325668,0.939692620785909));
#2109=DIRECTION('',(0.,-0.939692620785909,0.342020143325668));
#2110=DIRECTION('',(-5.04873476352593E-33,0.342020143325668,0.939692620785909));
#2111=DIRECTION('center_axis',(2.46519032881566E-32,-0.342020143325668,
-0.939692620785909));
#2112=DIRECTION('ref_axis',(1.,5.21634188081391E-17,-1.89859317637243E-17));
#2113=DIRECTION('',(0.,0.939692620785909,-0.342020143325668));
#2114=DIRECTION('',(1.,5.21634188081391E-17,-1.89859317637243E-17));
#2115=DIRECTION('center_axis',(-1.,-1.72676898743442E-33,-4.74425880159061E-33));
#2116=DIRECTION('ref_axis',(5.04873476352593E-33,-0.342020143325668,-0.939692620785909));
#2117=DIRECTION('',(0.,-0.939692620785909,0.342020143325668));
#2118=DIRECTION('',(5.04873476352593E-33,-0.342020143325668,-0.939692620785909));
#2119=DIRECTION('',(0.,-0.939692620785909,0.342020143325668));
#2120=DIRECTION('center_axis',(-5.04873476352593E-33,0.342020143325668,
0.939692620785909));
#2121=DIRECTION('ref_axis',(-1.,-8.41177407646697E-33,-2.31111593326468E-33));
#2122=DIRECTION('',(0.,-0.939692620785909,0.342020143325668));
#2123=DIRECTION('',(1.,8.41177407646697E-33,2.31111593326468E-33));
#2124=DIRECTION('center_axis',(1.,1.72676898743442E-33,4.74425880159061E-33));
#2125=DIRECTION('ref_axis',(-5.04873476352593E-33,0.342020143325668,0.939692620785909));
#2126=DIRECTION('',(0.,0.939692620785909,-0.342020143325668));
#2127=DIRECTION('',(5.04873476352593E-33,-0.342020143325668,-0.939692620785909));
#2128=DIRECTION('center_axis',(-6.16297582203915E-33,-0.342020143325668,
-0.939692620785909));
#2129=DIRECTION('ref_axis',(1.,-5.21634188081391E-17,1.89859317637244E-17));
#2130=DIRECTION('',(-1.,5.21634188081391E-17,-1.89859317637244E-17));
#2131=DIRECTION('',(0.,0.939692620785909,-0.342020143325668));
#2132=DIRECTION('center_axis',(0.,0.939692620785909,-0.342020143325668));
#2133=DIRECTION('ref_axis',(-1.,-1.72676898743442E-33,-4.74425880159061E-33));
#2134=DIRECTION('center_axis',(7.11403382463679E-33,-0.939692620785909,
0.342020143325668));
#2135=DIRECTION('ref_axis',(-1.,-1.72676898743442E-33,-4.74425880159061E-33));
#2136=DIRECTION('center_axis',(5.04873476352593E-33,-0.342020143325668,
-0.939692620785909));
#2137=DIRECTION('ref_axis',(1.,8.41177407646697E-33,2.31111593326468E-33));
#2138=DIRECTION('',(0.,-0.939692620785909,0.342020143325668));
#2139=DIRECTION('',(-1.,-8.41177407646697E-33,-2.31111593326468E-33));
#2140=DIRECTION('',(0.,-0.939692620785909,0.342020143325668));
#2141=DIRECTION('center_axis',(-5.04873476352593E-33,0.342020143325668,
0.939692620785909));
#2142=DIRECTION('ref_axis',(-1.,-8.41177407646697E-33,-2.31111593326468E-33));
#2143=DIRECTION('',(0.,0.939692620785909,-0.342020143325668));
#2144=DIRECTION('',(-1.,-8.41177407646697E-33,-2.31111593326468E-33));
#2145=DIRECTION('',(0.,-0.939692620785909,0.342020143325668));
#2146=DIRECTION('center_axis',(-1.,-1.72676898743442E-33,-4.74425880159061E-33));
#2147=DIRECTION('ref_axis',(5.04873476352593E-33,-0.342020143325668,-0.939692620785909));
#2148=DIRECTION('',(5.04873476352593E-33,-0.342020143325668,-0.939692620785909));
#2149=DIRECTION('center_axis',(1.,1.72676898743442E-33,4.74425880159061E-33));
#2150=DIRECTION('ref_axis',(-5.04873476352593E-33,0.342020143325668,0.939692620785909));
#2151=DIRECTION('',(-5.04873476352593E-33,0.342020143325668,0.939692620785909));
#2152=DIRECTION('',(0.,0.939692620785909,-0.342020143325668));
#2153=DIRECTION('center_axis',(0.,0.939692620785909,-0.342020143325668));
#2154=DIRECTION('ref_axis',(-1.,-1.72676898743442E-33,-4.74425880159061E-33));
#2155=DIRECTION('center_axis',(7.11403382463679E-33,-0.939692620785909,
0.342020143325668));
#2156=DIRECTION('ref_axis',(-1.,-1.72676898743442E-33,-4.74425880159061E-33));
#2157=DIRECTION('center_axis',(-1.,-1.72676898743442E-33,-4.74425880159061E-33));
#2158=DIRECTION('ref_axis',(5.04873476352593E-33,-0.342020143325668,-0.939692620785909));
#2159=DIRECTION('',(0.,0.939692620785909,-0.342020143325668));
#2160=DIRECTION('',(-5.04873476352593E-33,0.342020143325668,0.939692620785909));
#2161=DIRECTION('',(0.,-0.939692620785909,0.342020143325668));
#2162=DIRECTION('center_axis',(5.04873476352593E-33,-0.342020143325668,
-0.939692620785909));
#2163=DIRECTION('ref_axis',(1.,8.41177407646697E-33,2.31111593326468E-33));
#2164=DIRECTION('',(-1.,-8.41177407646697E-33,-2.31111593326468E-33));
#2165=DIRECTION('',(0.,-0.939692620785909,0.342020143325668));
#2166=DIRECTION('center_axis',(-1.,-1.72676898743442E-33,-4.74425880159061E-33));
#2167=DIRECTION('ref_axis',(5.04873476352593E-33,-0.342020143325668,-0.939692620785909));
#2168=DIRECTION('',(0.,-0.939692620785909,0.342020143325668));
#2169=DIRECTION('',(-5.04873476352593E-33,0.342020143325668,0.939692620785909));
#2170=DIRECTION('',(0.,0.939692620785909,-0.342020143325668));
#2171=DIRECTION('center_axis',(-5.04873476352593E-33,0.342020143325668,
0.939692620785909));
#2172=DIRECTION('ref_axis',(-1.,-8.41177407646697E-33,-2.31111593326468E-33));
#2173=DIRECTION('',(0.,-0.939692620785909,0.342020143325668));
#2174=DIRECTION('',(1.,8.41177407646697E-33,2.31111593326468E-33));
#2175=DIRECTION('center_axis',(1.,1.72676898743442E-33,4.74425880159061E-33));
#2176=DIRECTION('ref_axis',(-5.04873476352593E-33,0.342020143325668,0.939692620785909));
#2177=DIRECTION('',(-5.04873476352593E-33,0.342020143325668,0.939692620785909));
#2178=DIRECTION('center_axis',(0.,0.939692620785909,-0.342020143325668));
#2179=DIRECTION('ref_axis',(0.999999923043016,0.000134180897808908,0.000368658986852124));
#2180=DIRECTION('',(0.,0.939692620785909,-0.342020143325668));
#2181=DIRECTION('',(0.,0.939692620785909,-0.342020143325668));
#2182=DIRECTION('center_axis',(0.,0.939692620785909,-0.342020143325668));
#2183=DIRECTION('ref_axis',(-0.999365834978866,0.0121786446813056,0.0334605512614484));
#2184=DIRECTION('center_axis',(0.,0.939692620785909,-0.342020143325668));
#2185=DIRECTION('ref_axis',(0.567280252269959,-0.281662074108907,-0.773860188530978));
#2186=DIRECTION('center_axis',(-4.78404832442313E-80,-1.,-1.10564903080825E-112));
#2187=DIRECTION('ref_axis',(-2.31111593326468E-33,0.,1.));
#2188=DIRECTION('center_axis',(7.60942069395212E-17,-1.,-1.0560192573106E-32));
#2189=DIRECTION('ref_axis',(-2.31111593326468E-33,0.,1.));
#2190=DIRECTION('',(-4.78404832442313E-80,-1.,-1.10564903080825E-112));
#2191=DIRECTION('center_axis',(-4.78404832442313E-80,-1.,-1.10564903080825E-112));
#2192=DIRECTION('ref_axis',(-2.31111593326468E-33,0.,1.));
#2193=DIRECTION('center_axis',(-4.78404832442313E-80,-1.,-1.10564903080825E-112));
#2194=DIRECTION('ref_axis',(-2.31111593326468E-33,0.,1.));
#2195=DIRECTION('center_axis',(-4.78404832442313E-80,-1.,-1.10564903080825E-112));
#2196=DIRECTION('ref_axis',(-2.31111593326468E-33,0.,1.));
#2197=DIRECTION('center_axis',(7.60942069395212E-17,-1.,-1.0560192573106E-32));
#2198=DIRECTION('ref_axis',(-2.31111593326468E-33,0.,1.));
#2199=DIRECTION('',(-4.78404832442313E-80,-1.,-1.10564903080825E-112));
#2200=DIRECTION('center_axis',(-4.78404832442313E-80,-1.,-1.10564903080825E-112));
#2201=DIRECTION('ref_axis',(-2.31111593326468E-33,0.,1.));
#2202=DIRECTION('center_axis',(-4.78404832442313E-80,-1.,-1.10564903080825E-112));
#2203=DIRECTION('ref_axis',(-2.31111593326468E-33,0.,1.));
#2204=DIRECTION('center_axis',(2.08000433993821E-32,0.,1.));
#2205=DIRECTION('ref_axis',(-1.,0.,2.08000433993821E-32));
#2206=DIRECTION('center_axis',(1.08673789965299E-16,-1.42547451204917E-48,
1.));
#2207=DIRECTION('ref_axis',(-1.,0.,2.08000433993821E-32));
#2208=DIRECTION('',(2.08000433993821E-32,0.,1.));
#2209=DIRECTION('center_axis',(2.31111593326468E-33,0.,-1.));
#2210=DIRECTION('ref_axis',(-1.,0.,2.08000433993821E-32));
#2211=DIRECTION('center_axis',(2.08000433993821E-32,0.,1.));
#2212=DIRECTION('ref_axis',(-1.,0.,2.08000433993821E-32));
#2213=DIRECTION('center_axis',(1.08673789965299E-16,-1.42547451204917E-48,
1.));
#2214=DIRECTION('ref_axis',(-1.,0.,2.08000433993821E-32));
#2215=DIRECTION('',(2.08000433993821E-32,0.,1.));
#2216=DIRECTION('center_axis',(2.08000433993821E-32,0.,1.));
#2217=DIRECTION('ref_axis',(-1.,0.,2.08000433993821E-32));
#2218=DIRECTION('center_axis',(2.08000433993821E-32,0.,1.));
#2219=DIRECTION('ref_axis',(-1.,0.,2.08000433993821E-32));
#2220=DIRECTION('center_axis',(1.08673789965299E-16,-1.42547451204917E-48,
1.));
#2221=DIRECTION('ref_axis',(-1.,0.,2.08000433993821E-32));
#2222=DIRECTION('',(2.08000433993821E-32,0.,1.));
#2223=DIRECTION('center_axis',(2.31111593326468E-33,0.,-1.));
#2224=DIRECTION('ref_axis',(-1.,0.,2.08000433993821E-32));
#2225=DIRECTION('center_axis',(2.08000433993821E-32,0.,1.));
#2226=DIRECTION('ref_axis',(-1.,0.,2.08000433993821E-32));
#2227=DIRECTION('center_axis',(1.08673789965299E-16,-1.42547451204917E-48,
1.));
#2228=DIRECTION('ref_axis',(-1.,0.,2.08000433993821E-32));
#2229=DIRECTION('',(2.08000433993821E-32,0.,1.));
#2230=DIRECTION('center_axis',(2.08000433993821E-32,0.,1.));
#2231=DIRECTION('ref_axis',(-1.,0.,2.08000433993821E-32));
#2232=DIRECTION('center_axis',(-7.1140338246368E-33,0.939692620785909,-0.342020143325668));
#2233=DIRECTION('ref_axis',(2.17173858826956E-33,-0.342020143325668,-0.939692620785909));
#2234=DIRECTION('',(-7.11403382463679E-33,0.939692620785909,-0.342020143325668));
#2235=DIRECTION('center_axis',(7.11403382463679E-33,-0.939692620785909,
0.342020143325668));
#2236=DIRECTION('ref_axis',(2.17173858826956E-33,-0.342020143325668,-0.939692620785909));
#2237=DIRECTION('center_axis',(-7.1140338246368E-33,0.939692620785909,-0.342020143325668));
#2238=DIRECTION('ref_axis',(2.17173858826956E-33,-0.342020143325668,-0.939692620785909));
#2239=DIRECTION('',(-7.11403382463679E-33,0.939692620785909,-0.342020143325668));
#2240=DIRECTION('center_axis',(7.11403382463679E-33,-0.939692620785909,
0.342020143325668));
#2241=DIRECTION('ref_axis',(2.17173858826956E-33,-0.342020143325668,-0.939692620785909));
#2242=DIRECTION('center_axis',(-7.1140338246368E-33,0.939692620785909,-0.342020143325668));
#2243=DIRECTION('ref_axis',(2.17173858826956E-33,-0.342020143325668,-0.939692620785909));
#2244=DIRECTION('',(-7.11403382463679E-33,0.939692620785909,-0.342020143325668));
#2245=DIRECTION('center_axis',(7.11403382463679E-33,-0.939692620785909,
0.342020143325668));
#2246=DIRECTION('ref_axis',(2.17173858826956E-33,-0.342020143325668,-0.939692620785909));
#2247=DIRECTION('center_axis',(-7.1140338246368E-33,0.939692620785909,-0.342020143325668));
#2248=DIRECTION('ref_axis',(2.17173858826956E-33,-0.342020143325668,-0.939692620785909));
#2249=DIRECTION('',(-7.11403382463679E-33,0.939692620785909,-0.342020143325668));
#2250=DIRECTION('center_axis',(7.11403382463679E-33,-0.939692620785909,
0.342020143325668));
#2251=DIRECTION('ref_axis',(2.17173858826956E-33,-0.342020143325668,-0.939692620785909));
#2252=DIRECTION('center_axis',(-7.11403382463679E-33,0.939692620785909,
-0.342020143325668));
#2253=DIRECTION('ref_axis',(-1.,-8.41177407646697E-33,-2.31111593326468E-33));
#2254=DIRECTION('center_axis',(-7.11403382463679E-33,0.939692620785909,
-0.342020143325668));
#2255=DIRECTION('ref_axis',(-1.,-8.41177407646697E-33,-2.31111593326468E-33));
#2256=DIRECTION('center_axis',(0.,0.939692620785909,-0.342020143325668));
#2257=DIRECTION('ref_axis',(-1.,-1.72676898743442E-33,-4.74425880159061E-33));
#2258=DIRECTION('center_axis',(7.11403382463679E-33,-0.939692620785909,
0.342020143325668));
#2259=DIRECTION('ref_axis',(-1.,-1.72676898743442E-33,-4.74425880159061E-33));
#2260=DIRECTION('center_axis',(-7.11403382463679E-33,0.939692620785909,
-0.342020143325668));
#2261=DIRECTION('ref_axis',(-1.,-8.41177407646697E-33,-2.31111593326468E-33));
#2262=DIRECTION('center_axis',(0.,0.939692620785909,-0.342020143325668));
#2263=DIRECTION('ref_axis',(-1.,-1.72676898743442E-33,-4.74425880159061E-33));
#2264=DIRECTION('center_axis',(7.11403382463679E-33,-0.939692620785909,
0.342020143325668));
#2265=DIRECTION('ref_axis',(-1.,-1.72676898743442E-33,-4.74425880159061E-33));
#2266=DIRECTION('center_axis',(-7.11403382463679E-33,0.939692620785909,
-0.342020143325668));
#2267=DIRECTION('ref_axis',(-1.,-8.41177407646697E-33,-2.31111593326468E-33));
#2268=DIRECTION('center_axis',(7.60942069395211E-17,0.342020143325668,0.939692620785909));
#2269=DIRECTION('ref_axis',(0.70710678118655,-0.664463024388673,0.241844762647974));
#2270=DIRECTION('center_axis',(1.08673789965299E-16,-1.42547451204917E-48,
1.));
#2271=DIRECTION('ref_axis',(-2.60817095916718E-16,-1.,3.04043402357738E-31));
#2272=DIRECTION('',(7.60942069395211E-17,0.342020143325668,0.939692620785909));
#2273=DIRECTION('center_axis',(-3.79718638005761E-16,-0.342020143325676,
-0.939692620785906));
#2274=DIRECTION('ref_axis',(1.,-1.11022302462516E-15,0.));
#2275=DIRECTION('center_axis',(-1.08673789965299E-16,0.939692620785909,
-0.342020143325668));
#2276=DIRECTION('ref_axis',(0.,0.342020143325668,0.939692620785909));
#2277=DIRECTION('center_axis',(1.,0.,0.));
#2278=DIRECTION('ref_axis',(0.,0.342020143325667,0.939692620785909));
#2279=DIRECTION('center_axis',(1.08673789965299E-16,-0.939692620785909,
0.342020143325668));
#2280=DIRECTION('ref_axis',(0.707106781186548,0.241844762647975,0.664463024388675));
#2281=DIRECTION('center_axis',(-1.,-1.15648231731787E-16,-6.16297582203915E-32));
#2282=DIRECTION('ref_axis',(0.,-0.422618261740695,0.906307787036652));
#2283=DIRECTION('center_axis',(1.,0.,0.));
#2284=DIRECTION('ref_axis',(0.,0.342020143325667,0.939692620785909));
#2285=DIRECTION('',(-1.,-1.15648231731787E-16,-6.51223412229688E-32));
#2286=DIRECTION('center_axis',(-1.08673789965299E-16,0.939692620785909,
-0.342020143325668));
#2287=DIRECTION('ref_axis',(0.,0.342020143325668,0.939692620785909));
#2288=DIRECTION('center_axis',(1.08673789965299E-16,-0.939692620785909,
0.342020143325668));
#2289=DIRECTION('ref_axis',(-0.707106781186547,0.241844762647975,0.664463024388675));
#2290=DIRECTION('center_axis',(1.08673789965299E-16,0.939692620785909,-0.342020143325668));
#2291=DIRECTION('ref_axis',(-0.707106781186548,0.241844762647975,0.664463024388674));
#2292=DIRECTION('',(1.08673789965299E-16,0.939692620785909,-0.342020143325668));
#2293=DIRECTION('center_axis',(7.60942069395212E-17,-1.,-1.0560192573106E-32));
#2294=DIRECTION('ref_axis',(0.,3.86086860136811E-32,1.));
#2295=DIRECTION('',(-1.08673789965299E-16,-0.939692620785909,0.342020143325668));
#2296=DIRECTION('center_axis',(-3.95540247922659E-17,0.342020143325668,
0.939692620785909));
#2297=DIRECTION('ref_axis',(1.,1.35282732285578E-17,3.71686252196751E-17));
#2298=DIRECTION('',(1.08673789965299E-16,-0.939692620785909,0.342020143325668));
#2299=DIRECTION('',(-1.,-7.60942069395212E-17,-1.43964876698122E-17));
#2300=DIRECTION('center_axis',(-1.08673789965299E-16,0.939692620785909,
-0.342020143325668));
#2301=DIRECTION('ref_axis',(0.707106781186548,0.241844762647975,0.664463024388674));
#2302=DIRECTION('',(-1.08673789965299E-16,0.939692620785909,-0.342020143325668));
#2303=DIRECTION('center_axis',(7.60942069395212E-17,-1.,-1.0560192573106E-32));
#2304=DIRECTION('ref_axis',(-6.08573223805675E-16,-7.2391286275652E-32,
1.));
#2305=DIRECTION('center_axis',(1.,7.60942069395212E-17,-1.08673789965299E-16));
#2306=DIRECTION('ref_axis',(-7.60942069395212E-17,1.,8.26944586252154E-33));
#2307=DIRECTION('',(-7.60942069395212E-17,1.,8.26944586252153E-33));
#2308=DIRECTION('',(1.08673789965299E-16,-2.29074671058448E-33,1.));
#2309=DIRECTION('center_axis',(2.08000433993821E-32,0.,1.));
#2310=DIRECTION('ref_axis',(-1.,0.,2.08000433993821E-32));
#2311=DIRECTION('center_axis',(2.08000433993821E-32,0.,1.));
#2312=DIRECTION('ref_axis',(-1.,0.,2.08000433993821E-32));
#2313=DIRECTION('center_axis',(-1.,6.6850050890325E-33,1.83669005310562E-32));
#2314=DIRECTION('ref_axis',(-1.9545647294426E-32,-0.342020143325668,-0.939692620785909));
#2315=DIRECTION('',(-3.52418227989122E-32,0.,-1.));
#2316=DIRECTION('',(0.,-0.939692620785909,0.342020143325667));
#2317=DIRECTION('center_axis',(3.31164808271824E-32,0.342020143325669,0.939692620785908));
#2318=DIRECTION('ref_axis',(1.36224636986688E-16,0.939692620785908,-0.342020143325669));
#2319=DIRECTION('',(-1.36224636986688E-16,-0.939692620785908,0.342020143325669));
#2320=DIRECTION('',(1.,0.,-2.08000433993821E-32));
#2321=DIRECTION('',(1.08673789965299E-16,0.939692620785908,-0.342020143325669));
#2322=DIRECTION('center_axis',(-1.,-1.22835810015817E-207,0.));
#2323=DIRECTION('ref_axis',(-1.22835810015817E-207,1.,-5.90555546722879E-176));
#2324=DIRECTION('',(-1.22835810015817E-207,1.,-5.90555546722879E-176));
#2325=DIRECTION('',(-2.81385727735709E-240,2.29074671058444E-33,-1.));
#2326=DIRECTION('',(-1.25625943246341E-64,-1.,-6.03969620804122E-33));
#2327=DIRECTION('center_axis',(1.08673789965299E-16,-1.42547451204917E-48,
1.));
#2328=DIRECTION('ref_axis',(1.,0.,-1.08673789965299E-16));
#2329=DIRECTION('',(-7.60942069395212E-17,-1.,8.26944586252152E-33));
#2330=DIRECTION('',(1.,7.60942069395212E-17,-1.08673789965299E-16));
#2331=DIRECTION('',(0.,1.,0.));
#2332=DIRECTION('',(1.,2.2878372074181E-50,-1.08673789965299E-16));
#2333=DIRECTION('center_axis',(-1.,7.60942069395212E-17,-1.08673789965299E-16));
#2334=DIRECTION('ref_axis',(7.60942069395212E-17,1.,8.26944586252154E-33));
#2335=DIRECTION('',(7.60942069395212E-17,1.,-1.58276280678361E-48));
#2336=DIRECTION('',(1.08673789965299E-16,1.88296384356275E-32,-1.));
#2337=DIRECTION('',(-1.08673789965299E-16,0.939692620785909,-0.342020143325668));
#2338=DIRECTION('center_axis',(-1.,7.60942069395212E-17,-1.08673789965299E-16));
#2339=DIRECTION('ref_axis',(7.60942069395212E-17,1.,8.26944586252154E-33));
#2340=DIRECTION('',(1.08673789965299E-16,1.88296384356275E-32,-1.));
#2341=DIRECTION('center_axis',(-2.31111593326468E-33,0.,1.));
#2342=DIRECTION('ref_axis',(-1.,0.,-2.31111593326468E-33));
#2343=DIRECTION('',(-1.,2.26065754815572E-49,-2.31111593326468E-33));
#2344=DIRECTION('',(1.,0.,-2.08000433993821E-32));
#2345=DIRECTION('',(7.60942069395212E-17,-1.,-1.58276280678361E-48));
#2346=DIRECTION('center_axis',(0.,-1.,0.));
#2347=DIRECTION('ref_axis',(1.,0.,2.31111593326468E-33));
#2348=DIRECTION('',(0.,-1.,0.));
#2349=DIRECTION('center_axis',(0.,-1.,0.));
#2350=DIRECTION('ref_axis',(1.,0.,2.31111593326468E-33));
#2351=DIRECTION('',(0.,-1.,0.));
#2352=DIRECTION('center_axis',(0.,-1.,0.));
#2353=DIRECTION('ref_axis',(1.,0.,2.31111593326468E-33));
#2354=DIRECTION('',(0.,-1.,0.));
#2355=DIRECTION('center_axis',(0.,-1.,0.));
#2356=DIRECTION('ref_axis',(1.,0.,2.31111593326468E-33));
#2357=DIRECTION('',(0.,-1.,0.));
#2358=DIRECTION('center_axis',(-2.31111593326468E-33,0.,1.));
#2359=DIRECTION('ref_axis',(-1.,0.,-2.31111593326468E-33));
#2360=DIRECTION('',(-1.,2.26065754815572E-49,-2.31111593326468E-33));
#2361=DIRECTION('',(0.,1.,0.));
#2362=DIRECTION('center_axis',(7.60942069395212E-17,-1.,-1.0560192573106E-32));
#2363=DIRECTION('ref_axis',(0.,1.0560192573106E-32,-1.));
#2364=DIRECTION('',(1.08673789965299E-16,-2.29074671058444E-33,1.));
#2365=DIRECTION('',(-1.,-7.60942069395212E-17,-1.43964876698122E-17));
#2366=DIRECTION('',(2.31111593326468E-33,0.,-1.));
#2367=DIRECTION('',(-2.31111593326468E-33,0.,1.));
#2368=DIRECTION('',(-1.,-7.60942069395212E-17,-1.43964876698122E-17));
#2369=DIRECTION('',(2.31111593326468E-33,0.,-1.));
#2370=DIRECTION('',(-2.31111593326468E-33,0.,1.));
#2371=DIRECTION('',(-1.,-7.60942069395212E-17,-1.43964876698122E-17));
#2372=DIRECTION('',(-7.23906092893417E-129,-2.29074671058444E-33,1.));
#2373=DIRECTION('center_axis',(1.95456472944259E-32,0.342020143325669,0.939692620785908));
#2374=DIRECTION('ref_axis',(1.36224636986688E-16,0.939692620785908,-0.342020143325669));
#2375=DIRECTION('',(1.08673789965299E-16,-0.939692620785908,0.342020143325669));
#2376=DIRECTION('',(-1.36224636986688E-16,-0.939692620785908,0.342020143325669));
#2377=DIRECTION('center_axis',(-1.,1.33468888891029E-48,6.35826399985185E-33));
#2378=DIRECTION('ref_axis',(-1.33468888891029E-48,-1.,5.8159906641873E-64));
#2379=DIRECTION('',(1.08673789965299E-16,7.17377798078289E-224,1.));
#2380=DIRECTION('center_axis',(1.,7.60942069395212E-17,-1.08673789965299E-16));
#2381=DIRECTION('ref_axis',(-7.60942069395212E-17,1.,8.26944586252154E-33));
#2382=DIRECTION('',(1.08673789965299E-16,-0.939692620785909,0.342020143325668));
#2383=DIRECTION('center_axis',(-3.95540247922659E-17,0.342020143325668,
0.939692620785909));
#2384=DIRECTION('ref_axis',(1.,1.35282732285578E-17,3.71686252196751E-17));
#2385=DIRECTION('',(7.90448202737421E-34,0.939692620785909,-0.342020143325668));
#2386=DIRECTION('center_axis',(1.,0.,2.31111593326468E-33));
#2387=DIRECTION('ref_axis',(2.31111593326468E-33,0.,-1.));
#2388=DIRECTION('center_axis',(-1.,0.,-2.31111593326468E-33));
#2389=DIRECTION('ref_axis',(-2.31111593326468E-33,0.,1.));
#2390=DIRECTION('',(-7.90448202737421E-34,-0.939692620785909,0.342020143325668));
#2391=DIRECTION('center_axis',(-3.95540247922659E-17,0.342020143325668,
0.939692620785909));
#2392=DIRECTION('ref_axis',(1.,1.35282732285578E-17,3.71686252196751E-17));
#2393=DIRECTION('',(7.90448202737421E-34,0.939692620785909,-0.342020143325668));
#2394=DIRECTION('center_axis',(1.,0.,2.31111593326468E-33));
#2395=DIRECTION('ref_axis',(2.31111593326468E-33,0.,-1.));
#2396=DIRECTION('center_axis',(-1.,0.,-2.31111593326468E-33));
#2397=DIRECTION('ref_axis',(-2.31111593326468E-33,0.,1.));
#2398=DIRECTION('',(-7.90448202737421E-34,-0.939692620785909,0.342020143325668));
#2399=DIRECTION('center_axis',(-3.95540247922659E-17,0.342020143325668,
0.939692620785909));
#2400=DIRECTION('ref_axis',(1.,1.35282732285578E-17,3.71686252196751E-17));
#2401=DIRECTION('center_axis',(1.,1.22835810015817E-207,0.));
#2402=DIRECTION('ref_axis',(-1.22835810015817E-207,1.,-5.90555546722879E-176));
#2403=CARTESIAN_POINT('',(0.,0.,0.));
#2404=CARTESIAN_POINT('Origin',(-7.26945369223113,-20.8840463001361,3.99897884948905));
#2405=CARTESIAN_POINT('',(-7.26945369223114,-23.2332778521009,4.85402920780323));
#2406=CARTESIAN_POINT('',(-7.78807282706602,-23.2332778521009,4.85402920780322));
#2407=CARTESIAN_POINT('',(9.99965397602279,-23.2332778521009,4.85402920780322));
#2408=CARTESIAN_POINT('',(-7.26945369223114,-18.9479906593379,3.29431222435533));
#2409=CARTESIAN_POINT('',(-7.26945369223114,-18.9479906593379,3.29431222435533));
#2410=CARTESIAN_POINT('',(-10.0004500096134,-18.9479906593379,3.29431222435532));
#2411=CARTESIAN_POINT('',(-7.37297880398273,-18.9479906593379,3.29431222435533));
#2412=CARTESIAN_POINT('',(-10.0004500096134,-20.8840463001361,3.99897884948905));
#2413=CARTESIAN_POINT('',(-10.0004500096134,-20.8840463001361,3.99897884948905));
#2414=CARTESIAN_POINT('',(-7.78807282706602,-20.8840463001361,3.99897884948905));
#2415=CARTESIAN_POINT('',(9.99955636374693,-20.8840463001361,3.99897884948905));
#2416=CARTESIAN_POINT('',(-7.78807282706602,-23.2332778521009,4.85402920780322));
#2417=CARTESIAN_POINT('Origin',(-31.5,-16.1617805910752,21.3590038540435));
#2418=CARTESIAN_POINT('',(-31.5,-28.8092660815839,-10.4658725438463));
#2419=CARTESIAN_POINT('',(-31.5,-7.38596261872809,48.3941699704743));
#2420=CARTESIAN_POINT('',(-31.5,-17.1014732118611,21.7010239973692));
#2421=CARTESIAN_POINT('',(-32.5,-6.44626999794217,48.0521498271487));
#2422=CARTESIAN_POINT('Origin',(-31.5,-6.44626999794217,48.0521498271487));
#2423=CARTESIAN_POINT('',(-32.5,-27.745088309108,-10.4658725438463));
#2424=CARTESIAN_POINT('',(-32.5,-16.1617805910752,21.3590038540435));
#2425=CARTESIAN_POINT('Origin',(-31.5,-27.745088309108,-10.4658725438463));
#2426=CARTESIAN_POINT('Origin',(-15.008450009613,-19.6522101344075,1.35948511826142));
#2427=CARTESIAN_POINT('',(-7.00045000961344,-23.9173181387142,2.97464396633582));
#2428=CARTESIAN_POINT('Origin',(-15.008450009613,-23.9374973271705,2.91920210170932));
#2429=CARTESIAN_POINT('',(-7.00045000961344,-19.6320309459512,1.41492698288792));
#2430=CARTESIAN_POINT('',(-7.00045000961344,-19.6320309459512,1.41492698288792));
#2431=CARTESIAN_POINT('Origin',(-15.008450009613,-19.6522101344075,1.35948511826142));
#2432=CARTESIAN_POINT('Origin',(15.225549990387,-19.6891483098866,1.25799831521654));
#2433=CARTESIAN_POINT('',(7.2884620332344,-23.2332778521009,4.85402920780324));
#2434=CARTESIAN_POINT('',(6.99965397602279,-23.9173181387522,2.97464396623143));
#2435=CARTESIAN_POINT('Origin',(15.225549990387,-23.9744355026496,2.81771529866444));
#2436=CARTESIAN_POINT('',(7.2884620332344,-18.9479906593379,3.29431222435534));
#2437=CARTESIAN_POINT('',(7.2884620332344,-18.9479906593379,3.29431222435534));
#2438=CARTESIAN_POINT('',(6.99965397602279,-19.6320309459892,1.41492698278353));
#2439=CARTESIAN_POINT('Origin',(15.225549990387,-19.6891483098866,1.25799831521654));
#2440=CARTESIAN_POINT('',(6.99965397602279,-19.6320309459892,1.41492698278353));
#2441=CARTESIAN_POINT('Origin',(6.99965397602279,-19.6320309459892,1.41492698278353));
#2442=CARTESIAN_POINT('',(6.99965397602279,-24.4303483537407,1.56510503505254));
#2443=CARTESIAN_POINT('',(6.9996539760228,-20.1834072778053,13.2334797429396));
#2444=CARTESIAN_POINT('',(6.99965397602279,-20.1450611609777,0.00538805160463673));
#2445=CARTESIAN_POINT('',(6.99965397602279,-20.1792631753103,-0.0885812104739536));
#2446=CARTESIAN_POINT('',(6.99965397602279,-22.0811168017759,0.710054676738371));
#2447=CARTESIAN_POINT('',(6.99965397602279,-20.1450611609777,0.00538805160463673));
#2448=CARTESIAN_POINT('',(6.99965397602279,-22.2877047573592,0.785246543328597));
#2449=CARTESIAN_POINT('Origin',(6.99965397602279,-22.0811168017759,0.710054676738371));
#2450=CARTESIAN_POINT('',(9.99965397602279,-22.0811168017759,0.710054676738371));
#2451=CARTESIAN_POINT('',(18.8066801766316,-22.081116801808,0.710054676650422));
#2452=CARTESIAN_POINT('',(9.99965397602279,-20.1450611609777,0.00538805160463701));
#2453=CARTESIAN_POINT('',(7.74965397602279,-20.1450611609777,0.00538805160463646));
#2454=CARTESIAN_POINT('',(9.99965397602279,-22.0811168017759,0.710054676738371));
#2455=CARTESIAN_POINT('Origin',(32.5,-16.4494964168583,23.4923155196477));
#2456=CARTESIAN_POINT('',(31.5,-28.8092660815839,-10.4658725438463));
#2457=CARTESIAN_POINT('',(16.25,-28.8092660815839,-10.4658725438463));
#2458=CARTESIAN_POINT('',(31.5,-7.38596261872808,48.3941699704743));
#2459=CARTESIAN_POINT('',(31.5,-17.1014732118611,21.7010239973692));
#2460=CARTESIAN_POINT('',(29.5,-6.70192233207675,50.2735552120462));
#2461=CARTESIAN_POINT('Origin',(29.5,-7.38596261872808,48.3941699704743));
#2462=CARTESIAN_POINT('',(-29.5,-6.70192233207675,50.2735552120461));
#2463=CARTESIAN_POINT('',(16.25,-6.70192233207675,50.2735552120461));
#2464=CARTESIAN_POINT('Origin',(-29.5,-7.38596261872809,48.3941699704743));
#2465=CARTESIAN_POINT('',(-10.4690930435335,-21.8920119544526,8.53912697507649));
#2466=CARTESIAN_POINT('Origin',(-15.008450009613,-23.9374973271705,2.91920210170934));
#2467=CARTESIAN_POINT('',(-18.5004478072984,-16.4547714176892,23.4778225739772));
#2468=CARTESIAN_POINT('Origin',(-0.0520500104800381,-16.679590471777,22.8601372994079));
#2469=CARTESIAN_POINT('',(18.4995485666828,-16.455376466172,23.4761602169332));
#2470=CARTESIAN_POINT('Origin',(-0.000450009612992242,-16.4578588127814,
23.4693400256764));
#2471=CARTESIAN_POINT('',(10.4741719981517,-21.8900739881004,8.54445149386859));
#2472=CARTESIAN_POINT('Origin',(-0.0594500096114725,-16.6599927174873,22.9139816867907));
#2473=CARTESIAN_POINT('',(7.80801844679353,-23.2332778521009,4.85402920780322));
#2474=CARTESIAN_POINT('Origin',(15.2255499920171,-23.9744355031078,2.81771529740564));
#2475=CARTESIAN_POINT('',(9.99965397602279,-23.2332778521009,4.85402920780322));
#2476=CARTESIAN_POINT('',(-7.00045000961343,-24.4303483537028,1.56510503515683));
#2477=CARTESIAN_POINT('',(19.7998269879193,-24.4303483537754,1.56510503495718));
#2478=CARTESIAN_POINT('',(-7.00045000961344,-20.4399223852805,12.5287102774023));
#2479=CARTESIAN_POINT('',(16.4533490989119,-10.5314024878748,39.7521449557415));
#2480=CARTESIAN_POINT('Origin',(16.4533490989119,-10.8563216240341,38.8594369659949));
#2481=CARTESIAN_POINT('',(-16.4533490989119,-21.7344768653693,8.97195107510449));
#2482=CARTESIAN_POINT('Origin',(-16.4533490989119,-22.0593960015287,8.07924308535788));
#2483=CARTESIAN_POINT('',(16.4524490796859,-21.7344768653693,8.97195107510449));
#2484=CARTESIAN_POINT('Origin',(16.4524490796859,-22.0593960015287,8.07924308535788));
#2485=CARTESIAN_POINT('',(-16.4533490989119,-10.5314024878748,39.7521449557415));
#2486=CARTESIAN_POINT('Origin',(-16.4533490989119,-10.8563216240341,38.8594369659949));
#2487=CARTESIAN_POINT('Origin',(7.80801844679353,-20.8840463001361,3.99897884948905));
#2488=CARTESIAN_POINT('',(7.80801844679353,-20.8840463001361,3.99897884948905));
#2489=CARTESIAN_POINT('',(7.80801844679352,-23.2332778521009,4.85402920780322));
#2490=CARTESIAN_POINT('',(9.99965397602279,-20.8840463001361,3.99897884948905));
#2491=CARTESIAN_POINT('',(18.6440123851708,-20.8840463001361,3.99897884948905));
#2492=CARTESIAN_POINT('',(9.99965397602279,-18.9479906593379,3.29431222435532));
#2493=CARTESIAN_POINT('',(9.99965397602279,-20.8840463001361,3.99897884948905));
#2494=CARTESIAN_POINT('',(8.15383621140816,-18.9479906593379,3.29431222435532));
#2495=CARTESIAN_POINT('Origin',(7.09965397602358,-24.430348353741,1.56510503505177));
#2496=CARTESIAN_POINT('',(-7.00045000961343,-22.081116801738,0.710054676842677));
#2497=CARTESIAN_POINT('',(-7.00045000961343,-22.2877047573212,0.785246543432887));
#2498=CARTESIAN_POINT('',(18.5496083566162,-22.0811168018073,0.710054676652335));
#2499=CARTESIAN_POINT('Origin',(-7.00045000961343,-20.1450611609398,0.00538805170892553));
#2500=CARTESIAN_POINT('',(-7.00045000961343,-20.1450611609398,0.00538805170892553));
#2501=CARTESIAN_POINT('',(-7.00045000961343,-20.1450611609398,0.00538805170892553));
#2502=CARTESIAN_POINT('',(-7.00045000961344,-19.6320309459512,1.41492698288792));
#2503=CARTESIAN_POINT('Origin',(-8.50045000961343,-19.4069885810851,2.03322579877828));
#2504=CARTESIAN_POINT('',(-10.0004500096134,-20.1450611609398,0.00538805170892553));
#2505=CARTESIAN_POINT('',(-7.10045000961343,-20.1450611609398,0.00538805170892553));
#2506=CARTESIAN_POINT('',(-10.0004500096134,-19.6320309459513,1.41492698288779));
#2507=CARTESIAN_POINT('Origin',(-7.50046448366877,-22.081116801738,0.710054676842654));
#2508=CARTESIAN_POINT('',(-10.0004500096134,-22.081116801738,0.710054676842656));
#2509=CARTESIAN_POINT('',(18.5496083566162,-22.0811168018073,0.710054676652335));
#2510=CARTESIAN_POINT('',(-10.0004500096134,-22.081116801738,0.710054676842656));
#2511=CARTESIAN_POINT('Origin',(29.9995627371073,-26.4600345296192,-11.3209229021604));
#2512=CARTESIAN_POINT('',(29.9995627371073,-20.4364077094568,5.22885576945706));
#2513=CARTESIAN_POINT('',(30.,-20.3871936798096,5.36407020463287));
#2514=CARTESIAN_POINT('',(29.9995627371073,-5.03673106676332,47.5391196121602));
#2515=CARTESIAN_POINT('',(27.0935627371073,-20.4364077094568,5.22885576945706));
#2516=CARTESIAN_POINT('',(29.9995627371073,-20.4364077094568,5.22885576945706));
#2517=CARTESIAN_POINT('',(24.0935627371073,-21.4624681394338,2.40977790709933));
#2518=CARTESIAN_POINT('Ctrl Pts',(27.0935627371073,-20.4364077094568,5.22885576945705));
#2519=CARTESIAN_POINT('Ctrl Pts',(26.487471210376,-20.4364077094568,5.22885576945705));
#2520=CARTESIAN_POINT('Ctrl Pts',(25.7893495891329,-20.5077928294539,5.03272676417986));
#2521=CARTESIAN_POINT('Ctrl Pts',(25.236149838093,-20.656739272956,4.62349977394962));
#2522=CARTESIAN_POINT('Ctrl Pts',(24.8673500040664,-20.7560369019575,4.3506817804628));
#2523=CARTESIAN_POINT('Ctrl Pts',(24.5629598901301,-20.8898062302945,3.98315357144129));
#2524=CARTESIAN_POINT('Ctrl Pts',(24.3695130733903,-21.0318647878567,3.59285089229881));
#2525=CARTESIAN_POINT('Ctrl Pts',(24.1760662566505,-21.1739233454189,3.20254821315632));
#2526=CARTESIAN_POINT('Ctrl Pts',(24.0935627371073,-21.3242711322063,2.78947106389286));
#2527=CARTESIAN_POINT('Ctrl Pts',(24.0935627371073,-21.4624681394338,2.40977790709933));
#2528=CARTESIAN_POINT('',(24.0935627371073,-26.1488216503941,-10.4658725438463));
#2529=CARTESIAN_POINT('',(24.0935627371073,-5.03673106676332,47.5391196121602));
#2530=CARTESIAN_POINT('',(-24.0935627371073,-26.1488216503941,-10.4658725438463));
#2531=CARTESIAN_POINT('',(-1.19634050183045E-14,-26.1488216503941,-10.4658725438463));
#2532=CARTESIAN_POINT('',(-24.0935627371073,-20.4364077094568,5.22885576945706));
#2533=CARTESIAN_POINT('',(-24.0935627371073,-26.3204977802488,-10.9375488340813));
#2534=CARTESIAN_POINT('',(-29.9995627371073,-20.4364077094568,5.22885576945706));
#2535=CARTESIAN_POINT('',(2.953,-20.4364077094568,5.22885576945706));
#2536=CARTESIAN_POINT('',(-29.9995627371073,-20.3871936798096,5.36407020463293));
#2537=CARTESIAN_POINT('',(-29.9995627371073,-5.03673106676333,47.5391196121602));
#2538=CARTESIAN_POINT('',(-30.,-4.86572099510047,48.0089659225531));
#2539=CARTESIAN_POINT('',(-30.,-7.25986199838016,41.4311175770517));
#2540=CARTESIAN_POINT('',(-28.0000004172325,-4.86572099510043,48.0089659225532));
#2541=CARTESIAN_POINT('',(20.,-4.86572099510049,48.0089659225531));
#2542=CARTESIAN_POINT('',(-28.0000004172325,-6.36100046417712,43.9007193454909));
#2543=CARTESIAN_POINT('',(-28.0000004172325,-10.1870630897816,33.3886986762233));
#2544=CARTESIAN_POINT('',(-25.0000004172325,-7.38706089415413,41.0816414831331));
#2545=CARTESIAN_POINT('Ctrl Pts',(-28.0000004172325,-6.36100046417712,43.9007193454909));
#2546=CARTESIAN_POINT('Ctrl Pts',(-28.0000004172325,-6.49919747140454,43.5210261886973));
#2547=CARTESIAN_POINT('Ctrl Pts',(-27.9156629105478,-6.65070120953733,43.1047730892145));
#2548=CARTESIAN_POINT('Ctrl Pts',(-27.722231563815,-6.79274597903182,42.7145082924768));
#2549=CARTESIAN_POINT('Ctrl Pts',(-27.5288002170822,-6.9347907485263,42.324243495739));
#2550=CARTESIAN_POINT('Ctrl Pts',(-27.2262750303013,-7.06737654938249,41.9599670017464));
#2551=CARTESIAN_POINT('Ctrl Pts',(-26.8565769921931,-7.16724369750577,41.6855842673323));
#2552=CARTESIAN_POINT('Ctrl Pts',(-26.579303463612,-7.24214405859823,41.4797972165218));
#2553=CARTESIAN_POINT('Ctrl Pts',(-26.2642452061593,-7.29864017752842,41.3245754054742));
#2554=CARTESIAN_POINT('Ctrl Pts',(-25.9451808854059,-7.3348693864174,41.2250364721271));
#2555=CARTESIAN_POINT('Ctrl Pts',(-25.6261165646524,-7.37109859530637,41.1254975387799));
#2556=CARTESIAN_POINT('Ctrl Pts',(-25.3030461805982,-7.38706089415413,41.0816414831331));
#2557=CARTESIAN_POINT('Ctrl Pts',(-25.0000004172325,-7.38706089415413,41.0816414831331));
#2558=CARTESIAN_POINT('',(-22.0000003278255,-6.36100046417712,43.9007193454909));
#2559=CARTESIAN_POINT('Ctrl Pts',(-25.0000004172325,-7.38706089415413,41.0816414831331));
#2560=CARTESIAN_POINT('Ctrl Pts',(-24.5959393873697,-7.38706089415413,41.0816414831331));
#2561=CARTESIAN_POINT('Ctrl Pts',(-24.152976054389,-7.35821635452225,41.1608912044463));
#2562=CARTESIAN_POINT('Ctrl Pts',(-23.7376659642706,-7.29205906853868,41.3426568538185));
#2563=CARTESIAN_POINT('Ctrl Pts',(-23.3223558741523,-7.2259017825551,41.5244225031908));
#2564=CARTESIAN_POINT('Ctrl Pts',(-22.9346990268963,-7.12243175021982,41.8087040806222));
#2565=CARTESIAN_POINT('Ctrl Pts',(-22.642706392268,-6.99598737413142,42.1561071487422));
#2566=CARTESIAN_POINT('Ctrl Pts',(-22.4237119162968,-6.90115409206511,42.4166594498321));
#2567=CARTESIAN_POINT('Ctrl Pts',(-22.2585285599286,-6.79339774163767,42.7127175894343));
#2568=CARTESIAN_POINT('Ctrl Pts',(-22.1526006628107,-6.68427127352081,43.0125400964502));
#2569=CARTESIAN_POINT('Ctrl Pts',(-22.0466727656929,-6.57514480540396,43.3123626034661));
#2570=CARTESIAN_POINT('Ctrl Pts',(-22.0000003278255,-6.46464821959769,43.6159494778957));
#2571=CARTESIAN_POINT('Ctrl Pts',(-22.0000003278255,-6.36100046417712,43.9007193454909));
#2572=CARTESIAN_POINT('',(-22.0000004172325,-4.86572099510043,48.0089659225532));
#2573=CARTESIAN_POINT('',(-22.0000004172325,-10.1870630897816,33.3886986762233));
#2574=CARTESIAN_POINT('',(22.0000003278255,-4.86572099510043,48.0089659225532));
#2575=CARTESIAN_POINT('',(20.,-4.86572099510049,48.0089659225531));
#2576=CARTESIAN_POINT('',(22.0000003278255,-6.36100046417713,43.9007193454909));
#2577=CARTESIAN_POINT('',(22.0000003278255,-10.1870630897816,33.3886986762233));
#2578=CARTESIAN_POINT('',(25.0000003278255,-7.38706089415413,41.0816414831331));
#2579=CARTESIAN_POINT('Ctrl Pts',(22.0000003278255,-6.36100046417712,43.9007193454909));
#2580=CARTESIAN_POINT('Ctrl Pts',(22.0000003278255,-6.49919747140454,43.5210261886973));
#2581=CARTESIAN_POINT('Ctrl Pts',(22.0843361197219,-6.65069984952347,43.1047768258219));
#2582=CARTESIAN_POINT('Ctrl Pts',(22.2777670835835,-6.79274426183708,42.7145130104305));
#2583=CARTESIAN_POINT('Ctrl Pts',(22.4711980474451,-6.93478867415069,42.3242491950392));
#2584=CARTESIAN_POINT('Ctrl Pts',(22.773724183272,-7.06737512065897,41.959970927132));
#2585=CARTESIAN_POINT('Ctrl Pts',(23.1434228064552,-7.16724248042832,41.6855876112251));
#2586=CARTESIAN_POINT('Ctrl Pts',(23.4206967738426,-7.24214300025532,41.479800124295));
#2587=CARTESIAN_POINT('Ctrl Pts',(23.7357552653678,-7.29863903379168,41.3245785478651));
#2588=CARTESIAN_POINT('Ctrl Pts',(24.0548197130222,-7.33486850726638,41.2250388875746));
#2589=CARTESIAN_POINT('Ctrl Pts',(24.3738841606765,-7.37109798074108,41.1254992272842));
#2590=CARTESIAN_POINT('Ctrl Pts',(24.6969545644599,-7.38706089415413,41.0816414831331));
#2591=CARTESIAN_POINT('Ctrl Pts',(25.0000003278255,-7.38706089415413,41.0816414831331));
#2592=CARTESIAN_POINT('',(28.0000004172325,-6.36100046417712,43.9007193454909));
#2593=CARTESIAN_POINT('Ctrl Pts',(25.0000003278255,-7.38706089415413,41.0816414831331));
#2594=CARTESIAN_POINT('Ctrl Pts',(25.4040613576884,-7.38706089415413,41.0816414831331));
#2595=CARTESIAN_POINT('Ctrl Pts',(25.8470286670837,-7.35821576803008,41.1608928158203));
#2596=CARTESIAN_POINT('Ctrl Pts',(26.262339801529,-7.29205835109685,41.3426588249738));
#2597=CARTESIAN_POINT('Ctrl Pts',(26.6776509359744,-7.22590093416362,41.5244248341273));
#2598=CARTESIAN_POINT('Ctrl Pts',(27.0653058954699,-7.1224312264212,41.8087055197471));
#2599=CARTESIAN_POINT('Ctrl Pts',(27.3572979112865,-6.99598705044023,42.1561080380764));
#2600=CARTESIAN_POINT('Ctrl Pts',(27.576291923149,-6.90115391845451,42.4166599268233));
#2601=CARTESIAN_POINT('Ctrl Pts',(27.7414755291921,-6.79339764808461,42.7127178464693));
#2602=CARTESIAN_POINT('Ctrl Pts',(27.847402652713,-6.6842712233704,43.0125402342374));
#2603=CARTESIAN_POINT('Ctrl Pts',(27.9533297762338,-6.57514479865619,43.3123626220055));
#2604=CARTESIAN_POINT('Ctrl Pts',(28.0000004172325,-6.46464821959768,43.6159494778957));
#2605=CARTESIAN_POINT('Ctrl Pts',(28.0000004172325,-6.36100046417712,43.9007193454909));
#2606=CARTESIAN_POINT('',(28.0000003278255,-4.86572099510043,48.0089659225532));
#2607=CARTESIAN_POINT('',(28.0000003278255,-10.1870630897816,33.3886986762233));
#2608=CARTESIAN_POINT('',(30.,-4.86572099510049,48.0089659225531));
#2609=CARTESIAN_POINT('',(20.,-4.86572099510049,48.0089659225531));
#2610=CARTESIAN_POINT('',(30.,-20.9406677314069,3.84341274561538));
#2611=CARTESIAN_POINT('',(-20.4533490989119,-18.3420838762613,10.9829632101873));
#2612=CARTESIAN_POINT('',(-20.4533490989119,-21.0782450228666,3.46542224390008));
#2613=CARTESIAN_POINT('',(-20.4533490989119,-22.4010592029402,-0.168979845986549));
#2614=CARTESIAN_POINT('',(-12.4533490989119,-21.0782450228666,3.46542224390008));
#2615=CARTESIAN_POINT('',(4.77310681909769,-21.0782450228666,3.46542224390008));
#2616=CARTESIAN_POINT('',(-12.4533490989119,-19.7101644495639,7.22419272704371));
#2617=CARTESIAN_POINT('',(-12.4533490989119,-23.7691397762429,-3.92775032913018));
#2618=CARTESIAN_POINT('',(-16.4533490989119,-18.3420838762613,10.9829632101873));
#2619=CARTESIAN_POINT('Origin',(-16.4533490989119,-19.7101644495639,7.22419272704371));
#2620=CARTESIAN_POINT('',(6.77310681909769,-18.3420838762613,10.9829632101874));
#2621=CARTESIAN_POINT('',(16.4533490989119,-9.87517063553163,34.2456161515734));
#2622=CARTESIAN_POINT('',(20.4533490989119,-9.87517063553163,34.2456161515734));
#2623=CARTESIAN_POINT('',(23.2264559180096,-9.87517063553163,34.2456161515734));
#2624=CARTESIAN_POINT('',(20.4533490989119,-7.13900948892628,41.7631571178607));
#2625=CARTESIAN_POINT('',(20.4533490989119,-17.4835623008443,13.3417318527601));
#2626=CARTESIAN_POINT('',(12.4533490989119,-7.13900948892628,41.7631571178607));
#2627=CARTESIAN_POINT('',(25.2264559180096,-7.13900948892628,41.7631571178607));
#2628=CARTESIAN_POINT('',(12.4533490989119,-8.50709007206938,38.0043866076807));
#2629=CARTESIAN_POINT('',(12.4533490989119,-16.7995220092727,15.2211171078501));
#2630=CARTESIAN_POINT('Origin',(16.4533490989119,-8.50709006222894,38.0043866347171));
#2631=CARTESIAN_POINT('',(-20.4533490989119,-9.87517063553163,34.2456161515734));
#2632=CARTESIAN_POINT('',(-16.4533490989119,-9.87517063553163,34.2456161515734));
#2633=CARTESIAN_POINT('',(4.7731068190977,-9.87517063553163,34.2456161515734));
#2634=CARTESIAN_POINT('',(-12.4533490989119,-8.50709006222894,38.0043866347171));
#2635=CARTESIAN_POINT('Origin',(-16.4533490989119,-8.50709006222894,38.0043866347171));
#2636=CARTESIAN_POINT('',(-12.4533490989119,-7.13900948892628,41.7631571178607));
#2637=CARTESIAN_POINT('',(-12.4533490989119,-17.4835623008443,13.3417318527601));
#2638=CARTESIAN_POINT('',(-20.4533490989119,-7.13900948892628,41.7631571178607));
#2639=CARTESIAN_POINT('',(8.7731068190977,-7.13900948892628,41.7631571178607));
#2640=CARTESIAN_POINT('',(-20.4533490989119,-16.7995220092727,15.2211171078501));
#2641=CARTESIAN_POINT('',(-10.0004500096134,-24.0140605581843,-4.60066464706946));
#2642=CARTESIAN_POINT('',(9.99965397602279,-24.0140605582033,-4.60066464712161));
#2643=CARTESIAN_POINT('',(10.4741719981517,-19.5408424361357,7.68940113555442));
#2644=CARTESIAN_POINT('Origin',(15.2255499920171,-21.625203951143,1.96266493909148));
#2645=CARTESIAN_POINT('',(18.4995485666828,-14.1061449142072,22.621109858619));
#2646=CARTESIAN_POINT('Origin',(-0.0594500096114725,-14.3107611655226,22.0589313284765));
#2647=CARTESIAN_POINT('',(-18.5004478072984,-14.1055398657244,22.6227722156631));
#2648=CARTESIAN_POINT('Origin',(-0.000450009612992242,-14.1086272608167,
22.6142896673622));
#2649=CARTESIAN_POINT('',(-10.4690930435335,-19.5427804024878,7.68407661676233));
#2650=CARTESIAN_POINT('Origin',(-0.0520500104800381,-14.3303589198122,22.0050869410937));
#2651=CARTESIAN_POINT('Origin',(-15.008450009613,-21.5882657752057,2.06415174339517));
#2652=CARTESIAN_POINT('',(12.4524490796859,-19.7101644495639,7.22419272704371));
#2653=CARTESIAN_POINT('',(12.4524490796859,-21.0782450228666,3.46542224390007));
#2654=CARTESIAN_POINT('',(12.4524490796859,-23.0850994895915,-2.04836508755837));
#2655=CARTESIAN_POINT('',(20.4524490796859,-21.0782450228666,3.46542224390007));
#2656=CARTESIAN_POINT('',(23.2260059083966,-21.0782450228666,3.46542224390008));
#2657=CARTESIAN_POINT('',(20.4524490796859,-18.3273038779655,11.0235709217647));
#2658=CARTESIAN_POINT('',(20.4524490796859,-23.0850994895915,-2.04836508755837));
#2659=CARTESIAN_POINT('',(16.4524490796859,-18.3273038779655,11.0235709217647));
#2660=CARTESIAN_POINT('',(25.2260059083966,-18.3273038779655,11.0235709217647));
#2661=CARTESIAN_POINT('',(16.4524490796859,-18.3420838762613,10.9829632101873));
#2662=CARTESIAN_POINT('',(16.4524490796859,-22.3936692037923,-0.148675990197898));
#2663=CARTESIAN_POINT('Origin',(16.4524490796859,-19.7101644495639,7.22419272704371));
#2664=CARTESIAN_POINT('Origin',(-15.008450009613,-23.9374973271705,2.91920210170934));
#2665=CARTESIAN_POINT('',(-10.4690930435335,-21.8920119544526,8.53912697507649));
#2666=CARTESIAN_POINT('Origin',(15.2255499920171,-23.9744355031078,2.81771529740565));
#2667=CARTESIAN_POINT('',(10.4741719981517,-21.8900739881004,8.54445149386859));
#2668=CARTESIAN_POINT('Origin',(-10.0004500096134,-21.5680865867495,2.11959360802152));
#2669=CARTESIAN_POINT('Origin',(9.99965397602279,-20.8840463001361,3.99897884948905));
#2670=CARTESIAN_POINT('',(9.99965397602279,-19.7490087244297,1.09353317794023));
#2671=CARTESIAN_POINT('Origin',(8.49965397602279,-19.4069885811041,2.03322579872614));
#2672=CARTESIAN_POINT('Origin',(20.4533490989119,-1.50085376421082,39.7110362579067));
#2673=CARTESIAN_POINT('',(20.4533490989119,-1.50085376421082,39.7110362579067));
#2674=CARTESIAN_POINT('',(20.4533490989119,-1.50085376421082,39.7110362579067));
#2675=CARTESIAN_POINT('',(12.4533490989119,-1.50085376421082,39.7110362579067));
#2676=CARTESIAN_POINT('',(16.4533490989119,-1.50085376421082,39.7110362579067));
#2677=CARTESIAN_POINT('',(12.4533490989119,-1.50085376421082,39.7110362579067));
#2678=CARTESIAN_POINT('Origin',(12.4533490989119,-1.50085376421082,39.7110362579067));
#2679=CARTESIAN_POINT('',(12.4533490989119,-2.86893434735391,35.9522657477267));
#2680=CARTESIAN_POINT('',(12.4533490989119,-1.50085376421082,39.7110362579067));
#2681=CARTESIAN_POINT('',(12.4533490989119,-8.50709006222895,38.0043866347171));
#2682=CARTESIAN_POINT('Origin',(20.4533490989119,-4.23701491081616,32.1934952916194));
#2683=CARTESIAN_POINT('',(20.4533490989119,-4.23701491081616,32.1934952916194));
#2684=CARTESIAN_POINT('',(20.4533490989119,-4.23701491081616,32.1934952916194));
#2685=CARTESIAN_POINT('',(20.4533490989119,-4.23701491081616,32.1934952916194));
#2686=CARTESIAN_POINT('Origin',(16.4533490989119,-4.23701491081616,32.1934952916194));
#2687=CARTESIAN_POINT('',(16.4533490989119,-4.23701491081616,32.1934952916194));
#2688=CARTESIAN_POINT('',(16.4533490989119,-9.87517063553162,34.2456161515734));
#2689=CARTESIAN_POINT('',(16.4533490989119,-4.23701491081616,32.1934952916194));
#2690=CARTESIAN_POINT('Origin',(-20.4533490989119,-1.50085376421082,39.7110362579067));
#2691=CARTESIAN_POINT('',(-20.4533490989119,-1.50085376421082,39.7110362579067));
#2692=CARTESIAN_POINT('',(-20.4533490989119,-1.50085376421082,39.7110362579067));
#2693=CARTESIAN_POINT('',(-20.4533490989119,-4.23701491081616,32.1934952916194));
#2694=CARTESIAN_POINT('',(-20.4533490989119,-1.50085376421082,39.7110362579067));
#2695=CARTESIAN_POINT('',(-20.4533490989119,-4.23701491081616,32.1934952916194));
#2696=CARTESIAN_POINT('Origin',(-16.4533490989119,-1.50085376421082,39.7110362579067));
#2697=CARTESIAN_POINT('',(-12.4533490989119,-1.50085376421082,39.7110362579067));
#2698=CARTESIAN_POINT('',(-12.4533490989119,-1.50085376421082,39.7110362579067));
#2699=CARTESIAN_POINT('',(-16.4533490989119,-1.50085376421082,39.7110362579067));
#2700=CARTESIAN_POINT('Origin',(-12.4533490989119,-2.86893434735391,35.9522657477267));
#2701=CARTESIAN_POINT('',(-12.4533490989119,-2.8689343375135,35.9522657747631));
#2702=CARTESIAN_POINT('',(-12.4533490989119,-8.50709006222895,38.0043866347171));
#2703=CARTESIAN_POINT('',(-12.4533490989119,-1.50085376421082,39.7110362579067));
#2704=CARTESIAN_POINT('Origin',(-20.4533490989119,-4.23701491081616,32.1934952916194));
#2705=CARTESIAN_POINT('',(-16.4533490989119,-4.23701491081616,32.1934952916194));
#2706=CARTESIAN_POINT('',(-16.4533490989119,-4.23701491081616,32.1934952916194));
#2707=CARTESIAN_POINT('',(-16.4533490989119,-9.87517063553162,34.2456161515734));
#2708=CARTESIAN_POINT('Origin',(-16.4533490989119,-8.50709006222895,38.0043866347171));
#2709=CARTESIAN_POINT('Origin',(-16.4533490989119,-2.8689343375135,35.9522657747631));
#2710=CARTESIAN_POINT('Origin',(-16.4533490989119,-15.4400892981512,1.41330138394607));
#2711=CARTESIAN_POINT('',(-20.4533490989119,-15.4400892981512,1.41330138394607));
#2712=CARTESIAN_POINT('',(-20.4533490989119,-15.4400892981512,1.41330138394607));
#2713=CARTESIAN_POINT('',(-12.4533490989119,-15.4400892981512,1.41330138394607));
#2714=CARTESIAN_POINT('',(-16.4533490989119,-15.4400892981512,1.41330138394607));
#2715=CARTESIAN_POINT('',(-12.4533490989119,-15.4400892981512,1.41330138394607));
#2716=CARTESIAN_POINT('Origin',(-16.4533490989119,-12.7039281515458,8.93084235023334));
#2717=CARTESIAN_POINT('',(-16.4533490989119,-12.7039281515458,8.93084235023334));
#2718=CARTESIAN_POINT('',(-16.4533490989119,-18.3420838762613,10.9829632101873));
#2719=CARTESIAN_POINT('',(-20.4533490989119,-12.7039281515458,8.93084235023334));
#2720=CARTESIAN_POINT('',(-16.4533490989119,-12.7039281515458,8.93084235023334));
#2721=CARTESIAN_POINT('',(-20.4533490989119,-12.7039281515458,8.93084235023334));
#2722=CARTESIAN_POINT('Origin',(-20.4533490989119,-12.7039281515458,8.93084235023334));
#2723=CARTESIAN_POINT('',(-20.4533490989119,-12.7039281515458,8.93084235023334));
#2724=CARTESIAN_POINT('Origin',(-12.4533490989119,-15.4400892981512,1.41330138394607));
#2725=CARTESIAN_POINT('',(-12.4533490989119,-14.0720087248485,5.1720718670897));
#2726=CARTESIAN_POINT('',(-12.4533490989119,-15.4400892981512,1.41330138394607));
#2727=CARTESIAN_POINT('',(-12.4533490989119,-19.7101644495639,7.22419272704371));
#2728=CARTESIAN_POINT('Origin',(-16.4533490989119,-19.7101644495639,7.22419272704371));
#2729=CARTESIAN_POINT('Origin',(-16.4533490989119,-14.0720087248485,5.1720718670897));
#2730=CARTESIAN_POINT('Origin',(12.4524490796859,-14.0720087248485,5.1720718670897));
#2731=CARTESIAN_POINT('',(12.4524490796859,-14.0720087248485,5.1720718670897));
#2732=CARTESIAN_POINT('',(12.4524490796859,-19.7101644495639,7.22419272704371));
#2733=CARTESIAN_POINT('',(12.4524490796859,-15.4400892981512,1.41330138394607));
#2734=CARTESIAN_POINT('',(12.4524490796859,-15.4400892981512,1.41330138394607));
#2735=CARTESIAN_POINT('',(12.4524490796859,-15.4400892981512,1.41330138394607));
#2736=CARTESIAN_POINT('Origin',(16.4524490796859,-15.4400892981512,1.41330138394607));
#2737=CARTESIAN_POINT('',(20.4524490796859,-15.4400892981512,1.41330138394607));
#2738=CARTESIAN_POINT('',(16.4524490796859,-15.4400892981512,1.41330138394607));
#2739=CARTESIAN_POINT('',(20.4524490796859,-15.4400892981512,1.41330138394607));
#2740=CARTESIAN_POINT('Origin',(16.4524490796859,-12.68914815325,8.97145006181064));
#2741=CARTESIAN_POINT('',(16.4524490796859,-12.68914815325,8.97145006181064));
#2742=CARTESIAN_POINT('',(16.4524490796859,-12.68914815325,8.97145006181064));
#2743=CARTESIAN_POINT('',(16.4524490796859,-12.7039281515458,8.93084235023334));
#2744=CARTESIAN_POINT('',(16.4524490796859,-14.0720087248485,5.1720718670897));
#2745=CARTESIAN_POINT('',(16.4524490796859,-18.3420838762613,10.9829632101873));
#2746=CARTESIAN_POINT('Origin',(20.4524490796859,-12.68914815325,8.97145006181064));
#2747=CARTESIAN_POINT('',(20.4524490796859,-12.68914815325,8.97145006181064));
#2748=CARTESIAN_POINT('',(20.4524490796859,-12.68914815325,8.97145006181064));
#2749=CARTESIAN_POINT('',(16.4524490796859,-12.68914815325,8.97145006181064));
#2750=CARTESIAN_POINT('Origin',(20.4524490796859,-15.4400892981512,1.41330138394607));
#2751=CARTESIAN_POINT('',(20.4524490796859,-15.4400892981512,1.41330138394607));
#2752=CARTESIAN_POINT('Origin',(-0.000450009612992242,-16.4578588127814,
23.4693400256764));
#2753=CARTESIAN_POINT('',(18.4995485666828,-16.455376466172,23.4761602169332));
#2754=CARTESIAN_POINT('',(-18.5004478072984,-16.4547714176892,23.4778225739772));
#2755=CARTESIAN_POINT('Origin',(-0.0520500104800381,-16.679590471777,22.8601372994079));
#2756=CARTESIAN_POINT('Origin',(-0.0594500096114725,-16.6599927174873,22.9139816867907));
#2757=CARTESIAN_POINT('Origin',(-25.,10.8483730442453,38.5));
#2758=CARTESIAN_POINT('',(-25.,13.8483730442453,37.55));
#2759=CARTESIAN_POINT('Origin',(-25.,13.8483730442453,38.5));
#2760=CARTESIAN_POINT('',(-25.,7.8483730442453,37.55));
#2761=CARTESIAN_POINT('',(-25.,10.8483730442453,37.55));
#2762=CARTESIAN_POINT('Origin',(-25.,7.8483730442453,38.5));
#2763=CARTESIAN_POINT('Origin',(-25.,7.8483730442453,38.5));
#2764=CARTESIAN_POINT('Origin',(25.,10.8483730442453,38.5));
#2765=CARTESIAN_POINT('',(25.,13.8483730442453,37.55));
#2766=CARTESIAN_POINT('Origin',(25.,13.8483730442453,38.5));
#2767=CARTESIAN_POINT('',(25.,7.8483730442453,37.55));
#2768=CARTESIAN_POINT('',(25.,10.8483730442453,37.55));
#2769=CARTESIAN_POINT('Origin',(25.,7.8483730442453,38.5));
#2770=CARTESIAN_POINT('Origin',(25.,7.8483730442453,38.5));
#2771=CARTESIAN_POINT('Origin',(27.0935627371073,10.8481258707643,-6.46587254384628));
#2772=CARTESIAN_POINT('',(28.0435627371073,10.8481258707643,-10.4658725438463));
#2773=CARTESIAN_POINT('Origin',(27.0935627371073,10.8481258707643,-10.4658725438463));
#2774=CARTESIAN_POINT('',(28.0435627371073,10.8481258707643,-5.06587254384626));
#2775=CARTESIAN_POINT('',(28.0435627371073,10.8481258707643,-6.46587254384628));
#2776=CARTESIAN_POINT('Origin',(27.0935627371073,10.8481258707643,-5.06587254384626));
#2777=CARTESIAN_POINT('Origin',(-27.0935627371073,-23.3871936798096,-6.46587254384628));
#2778=CARTESIAN_POINT('',(-26.1435627371073,-23.3871936798096,-10.4658725438463));
#2779=CARTESIAN_POINT('Origin',(-27.0935627371073,-23.3871936798096,-10.4658725438463));
#2780=CARTESIAN_POINT('',(-26.1435627371073,-23.3871936798096,-1.46587254384628));
#2781=CARTESIAN_POINT('',(-26.1435627371073,-23.3871936798096,-6.46587254384628));
#2782=CARTESIAN_POINT('Origin',(-27.0935627371073,-23.3871936798096,-1.46587254384628));
#2783=CARTESIAN_POINT('Origin',(-27.0935627371073,10.8481258707643,-6.46587254384628));
#2784=CARTESIAN_POINT('',(-26.1435627371073,10.8481258707643,-10.4658725438463));
#2785=CARTESIAN_POINT('Origin',(-27.0935627371073,10.8481258707643,-10.4658725438463));
#2786=CARTESIAN_POINT('',(-26.1435627371073,10.8481258707643,-5.06587254384626));
#2787=CARTESIAN_POINT('',(-26.1435627371073,10.8481258707643,-6.46587254384628));
#2788=CARTESIAN_POINT('Origin',(-27.0935627371073,10.8481258707643,-5.06587254384626));
#2789=CARTESIAN_POINT('Origin',(27.0935627371073,-23.3871936798096,-6.46587254384628));
#2790=CARTESIAN_POINT('',(28.0435627371073,-23.3871936798096,-10.4658725438463));
#2791=CARTESIAN_POINT('Origin',(27.0935627371073,-23.3871936798096,-10.4658725438463));
#2792=CARTESIAN_POINT('',(28.0435627371073,-23.3871936798096,-1.46587254384628));
#2793=CARTESIAN_POINT('',(28.0435627371073,-23.3871936798096,-6.46587254384628));
#2794=CARTESIAN_POINT('Origin',(27.0935627371073,-23.3871936798096,-1.46587254384628));
#2795=CARTESIAN_POINT('Origin',(-16.4533490989119,-5.68801220971164,36.9783261777037));
#2796=CARTESIAN_POINT('',(-16.4533490989119,-2.54401521119453,36.8449737374733));
#2797=CARTESIAN_POINT('',(-16.4533490989119,-5.36309307355225,37.8710341674503));
#2798=CARTESIAN_POINT('Origin',(-16.4533490989119,-2.86893434735392,35.9522657477267));
#2799=CARTESIAN_POINT('Origin',(16.4524490796859,-16.8910865872062,6.1981322970667));
#2800=CARTESIAN_POINT('',(16.4524490796859,-13.7470895886891,6.06477985683632));
#2801=CARTESIAN_POINT('',(16.4524490796859,-16.5661674510468,7.09084028681332));
#2802=CARTESIAN_POINT('Origin',(16.4524490796859,-14.0720087248485,5.1720718670897));
#2803=CARTESIAN_POINT('Origin',(-16.4533490989119,-16.8910865872062,6.1981322970667));
#2804=CARTESIAN_POINT('',(-16.4533490989119,-13.7470895886891,6.06477985683632));
#2805=CARTESIAN_POINT('',(-16.4533490989119,-16.5661674510468,7.09084028681332));
#2806=CARTESIAN_POINT('Origin',(-16.4533490989119,-14.0720087248485,5.1720718670897));
#2807=CARTESIAN_POINT('Origin',(16.4533490989119,-5.68801220971164,36.9783261777037));
#2808=CARTESIAN_POINT('',(16.4533490989119,-2.54401521119453,36.8449737374733));
#2809=CARTESIAN_POINT('',(16.4533490989119,-5.36309307355225,37.8710341674503));
#2810=CARTESIAN_POINT('Origin',(16.4533490989119,-2.86893434735392,35.9522657477267));
#2811=CARTESIAN_POINT('Origin',(-16.4533490989119,-14.0720087248485,5.1720718670897));
#2812=CARTESIAN_POINT('Origin',(-16.4533490989119,-2.8689343375135,35.9522657747631));
#2813=CARTESIAN_POINT('Origin',(16.4524490796859,-19.7101644495639,7.22419272704371));
#2814=CARTESIAN_POINT('Origin',(16.4524490796859,-14.0720087248485,5.1720718670897));
#2815=CARTESIAN_POINT('Origin',(16.4524490796859,-14.0720087248485,5.1720718670897));
#2816=CARTESIAN_POINT('Origin',(16.4533490989119,-8.50709006222895,38.0043866347171));
#2817=CARTESIAN_POINT('Origin',(16.4533490989119,-2.8689343375135,35.9522657747631));
#2818=CARTESIAN_POINT('Origin',(16.4533490989119,-2.8689343375135,35.9522657747631));
#2819=CARTESIAN_POINT('Origin',(31.5,-16.1617805910752,21.3590038540435));
#2820=CARTESIAN_POINT('',(32.5,-27.745088309108,-10.4658725438463));
#2821=CARTESIAN_POINT('Origin',(31.5,-27.745088309108,-10.4658725438463));
#2822=CARTESIAN_POINT('',(32.5,-6.44626999794218,48.0521498271487));
#2823=CARTESIAN_POINT('',(32.5,-16.1617805910752,21.3590038540435));
#2824=CARTESIAN_POINT('Origin',(31.5,-6.44626999794217,48.0521498271487));
#2825=CARTESIAN_POINT('Origin',(29.5,-6.44626999794218,48.0521498271487));
#2826=CARTESIAN_POINT('',(29.5,-5.42020956796518,50.8712276895064));
#2827=CARTESIAN_POINT('Origin',(29.5,-5.76222971129084,49.9315350687205));
#2828=CARTESIAN_POINT('Origin',(29.5,-6.44626999794218,48.0521498271487));
#2829=CARTESIAN_POINT('Origin',(16.25,-5.76222971129084,49.9315350687205));
#2830=CARTESIAN_POINT('',(-29.5,-5.42020956796518,50.8712276895064));
#2831=CARTESIAN_POINT('Origin',(-29.5,-5.76222971129085,49.9315350687205));
#2832=CARTESIAN_POINT('',(16.25,-5.42020956796517,50.8712276895064));
#2833=CARTESIAN_POINT('Origin',(-29.5,-6.44626999794217,48.0521498271487));
#2834=CARTESIAN_POINT('Origin',(-29.5,-6.44626999794217,48.0521498271487));
#2835=CARTESIAN_POINT('Origin',(-29.5,1.50982666468997,45.1563674610059));
#2836=CARTESIAN_POINT('',(-29.5,13.8483730442453,43.8580371621625));
#2837=CARTESIAN_POINT('',(-29.5,2.53588709466698,47.9754453233636));
#2838=CARTESIAN_POINT('',(-32.5,13.8483730442453,40.6655038447347));
#2839=CARTESIAN_POINT('Origin',(-29.5,13.8483730442453,40.6655038447347));
#2840=CARTESIAN_POINT('',(-32.5,1.50982666468997,45.1563674610059));
#2841=CARTESIAN_POINT('Origin',(4.82066578370293E-16,5.38625557107277,46.9379960412612));
#2842=CARTESIAN_POINT('',(29.5,13.8483730442453,43.8580371621625));
#2843=CARTESIAN_POINT('',(29.5,2.53588709466698,47.9754453233636));
#2844=CARTESIAN_POINT('',(1.31443173502021E-16,13.8483730442453,43.8580371621625));
#2845=CARTESIAN_POINT('Origin',(29.5,1.50982666468998,45.1563674610059));
#2846=CARTESIAN_POINT('',(32.5,13.8483730442453,40.6655038447347));
#2847=CARTESIAN_POINT('',(32.5,1.50982666468998,45.1563674610059));
#2848=CARTESIAN_POINT('Origin',(29.5,13.8483730442453,40.6655038447347));
#2849=CARTESIAN_POINT('Origin',(32.5,-11.7080291998516,17.7093792477246));
#2850=CARTESIAN_POINT('',(32.5,13.8483730442453,-10.4658725438463));
#2851=CARTESIAN_POINT('',(32.5,-10.6450194748769,-10.4658725438463));
#2852=CARTESIAN_POINT('',(32.5,13.8483730442453,19.3915334461087));
#2853=CARTESIAN_POINT('Origin',(27.0935627371073,-23.3871936798096,-1.46587254384628));
#2854=CARTESIAN_POINT('Origin',(-27.0935627371073,-23.3871936798096,-1.46587254384628));
#2855=CARTESIAN_POINT('Origin',(-29.9995627371073,-19.2595625348665,6.4155482327238));
#2856=CARTESIAN_POINT('',(-29.9995627371073,-20.3871936798096,5.21094332755719));
#2857=CARTESIAN_POINT('',(-29.9995627371073,-20.3871936798096,-6.37842787594189));
#2858=CARTESIAN_POINT('',(-29.9995627371073,-19.7786228749066,4.98944166912909));
#2859=CARTESIAN_POINT('Origin',(-24.0935627371073,-22.7856392614215,6.08390612777123));
#2860=CARTESIAN_POINT('',(-24.0935627371073,7.84812587076427,-5.06587254384626));
#2861=CARTESIAN_POINT('',(-24.0935627371073,7.84812587076427,-5.06587254384626));
#2862=CARTESIAN_POINT('',(-30.,7.84812587076427,-5.06587254384626));
#2863=CARTESIAN_POINT('',(-27.0935627371073,7.84812587076427,-5.06587254384626));
#2864=CARTESIAN_POINT('',(-30.,-18.5637060671094,4.5472481139812));
#2865=CARTESIAN_POINT('Ctrl Pts',(24.0935627371073,-21.4624681394338,2.40977790709933));
#2866=CARTESIAN_POINT('Ctrl Pts',(24.0935627371073,-12.0342902793601,-1.02179819733511));
#2867=CARTESIAN_POINT('Ctrl Pts',(24.0935627371073,-2.60611241928641,-4.45337430176955));
#2868=CARTESIAN_POINT('Ctrl Pts',(24.0935627371073,6.82206544078727,-7.88495040620399));
#2869=CARTESIAN_POINT('Ctrl Pts',(24.0935627371073,-21.3242711322064,2.78947106389286));
#2870=CARTESIAN_POINT('Ctrl Pts',(24.0935627371073,-11.8960932721327,-0.642105040541577));
#2871=CARTESIAN_POINT('Ctrl Pts',(24.0935627371073,-2.46791541205899,-4.07368114497602));
#2872=CARTESIAN_POINT('Ctrl Pts',(24.0935627371073,6.96026244801469,-7.50525724941046));
#2873=CARTESIAN_POINT('Ctrl Pts',(24.2585697761938,-21.0235755586315,3.61562536241979));
#2874=CARTESIAN_POINT('Ctrl Pts',(24.2585697761938,-11.5953976985578,0.184049257985344));
#2875=CARTESIAN_POINT('Ctrl Pts',(24.2585697761938,-2.16721983848414,-3.24752684644909));
#2876=CARTESIAN_POINT('Ctrl Pts',(24.2585697761938,7.26095802158956,-6.67910295088353));
#2877=CARTESIAN_POINT('Ctrl Pts',(25.3239351749708,-20.555382909452,4.90197409399507));
#2878=CARTESIAN_POINT('Ctrl Pts',(25.3239351749708,-11.1272050493783,1.47039798956063));
#2879=CARTESIAN_POINT('Ctrl Pts',(25.3239351749708,-1.69902718930461,-1.96117811487382));
#2880=CARTESIAN_POINT('Ctrl Pts',(25.3239351749708,7.72915067076905,-5.39275421930826));
#2881=CARTESIAN_POINT('Ctrl Pts',(26.487471210376,-20.4364077094568,5.22885576945706));
#2882=CARTESIAN_POINT('Ctrl Pts',(26.487471210376,-11.0082298493831,1.79727966502262));
#2883=CARTESIAN_POINT('Ctrl Pts',(26.487471210376,-1.58005198930943,-1.63429643941182));
#2884=CARTESIAN_POINT('Ctrl Pts',(26.487471210376,7.84812587076428,-5.06587254384626));
#2885=CARTESIAN_POINT('Ctrl Pts',(27.0935627371073,-20.4364077094568,5.22885576945706));
#2886=CARTESIAN_POINT('Ctrl Pts',(27.0935627371073,-11.0082298493831,1.79727966502262));
#2887=CARTESIAN_POINT('Ctrl Pts',(27.0935627371073,-1.58005198930941,-1.63429643941182));
#2888=CARTESIAN_POINT('Ctrl Pts',(27.0935627371073,7.84812587076428,-5.06587254384626));
#2889=CARTESIAN_POINT('',(27.0935627371073,7.84812587076428,-5.06587254384626));
#2890=CARTESIAN_POINT('',(24.0935627371073,-0.923287329724991,-5.06587254384626));
#2891=CARTESIAN_POINT('Ctrl Pts',(24.0935627371073,-0.923287329724982,-5.06587254384626));
#2892=CARTESIAN_POINT('Ctrl Pts',(24.0935627371073,1.23717994383394,-5.06587254384626));
#2893=CARTESIAN_POINT('Ctrl Pts',(24.3665626861966,3.32321383203841,-5.06587254384626));
#2894=CARTESIAN_POINT('Ctrl Pts',(25.1498562509518,5.87783216233517,-5.06587254384626));
#2895=CARTESIAN_POINT('Ctrl Pts',(25.5067989130687,6.62841460286771,-5.06587254384854));
#2896=CARTESIAN_POINT('Ctrl Pts',(26.0726427384554,7.3416763150771,-5.06587254384854));
#2897=CARTESIAN_POINT('Ctrl Pts',(26.2730958153302,7.54184044426348,-5.06587254384626));
#2898=CARTESIAN_POINT('Ctrl Pts',(26.5982812905093,7.73230034006426,-5.06587254384626));
#2899=CARTESIAN_POINT('Ctrl Pts',(26.6978621577508,7.77693007452887,-5.06587254384626));
#2900=CARTESIAN_POINT('Ctrl Pts',(26.8976264315408,7.83385047674763,-5.06587254384626));
#2901=CARTESIAN_POINT('Ctrl Pts',(26.9947394136689,7.84812587076427,-5.06587254384626));
#2902=CARTESIAN_POINT('Ctrl Pts',(27.0935627371073,7.84812587076427,-5.06587254384626));
#2903=CARTESIAN_POINT('Ctrl Pts',(24.0935627371073,-0.923287329724995,-5.06587254384626));
#2904=CARTESIAN_POINT('Ctrl Pts',(24.0935627371073,-7.76968093296126,-2.57398906019773));
#2905=CARTESIAN_POINT('Ctrl Pts',(24.0935627371073,-14.6160745361975,-0.0821055765491967));
#2906=CARTESIAN_POINT('Ctrl Pts',(24.0935627371073,-21.4624681394338,2.40977790709933));
#2907=CARTESIAN_POINT('Ctrl Pts',(27.0935627371073,-20.4364077094568,5.22885576945706));
#2908=CARTESIAN_POINT('Ctrl Pts',(27.0935627371073,-11.0082298493831,1.79727966502262));
#2909=CARTESIAN_POINT('Ctrl Pts',(27.0935627371073,-1.58005198930941,-1.63429643941182));
#2910=CARTESIAN_POINT('Ctrl Pts',(27.0935627371073,7.84812587076428,-5.06587254384626));
#2911=CARTESIAN_POINT('Origin',(24.0935627371073,7.84812587076428,-5.06587254384626));
#2912=CARTESIAN_POINT('',(24.0935627371073,13.8483730442453,-5.06587254384626));
#2913=CARTESIAN_POINT('',(24.0935627371073,7.84812587076428,-5.06587254384626));
#2914=CARTESIAN_POINT('',(24.0935627371073,13.8483730442453,-10.4658725438463));
#2915=CARTESIAN_POINT('',(24.0935627371073,13.8483730442453,-7.76587254384627));
#2916=CARTESIAN_POINT('',(24.0935627371073,-23.3871936798096,-10.4658725438463));
#2917=CARTESIAN_POINT('Origin',(-9.19091946847121E-16,-9.58200974990223,
-10.4658725438463));
#2918=CARTESIAN_POINT('',(-32.5,13.8483730442453,-10.4658725438463));
#2919=CARTESIAN_POINT('',(-32.5,-10.6450194748769,-10.4658725438463));
#2920=CARTESIAN_POINT('',(-24.0935627371073,13.8483730442453,-10.4658725438463));
#2921=CARTESIAN_POINT('',(-2.63829304722598E-15,13.8483730442453,-10.4658725438463));
#2922=CARTESIAN_POINT('',(-24.0935627371073,13.8481258707643,-10.4658725438463));
#2923=CARTESIAN_POINT('',(15.,13.8483730442453,-10.4658725438463));
#2924=CARTESIAN_POINT('Origin',(-30.,-11.7080291998516,17.7093792477246));
#2925=CARTESIAN_POINT('',(-30.,13.8483730442453,-5.06587254384626));
#2926=CARTESIAN_POINT('',(-30.,1.07004833545634,-5.06587254384626));
#2927=CARTESIAN_POINT('',(-30.,13.8483730442453,41.1975927309727));
#2928=CARTESIAN_POINT('',(-30.,13.8483730442453,17.7093792477246));
#2929=CARTESIAN_POINT('',(-30.,-0.167257891170937,46.2988652059247));
#2930=CARTESIAN_POINT('Origin',(-32.5,-11.7080291998516,17.7093792477246));
#2931=CARTESIAN_POINT('',(-32.5,13.8483730442453,19.3915334461087));
#2932=CARTESIAN_POINT('Origin',(24.0935627371073,8.62912587076427,-5.06587254384626));
#2933=CARTESIAN_POINT('',(30.,13.8483730442453,-5.06587254384626));
#2934=CARTESIAN_POINT('',(27.0467813685536,13.8483730442453,-5.06587254384626));
#2935=CARTESIAN_POINT('',(30.,7.84812587076428,-5.06587254384626));
#2936=CARTESIAN_POINT('',(27.0935627371073,7.84812587076428,-5.06587254384626));
#2937=CARTESIAN_POINT('',(30.,1.07004833545634,-5.06587254384626));
#2938=CARTESIAN_POINT('Origin',(25.,13.9483730442453,38.5));
#2939=CARTESIAN_POINT('',(25.,7.94837304424531,35.5));
#2940=CARTESIAN_POINT('',(28.0000004172325,8.47735398637072,38.5));
#2941=CARTESIAN_POINT('Ctrl Pts',(25.0000003278255,7.94837304424528,35.5));
#2942=CARTESIAN_POINT('Ctrl Pts',(25.0629713795019,7.94837302533941,35.5000000068812));
#2943=CARTESIAN_POINT('Ctrl Pts',(25.1259822468047,7.94874463296189,35.5020430870106));
#2944=CARTESIAN_POINT('Ctrl Pts',(25.1888310439142,7.94946593916136,35.5060587348831));
#2945=CARTESIAN_POINT('Ctrl Pts',(25.2543002501186,7.95021731940221,35.5102418106252));
#2946=CARTESIAN_POINT('Ctrl Pts',(25.3195940635312,7.95134806580229,35.5165650939088));
#2947=CARTESIAN_POINT('Ctrl Pts',(25.3845378963981,7.95284055642061,35.5249685724435));
#2948=CARTESIAN_POINT('Ctrl Pts',(25.4536376650036,7.95442855564731,35.5339098128445));
#2949=CARTESIAN_POINT('Ctrl Pts',(25.5223416685962,7.95642591443093,35.5452055512119));
#2950=CARTESIAN_POINT('Ctrl Pts',(25.5904920656935,7.95882149569887,35.558811220523));
#2951=CARTESIAN_POINT('Ctrl Pts',(25.6607087171365,7.9612897086816,35.5728294006124));
#2952=CARTESIAN_POINT('Ctrl Pts',(25.7303385109629,7.96418052415015,35.5892993379903));
#2953=CARTESIAN_POINT('Ctrl Pts',(25.7992524118126,7.96749440653178,35.6082070310793));
#2954=CARTESIAN_POINT('Ctrl Pts',(25.8700795322628,7.97090029044936,35.6276396482921));
#2955=CARTESIAN_POINT('Ctrl Pts',(25.940151388907,7.97475290807941,35.6496468440989));
#2956=CARTESIAN_POINT('Ctrl Pts',(26.0093596198382,7.9790681090696,35.6742555793853));
#2957=CARTESIAN_POINT('Ctrl Pts',(26.0534054697431,7.98181441095545,35.6899171942856));
#2958=CARTESIAN_POINT('Ctrl Pts',(26.0971021083989,7.98474839191134,35.7066333960387));
#2959=CARTESIAN_POINT('Ctrl Pts',(26.1404253808617,7.98787765700767,35.7244208040253));
#2960=CARTESIAN_POINT('Ctrl Pts',(26.1815095607068,7.99084519114562,35.7412888988657));
#2961=CARTESIAN_POINT('Ctrl Pts',(26.2221556256692,7.99398080941946,35.7590786346092));
#2962=CARTESIAN_POINT('Ctrl Pts',(26.262339801529,7.99728872667619,35.7777915872994));
#2963=CARTESIAN_POINT('Ctrl Pts',(26.326483920309,8.00256900013931,35.8076621976679));
#2964=CARTESIAN_POINT('Ctrl Pts',(26.3894508334315,8.00828713701518,35.8398820040432));
#2965=CARTESIAN_POINT('Ctrl Pts',(26.4511486215858,8.01438894368606,35.8742614208732));
#2966=CARTESIAN_POINT('Ctrl Pts',(26.5161327694565,8.02081576576253,35.9104720724027));
#2967=CARTESIAN_POINT('Ctrl Pts',(26.579709699663,8.02766824651732,35.9490786028194));
#2968=CARTESIAN_POINT('Ctrl Pts',(26.6417767181304,8.03490304421656,35.98991438731));
#2969=CARTESIAN_POINT('Ctrl Pts',(26.7051455302019,8.04228958455795,36.0316066615175));
#2970=CARTESIAN_POINT('Ctrl Pts',(26.7669412819753,8.05007478763832,36.0756230683535));
#2971=CARTESIAN_POINT('Ctrl Pts',(26.8270472859198,8.05823136516363,36.1218380346965));
#2972=CARTESIAN_POINT('Ctrl Pts',(26.8876590251135,8.0664565725844,36.1684418563283));
#2973=CARTESIAN_POINT('Ctrl Pts',(26.9465533528076,8.07505960552988,36.2172818722362));
#2974=CARTESIAN_POINT('Ctrl Pts',(27.0035899263191,8.08402898181674,36.2682746482222));
#2975=CARTESIAN_POINT('Ctrl Pts',(27.0435188499766,8.09030806765525,36.3039725615797));
#2976=CARTESIAN_POINT('Ctrl Pts',(27.0825369070803,8.09676703821496,36.3407264552312));
#2977=CARTESIAN_POINT('Ctrl Pts',(27.1205864133123,8.10340601508659,36.3785188615059));
#2978=CARTESIAN_POINT('Ctrl Pts',(27.174890489725,8.11288113166601,36.4324560060681));
#2979=CARTESIAN_POINT('Ctrl Pts',(27.2270090504856,8.12268373499877,36.4882949095812));
#2980=CARTESIAN_POINT('Ctrl Pts',(27.276789350328,8.13281447623285,36.5459641945972));
#2981=CARTESIAN_POINT('Ctrl Pts',(27.3043534037427,8.13842401039377,36.5778964902564));
#2982=CARTESIAN_POINT('Ctrl Pts',(27.3311999703331,8.14413438710631,36.6103906271793));
#2983=CARTESIAN_POINT('Ctrl Pts',(27.3572979112865,8.14994727658352,36.643438772889));
#2984=CARTESIAN_POINT('Ctrl Pts',(27.4049244872001,8.16055531736565,36.7037488955634));
#2985=CARTESIAN_POINT('Ctrl Pts',(27.4500607553553,8.17150440731858,36.7659030805855));
#2986=CARTESIAN_POINT('Ctrl Pts',(27.4927192710786,8.18275508588719,36.8297174194584));
#2987=CARTESIAN_POINT('Ctrl Pts',(27.5352493403919,8.19397188823564,36.893339610935));
#2988=CARTESIAN_POINT('Ctrl Pts',(27.575316756793,8.20548882558281,36.9586129623892));
#2989=CARTESIAN_POINT('Ctrl Pts',(27.6128840178349,8.21727103443021,37.0253668755056));
#2990=CARTESIAN_POINT('Ctrl Pts',(27.649325936374,8.22870030244496,37.0901211481485));
#2991=CARTESIAN_POINT('Ctrl Pts',(27.6834152371658,8.24037951427747,37.1562695075386));
#2992=CARTESIAN_POINT('Ctrl Pts',(27.7150695467955,8.25227581191787,37.2236533890537));
#2993=CARTESIAN_POINT('Ctrl Pts',(27.7313448990816,8.25839240195769,37.2582994269201));
#2994=CARTESIAN_POINT('Ctrl Pts',(27.7469757482964,8.26456633436367,37.2932719595792));
#2995=CARTESIAN_POINT('Ctrl Pts',(27.7619456887419,8.27079260513628,37.3285479567542));
#2996=CARTESIAN_POINT('Ctrl Pts',(27.7895347149982,8.28226738343942,37.393560266978));
#2997=CARTESIAN_POINT('Ctrl Pts',(27.8147952295351,8.29388401408941,37.4593994410673));
#2998=CARTESIAN_POINT('Ctrl Pts',(27.8376458903389,8.30561436679137,37.5259251613372));
#2999=CARTESIAN_POINT('Ctrl Pts',(27.840948685199,8.30730985161537,37.5355406735037));
#3000=CARTESIAN_POINT('Ctrl Pts',(27.8442010502014,8.30900770298364,37.5451705030821));
#3001=CARTESIAN_POINT('Ctrl Pts',(27.847402652713,8.31070782529289,37.5548141970786));
#3002=CARTESIAN_POINT('Ctrl Pts',(27.8706543568925,8.32305499857929,37.624851723348));
#3003=CARTESIAN_POINT('Ctrl Pts',(27.8912321681295,8.33552264198159,37.6956224162166));
#3004=CARTESIAN_POINT('Ctrl Pts',(27.9091730186527,8.34810472962429,37.7670368142337));
#3005=CARTESIAN_POINT('Ctrl Pts',(27.9267045361473,8.36039974815432,37.8368218429083));
#3006=CARTESIAN_POINT('Ctrl Pts',(27.9417176016381,8.37280431246796,37.9072222645873));
#3007=CARTESIAN_POINT('Ctrl Pts',(27.9542091152948,8.38530233163162,37.9781258414809));
#3008=CARTESIAN_POINT('Ctrl Pts',(27.9660796868635,8.39717908532422,38.0455048643214));
#3009=CARTESIAN_POINT('Ctrl Pts',(27.975672668334,8.40914040079953,38.1133387220341));
#3010=CARTESIAN_POINT('Ctrl Pts',(27.9829580374673,8.42115993023089,38.1814966451916));
#3011=CARTESIAN_POINT('Ctrl Pts',(27.98883151146,8.43085009036249,38.2364456507583));
#3012=CARTESIAN_POINT('Ctrl Pts',(27.9932045660432,8.4405779195456,38.2916048252587));
#3013=CARTESIAN_POINT('Ctrl Pts',(27.996050537764,8.45032198737949,38.3468846984194));
#3014=CARTESIAN_POINT('Ctrl Pts',(27.9972330832689,8.45437079908477,38.36985434532));
#3015=CARTESIAN_POINT('Ctrl Pts',(27.998151343372,8.45842086016997,38.3928344722666));
#3016=CARTESIAN_POINT('Ctrl Pts',(27.9988036627145,8.46246352026677,38.415818998462));
#3017=CARTESIAN_POINT('Ctrl Pts',(27.9995984499297,8.46738910556068,38.4438233919813));
#3018=CARTESIAN_POINT('Ctrl Pts',(28.0000004172325,8.47241660709861,38.4719986914927));
#3019=CARTESIAN_POINT('Ctrl Pts',(28.0000004172325,8.47735398637049,38.5000000000001));
#3020=CARTESIAN_POINT('',(22.0000003278255,8.47735398637073,38.5));
#3021=CARTESIAN_POINT('Ctrl Pts',(22.0000003278255,8.47735398634601,38.500000000009));
#3022=CARTESIAN_POINT('Ctrl Pts',(22.0000003278255,8.47259334905509,38.4730011087518));
#3023=CARTESIAN_POINT('Ctrl Pts',(22.0003666929767,8.46785858613161,38.4458809595139));
#3024=CARTESIAN_POINT('Ctrl Pts',(22.0112231761103,8.39690219209704,38.0444629713816));
#3025=CARTESIAN_POINT('Ctrl Pts',(22.0914790929426,8.33177964990602,37.674389632212));
#3026=CARTESIAN_POINT('Ctrl Pts',(22.3884499966059,8.20832432788954,36.9742487465374));
#3027=CARTESIAN_POINT('Ctrl Pts',(22.6058953153332,8.15137022466416,36.651247386541));
#3028=CARTESIAN_POINT('Ctrl Pts',(23.1594333436182,8.05384342104797,36.0981482317759));
#3029=CARTESIAN_POINT('Ctrl Pts',(23.4926757815705,8.01464487600801,35.8758431607683));
#3030=CARTESIAN_POINT('Ctrl Pts',(24.2217765181831,7.96186500706351,35.576515318388));
#3031=CARTESIAN_POINT('Ctrl Pts',(24.6087848962359,7.94837316923831,35.5));
#3032=CARTESIAN_POINT('Ctrl Pts',(25.,7.94837304424538,35.5));
#3033=CARTESIAN_POINT('',(22.0000003278255,13.8483730442453,38.5));
#3034=CARTESIAN_POINT('',(22.0000003278255,13.9483730442453,38.5));
#3035=CARTESIAN_POINT('',(28.0000004172325,13.8483730442453,38.5));
#3036=CARTESIAN_POINT('Origin',(25.,13.8483730442453,38.5));
#3037=CARTESIAN_POINT('',(28.0000004172325,13.9483730442453,38.5));
#3038=CARTESIAN_POINT('Origin',(-25.,13.9483730442453,38.5));
#3039=CARTESIAN_POINT('',(-25.,7.94837304424531,35.5));
#3040=CARTESIAN_POINT('',(-22.0000003278255,8.47735398637072,38.5));
#3041=CARTESIAN_POINT('Ctrl Pts',(-25.,7.94837304424541,35.5));
#3042=CARTESIAN_POINT('Ctrl Pts',(-24.6087848856386,7.94837320332732,35.5));
#3043=CARTESIAN_POINT('Ctrl Pts',(-24.2217765849915,7.96186505852295,35.5765152992899));
#3044=CARTESIAN_POINT('Ctrl Pts',(-23.4926758269877,8.01464494974179,35.875843133635));
#3045=CARTESIAN_POINT('Ctrl Pts',(-23.1594333789602,8.05384349678558,36.0981482033638));
#3046=CARTESIAN_POINT('Ctrl Pts',(-22.6058953366469,8.15137029222018,36.6512473584973));
#3047=CARTESIAN_POINT('Ctrl Pts',(-22.3884500125016,8.20832438527125,36.9742487184175));
#3048=CARTESIAN_POINT('Ctrl Pts',(-22.1009575227769,8.32783935761906,37.6520432046191));
#3049=CARTESIAN_POINT('Ctrl Pts',(-22.0217969484111,8.38859727676807,37.9967732096475));
#3050=CARTESIAN_POINT('Ctrl Pts',(-22.0026825365637,8.45461348863213,38.3709090826739));
#3051=CARTESIAN_POINT('Ctrl Pts',(-22.0017455191524,8.45884678345285,38.3948989220613));
#3052=CARTESIAN_POINT('Ctrl Pts',(-22.0003666929754,8.46785858850153,38.4458809595872));
#3053=CARTESIAN_POINT('Ctrl Pts',(-22.0000003278255,8.47259335025775,38.4730011087536));
#3054=CARTESIAN_POINT('Ctrl Pts',(-22.0000003278255,8.47735398637049,38.5000000000001));
#3055=CARTESIAN_POINT('',(-28.0000004172325,8.47735398637073,38.5));
#3056=CARTESIAN_POINT('Ctrl Pts',(-28.0000004172325,8.47735398634601,38.500000000009));
#3057=CARTESIAN_POINT('Ctrl Pts',(-28.0000004172325,8.47241660584508,38.47199869145));
#3058=CARTESIAN_POINT('Ctrl Pts',(-27.9995918393298,8.46738363309486,38.4438083632128));
#3059=CARTESIAN_POINT('Ctrl Pts',(-27.9987857718788,8.46244841765725,38.4157775144124));
#3060=CARTESIAN_POINT('Ctrl Pts',(-27.9969181320032,8.45101363619582,38.3508306778936));
#3061=CARTESIAN_POINT('Ctrl Pts',(-27.9929093831733,8.43955590904955,38.2859178872847));
#3062=CARTESIAN_POINT('Ctrl Pts',(-27.9868252872301,8.42812927800783,38.2212336344316));
#3063=CARTESIAN_POINT('Ctrl Pts',(-27.9804851062418,8.41622168983575,38.1538267634667));
#3064=CARTESIAN_POINT('Ctrl Pts',(-27.9718915177911,8.40434769592016,38.0866675939744));
#3065=CARTESIAN_POINT('Ctrl Pts',(-27.9610957766191,8.39255064174518,38.0199272881486));
#3066=CARTESIAN_POINT('Ctrl Pts',(-27.9496509199343,8.38004426611191,37.9491740880569));
#3067=CARTESIAN_POINT('Ctrl Pts',(-27.9357316345275,8.36762417993319,37.8788911393428));
#3068=CARTESIAN_POINT('Ctrl Pts',(-27.9193668388151,8.35532516782,37.8092360521697));
#3069=CARTESIAN_POINT('Ctrl Pts',(-27.9025551066339,8.34269025924102,37.7376786254111));
#3070=CARTESIAN_POINT('Ctrl Pts',(-27.883162866122,8.33018282406011,37.6667829874602));
#3071=CARTESIAN_POINT('Ctrl Pts',(-27.8611816556395,8.31782722316241,37.5966833327309));
#3072=CARTESIAN_POINT('Ctrl Pts',(-27.8387888193944,8.30524024812608,37.5252709739602));
#3073=CARTESIAN_POINT('Ctrl Pts',(-27.8137095393483,8.29281050810974,37.4546837574895));
#3074=CARTESIAN_POINT('Ctrl Pts',(-27.7858880309864,8.28055506113532,37.3850396632613));
#3075=CARTESIAN_POINT('Ctrl Pts',(-27.7782114328258,8.27717349962985,37.3658232455642));
#3076=CARTESIAN_POINT('Ctrl Pts',(-27.7703257691488,8.27380517421231,37.3466785391962));
#3077=CARTESIAN_POINT('Ctrl Pts',(-27.7622291931284,8.27045038271263,37.3276078563191));
#3078=CARTESIAN_POINT('Ctrl Pts',(-27.7494074433768,8.26513772993573,37.2974074947305));
#3079=CARTESIAN_POINT('Ctrl Pts',(-27.7360758284327,8.25986617901401,37.2674378197716));
#3080=CARTESIAN_POINT('Ctrl Pts',(-27.722231563815,8.2546371878392,37.2377087161374));
#3081=CARTESIAN_POINT('Ctrl Pts',(-27.6920355553585,8.24323212833672,37.1728659607055));
#3082=CARTESIAN_POINT('Ctrl Pts',(-27.659404584267,8.23202967559458,37.109168050712));
#3083=CARTESIAN_POINT('Ctrl Pts',(-27.6245284408447,8.22104437385346,37.0467159496601));
#3084=CARTESIAN_POINT('Ctrl Pts',(-27.5879109478459,8.20951058111947,36.9811456443276));
#3085=CARTESIAN_POINT('Ctrl Pts',(-27.5488183665643,8.19821590476098,36.9169479433691));
#3086=CARTESIAN_POINT('Ctrl Pts',(-27.5074123792578,8.18717657416848,36.8542380416634));
#3087=CARTESIAN_POINT('Ctrl Pts',(-27.4652976573234,8.1759482864621,36.7904547522248));
#3088=CARTESIAN_POINT('Ctrl Pts',(-27.4207892107536,8.16498385876833,36.7282098008782));
#3089=CARTESIAN_POINT('Ctrl Pts',(-27.3740034419364,8.15430411646379,36.6676346978603));
#3090=CARTESIAN_POINT('Ctrl Pts',(-27.3272095379611,8.14362251715458,36.6070490619805));
#3091=CARTESIAN_POINT('Ctrl Pts',(-27.2781369588181,8.13322540515342,36.5481330389346));
#3092=CARTESIAN_POINT('Ctrl Pts',(-27.2268566940631,8.12314183709227,36.4910407929084));
#3093=CARTESIAN_POINT('Ctrl Pts',(-27.19216587588,8.11632035853874,36.4524182012346));
#3094=CARTESIAN_POINT('Ctrl Pts',(-27.1564637908429,8.10964254400588,36.4146307249664));
#3095=CARTESIAN_POINT('Ctrl Pts',(-27.1197625376331,8.10312057473347,36.3777348444642));
#3096=CARTESIAN_POINT('Ctrl Pts',(-27.0664740335858,8.09365098022174,36.3241637506864));
#3097=CARTESIAN_POINT('Ctrl Pts',(-27.0112880561382,8.08454750524171,36.2726788360529));
#3098=CARTESIAN_POINT('Ctrl Pts',(-26.9542557183228,8.07584763520658,36.2234329133871));
#3099=CARTESIAN_POINT('Ctrl Pts',(-26.9222757871784,8.07096932834866,36.1958190845259));
#3100=CARTESIAN_POINT('Ctrl Pts',(-26.8897146713121,8.06621813781537,36.168909831912));
#3101=CARTESIAN_POINT('Ctrl Pts',(-26.8565769921931,8.06160263846669,36.1427374988244));
#3102=CARTESIAN_POINT('Ctrl Pts',(-26.7965553946464,8.05324267929789,36.0953320894775));
#3103=CARTESIAN_POINT('Ctrl Pts',(-26.7346429975926,8.045326921496,36.0503416646308));
#3104=CARTESIAN_POINT('Ctrl Pts',(-26.6710124057373,8.03783891827019,36.0077732347453));
#3105=CARTESIAN_POINT('Ctrl Pts',(-26.6079457508177,8.03041727874574,35.9655820748051));
#3106=CARTESIAN_POINT('Ctrl Pts',(-26.5431901836086,8.02341578935355,35.9257700156681));
#3107=CARTESIAN_POINT('Ctrl Pts',(-26.4769052335834,8.01683548977408,35.8883907359121));
#3108=CARTESIAN_POINT('Ctrl Pts',(-26.4131181587313,8.0105031615206,35.8524200530525));
#3109=CARTESIAN_POINT('Ctrl Pts',(-26.3479139066106,8.00456089758515,35.8187023075005));
#3110=CARTESIAN_POINT('Ctrl Pts',(-26.2814406677224,7.99902561153928,35.7873292592632));
#3111=CARTESIAN_POINT('Ctrl Pts',(-26.2346764704843,7.99513151501641,35.7652581906607));
#3112=CARTESIAN_POINT('Ctrl Pts',(-26.1872843263002,7.99143916231017,35.7443484428183));
#3113=CARTESIAN_POINT('Ctrl Pts',(-26.1393212900101,7.98795944172884,35.7246457001704));
#3114=CARTESIAN_POINT('Ctrl Pts',(-26.075333848052,7.98331714974838,35.6983602895893));
#3115=CARTESIAN_POINT('Ctrl Pts',(-26.0105773597749,7.97907106048389,35.6743225263361));
#3116=CARTESIAN_POINT('Ctrl Pts',(-25.9451808854059,7.97524468944748,35.6526106652923));
#3117=CARTESIAN_POINT('Ctrl Pts',(-25.8753675780186,7.97115988793607,35.6294324000475));
#3118=CARTESIAN_POINT('Ctrl Pts',(-25.8048244359305,7.96755369241697,35.6089055908687));
#3119=CARTESIAN_POINT('Ctrl Pts',(-25.7336289247335,7.96440811974747,35.5909974320079));
#3120=CARTESIAN_POINT('Ctrl Pts',(-25.6649700014409,7.96137461905346,35.5737273136414));
#3121=CARTESIAN_POINT('Ctrl Pts',(-25.5957036716734,7.95876968227861,35.5588930642595));
#3122=CARTESIAN_POINT('Ctrl Pts',(-25.5259287243,7.95658999684037,35.5465004730525));
#3123=CARTESIAN_POINT('Ctrl Pts',(-25.4583013885673,7.95447740020688,35.5344893149263));
#3124=CARTESIAN_POINT('Ctrl Pts',(-25.3901956278083,7.95276442246136,35.5247722151769));
#3125=CARTESIAN_POINT('Ctrl Pts',(-25.3217390084921,7.95145802188429,35.5173818489004));
#3126=CARTESIAN_POINT('Ctrl Pts',(-25.2568703143256,7.95022009193187,35.5103788239987));
#3127=CARTESIAN_POINT('Ctrl Pts',(-25.1916862068908,7.94934737997589,35.5054654202996));
#3128=CARTESIAN_POINT('Ctrl Pts',(-25.1263363767155,7.94885283722448,35.5026887564125));
#3129=CARTESIAN_POINT('Ctrl Pts',(-25.0842752543154,7.9485345345886,35.5009016117588));
#3130=CARTESIAN_POINT('Ctrl Pts',(-25.0421463124475,7.94837302814077,35.5000000058616));
#3131=CARTESIAN_POINT('Ctrl Pts',(-25.0000004172325,7.94837304424524,35.5000000000001));
#3132=CARTESIAN_POINT('',(-28.0000004172325,13.8483730442453,38.5));
#3133=CARTESIAN_POINT('',(-28.0000004172325,13.9483730442453,38.5));
#3134=CARTESIAN_POINT('',(-22.0000003278255,13.8483730442453,38.5));
#3135=CARTESIAN_POINT('Origin',(-25.,13.8483730442453,38.5));
#3136=CARTESIAN_POINT('',(-22.0000003278255,13.9483730442453,38.5));
#3137=CARTESIAN_POINT('Origin',(-24.0935627371073,8.62912587076427,-5.06587254384626));
#3138=CARTESIAN_POINT('',(-24.0935627371073,13.8483730442453,-5.06587254384626));
#3139=CARTESIAN_POINT('',(2.95321863144635,13.8483730442453,-5.06587254384626));
#3140=CARTESIAN_POINT('',(-24.0935627371073,13.8481258707643,-5.06587254384626));
#3141=CARTESIAN_POINT('Origin',(7.08411903653225E-16,13.8483730442453,21.0736876444929));
#3142=CARTESIAN_POINT('',(30.,13.8483730442453,41.1975927309727));
#3143=CARTESIAN_POINT('',(30.,13.8483730442453,17.7093792477246));
#3144=CARTESIAN_POINT('',(28.0000004172325,13.8483730442453,41.1975927309727));
#3145=CARTESIAN_POINT('',(-9.40478795673289E-16,13.8483730442453,41.1975927309727));
#3146=CARTESIAN_POINT('',(28.0000004172325,13.8483730442453,38.5));
#3147=CARTESIAN_POINT('',(22.0000003278255,13.8483730442453,41.1975927309727));
#3148=CARTESIAN_POINT('',(22.0000003278255,13.8483730442453,38.5));
#3149=CARTESIAN_POINT('',(-22.0000003278255,13.8483730442453,41.1975927309727));
#3150=CARTESIAN_POINT('',(-9.40478795673289E-16,13.8483730442453,41.1975927309727));
#3151=CARTESIAN_POINT('',(-22.0000003278255,13.8483730442453,38.5));
#3152=CARTESIAN_POINT('',(-28.0000004172325,13.8483730442453,41.1975927309727));
#3153=CARTESIAN_POINT('',(-28.0000004172325,13.8483730442453,46.0349847607343));
#3154=CARTESIAN_POINT('',(-9.40478795673289E-16,13.8483730442453,41.1975927309727));
#3155=CARTESIAN_POINT('',(-24.0935627371073,13.8483730442453,-7.76587254384627));
#3156=CARTESIAN_POINT('Origin',(29.9995627371073,-22.7856392614215,6.08390612777123));
#3157=CARTESIAN_POINT('',(30.,-20.3871936798096,5.2109433275572));
#3158=CARTESIAN_POINT('',(30.,-4.4460462918225,-0.59115982172053));
#3159=CARTESIAN_POINT('',(29.9995627371073,7.84812587076427,-5.06587254384626));
#3160=CARTESIAN_POINT('Origin',(29.9995627371073,-10.4805701054098,-2.19098320803752));
#3161=CARTESIAN_POINT('',(30.,-20.3871936798096,3.62175335193916));
#3162=CARTESIAN_POINT('Origin',(30.,-11.7080291998516,17.7093792477246));
#3163=CARTESIAN_POINT('',(30.,-0.167257891170929,46.2988652059247));
#3164=CARTESIAN_POINT('Origin',(-1.63949440889935E-15,4.53120521275861,
44.5887644892964));
#3165=CARTESIAN_POINT('',(28.0000004172325,5.49030700177673,44.2396799864624));
#3166=CARTESIAN_POINT('Origin',(28.0000004172325,7.94837304424531,48.0089659225531));
#3167=CARTESIAN_POINT('Ctrl Pts',(28.0000004172325,8.47735398637071,38.5));
#3168=CARTESIAN_POINT('Ctrl Pts',(28.0000004172325,3.5312358361881,40.3002397818303));
#3169=CARTESIAN_POINT('Ctrl Pts',(28.0000004172325,-1.41488231399452,42.1004795636606));
#3170=CARTESIAN_POINT('Ctrl Pts',(28.0000004172325,-6.36100046417713,43.9007193454909));
#3171=CARTESIAN_POINT('Ctrl Pts',(25.0000003278255,7.94837304424531,35.5));
#3172=CARTESIAN_POINT('Ctrl Pts',(25.0000003278255,2.8365617314455,37.3605471610444));
#3173=CARTESIAN_POINT('Ctrl Pts',(25.0000003278255,-2.27524958135432,39.2210943220888));
#3174=CARTESIAN_POINT('Ctrl Pts',(25.0000003278255,-7.38706089415413,41.0816414831331));
#3175=CARTESIAN_POINT('Ctrl Pts',(25.4040613576884,7.94837304424531,35.5));
#3176=CARTESIAN_POINT('Ctrl Pts',(25.4040613576884,2.83656173144551,37.3605471610444));
#3177=CARTESIAN_POINT('Ctrl Pts',(25.4040613576884,-2.27524958135432,39.2210943220888));
#3178=CARTESIAN_POINT('Ctrl Pts',(25.4040613576884,-7.38706089415413,41.0816414831331));
#3179=CARTESIAN_POINT('Ctrl Pts',(26.2899959764789,8.0060632964934,35.6585026653743));
#3180=CARTESIAN_POINT('Ctrl Pts',(26.2899959764789,2.89425198369357,37.5190498264187));
#3181=CARTESIAN_POINT('Ctrl Pts',(26.2899959764789,-2.21755932910622,39.379596987463));
#3182=CARTESIAN_POINT('Ctrl Pts',(26.2899959764789,-7.32937064190605,41.2401441485074));
#3183=CARTESIAN_POINT('Ctrl Pts',(27.3560471150915,8.29060499278505,36.4402745508289));
#3184=CARTESIAN_POINT('Ctrl Pts',(27.3560471150915,3.17879367998525,38.3008217118733));
#3185=CARTESIAN_POINT('Ctrl Pts',(27.3560471150915,-1.93301763281458,40.1613688729177));
#3186=CARTESIAN_POINT('Ctrl Pts',(27.3560471150915,-7.04482894561439,42.021916033962));
#3187=CARTESIAN_POINT('Ctrl Pts',(27.9066591352352,8.64979256068474,37.4271342829822));
#3188=CARTESIAN_POINT('Ctrl Pts',(27.9066591352352,3.53798124788492,39.2876814440265));
#3189=CARTESIAN_POINT('Ctrl Pts',(27.9066591352352,-1.57383006491489,41.1482286050709));
#3190=CARTESIAN_POINT('Ctrl Pts',(27.9066591352352,-6.68564137771471,43.0087757661153));
#3191=CARTESIAN_POINT('Ctrl Pts',(28.0000004172325,8.87078571880176,38.0343079947626));
#3192=CARTESIAN_POINT('Ctrl Pts',(28.0000004172325,3.75897440600195,39.894855155807));
#3193=CARTESIAN_POINT('Ctrl Pts',(28.0000004172325,-1.35283690679788,41.7554023168513));
#3194=CARTESIAN_POINT('Ctrl Pts',(28.0000004172325,-6.46464821959769,43.6159494778957));
#3195=CARTESIAN_POINT('Ctrl Pts',(28.0000004172325,8.97443347422232,38.3190778623578));
#3196=CARTESIAN_POINT('Ctrl Pts',(28.0000004172325,3.8626221614225,40.1796250234021));
#3197=CARTESIAN_POINT('Ctrl Pts',(28.0000004172325,-1.24918915137732,42.0401721844465));
#3198=CARTESIAN_POINT('Ctrl Pts',(28.0000004172325,-6.36100046417713,43.9007193454909));
#3199=CARTESIAN_POINT('Ctrl Pts',(25.0000003278255,7.94837304424531,35.5));
#3200=CARTESIAN_POINT('Ctrl Pts',(25.0000003278255,2.8365617314455,37.3605471610444));
#3201=CARTESIAN_POINT('Ctrl Pts',(25.0000003278255,-2.27524958135432,39.2210943220888));
#3202=CARTESIAN_POINT('Ctrl Pts',(25.0000003278255,-7.38706089415413,41.0816414831331));
#3203=CARTESIAN_POINT('Ctrl Pts',(22.0000003278255,8.97443358459474,38.3190778221855));
#3204=CARTESIAN_POINT('Ctrl Pts',(22.0000003278255,3.86262223500412,40.1796249966206));
#3205=CARTESIAN_POINT('Ctrl Pts',(22.0000003278255,-1.24918911458651,42.0401721710557));
#3206=CARTESIAN_POINT('Ctrl Pts',(22.0000003278255,-6.36100046417713,43.9007193454909));
#3207=CARTESIAN_POINT('Ctrl Pts',(22.0000003278255,8.83623657736733,37.9393846653919));
#3208=CARTESIAN_POINT('Ctrl Pts',(22.0000003278255,3.72442522777671,39.7999318398271));
#3209=CARTESIAN_POINT('Ctrl Pts',(22.0000003278255,-1.38738612181393,41.6604790142622));
#3210=CARTESIAN_POINT('Ctrl Pts',(22.0000003278255,-6.49919747140454,43.5210261886973));
#3211=CARTESIAN_POINT('Ctrl Pts',(22.1686719116182,8.53323182112946,37.1068859396411));
#3212=CARTESIAN_POINT('Ctrl Pts',(22.1686719116182,3.42142047153882,38.9674331140762));
#3213=CARTESIAN_POINT('Ctrl Pts',(22.1686719116182,-1.69039087805178,40.8279802885113));
#3214=CARTESIAN_POINT('Ctrl Pts',(22.1686719116182,-6.80220222764241,42.6885274629464));
#3215=CARTESIAN_POINT('Ctrl Pts',(23.0006187851422,8.16861909323168,36.1051207028961));
#3216=CARTESIAN_POINT('Ctrl Pts',(23.0006187851422,3.05680774364107,37.9656678773313));
#3217=CARTESIAN_POINT('Ctrl Pts',(23.0006187851422,-2.05500360594957,39.8262150517664));
#3218=CARTESIAN_POINT('Ctrl Pts',(23.0006187851422,-7.16681495554019,41.6867622262015));
#3219=CARTESIAN_POINT('Ctrl Pts',(24.0508137568931,7.98029898144383,35.5877154481298));
#3220=CARTESIAN_POINT('Ctrl Pts',(24.0508137568931,2.86848763185319,37.448262622565));
#3221=CARTESIAN_POINT('Ctrl Pts',(24.0508137568931,-2.24332371773742,39.3088097970001));
#3222=CARTESIAN_POINT('Ctrl Pts',(24.0508137568931,-7.35513506732804,41.1693569714352));
#3223=CARTESIAN_POINT('Ctrl Pts',(24.6969545644599,7.94837315461773,35.4999999598277));
#3224=CARTESIAN_POINT('Ctrl Pts',(24.6969545644599,2.83656180502712,37.3605471342629));
#3225=CARTESIAN_POINT('Ctrl Pts',(24.6969545644599,-2.27524954456351,39.221094308698));
#3226=CARTESIAN_POINT('Ctrl Pts',(24.6969545644599,-7.38706089415413,41.0816414831331));
#3227=CARTESIAN_POINT('Ctrl Pts',(25.0000003278255,7.94837315461773,35.4999999598277));
#3228=CARTESIAN_POINT('Ctrl Pts',(25.0000003278255,2.83656180502711,37.3605471342629));
#3229=CARTESIAN_POINT('Ctrl Pts',(25.0000003278255,-2.27524954456351,39.221094308698));
#3230=CARTESIAN_POINT('Ctrl Pts',(25.0000003278255,-7.38706089415413,41.0816414831331));
#3231=CARTESIAN_POINT('Ctrl Pts',(22.0000003278255,-6.36100046417713,43.9007193454909));
#3232=CARTESIAN_POINT('Ctrl Pts',(22.0000003278255,-1.41488231399451,42.1004795636606));
#3233=CARTESIAN_POINT('Ctrl Pts',(22.0000003278255,3.53123583618811,40.3002397818303));
#3234=CARTESIAN_POINT('Ctrl Pts',(22.0000003278255,8.47735398637073,38.5));
#3235=CARTESIAN_POINT('Origin',(22.0000003278255,7.94837304424531,38.5));
#3236=CARTESIAN_POINT('',(22.0000003278255,7.01836837076389,43.683511132019));
#3237=CARTESIAN_POINT('Origin',(-1.63949440889935E-15,4.53120521275861,
44.5887644892964));
#3238=CARTESIAN_POINT('',(-22.0000003278255,5.49030700177673,44.2396799864624));
#3239=CARTESIAN_POINT('Origin',(-22.0000003278255,7.94837304424531,48.0089659225531));
#3240=CARTESIAN_POINT('Ctrl Pts',(-22.0000003278255,8.47735398637071,38.5));
#3241=CARTESIAN_POINT('Ctrl Pts',(-22.0000003278255,3.5312358361881,40.3002397818303));
#3242=CARTESIAN_POINT('Ctrl Pts',(-22.0000003278255,-1.41488231399452,42.1004795636606));
#3243=CARTESIAN_POINT('Ctrl Pts',(-22.0000003278255,-6.36100046417713,43.9007193454909));
#3244=CARTESIAN_POINT('Ctrl Pts',(-25.0000004172325,7.9483731847193,35.4999999488717));
#3245=CARTESIAN_POINT('Ctrl Pts',(-25.0000004172325,2.83656182509482,37.3605471269588));
#3246=CARTESIAN_POINT('Ctrl Pts',(-25.0000004172325,-2.27524953452966,39.221094305046));
#3247=CARTESIAN_POINT('Ctrl Pts',(-25.0000004172325,-7.38706089415413,41.0816414831331));
#3248=CARTESIAN_POINT('Ctrl Pts',(-24.5959393873697,7.9483731847193,35.4999999488717));
#3249=CARTESIAN_POINT('Ctrl Pts',(-24.5959393873697,2.83656182509483,37.3605471269588));
#3250=CARTESIAN_POINT('Ctrl Pts',(-24.5959393873697,-2.27524953452966,39.221094305046));
#3251=CARTESIAN_POINT('Ctrl Pts',(-24.5959393873697,-7.38706089415413,41.0816414831331));
#3252=CARTESIAN_POINT('Ctrl Pts',(-23.7100127214082,8.00606226398304,35.6584993914979));
#3253=CARTESIAN_POINT('Ctrl Pts',(-23.7100127214082,2.89425090435855,37.5190465695851));
#3254=CARTESIAN_POINT('Ctrl Pts',(-23.7100127214082,-2.2175604552659,39.3795937476722));
#3255=CARTESIAN_POINT('Ctrl Pts',(-23.7100127214082,-7.32937181489039,41.2401409257594));
#3256=CARTESIAN_POINT('Ctrl Pts',(-22.6439563914544,8.29060485290506,36.4402737294343));
#3257=CARTESIAN_POINT('Ctrl Pts',(-22.6439563914544,3.17879349328059,38.3008209075215));
#3258=CARTESIAN_POINT('Ctrl Pts',(-22.6439563914544,-1.9330178663439,40.1613680856087));
#3259=CARTESIAN_POINT('Ctrl Pts',(-22.6439563914544,-7.04482922596837,42.0219152636958));
#3260=CARTESIAN_POINT('Ctrl Pts',(-22.0933452035603,8.64979268766319,37.4271341947751));
#3261=CARTESIAN_POINT('Ctrl Pts',(-22.0933452035603,3.53798132803871,39.2876813728623));
#3262=CARTESIAN_POINT('Ctrl Pts',(-22.0933452035603,-1.57383003158576,41.1482285509494));
#3263=CARTESIAN_POINT('Ctrl Pts',(-22.0933452035603,-6.68564139121024,43.0087757290366));
#3264=CARTESIAN_POINT('Ctrl Pts',(-22.0000003278255,8.87078585927574,38.0343079436343));
#3265=CARTESIAN_POINT('Ctrl Pts',(-22.0000003278255,3.75897449965127,39.8948551217214));
#3266=CARTESIAN_POINT('Ctrl Pts',(-22.0000003278255,-1.35283685997322,41.7554022998086));
#3267=CARTESIAN_POINT('Ctrl Pts',(-22.0000003278255,-6.46464821959769,43.6159494778957));
#3268=CARTESIAN_POINT('Ctrl Pts',(-22.0000003278255,8.9744336146963,38.3190778112294));
#3269=CARTESIAN_POINT('Ctrl Pts',(-22.0000003278255,3.86262225507182,40.1796249893166));
#3270=CARTESIAN_POINT('Ctrl Pts',(-22.0000003278255,-1.24918910455265,42.0401721674037));
#3271=CARTESIAN_POINT('Ctrl Pts',(-22.0000003278255,-6.36100046417713,43.9007193454909));
#3272=CARTESIAN_POINT('Ctrl Pts',(-25.0000004172325,7.94837304424531,35.5));
#3273=CARTESIAN_POINT('Ctrl Pts',(-25.0000004172325,2.8365617314455,37.3605471610444));
#3274=CARTESIAN_POINT('Ctrl Pts',(-25.0000004172325,-2.27524958135432,39.2210943220888));
#3275=CARTESIAN_POINT('Ctrl Pts',(-25.0000004172325,-7.38706089415413,41.0816414831331));
#3276=CARTESIAN_POINT('Ctrl Pts',(-28.0000004172325,8.97443347422232,38.3190778623578));
#3277=CARTESIAN_POINT('Ctrl Pts',(-28.0000004172325,3.8626221614225,40.1796250234021));
#3278=CARTESIAN_POINT('Ctrl Pts',(-28.0000004172325,-1.24918915137731,42.0401721844465));
#3279=CARTESIAN_POINT('Ctrl Pts',(-28.0000004172325,-6.36100046417713,43.9007193454909));
#3280=CARTESIAN_POINT('Ctrl Pts',(-28.0000004172325,8.8362364669949,37.9393847055642));
#3281=CARTESIAN_POINT('Ctrl Pts',(-28.0000004172325,3.72442515419509,39.7999318666086));
#3282=CARTESIAN_POINT('Ctrl Pts',(-28.0000004172325,-1.38738615860473,41.660479027653));
#3283=CARTESIAN_POINT('Ctrl Pts',(-28.0000004172325,-6.49919747140454,43.5210261886973));
#3284=CARTESIAN_POINT('Ctrl Pts',(-27.831325403863,8.53322899072932,37.1068785065986));
#3285=CARTESIAN_POINT('Ctrl Pts',(-27.831325403863,3.4214176779295,38.967425667643));
#3286=CARTESIAN_POINT('Ctrl Pts',(-27.831325403863,-1.6903936348703,40.8279728286873));
#3287=CARTESIAN_POINT('Ctrl Pts',(-27.831325403863,-6.80220494767012,42.6885199897317));
#3288=CARTESIAN_POINT('Ctrl Pts',(-26.9993811402156,8.16861803837481,36.1051181481187));
#3289=CARTESIAN_POINT('Ctrl Pts',(-26.9993811402156,3.056806725575,37.9656653091631));
#3290=CARTESIAN_POINT('Ctrl Pts',(-26.9993811402156,-2.05500458722483,39.8262124702075));
#3291=CARTESIAN_POINT('Ctrl Pts',(-26.9993811402156,-7.16681590002463,41.6867596312518));
#3292=CARTESIAN_POINT('Ctrl Pts',(-25.9491869487066,7.98029764194081,35.5877121112936));
#3293=CARTESIAN_POINT('Ctrl Pts',(-25.9491869487066,2.868486329141,37.448259272338));
#3294=CARTESIAN_POINT('Ctrl Pts',(-25.9491869487066,-2.24332498365881,39.3088064333823));
#3295=CARTESIAN_POINT('Ctrl Pts',(-25.9491869487066,-7.35513629645863,41.1693535944267));
#3296=CARTESIAN_POINT('Ctrl Pts',(-25.3030461805982,7.94837304424531,35.5));
#3297=CARTESIAN_POINT('Ctrl Pts',(-25.3030461805982,2.8365617314455,37.3605471610444));
#3298=CARTESIAN_POINT('Ctrl Pts',(-25.3030461805982,-2.27524958135432,39.2210943220888));
#3299=CARTESIAN_POINT('Ctrl Pts',(-25.3030461805982,-7.38706089415413,41.0816414831331));
#3300=CARTESIAN_POINT('Ctrl Pts',(-25.0000004172325,7.94837304424531,35.5));
#3301=CARTESIAN_POINT('Ctrl Pts',(-25.0000004172325,2.8365617314455,37.3605471610444));
#3302=CARTESIAN_POINT('Ctrl Pts',(-25.0000004172325,-2.27524958135432,39.2210943220888));
#3303=CARTESIAN_POINT('Ctrl Pts',(-25.0000004172325,-7.38706089415413,41.0816414831331));
#3304=CARTESIAN_POINT('Ctrl Pts',(-28.0000004172325,-6.36100046417713,43.9007193454909));
#3305=CARTESIAN_POINT('Ctrl Pts',(-28.0000004172325,-1.41488231399451,42.1004795636606));
#3306=CARTESIAN_POINT('Ctrl Pts',(-28.0000004172325,3.53123583618811,40.3002397818303));
#3307=CARTESIAN_POINT('Ctrl Pts',(-28.0000004172325,8.47735398637073,38.5));
#3308=CARTESIAN_POINT('Origin',(-28.0000004172325,7.94837304424531,38.5));
#3309=CARTESIAN_POINT('',(-28.0000004172325,7.01836837076389,43.683511132019));
#3310=CARTESIAN_POINT('Origin',(-1.63949440889935E-15,4.53120521275861,
44.5887644892964));
#3311=CARTESIAN_POINT('Origin',(-24.0935627371073,-26.1488216503941,-10.5658725438463));
#3312=UNCERTAINTY_MEASURE_WITH_UNIT(LENGTH_MEASURE(0.01),#3316,
'DISTANCE_ACCURACY_VALUE',
'Maximum model space distance between geometric entities at asserted c
onnectivities');
#3313=UNCERTAINTY_MEASURE_WITH_UNIT(LENGTH_MEASURE(0.01),#3316,
'DISTANCE_ACCURACY_VALUE',
'Maximum model space distance between geometric entities at asserted c
onnectivities');
#3314=(
GEOMETRIC_REPRESENTATION_CONTEXT(3)
GLOBAL_UNCERTAINTY_ASSIGNED_CONTEXT((#3312))
GLOBAL_UNIT_ASSIGNED_CONTEXT((#3316,#3318,#3319))
REPRESENTATION_CONTEXT('','3D')
);
#3315=(
GEOMETRIC_REPRESENTATION_CONTEXT(3)
GLOBAL_UNCERTAINTY_ASSIGNED_CONTEXT((#3313))
GLOBAL_UNIT_ASSIGNED_CONTEXT((#3316,#3318,#3319))
REPRESENTATION_CONTEXT('','3D')
);
#3316=(
LENGTH_UNIT()
NAMED_UNIT(*)
SI_UNIT(.MILLI.,.METRE.)
);
#3317=(
LENGTH_UNIT()
NAMED_UNIT(*)
SI_UNIT($,.METRE.)
);
#3318=(
NAMED_UNIT(*)
PLANE_ANGLE_UNIT()
SI_UNIT($,.RADIAN.)
);
#3319=(
NAMED_UNIT(*)
SI_UNIT($,.STERADIAN.)
SOLID_ANGLE_UNIT()
);
#3320=SHAPE_DEFINITION_REPRESENTATION(#3321,#3322);
#3321=PRODUCT_DEFINITION_SHAPE('',$,#3324);
#3322=SHAPE_REPRESENTATION('',(#1787),#3314);
#3323=PRODUCT_DEFINITION_CONTEXT('part definition',#3328,'design');
#3324=PRODUCT_DEFINITION('2026-09-23-14-37-59-753','front-housing',#3325,
#3323);
#3325=PRODUCT_DEFINITION_FORMATION('',$,#3330);
#3326=PRODUCT_RELATED_PRODUCT_CATEGORY('front-housing','front-housing',
(#3330));
#3327=APPLICATION_PROTOCOL_DEFINITION('international standard',
'automotive_design',2009,#3328);
#3328=APPLICATION_CONTEXT(
'Core Data for Automotive Mechanical Design Process');
#3329=PRODUCT_CONTEXT('part definition',#3328,'mechanical');
#3330=PRODUCT('2026-09-23-14-37-59-753','front-housing',$,(#3329));
#3331=PRESENTATION_STYLE_ASSIGNMENT((#3333));
#3332=PRESENTATION_STYLE_ASSIGNMENT((#3334));
#3333=SURFACE_STYLE_USAGE(.BOTH.,#3335);
#3334=SURFACE_STYLE_USAGE(.BOTH.,#3336);
#3335=SURFACE_SIDE_STYLE('',(#3337));
#3336=SURFACE_SIDE_STYLE('',(#3338));
#3337=SURFACE_STYLE_FILL_AREA(#3339);
#3338=SURFACE_STYLE_FILL_AREA(#3340);
#3339=FILL_AREA_STYLE('Steel - Satin',(#3341));
#3340=FILL_AREA_STYLE('Opaque(76,76,76)',(#3342));
#3341=FILL_AREA_STYLE_COLOUR('Steel - Satin',#3343);
#3342=FILL_AREA_STYLE_COLOUR('Opaque(76,76,76)',#3344);
#3343=COLOUR_RGB('Steel - Satin',0.627450980392157,0.627450980392157,0.627450980392157);
#3344=COLOUR_RGB('Opaque(76,76,76)',0.298039215686275,0.298039215686275,
0.298039215686275);
ENDSEC;
END-ISO-10303-21;
