ISO-10303-21;
HEADER;
/* Generated by software containing ST-Developer
 * from STEP Tools, Inc. (www.steptools.com) 
 */

FILE_DESCRIPTION(
/* description */ (''),
/* implementation_level */ '2;1');

FILE_NAME(
/* name */ 'blipscope-back-plate.step',
/* time_stamp */ '2026-09-23T14:38:00-07:00',
/* author */ (''),
/* organization */ (''),
/* preprocessor_version */ 'ST-DEVELOPER v20.2',
/* originating_system */ 'Autodesk Translation Framework v15.15.0.0',
/* authorisation */ '');

FILE_SCHEMA (('AUTOMOTIVE_DESIGN { 1 0 10303 214 3 1 1 }'));
ENDSEC;

DATA;
#10=MECHANICAL_DESIGN_GEOMETRIC_PRESENTATION_REPRESENTATION('',(#13),#8002);
#11=SHAPE_REPRESENTATION_RELATIONSHIP('SRR','None',#8009,#12);
#12=ADVANCED_BREP_SHAPE_REPRESENTATION('',(#14),#8001);
#13=STYLED_ITEM('',(#8019),#14);
#14=MANIFOLD_SOLID_BREP('back-plate',#4018);
#15=CONICAL_SURFACE('',#4128,1.425,0.785398163397448);
#16=CONICAL_SURFACE('',#4130,1.425,0.785398163397448);
#17=ELLIPSE('',#4114,2.12835554495182,2.);
#18=ELLIPSE('',#4115,2.12835554495182,2.);
#19=ELLIPSE('',#4134,3.08705317831215,3.);
#20=ELLIPSE('',#4135,3.19253331742774,3.);
#21=ELLIPSE('',#4138,3.08705317831216,3.);
#22=ELLIPSE('',#4139,3.19253331742774,3.);
#23=CIRCLE('',#4104,1.6);
#24=CIRCLE('',#4105,1.6);
#25=CIRCLE('',#4108,1.6);
#26=CIRCLE('',#4109,1.6);
#27=CIRCLE('',#4111,0.95);
#28=CIRCLE('',#4112,0.95);
#29=CIRCLE('',#4116,2.1);
#30=CIRCLE('',#4117,2.1);
#31=CIRCLE('',#4118,0.95);
#32=CIRCLE('',#4119,0.95);
#33=CIRCLE('',#4126,1.);
#34=CIRCLE('',#4127,1.);
#35=CIRCLE('',#4129,1.2);
#36=CIRCLE('',#4131,1.2);
#37=CIRCLE('',#4141,0.999999999999996);
#38=CIRCLE('',#4142,1.);
#39=CIRCLE('',#4144,1.);
#40=CIRCLE('',#4145,1.);
#41=CIRCLE('',#4148,1.2);
#42=CIRCLE('',#4150,1.2);
#43=CYLINDRICAL_SURFACE('',#4103,1.6);
#44=CYLINDRICAL_SURFACE('',#4107,1.6);
#45=CYLINDRICAL_SURFACE('',#4133,3.);
#46=CYLINDRICAL_SURFACE('',#4137,3.);
#47=CYLINDRICAL_SURFACE('',#4140,1.);
#48=CYLINDRICAL_SURFACE('',#4143,1.);
#49=CYLINDRICAL_SURFACE('',#4146,1.);
#50=CYLINDRICAL_SURFACE('',#4147,1.2);
#51=CYLINDRICAL_SURFACE('',#4149,1.2);
#52=CYLINDRICAL_SURFACE('',#4152,0.95);
#53=CYLINDRICAL_SURFACE('',#4153,0.95);
#54=FACE_BOUND('',#688,.T.);
#55=FACE_BOUND('',#746,.T.);
#56=FACE_BOUND('',#767,.T.);
#57=FACE_BOUND('',#843,.T.);
#58=FACE_BOUND('',#844,.T.);
#59=FACE_BOUND('',#855,.T.);
#60=FACE_BOUND('',#856,.T.);
#61=FACE_BOUND('',#857,.T.);
#62=FACE_BOUND('',#859,.T.);
#63=FACE_BOUND('',#860,.T.);
#64=FACE_BOUND('',#861,.T.);
#65=FACE_BOUND('',#862,.T.);
#66=FACE_BOUND('',#863,.T.);
#67=FACE_BOUND('',#864,.T.);
#68=FACE_BOUND('',#865,.T.);
#69=FACE_BOUND('',#866,.T.);
#70=FACE_BOUND('',#867,.T.);
#71=FACE_BOUND('',#868,.T.);
#72=FACE_BOUND('',#869,.T.);
#73=FACE_BOUND('',#870,.T.);
#74=FACE_BOUND('',#871,.T.);
#75=FACE_BOUND('',#872,.T.);
#76=FACE_BOUND('',#893,.T.);
#77=FACE_BOUND('',#894,.T.);
#78=FACE_BOUND('',#895,.T.);
#79=FACE_BOUND('',#896,.T.);
#80=B_SPLINE_CURVE_WITH_KNOTS('',3,(#4810,#4811,#4812,#4813,#4814),
 .UNSPECIFIED.,.F.,.F.,(4,1,4),(0.,0.0288247146412225,0.0743761274562984),
 .UNSPECIFIED.);
#81=B_SPLINE_CURVE_WITH_KNOTS('',3,(#4817,#4818,#4819,#4820,#4821),
 .UNSPECIFIED.,.F.,.F.,(4,1,4),(0.,0.0288247146412225,0.0743761274562984),
 .UNSPECIFIED.);
#82=B_SPLINE_CURVE_WITH_KNOTS('',3,(#4833,#4834,#4835,#4836,#4837),
 .UNSPECIFIED.,.F.,.F.,(4,1,4),(0.,0.0313281711162443,0.0623399553253115),
 .UNSPECIFIED.);
#83=B_SPLINE_CURVE_WITH_KNOTS('',3,(#4840,#4841,#4842,#4843,#4844),
 .UNSPECIFIED.,.F.,.F.,(4,1,4),(0.,0.0313281711162443,0.0623399553253115),
 .UNSPECIFIED.);
#84=B_SPLINE_CURVE_WITH_KNOTS('',3,(#4856,#4857,#4858,#4859,#4860),
 .UNSPECIFIED.,.F.,.F.,(4,1,4),(0.,0.0352644715976176,0.0680532843598043),
 .UNSPECIFIED.);
#85=B_SPLINE_CURVE_WITH_KNOTS('',3,(#4863,#4864,#4865,#4866,#4867),
 .UNSPECIFIED.,.F.,.F.,(4,1,4),(0.,0.0352644715976176,0.0680532843598043),
 .UNSPECIFIED.);
#86=B_SPLINE_CURVE_WITH_KNOTS('',3,(#4879,#4880,#4881,#4882,#4883),
 .UNSPECIFIED.,.F.,.F.,(4,1,4),(0.,0.0421547216761085,0.0890033030650755),
 .UNSPECIFIED.);
#87=B_SPLINE_CURVE_WITH_KNOTS('',3,(#4886,#4887,#4888,#4889,#4890),
 .UNSPECIFIED.,.F.,.F.,(4,1,4),(0.,0.0421547216761085,0.0890033030650755),
 .UNSPECIFIED.);
#88=B_SPLINE_CURVE_WITH_KNOTS('',3,(#4902,#4903,#4904,#4905,#4906),
 .UNSPECIFIED.,.F.,.F.,(4,1,4),(0.,0.0661799628930948,0.114684653492927),
 .UNSPECIFIED.);
#89=B_SPLINE_CURVE_WITH_KNOTS('',3,(#4909,#4910,#4911,#4912,#4913),
 .UNSPECIFIED.,.F.,.F.,(4,1,4),(0.,0.0661799628930948,0.114684653492927),
 .UNSPECIFIED.);
#90=B_SPLINE_CURVE_WITH_KNOTS('',3,(#4949,#4950,#4951,#4952,#4953),
 .UNSPECIFIED.,.F.,.F.,(4,1,4),(0.,0.0790681042768209,0.187520498278988),
 .UNSPECIFIED.);
#91=B_SPLINE_CURVE_WITH_KNOTS('',3,(#4956,#4957,#4958,#4959,#4960),
 .UNSPECIFIED.,.F.,.F.,(4,1,4),(0.,0.0790681042768209,0.187520498278988),
 .UNSPECIFIED.);
#92=B_SPLINE_CURVE_WITH_KNOTS('',3,(#4972,#4973,#4974,#4975,#4976),
 .UNSPECIFIED.,.F.,.F.,(4,1,4),(0.,0.0716929508404307,0.140987274045685),
 .UNSPECIFIED.);
#93=B_SPLINE_CURVE_WITH_KNOTS('',3,(#4979,#4980,#4981,#4982,#4983),
 .UNSPECIFIED.,.F.,.F.,(4,1,4),(0.,0.0716929508404307,0.140987274045685),
 .UNSPECIFIED.);
#94=B_SPLINE_CURVE_WITH_KNOTS('',3,(#4995,#4996,#4997,#4998,#4999),
 .UNSPECIFIED.,.F.,.F.,(4,1,4),(0.,0.0414040908392092,0.0844152049709266),
 .UNSPECIFIED.);
#95=B_SPLINE_CURVE_WITH_KNOTS('',3,(#5002,#5003,#5004,#5005,#5006),
 .UNSPECIFIED.,.F.,.F.,(4,1,4),(0.,0.0414040908392092,0.0844152049709266),
 .UNSPECIFIED.);
#96=B_SPLINE_CURVE_WITH_KNOTS('',3,(#5018,#5019,#5020,#5021,#5022),
 .UNSPECIFIED.,.F.,.F.,(4,1,4),(0.,0.0366409868126016,0.0759100139452209),
 .UNSPECIFIED.);
#97=B_SPLINE_CURVE_WITH_KNOTS('',3,(#5025,#5026,#5027,#5028,#5029),
 .UNSPECIFIED.,.F.,.F.,(4,1,4),(0.,0.0366409868126016,0.0759100139452209),
 .UNSPECIFIED.);
#98=B_SPLINE_CURVE_WITH_KNOTS('',3,(#5041,#5042,#5043,#5044,#5045),
 .UNSPECIFIED.,.F.,.F.,(4,1,4),(0.,0.0420043595428584,0.079690498821911),
 .UNSPECIFIED.);
#99=B_SPLINE_CURVE_WITH_KNOTS('',3,(#5048,#5049,#5050,#5051,#5052),
 .UNSPECIFIED.,.F.,.F.,(4,1,4),(0.,0.0420043595428584,0.079690498821911),
 .UNSPECIFIED.);
#100=B_SPLINE_CURVE_WITH_KNOTS('',3,(#5064,#5065,#5066,#5067,#5068),
 .UNSPECIFIED.,.F.,.F.,(4,1,4),(0.,0.0527137878191008,0.0915268873586609),
 .UNSPECIFIED.);
#101=B_SPLINE_CURVE_WITH_KNOTS('',3,(#5071,#5072,#5073,#5074,#5075),
 .UNSPECIFIED.,.F.,.F.,(4,1,4),(0.,0.0527137878191008,0.0915268873586609),
 .UNSPECIFIED.);
#102=B_SPLINE_CURVE_WITH_KNOTS('',3,(#5104,#5105,#5106,#5107,#5108),
 .UNSPECIFIED.,.F.,.F.,(4,1,4),(0.,0.0574074538741105,0.113314515118901),
 .UNSPECIFIED.);
#103=B_SPLINE_CURVE_WITH_KNOTS('',3,(#5112,#5113,#5114,#5115,#5116),
 .UNSPECIFIED.,.F.,.F.,(4,1,4),(0.,0.0574074538741105,0.113314515118901),
 .UNSPECIFIED.);
#104=B_SPLINE_CURVE_WITH_KNOTS('',3,(#5129,#5130,#5131,#5132,#5133),
 .UNSPECIFIED.,.F.,.F.,(4,1,4),(0.,0.0750814104898671,0.139248131288064),
 .UNSPECIFIED.);
#105=B_SPLINE_CURVE_WITH_KNOTS('',3,(#5136,#5137,#5138,#5139,#5140),
 .UNSPECIFIED.,.F.,.F.,(4,1,4),(0.,0.0750814104898671,0.139248131288064),
 .UNSPECIFIED.);
#106=B_SPLINE_CURVE_WITH_KNOTS('',3,(#5152,#5153,#5154,#5155,#5156),
 .UNSPECIFIED.,.F.,.F.,(4,1,4),(0.,0.0573701250901292,0.118686282134874),
 .UNSPECIFIED.);
#107=B_SPLINE_CURVE_WITH_KNOTS('',3,(#5159,#5160,#5161,#5162,#5163),
 .UNSPECIFIED.,.F.,.F.,(4,1,4),(0.,0.0573701250901292,0.118686282134874),
 .UNSPECIFIED.);
#108=B_SPLINE_CURVE_WITH_KNOTS('',3,(#5175,#5176,#5177,#5178,#5179),
 .UNSPECIFIED.,.F.,.F.,(4,1,4),(0.,0.0503371459886601,0.103785305871438),
 .UNSPECIFIED.);
#109=B_SPLINE_CURVE_WITH_KNOTS('',3,(#5182,#5183,#5184,#5185,#5186),
 .UNSPECIFIED.,.F.,.F.,(4,1,4),(0.,0.0503371459886601,0.103785305871438),
 .UNSPECIFIED.);
#110=B_SPLINE_CURVE_WITH_KNOTS('',3,(#5198,#5199,#5200,#5201,#5202),
 .UNSPECIFIED.,.F.,.F.,(4,1,4),(0.,0.0470066370690313,0.0953418741775372),
 .UNSPECIFIED.);
#111=B_SPLINE_CURVE_WITH_KNOTS('',3,(#5205,#5206,#5207,#5208,#5209),
 .UNSPECIFIED.,.F.,.F.,(4,1,4),(0.,0.0470066370690313,0.0953418741775372),
 .UNSPECIFIED.);
#112=B_SPLINE_CURVE_WITH_KNOTS('',3,(#5221,#5222,#5223,#5224,#5225),
 .UNSPECIFIED.,.F.,.F.,(4,1,4),(0.,0.0440328624494049,0.0899401101448567),
 .UNSPECIFIED.);
#113=B_SPLINE_CURVE_WITH_KNOTS('',3,(#5228,#5229,#5230,#5231,#5232),
 .UNSPECIFIED.,.F.,.F.,(4,1,4),(0.,0.0440328624494049,0.0899401101448567),
 .UNSPECIFIED.);
#114=B_SPLINE_CURVE_WITH_KNOTS('',3,(#5244,#5245,#5246,#5247,#5248),
 .UNSPECIFIED.,.F.,.F.,(4,1,4),(0.,0.0531253423879438,0.099559648240184),
 .UNSPECIFIED.);
#115=B_SPLINE_CURVE_WITH_KNOTS('',3,(#5251,#5252,#5253,#5254,#5255),
 .UNSPECIFIED.,.F.,.F.,(4,1,4),(0.,0.0531253423879438,0.099559648240184),
 .UNSPECIFIED.);
#116=B_SPLINE_CURVE_WITH_KNOTS('',3,(#5267,#5268,#5269,#5270,#5271),
 .UNSPECIFIED.,.F.,.F.,(4,1,4),(0.,0.0841390401256045,0.138339614694936),
 .UNSPECIFIED.);
#117=B_SPLINE_CURVE_WITH_KNOTS('',3,(#5274,#5275,#5276,#5277,#5278),
 .UNSPECIFIED.,.F.,.F.,(4,1,4),(0.,0.0841390401256045,0.138339614694936),
 .UNSPECIFIED.);
#118=B_SPLINE_CURVE_WITH_KNOTS('',3,(#5290,#5291,#5292,#5293,#5294),
 .UNSPECIFIED.,.F.,.F.,(4,1,4),(0.,0.046469552148005,0.127729389138747),
 .UNSPECIFIED.);
#119=B_SPLINE_CURVE_WITH_KNOTS('',3,(#5297,#5298,#5299,#5300,#5301),
 .UNSPECIFIED.,.F.,.F.,(4,1,4),(0.,0.046469552148005,0.127729389138747),
 .UNSPECIFIED.);
#120=B_SPLINE_CURVE_WITH_KNOTS('',3,(#5313,#5314,#5315,#5316,#5317),
 .UNSPECIFIED.,.F.,.F.,(4,1,4),(0.,0.0300395407609604,0.0595289838520698),
 .UNSPECIFIED.);
#121=B_SPLINE_CURVE_WITH_KNOTS('',3,(#5320,#5321,#5322,#5323,#5324),
 .UNSPECIFIED.,.F.,.F.,(4,1,4),(0.,0.0300395407609604,0.0595289838520698),
 .UNSPECIFIED.);
#122=B_SPLINE_CURVE_WITH_KNOTS('',3,(#5336,#5337,#5338,#5339,#5340),
 .UNSPECIFIED.,.F.,.F.,(4,1,4),(0.,0.0381834446512246,0.0736849295160526),
 .UNSPECIFIED.);
#123=B_SPLINE_CURVE_WITH_KNOTS('',3,(#5343,#5344,#5345,#5346,#5347),
 .UNSPECIFIED.,.F.,.F.,(4,1,4),(0.,0.0381834446512246,0.0736849295160526),
 .UNSPECIFIED.);
#124=B_SPLINE_CURVE_WITH_KNOTS('',3,(#5359,#5360,#5361,#5362,#5363),
 .UNSPECIFIED.,.F.,.F.,(4,1,4),(0.,0.0626101399112809,0.109693395431792),
 .UNSPECIFIED.);
#125=B_SPLINE_CURVE_WITH_KNOTS('',3,(#5366,#5367,#5368,#5369,#5370),
 .UNSPECIFIED.,.F.,.F.,(4,1,4),(0.,0.0626101399112809,0.109693395431792),
 .UNSPECIFIED.);
#126=B_SPLINE_CURVE_WITH_KNOTS('',3,(#5382,#5383,#5384,#5385,#5386),
 .UNSPECIFIED.,.F.,.F.,(4,1,4),(0.,0.0489619683319945,0.110121127036286),
 .UNSPECIFIED.);
#127=B_SPLINE_CURVE_WITH_KNOTS('',3,(#5389,#5390,#5391,#5392,#5393),
 .UNSPECIFIED.,.F.,.F.,(4,1,4),(0.,0.0489619683319945,0.110121127036286),
 .UNSPECIFIED.);
#128=B_SPLINE_CURVE_WITH_KNOTS('',3,(#5405,#5406,#5407,#5408,#5409),
 .UNSPECIFIED.,.F.,.F.,(4,1,4),(0.,0.0517128495226479,0.0973860113097138),
 .UNSPECIFIED.);
#129=B_SPLINE_CURVE_WITH_KNOTS('',3,(#5412,#5413,#5414,#5415,#5416),
 .UNSPECIFIED.,.F.,.F.,(4,1,4),(0.,0.0517128495226479,0.0973860113097138),
 .UNSPECIFIED.);
#130=B_SPLINE_CURVE_WITH_KNOTS('',3,(#5434,#5435,#5436,#5437,#5438),
 .UNSPECIFIED.,.F.,.F.,(4,1,4),(0.,0.0492474010547617,0.099980141963448),
 .UNSPECIFIED.);
#131=B_SPLINE_CURVE_WITH_KNOTS('',3,(#5441,#5442,#5443,#5444,#5445),
 .UNSPECIFIED.,.F.,.F.,(4,1,4),(0.,0.0492474010547617,0.099980141963448),
 .UNSPECIFIED.);
#132=B_SPLINE_CURVE_WITH_KNOTS('',3,(#5457,#5458,#5459,#5460,#5461),
 .UNSPECIFIED.,.F.,.F.,(4,1,4),(0.,0.0523110701717592,0.101856469941284),
 .UNSPECIFIED.);
#133=B_SPLINE_CURVE_WITH_KNOTS('',3,(#5464,#5465,#5466,#5467,#5468),
 .UNSPECIFIED.,.F.,.F.,(4,1,4),(0.,0.0523110701717592,0.101856469941284),
 .UNSPECIFIED.);
#134=B_SPLINE_CURVE_WITH_KNOTS('',3,(#5480,#5481,#5482,#5483,#5484),
 .UNSPECIFIED.,.F.,.F.,(4,1,4),(0.,0.0630021753716419,0.12021298586332),
 .UNSPECIFIED.);
#135=B_SPLINE_CURVE_WITH_KNOTS('',3,(#5487,#5488,#5489,#5490,#5491),
 .UNSPECIFIED.,.F.,.F.,(4,1,4),(0.,0.0630021753716419,0.12021298586332),
 .UNSPECIFIED.);
#136=B_SPLINE_CURVE_WITH_KNOTS('',3,(#5503,#5504,#5505,#5506,#5507),
 .UNSPECIFIED.,.F.,.F.,(4,1,4),(0.,0.0544912709664599,0.112527743257141),
 .UNSPECIFIED.);
#137=B_SPLINE_CURVE_WITH_KNOTS('',3,(#5510,#5511,#5512,#5513,#5514),
 .UNSPECIFIED.,.F.,.F.,(4,1,4),(0.,0.0544912709664599,0.112527743257141),
 .UNSPECIFIED.);
#138=B_SPLINE_CURVE_WITH_KNOTS('',3,(#5526,#5527,#5528,#5529,#5530),
 .UNSPECIFIED.,.F.,.F.,(4,1,4),(0.,0.0470401903356585,0.0973993227011783),
 .UNSPECIFIED.);
#139=B_SPLINE_CURVE_WITH_KNOTS('',3,(#5533,#5534,#5535,#5536,#5537),
 .UNSPECIFIED.,.F.,.F.,(4,1,4),(0.,0.0470401903356585,0.0973993227011783),
 .UNSPECIFIED.);
#140=B_SPLINE_CURVE_WITH_KNOTS('',3,(#5549,#5550,#5551,#5552,#5553),
 .UNSPECIFIED.,.F.,.F.,(4,1,4),(0.,0.0444163676700065,0.0897289656610743),
 .UNSPECIFIED.);
#141=B_SPLINE_CURVE_WITH_KNOTS('',3,(#5556,#5557,#5558,#5559,#5560),
 .UNSPECIFIED.,.F.,.F.,(4,1,4),(0.,0.0444163676700065,0.0897289656610743),
 .UNSPECIFIED.);
#142=B_SPLINE_CURVE_WITH_KNOTS('',3,(#5572,#5573,#5574,#5575,#5576),
 .UNSPECIFIED.,.F.,.F.,(4,1,4),(0.,0.0387249091220129,0.0784179787932368),
 .UNSPECIFIED.);
#143=B_SPLINE_CURVE_WITH_KNOTS('',3,(#5579,#5580,#5581,#5582,#5583),
 .UNSPECIFIED.,.F.,.F.,(4,1,4),(0.,0.0387249091220129,0.0784179787932368),
 .UNSPECIFIED.);
#144=B_SPLINE_CURVE_WITH_KNOTS('',3,(#5595,#5596,#5597,#5598,#5599),
 .UNSPECIFIED.,.F.,.F.,(4,1,4),(0.,0.045192849552364,0.0857401933276304),
 .UNSPECIFIED.);
#145=B_SPLINE_CURVE_WITH_KNOTS('',3,(#5602,#5603,#5604,#5605,#5606),
 .UNSPECIFIED.,.F.,.F.,(4,1,4),(0.,0.045192849552364,0.0857401933276304),
 .UNSPECIFIED.);
#146=B_SPLINE_CURVE_WITH_KNOTS('',3,(#5618,#5619,#5620,#5621,#5622),
 .UNSPECIFIED.,.F.,.F.,(4,1,4),(0.,0.0728912009766711,0.121911915286356),
 .UNSPECIFIED.);
#147=B_SPLINE_CURVE_WITH_KNOTS('',3,(#5625,#5626,#5627,#5628,#5629),
 .UNSPECIFIED.,.F.,.F.,(4,1,4),(0.,0.0728912009766711,0.121911915286356),
 .UNSPECIFIED.);
#148=B_SPLINE_CURVE_WITH_KNOTS('',3,(#5641,#5642,#5643,#5644,#5645),
 .UNSPECIFIED.,.F.,.F.,(4,1,4),(0.,0.0405999290869953,0.110792489474177),
 .UNSPECIFIED.);
#149=B_SPLINE_CURVE_WITH_KNOTS('',3,(#5648,#5649,#5650,#5651,#5652),
 .UNSPECIFIED.,.F.,.F.,(4,1,4),(0.,0.0405999290869953,0.110792489474177),
 .UNSPECIFIED.);
#150=B_SPLINE_CURVE_WITH_KNOTS('',3,(#5664,#5665,#5666,#5667,#5668),
 .UNSPECIFIED.,.F.,.F.,(4,1,4),(0.,0.0290942365460649,0.0651751364910919),
 .UNSPECIFIED.);
#151=B_SPLINE_CURVE_WITH_KNOTS('',3,(#5671,#5672,#5673,#5674,#5675),
 .UNSPECIFIED.,.F.,.F.,(4,1,4),(0.,0.0290942365460649,0.0651751364910919),
 .UNSPECIFIED.);
#152=B_SPLINE_CURVE_WITH_KNOTS('',3,(#5687,#5688,#5689,#5690,#5691),
 .UNSPECIFIED.,.F.,.F.,(4,1,4),(0.,0.0267642722495151,0.0527204003496542),
 .UNSPECIFIED.);
#153=B_SPLINE_CURVE_WITH_KNOTS('',3,(#5694,#5695,#5696,#5697,#5698),
 .UNSPECIFIED.,.F.,.F.,(4,1,4),(0.,0.0267642722495151,0.0527204003496542),
 .UNSPECIFIED.);
#154=B_SPLINE_CURVE_WITH_KNOTS('',3,(#5710,#5711,#5712,#5713,#5714),
 .UNSPECIFIED.,.F.,.F.,(4,1,4),(0.,0.0277094637565991,0.0548008303329081),
 .UNSPECIFIED.);
#155=B_SPLINE_CURVE_WITH_KNOTS('',3,(#5717,#5718,#5719,#5720,#5721),
 .UNSPECIFIED.,.F.,.F.,(4,1,4),(0.,0.0277094637565991,0.0548008303329081),
 .UNSPECIFIED.);
#156=B_SPLINE_CURVE_WITH_KNOTS('',3,(#5733,#5734,#5735,#5736,#5737),
 .UNSPECIFIED.,.F.,.F.,(4,1,4),(0.,0.0343044872766079,0.0643312958120307),
 .UNSPECIFIED.);
#157=B_SPLINE_CURVE_WITH_KNOTS('',3,(#5740,#5741,#5742,#5743,#5744),
 .UNSPECIFIED.,.F.,.F.,(4,1,4),(0.,0.0343044872766079,0.0643312958120307),
 .UNSPECIFIED.);
#158=B_SPLINE_CURVE_WITH_KNOTS('',3,(#5756,#5757,#5758,#5759,#5760),
 .UNSPECIFIED.,.F.,.F.,(4,1,4),(0.,0.0429025100147229,0.0816971881296892),
 .UNSPECIFIED.);
#159=B_SPLINE_CURVE_WITH_KNOTS('',3,(#5763,#5764,#5765,#5766,#5767),
 .UNSPECIFIED.,.F.,.F.,(4,1,4),(0.,0.0429025100147229,0.0816971881296892),
 .UNSPECIFIED.);
#160=B_SPLINE_CURVE_WITH_KNOTS('',3,(#5779,#5780,#5781,#5782,#5783),
 .UNSPECIFIED.,.F.,.F.,(4,1,4),(0.,0.0454894912058387,0.0942944941745862),
 .UNSPECIFIED.);
#161=B_SPLINE_CURVE_WITH_KNOTS('',3,(#5786,#5787,#5788,#5789,#5790),
 .UNSPECIFIED.,.F.,.F.,(4,1,4),(0.,0.0454894912058387,0.0942944941745862),
 .UNSPECIFIED.);
#162=B_SPLINE_CURVE_WITH_KNOTS('',3,(#5802,#5803,#5804,#5805,#5806),
 .UNSPECIFIED.,.F.,.F.,(4,1,4),(0.,0.0360058211402129,0.0770812071782942),
 .UNSPECIFIED.);
#163=B_SPLINE_CURVE_WITH_KNOTS('',3,(#5809,#5810,#5811,#5812,#5813),
 .UNSPECIFIED.,.F.,.F.,(4,1,4),(0.,0.0360058211402129,0.0770812071782942),
 .UNSPECIFIED.);
#164=B_SPLINE_CURVE_WITH_KNOTS('',3,(#5825,#5826,#5827,#5828,#5829),
 .UNSPECIFIED.,.F.,.F.,(4,1,4),(0.,0.0419237754642019,0.0784651235886946),
 .UNSPECIFIED.);
#165=B_SPLINE_CURVE_WITH_KNOTS('',3,(#5832,#5833,#5834,#5835,#5836),
 .UNSPECIFIED.,.F.,.F.,(4,1,4),(0.,0.0419237754642019,0.0784651235886946),
 .UNSPECIFIED.);
#166=B_SPLINE_CURVE_WITH_KNOTS('',3,(#5853,#5854,#5855,#5856,#5857),
 .UNSPECIFIED.,.F.,.F.,(4,1,4),(0.,0.0561390712361049,0.113896310651277),
 .UNSPECIFIED.);
#167=B_SPLINE_CURVE_WITH_KNOTS('',3,(#5858,#5859,#5860,#5861,#5862),
 .UNSPECIFIED.,.F.,.F.,(4,1,4),(0.,0.0561390712361049,0.113896310651277),
 .UNSPECIFIED.);
#168=B_SPLINE_CURVE_WITH_KNOTS('',3,(#5876,#5877,#5878,#5879,#5880),
 .UNSPECIFIED.,.F.,.F.,(4,1,4),(0.,0.0797527347599864,0.159315686485406),
 .UNSPECIFIED.);
#169=B_SPLINE_CURVE_WITH_KNOTS('',3,(#5884,#5885,#5886,#5887,#5888),
 .UNSPECIFIED.,.F.,.F.,(4,1,4),(0.,0.0797527347599864,0.159315686485406),
 .UNSPECIFIED.);
#170=B_SPLINE_CURVE_WITH_KNOTS('',3,(#5901,#5902,#5903,#5904,#5905),
 .UNSPECIFIED.,.F.,.F.,(4,1,4),(0.,0.0553991734319414,0.112327015737176),
 .UNSPECIFIED.);
#171=B_SPLINE_CURVE_WITH_KNOTS('',3,(#5908,#5909,#5910,#5911,#5912),
 .UNSPECIFIED.,.F.,.F.,(4,1,4),(0.,0.0553991734319414,0.112327015737176),
 .UNSPECIFIED.);
#172=B_SPLINE_CURVE_WITH_KNOTS('',3,(#5924,#5925,#5926,#5927,#5928),
 .UNSPECIFIED.,.F.,.F.,(4,1,4),(0.,0.0572877968038495,0.112712017881218),
 .UNSPECIFIED.);
#173=B_SPLINE_CURVE_WITH_KNOTS('',3,(#5931,#5932,#5933,#5934,#5935),
 .UNSPECIFIED.,.F.,.F.,(4,1,4),(0.,0.0572877968038495,0.112712017881218),
 .UNSPECIFIED.);
#174=B_SPLINE_CURVE_WITH_KNOTS('',3,(#5947,#5948,#5949,#5950,#5951),
 .UNSPECIFIED.,.F.,.F.,(4,1,4),(0.,0.0688837989432736,0.131017996937039),
 .UNSPECIFIED.);
#175=B_SPLINE_CURVE_WITH_KNOTS('',3,(#5954,#5955,#5956,#5957,#5958),
 .UNSPECIFIED.,.F.,.F.,(4,1,4),(0.,0.0688837989432736,0.131017996937039),
 .UNSPECIFIED.);
#176=B_SPLINE_CURVE_WITH_KNOTS('',3,(#5970,#5971,#5972,#5973,#5974),
 .UNSPECIFIED.,.F.,.F.,(4,1,4),(0.,0.0877339232202841,0.191376367785776),
 .UNSPECIFIED.);
#177=B_SPLINE_CURVE_WITH_KNOTS('',3,(#5977,#5978,#5979,#5980,#5981),
 .UNSPECIFIED.,.F.,.F.,(4,1,4),(0.,0.0877339232202841,0.191376367785776),
 .UNSPECIFIED.);
#178=B_SPLINE_CURVE_WITH_KNOTS('',3,(#5993,#5994,#5995,#5996,#5997),
 .UNSPECIFIED.,.F.,.F.,(4,1,4),(0.,0.0832078375055251,0.164262033626534),
 .UNSPECIFIED.);
#179=B_SPLINE_CURVE_WITH_KNOTS('',3,(#6000,#6001,#6002,#6003,#6004),
 .UNSPECIFIED.,.F.,.F.,(4,1,4),(0.,0.0832078375055251,0.164262033626534),
 .UNSPECIFIED.);
#180=B_SPLINE_CURVE_WITH_KNOTS('',3,(#6016,#6017,#6018,#6019,#6020),
 .UNSPECIFIED.,.F.,.F.,(4,1,4),(0.,0.0807034156972149,0.162776759031326),
 .UNSPECIFIED.);
#181=B_SPLINE_CURVE_WITH_KNOTS('',3,(#6023,#6024,#6025,#6026,#6027),
 .UNSPECIFIED.,.F.,.F.,(4,1,4),(0.,0.0807034156972149,0.162776759031326),
 .UNSPECIFIED.);
#182=B_SPLINE_CURVE_WITH_KNOTS('',3,(#6039,#6040,#6041,#6042,#6043),
 .UNSPECIFIED.,.F.,.F.,(4,1,4),(0.,0.0980378408437202,0.183934943150567),
 .UNSPECIFIED.);
#183=B_SPLINE_CURVE_WITH_KNOTS('',3,(#6046,#6047,#6048,#6049,#6050),
 .UNSPECIFIED.,.F.,.F.,(4,1,4),(0.,0.0980378408437202,0.183934943150567),
 .UNSPECIFIED.);
#184=B_SPLINE_CURVE_WITH_KNOTS('',3,(#6061,#6062,#6063,#6064,#6065),
 .UNSPECIFIED.,.F.,.F.,(4,1,4),(0.,0.0897410760529907,0.206812435870822),
 .UNSPECIFIED.);
#185=B_SPLINE_CURVE_WITH_KNOTS('',3,(#6066,#6067,#6068,#6069,#6070),
 .UNSPECIFIED.,.F.,.F.,(4,1,4),(0.,0.0897410760529907,0.206812435870822),
 .UNSPECIFIED.);
#186=B_SPLINE_CURVE_WITH_KNOTS('',3,(#6083,#6084,#6085,#6086,#6087),
 .UNSPECIFIED.,.F.,.F.,(4,1,4),(0.,0.0760237196841779,0.1522763867694),
 .UNSPECIFIED.);
#187=B_SPLINE_CURVE_WITH_KNOTS('',3,(#6091,#6092,#6093,#6094,#6095),
 .UNSPECIFIED.,.F.,.F.,(4,1,4),(0.,0.0760237196841779,0.1522763867694),
 .UNSPECIFIED.);
#188=B_SPLINE_CURVE_WITH_KNOTS('',3,(#6108,#6109,#6110,#6111,#6112),
 .UNSPECIFIED.,.F.,.F.,(4,1,4),(0.,0.0808682268098904,0.158416238012623),
 .UNSPECIFIED.);
#189=B_SPLINE_CURVE_WITH_KNOTS('',3,(#6115,#6116,#6117,#6118,#6119),
 .UNSPECIFIED.,.F.,.F.,(4,1,4),(0.,0.0808682268098904,0.158416238012623),
 .UNSPECIFIED.);
#190=B_SPLINE_CURVE_WITH_KNOTS('',3,(#6131,#6132,#6133,#6134,#6135),
 .UNSPECIFIED.,.F.,.F.,(4,1,4),(0.,0.0754884658081987,0.151565566746344),
 .UNSPECIFIED.);
#191=B_SPLINE_CURVE_WITH_KNOTS('',3,(#6138,#6139,#6140,#6141,#6142),
 .UNSPECIFIED.,.F.,.F.,(4,1,4),(0.,0.0754884658081987,0.151565566746344),
 .UNSPECIFIED.);
#192=B_SPLINE_CURVE_WITH_KNOTS('',3,(#6154,#6155,#6156,#6157,#6158),
 .UNSPECIFIED.,.F.,.F.,(4,1,4),(0.,0.0773688984529688,0.152730500994337),
 .UNSPECIFIED.);
#193=B_SPLINE_CURVE_WITH_KNOTS('',3,(#6161,#6162,#6163,#6164,#6165),
 .UNSPECIFIED.,.F.,.F.,(4,1,4),(0.,0.0773688984529688,0.152730500994337),
 .UNSPECIFIED.);
#194=B_SPLINE_CURVE_WITH_KNOTS('',3,(#6177,#6178,#6179,#6180,#6181),
 .UNSPECIFIED.,.F.,.F.,(4,1,4),(0.,0.0869487732084427,0.168605793663245),
 .UNSPECIFIED.);
#195=B_SPLINE_CURVE_WITH_KNOTS('',3,(#6184,#6185,#6186,#6187,#6188),
 .UNSPECIFIED.,.F.,.F.,(4,1,4),(0.,0.0869487732084427,0.168605793663245),
 .UNSPECIFIED.);
#196=B_SPLINE_CURVE_WITH_KNOTS('',3,(#6200,#6201,#6202,#6203,#6204),
 .UNSPECIFIED.,.F.,.F.,(4,1,4),(0.,0.0801841146561185,0.16591470893029),
 .UNSPECIFIED.);
#197=B_SPLINE_CURVE_WITH_KNOTS('',3,(#6207,#6208,#6209,#6210,#6211),
 .UNSPECIFIED.,.F.,.F.,(4,1,4),(0.,0.0801841146561185,0.16591470893029),
 .UNSPECIFIED.);
#198=B_SPLINE_CURVE_WITH_KNOTS('',3,(#6223,#6224,#6225,#6226,#6227),
 .UNSPECIFIED.,.F.,.F.,(4,1,4),(0.,0.0755923864730968,0.151975402631225),
 .UNSPECIFIED.);
#199=B_SPLINE_CURVE_WITH_KNOTS('',3,(#6230,#6231,#6232,#6233,#6234),
 .UNSPECIFIED.,.F.,.F.,(4,1,4),(0.,0.0755923864730968,0.151975402631225),
 .UNSPECIFIED.);
#200=B_SPLINE_CURVE_WITH_KNOTS('',3,(#6246,#6247,#6248,#6249,#6250),
 .UNSPECIFIED.,.F.,.F.,(4,1,4),(0.,0.0796115417244694,0.156422143892241),
 .UNSPECIFIED.);
#201=B_SPLINE_CURVE_WITH_KNOTS('',3,(#6253,#6254,#6255,#6256,#6257),
 .UNSPECIFIED.,.F.,.F.,(4,1,4),(0.,0.0796115417244694,0.156422143892241),
 .UNSPECIFIED.);
#202=B_SPLINE_CURVE_WITH_KNOTS('',3,(#6269,#6270,#6271,#6272,#6273),
 .UNSPECIFIED.,.F.,.F.,(4,1,4),(0.,0.111625776481661,0.228758684193144),
 .UNSPECIFIED.);
#203=B_SPLINE_CURVE_WITH_KNOTS('',3,(#6276,#6277,#6278,#6279,#6280),
 .UNSPECIFIED.,.F.,.F.,(4,1,4),(0.,0.111625776481661,0.228758684193144),
 .UNSPECIFIED.);
#204=B_SPLINE_CURVE_WITH_KNOTS('',3,(#6292,#6293,#6294,#6295,#6296),
 .UNSPECIFIED.,.F.,.F.,(4,1,4),(0.,0.134670052205076,0.252002501252781),
 .UNSPECIFIED.);
#205=B_SPLINE_CURVE_WITH_KNOTS('',3,(#6299,#6300,#6301,#6302,#6303),
 .UNSPECIFIED.,.F.,.F.,(4,1,4),(0.,0.134670052205076,0.252002501252781),
 .UNSPECIFIED.);
#206=B_SPLINE_CURVE_WITH_KNOTS('',3,(#6314,#6315,#6316,#6317,#6318),
 .UNSPECIFIED.,.F.,.F.,(4,1,4),(0.,0.077279620242031,0.154702234302521),
 .UNSPECIFIED.);
#207=B_SPLINE_CURVE_WITH_KNOTS('',3,(#6319,#6320,#6321,#6322,#6323),
 .UNSPECIFIED.,.F.,.F.,(4,1,4),(0.,0.077279620242031,0.154702234302521),
 .UNSPECIFIED.);
#208=B_SPLINE_CURVE_WITH_KNOTS('',3,(#6345,#6346,#6347,#6348,#6349),
 .UNSPECIFIED.,.F.,.F.,(4,1,4),(0.,0.0288248327026766,0.0743760072008437),
 .UNSPECIFIED.);
#209=B_SPLINE_CURVE_WITH_KNOTS('',3,(#6352,#6353,#6354,#6355,#6356),
 .UNSPECIFIED.,.F.,.F.,(4,1,4),(0.,0.0288248327026766,0.0743760072008437),
 .UNSPECIFIED.);
#210=B_SPLINE_CURVE_WITH_KNOTS('',3,(#6368,#6369,#6370,#6371,#6372),
 .UNSPECIFIED.,.F.,.F.,(4,1,4),(0.,0.0313282550197297,0.0623400392287969),
 .UNSPECIFIED.);
#211=B_SPLINE_CURVE_WITH_KNOTS('',3,(#6375,#6376,#6377,#6378,#6379),
 .UNSPECIFIED.,.F.,.F.,(4,1,4),(0.,0.0313282550197297,0.0623400392287969),
 .UNSPECIFIED.);
#212=B_SPLINE_CURVE_WITH_KNOTS('',3,(#6391,#6392,#6393,#6394,#6395),
 .UNSPECIFIED.,.F.,.F.,(4,1,4),(0.,0.0352644715976176,0.0680533881472765),
 .UNSPECIFIED.);
#213=B_SPLINE_CURVE_WITH_KNOTS('',3,(#6398,#6399,#6400,#6401,#6402),
 .UNSPECIFIED.,.F.,.F.,(4,1,4),(0.,0.0352644715976176,0.0680533881472765),
 .UNSPECIFIED.);
#214=B_SPLINE_CURVE_WITH_KNOTS('',3,(#6414,#6415,#6416,#6417,#6418),
 .UNSPECIFIED.,.F.,.F.,(4,1,4),(0.,0.0421549959790542,0.0890035979364629),
 .UNSPECIFIED.);
#215=B_SPLINE_CURVE_WITH_KNOTS('',3,(#6421,#6422,#6423,#6424,#6425),
 .UNSPECIFIED.,.F.,.F.,(4,1,4),(0.,0.0421549959790542,0.0890035979364629),
 .UNSPECIFIED.);
#216=B_SPLINE_CURVE_WITH_KNOTS('',3,(#6437,#6438,#6439,#6440,#6441),
 .UNSPECIFIED.,.F.,.F.,(4,1,4),(0.,0.0661798443839924,0.114684428109517),
 .UNSPECIFIED.);
#217=B_SPLINE_CURVE_WITH_KNOTS('',3,(#6444,#6445,#6446,#6447,#6448),
 .UNSPECIFIED.,.F.,.F.,(4,1,4),(0.,0.0661798443839924,0.114684428109517),
 .UNSPECIFIED.);
#218=B_SPLINE_CURVE_WITH_KNOTS('',3,(#6484,#6485,#6486,#6487,#6488),
 .UNSPECIFIED.,.F.,.F.,(4,1,4),(0.,0.0790682073255341,0.187520956276363),
 .UNSPECIFIED.);
#219=B_SPLINE_CURVE_WITH_KNOTS('',3,(#6491,#6492,#6493,#6494,#6495),
 .UNSPECIFIED.,.F.,.F.,(4,1,4),(0.,0.0790682073255341,0.187520956276363),
 .UNSPECIFIED.);
#220=B_SPLINE_CURVE_WITH_KNOTS('',3,(#6507,#6508,#6509,#6510,#6511),
 .UNSPECIFIED.,.F.,.F.,(4,1,4),(0.,0.0716928901038407,0.140987024788868),
 .UNSPECIFIED.);
#221=B_SPLINE_CURVE_WITH_KNOTS('',3,(#6514,#6515,#6516,#6517,#6518),
 .UNSPECIFIED.,.F.,.F.,(4,1,4),(0.,0.0716928901038407,0.140987024788868),
 .UNSPECIFIED.);
#222=B_SPLINE_CURVE_WITH_KNOTS('',3,(#6530,#6531,#6532,#6533,#6534),
 .UNSPECIFIED.,.F.,.F.,(4,1,4),(0.,0.0414040515111036,0.0844151277854535),
 .UNSPECIFIED.);
#223=B_SPLINE_CURVE_WITH_KNOTS('',3,(#6537,#6538,#6539,#6540,#6541),
 .UNSPECIFIED.,.F.,.F.,(4,1,4),(0.,0.0414040515111036,0.0844151277854535),
 .UNSPECIFIED.);
#224=B_SPLINE_CURVE_WITH_KNOTS('',3,(#6553,#6554,#6555,#6556,#6557),
 .UNSPECIFIED.,.F.,.F.,(4,1,4),(0.,0.0366407236633077,0.0759098790787286),
 .UNSPECIFIED.);
#225=B_SPLINE_CURVE_WITH_KNOTS('',3,(#6560,#6561,#6562,#6563,#6564),
 .UNSPECIFIED.,.F.,.F.,(4,1,4),(0.,0.0366407236633077,0.0759098790787286),
 .UNSPECIFIED.);
#226=B_SPLINE_CURVE_WITH_KNOTS('',3,(#6576,#6577,#6578,#6579,#6580),
 .UNSPECIFIED.,.F.,.F.,(4,1,4),(0.,0.0420044748252593,0.0796909316123644),
 .UNSPECIFIED.);
#227=B_SPLINE_CURVE_WITH_KNOTS('',3,(#6583,#6584,#6585,#6586,#6587),
 .UNSPECIFIED.,.F.,.F.,(4,1,4),(0.,0.0420044748252593,0.0796909316123644),
 .UNSPECIFIED.);
#228=B_SPLINE_CURVE_WITH_KNOTS('',3,(#6599,#6600,#6601,#6602,#6603),
 .UNSPECIFIED.,.F.,.F.,(4,1,4),(0.,0.0527137878191008,0.0915266504060076),
 .UNSPECIFIED.);
#229=B_SPLINE_CURVE_WITH_KNOTS('',3,(#6606,#6607,#6608,#6609,#6610),
 .UNSPECIFIED.,.F.,.F.,(4,1,4),(0.,0.0527137878191008,0.0915266504060076),
 .UNSPECIFIED.);
#230=B_SPLINE_CURVE_WITH_KNOTS('',3,(#6639,#6640,#6641,#6642,#6643),
 .UNSPECIFIED.,.F.,.F.,(4,1,4),(0.,0.0623425464651908,0.121256533498422),
 .UNSPECIFIED.);
#231=B_SPLINE_CURVE_WITH_KNOTS('',3,(#6647,#6648,#6649,#6650,#6651),
 .UNSPECIFIED.,.F.,.F.,(4,1,4),(0.,0.0623425464651908,0.121256533498422),
 .UNSPECIFIED.);
#232=B_SPLINE_CURVE_WITH_KNOTS('',3,(#6664,#6665,#6666,#6667,#6668),
 .UNSPECIFIED.,.F.,.F.,(4,1,4),(0.,0.0533917006045711,0.106759633195002),
 .UNSPECIFIED.);
#233=B_SPLINE_CURVE_WITH_KNOTS('',3,(#6671,#6672,#6673,#6674,#6675),
 .UNSPECIFIED.,.F.,.F.,(4,1,4),(0.,0.0533917006045711,0.106759633195002),
 .UNSPECIFIED.);
#234=B_SPLINE_CURVE_WITH_KNOTS('',3,(#6687,#6688,#6689,#6690,#6691),
 .UNSPECIFIED.,.F.,.F.,(4,1,4),(0.,0.0574463802069715,0.111556061700302),
 .UNSPECIFIED.);
#235=B_SPLINE_CURVE_WITH_KNOTS('',3,(#6694,#6695,#6696,#6697,#6698),
 .UNSPECIFIED.,.F.,.F.,(4,1,4),(0.,0.0574463802069715,0.111556061700302),
 .UNSPECIFIED.);
#236=B_SPLINE_CURVE_WITH_KNOTS('',3,(#6710,#6711,#6712,#6713,#6714),
 .UNSPECIFIED.,.F.,.F.,(4,1,4),(0.,0.0718913012741491,0.136064517106922),
 .UNSPECIFIED.);
#237=B_SPLINE_CURVE_WITH_KNOTS('',3,(#6717,#6718,#6719,#6720,#6721),
 .UNSPECIFIED.,.F.,.F.,(4,1,4),(0.,0.0718913012741491,0.136064517106922),
 .UNSPECIFIED.);
#238=B_SPLINE_CURVE_WITH_KNOTS('',3,(#6733,#6734,#6735,#6736,#6737),
 .UNSPECIFIED.,.F.,.F.,(4,1,4),(0.,0.0584666005745839,0.117131163983095),
 .UNSPECIFIED.);
#239=B_SPLINE_CURVE_WITH_KNOTS('',3,(#6740,#6741,#6742,#6743,#6744),
 .UNSPECIFIED.,.F.,.F.,(4,1,4),(0.,0.0584666005745839,0.117131163983095),
 .UNSPECIFIED.);
#240=B_SPLINE_CURVE_WITH_KNOTS('',3,(#6756,#6757,#6758,#6759,#6760),
 .UNSPECIFIED.,.F.,.F.,(4,1,4),(0.,0.0554228057958357,0.11182320906023),
 .UNSPECIFIED.);
#241=B_SPLINE_CURVE_WITH_KNOTS('',3,(#6763,#6764,#6765,#6766,#6767),
 .UNSPECIFIED.,.F.,.F.,(4,1,4),(0.,0.0554228057958357,0.11182320906023),
 .UNSPECIFIED.);
#242=B_SPLINE_CURVE_WITH_KNOTS('',3,(#6779,#6780,#6781,#6782,#6783),
 .UNSPECIFIED.,.F.,.F.,(4,1,4),(0.,0.0640278592350027,0.121785177977348),
 .UNSPECIFIED.);
#243=B_SPLINE_CURVE_WITH_KNOTS('',3,(#6786,#6787,#6788,#6789,#6790),
 .UNSPECIFIED.,.F.,.F.,(4,1,4),(0.,0.0640278592350027,0.121785177977348),
 .UNSPECIFIED.);
#244=B_SPLINE_CURVE_WITH_KNOTS('',3,(#6802,#6803,#6804,#6805,#6806),
 .UNSPECIFIED.,.F.,.F.,(4,1,4),(0.,0.0501055905110417,0.105657775181661),
 .UNSPECIFIED.);
#245=B_SPLINE_CURVE_WITH_KNOTS('',3,(#6809,#6810,#6811,#6812,#6813),
 .UNSPECIFIED.,.F.,.F.,(4,1,4),(0.,0.0501055905110417,0.105657775181661),
 .UNSPECIFIED.);
#246=B_SPLINE_CURVE_WITH_KNOTS('',3,(#6825,#6826,#6827,#6828,#6829),
 .UNSPECIFIED.,.F.,.F.,(4,1,4),(0.,0.0620960004902342,0.114329461807851),
 .UNSPECIFIED.);
#247=B_SPLINE_CURVE_WITH_KNOTS('',3,(#6832,#6833,#6834,#6835,#6836),
 .UNSPECIFIED.,.F.,.F.,(4,1,4),(0.,0.0620960004902342,0.114329461807851),
 .UNSPECIFIED.);
#248=B_SPLINE_CURVE_WITH_KNOTS('',3,(#6854,#6855,#6856,#6857,#6858),
 .UNSPECIFIED.,.F.,.F.,(4,1,4),(0.,0.0758546074647251,0.156859454621835),
 .UNSPECIFIED.);
#249=B_SPLINE_CURVE_WITH_KNOTS('',3,(#6861,#6862,#6863,#6864,#6865),
 .UNSPECIFIED.,.F.,.F.,(4,1,4),(0.,0.0758546074647251,0.156859454621835),
 .UNSPECIFIED.);
#250=B_SPLINE_CURVE_WITH_KNOTS('',3,(#6877,#6878,#6879,#6880,#6881),
 .UNSPECIFIED.,.F.,.F.,(4,1,4),(0.,0.0836671175313475,0.160358538205248),
 .UNSPECIFIED.);
#251=B_SPLINE_CURVE_WITH_KNOTS('',3,(#6884,#6885,#6886,#6887,#6888),
 .UNSPECIFIED.,.F.,.F.,(4,1,4),(0.,0.0836671175313475,0.160358538205248),
 .UNSPECIFIED.);
#252=B_SPLINE_CURVE_WITH_KNOTS('',3,(#6900,#6901,#6902,#6903,#6904),
 .UNSPECIFIED.,.F.,.F.,(4,1,4),(0.,0.0745492636440979,0.151160660968222),
 .UNSPECIFIED.);
#253=B_SPLINE_CURVE_WITH_KNOTS('',3,(#6907,#6908,#6909,#6910,#6911),
 .UNSPECIFIED.,.F.,.F.,(4,1,4),(0.,0.0745492636440979,0.151160660968222),
 .UNSPECIFIED.);
#254=B_SPLINE_CURVE_WITH_KNOTS('',3,(#6923,#6924,#6925,#6926,#6927),
 .UNSPECIFIED.,.F.,.F.,(4,1,4),(0.,0.0751735116704426,0.1487636489782),
 .UNSPECIFIED.);
#255=B_SPLINE_CURVE_WITH_KNOTS('',3,(#6930,#6931,#6932,#6933,#6934),
 .UNSPECIFIED.,.F.,.F.,(4,1,4),(0.,0.0751735116704426,0.1487636489782),
 .UNSPECIFIED.);
#256=B_SPLINE_CURVE_WITH_KNOTS('',3,(#6946,#6947,#6948,#6949,#6950),
 .UNSPECIFIED.,.F.,.F.,(4,1,4),(0.,0.0881943439132374,0.168581495088717),
 .UNSPECIFIED.);
#257=B_SPLINE_CURVE_WITH_KNOTS('',3,(#6953,#6954,#6955,#6956,#6957),
 .UNSPECIFIED.,.F.,.F.,(4,1,4),(0.,0.0881943439132374,0.168581495088717),
 .UNSPECIFIED.);
#258=B_SPLINE_CURVE_WITH_KNOTS('',3,(#6969,#6970,#6971,#6972,#6973),
 .UNSPECIFIED.,.F.,.F.,(4,1,4),(0.,0.0812222268122129,0.164784886405849),
 .UNSPECIFIED.);
#259=B_SPLINE_CURVE_WITH_KNOTS('',3,(#6976,#6977,#6978,#6979,#6980),
 .UNSPECIFIED.,.F.,.F.,(4,1,4),(0.,0.0812222268122129,0.164784886405849),
 .UNSPECIFIED.);
#260=B_SPLINE_CURVE_WITH_KNOTS('',3,(#6992,#6993,#6994,#6995,#6996),
 .UNSPECIFIED.,.F.,.F.,(4,1,4),(0.,0.0721177445377466,0.148811471003578),
 .UNSPECIFIED.);
#261=B_SPLINE_CURVE_WITH_KNOTS('',3,(#6999,#7000,#7001,#7002,#7003),
 .UNSPECIFIED.,.F.,.F.,(4,1,4),(0.,0.0721177445377466,0.148811471003578),
 .UNSPECIFIED.);
#262=B_SPLINE_CURVE_WITH_KNOTS('',3,(#7015,#7016,#7017,#7018,#7019),
 .UNSPECIFIED.,.F.,.F.,(4,1,4),(0.,0.0884958689168856,0.164351316106922),
 .UNSPECIFIED.);
#263=B_SPLINE_CURVE_WITH_KNOTS('',3,(#7022,#7023,#7024,#7025,#7026),
 .UNSPECIFIED.,.F.,.F.,(4,1,4),(0.,0.0884958689168856,0.164351316106922),
 .UNSPECIFIED.);
#264=B_SPLINE_CURVE_WITH_KNOTS('',3,(#7038,#7039,#7040,#7041,#7042),
 .UNSPECIFIED.,.F.,.F.,(4,1,4),(0.,0.0817320780004673,0.169190797997616),
 .UNSPECIFIED.);
#265=B_SPLINE_CURVE_WITH_KNOTS('',3,(#7045,#7046,#7047,#7048,#7049),
 .UNSPECIFIED.,.F.,.F.,(4,1,4),(0.,0.0817320780004673,0.169190797997616),
 .UNSPECIFIED.);
#266=B_SPLINE_CURVE_WITH_KNOTS('',3,(#7061,#7062,#7063,#7064,#7065),
 .UNSPECIFIED.,.F.,.F.,(4,1,4),(0.,0.0930165349245068,0.176560280593143),
 .UNSPECIFIED.);
#267=B_SPLINE_CURVE_WITH_KNOTS('',3,(#7068,#7069,#7070,#7071,#7072),
 .UNSPECIFIED.,.F.,.F.,(4,1,4),(0.,0.0930165349245068,0.176560280593143),
 .UNSPECIFIED.);
#268=B_SPLINE_CURVE_WITH_KNOTS('',3,(#7089,#7090,#7091,#7092,#7093),
 .UNSPECIFIED.,.F.,.F.,(4,1,4),(0.,0.061538784892807,0.13209376778063),
 .UNSPECIFIED.);
#269=B_SPLINE_CURVE_WITH_KNOTS('',3,(#7094,#7095,#7096,#7097,#7098),
 .UNSPECIFIED.,.F.,.F.,(4,1,4),(0.,0.061538784892807,0.13209376778063),
 .UNSPECIFIED.);
#270=B_SPLINE_CURVE_WITH_KNOTS('',3,(#7218,#7219,#7220,#7221,#7222),
 .UNSPECIFIED.,.F.,.F.,(4,1,4),(0.,0.0366627635110165,0.0918526994163812),
 .UNSPECIFIED.);
#271=B_SPLINE_CURVE_WITH_KNOTS('',3,(#7225,#7226,#7227,#7228,#7229),
 .UNSPECIFIED.,.F.,.F.,(4,1,4),(0.,0.0366627635110165,0.0918526994163812),
 .UNSPECIFIED.);
#272=B_SPLINE_CURVE_WITH_KNOTS('',3,(#7241,#7242,#7243,#7244,#7245),
 .UNSPECIFIED.,.F.,.F.,(4,1,4),(0.,0.0258584590387857,0.0522617623560898),
 .UNSPECIFIED.);
#273=B_SPLINE_CURVE_WITH_KNOTS('',3,(#7248,#7249,#7250,#7251,#7252),
 .UNSPECIFIED.,.F.,.F.,(4,1,4),(0.,0.0258584590387857,0.0522617623560898),
 .UNSPECIFIED.);
#274=B_SPLINE_CURVE_WITH_KNOTS('',3,(#7264,#7265,#7266,#7267,#7268),
 .UNSPECIFIED.,.F.,.F.,(4,1,4),(0.,0.0283140228495875,0.0550710899778722),
 .UNSPECIFIED.);
#275=B_SPLINE_CURVE_WITH_KNOTS('',3,(#7271,#7272,#7273,#7274,#7275),
 .UNSPECIFIED.,.F.,.F.,(4,1,4),(0.,0.0283140228495875,0.0550710899778722),
 .UNSPECIFIED.);
#276=B_SPLINE_CURVE_WITH_KNOTS('',3,(#7287,#7288,#7289,#7290,#7291),
 .UNSPECIFIED.,.F.,.F.,(4,1,4),(0.,0.0261977769563312,0.0553057917359541),
 .UNSPECIFIED.);
#277=B_SPLINE_CURVE_WITH_KNOTS('',3,(#7294,#7295,#7296,#7297,#7298),
 .UNSPECIFIED.,.F.,.F.,(4,1,4),(0.,0.0261977769563312,0.0553057917359541),
 .UNSPECIFIED.);
#278=B_SPLINE_CURVE_WITH_KNOTS('',3,(#7310,#7311,#7312,#7313,#7314),
 .UNSPECIFIED.,.F.,.F.,(4,1,4),(0.,0.0291258249394529,0.0552937881102854),
 .UNSPECIFIED.);
#279=B_SPLINE_CURVE_WITH_KNOTS('',3,(#7317,#7318,#7319,#7320,#7321),
 .UNSPECIFIED.,.F.,.F.,(4,1,4),(0.,0.0291258249394529,0.0552937881102854),
 .UNSPECIFIED.);
#280=B_SPLINE_CURVE_WITH_KNOTS('',3,(#7333,#7334,#7335,#7336,#7337),
 .UNSPECIFIED.,.F.,.F.,(4,1,4),(0.,0.0453607585404696,0.0761943673305022),
 .UNSPECIFIED.);
#281=B_SPLINE_CURVE_WITH_KNOTS('',3,(#7340,#7341,#7342,#7343,#7344),
 .UNSPECIFIED.,.F.,.F.,(4,1,4),(0.,0.0453607585404696,0.0761943673305022),
 .UNSPECIFIED.);
#282=B_SPLINE_CURVE_WITH_KNOTS('',3,(#7374,#7375,#7376,#7377,#7378),
 .UNSPECIFIED.,.F.,.F.,(4,1,4),(0.,0.0379457597446223,0.0886046566977892),
 .UNSPECIFIED.);
#283=B_SPLINE_CURVE_WITH_KNOTS('',3,(#7381,#7382,#7383,#7384,#7385),
 .UNSPECIFIED.,.F.,.F.,(4,1,4),(0.,0.0379457597446223,0.0886046566977892),
 .UNSPECIFIED.);
#284=B_SPLINE_CURVE_WITH_KNOTS('',3,(#7397,#7398,#7399,#7400,#7401),
 .UNSPECIFIED.,.F.,.F.,(4,1,4),(0.,0.0294132688374161,0.0598429158797057),
 .UNSPECIFIED.);
#285=B_SPLINE_CURVE_WITH_KNOTS('',3,(#7404,#7405,#7406,#7407,#7408),
 .UNSPECIFIED.,.F.,.F.,(4,1,4),(0.,0.0294132688374161,0.0598429158797057),
 .UNSPECIFIED.);
#286=B_SPLINE_CURVE_WITH_KNOTS('',3,(#7420,#7421,#7422,#7423,#7424),
 .UNSPECIFIED.,.F.,.F.,(4,1,4),(0.,0.0316539297505062,0.0615388806314291),
 .UNSPECIFIED.);
#287=B_SPLINE_CURVE_WITH_KNOTS('',3,(#7427,#7428,#7429,#7430,#7431),
 .UNSPECIFIED.,.F.,.F.,(4,1,4),(0.,0.0316539297505062,0.0615388806314291),
 .UNSPECIFIED.);
#288=B_SPLINE_CURVE_WITH_KNOTS('',3,(#7443,#7444,#7445,#7446,#7447),
 .UNSPECIFIED.,.F.,.F.,(4,1,4),(0.,0.0252086325358826,0.0523325109413933),
 .UNSPECIFIED.);
#289=B_SPLINE_CURVE_WITH_KNOTS('',3,(#7450,#7451,#7452,#7453,#7454),
 .UNSPECIFIED.,.F.,.F.,(4,1,4),(0.,0.0252086325358826,0.0523325109413933),
 .UNSPECIFIED.);
#290=B_SPLINE_CURVE_WITH_KNOTS('',3,(#7466,#7467,#7468,#7469,#7470),
 .UNSPECIFIED.,.F.,.F.,(4,1,4),(0.,0.0218978469431891,0.045443728143431),
 .UNSPECIFIED.);
#291=B_SPLINE_CURVE_WITH_KNOTS('',3,(#7473,#7474,#7475,#7476,#7477),
 .UNSPECIFIED.,.F.,.F.,(4,1,4),(0.,0.0218978469431891,0.045443728143431),
 .UNSPECIFIED.);
#292=B_SPLINE_CURVE_WITH_KNOTS('',3,(#7489,#7490,#7491,#7492,#7493),
 .UNSPECIFIED.,.F.,.F.,(4,1,4),(0.,0.026008410728538,0.0488922903387885),
 .UNSPECIFIED.);
#293=B_SPLINE_CURVE_WITH_KNOTS('',3,(#7496,#7497,#7498,#7499,#7500),
 .UNSPECIFIED.,.F.,.F.,(4,1,4),(0.,0.026008410728538,0.0488922903387885),
 .UNSPECIFIED.);
#294=B_SPLINE_CURVE_WITH_KNOTS('',3,(#7512,#7513,#7514,#7515,#7516),
 .UNSPECIFIED.,.F.,.F.,(4,1,4),(0.,0.0327500061067089,0.0541405726972535),
 .UNSPECIFIED.);
#295=B_SPLINE_CURVE_WITH_KNOTS('',3,(#7519,#7520,#7521,#7522,#7523),
 .UNSPECIFIED.,.F.,.F.,(4,1,4),(0.,0.0327500061067089,0.0541405726972535),
 .UNSPECIFIED.);
#296=B_SPLINE_CURVE_WITH_KNOTS('',3,(#7545,#7546,#7547,#7548,#7549),
 .UNSPECIFIED.,.F.,.F.,(4,1,4),(0.,0.0445849648029186,0.0974922771762406),
 .UNSPECIFIED.);
#297=B_SPLINE_CURVE_WITH_KNOTS('',3,(#7553,#7554,#7555,#7556,#7557),
 .UNSPECIFIED.,.F.,.F.,(4,1,4),(0.,0.0445849648029186,0.0974922771762406),
 .UNSPECIFIED.);
#298=B_SPLINE_CURVE_WITH_KNOTS('',3,(#7570,#7571,#7572,#7573,#7574),
 .UNSPECIFIED.,.F.,.F.,(4,1,4),(0.,0.0341851152407223,0.0724317997272053),
 .UNSPECIFIED.);
#299=B_SPLINE_CURVE_WITH_KNOTS('',3,(#7577,#7578,#7579,#7580,#7581),
 .UNSPECIFIED.,.F.,.F.,(4,1,4),(0.,0.0341851152407223,0.0724317997272053),
 .UNSPECIFIED.);
#300=B_SPLINE_CURVE_WITH_KNOTS('',3,(#7593,#7594,#7595,#7596,#7597),
 .UNSPECIFIED.,.F.,.F.,(4,1,4),(0.,0.03774907064206,0.0716098700860169),
 .UNSPECIFIED.);
#301=B_SPLINE_CURVE_WITH_KNOTS('',3,(#7600,#7601,#7602,#7603,#7604),
 .UNSPECIFIED.,.F.,.F.,(4,1,4),(0.,0.03774907064206,0.0716098700860169),
 .UNSPECIFIED.);
#302=B_SPLINE_CURVE_WITH_KNOTS('',3,(#7616,#7617,#7618,#7619,#7620),
 .UNSPECIFIED.,.F.,.F.,(4,1,4),(0.,0.0409147026736167,0.0809138672844152),
 .UNSPECIFIED.);
#303=B_SPLINE_CURVE_WITH_KNOTS('',3,(#7623,#7624,#7625,#7626,#7627),
 .UNSPECIFIED.,.F.,.F.,(4,1,4),(0.,0.0409147026736167,0.0809138672844152),
 .UNSPECIFIED.);
#304=B_SPLINE_CURVE_WITH_KNOTS('',3,(#7639,#7640,#7641,#7642,#7643),
 .UNSPECIFIED.,.F.,.F.,(4,1,4),(0.,0.0473452674495238,0.0967979955229349),
 .UNSPECIFIED.);
#305=B_SPLINE_CURVE_WITH_KNOTS('',3,(#7646,#7647,#7648,#7649,#7650),
 .UNSPECIFIED.,.F.,.F.,(4,1,4),(0.,0.0473452674495238,0.0967979955229349),
 .UNSPECIFIED.);
#306=B_SPLINE_CURVE_WITH_KNOTS('',3,(#7662,#7663,#7664,#7665,#7666),
 .UNSPECIFIED.,.F.,.F.,(4,1,4),(0.,0.0527605634771483,0.101164883202235),
 .UNSPECIFIED.);
#307=B_SPLINE_CURVE_WITH_KNOTS('',3,(#7669,#7670,#7671,#7672,#7673),
 .UNSPECIFIED.,.F.,.F.,(4,1,4),(0.,0.0527605634771483,0.101164883202235),
 .UNSPECIFIED.);
#308=B_SPLINE_CURVE_WITH_KNOTS('',3,(#7685,#7686,#7687,#7688,#7689),
 .UNSPECIFIED.,.F.,.F.,(4,1,4),(0.,0.0403527195218864,0.0843970925838494),
 .UNSPECIFIED.);
#309=B_SPLINE_CURVE_WITH_KNOTS('',3,(#7692,#7693,#7694,#7695,#7696),
 .UNSPECIFIED.,.F.,.F.,(4,1,4),(0.,0.0403527195218864,0.0843970925838494),
 .UNSPECIFIED.);
#310=B_SPLINE_CURVE_WITH_KNOTS('',3,(#7708,#7709,#7710,#7711,#7712),
 .UNSPECIFIED.,.F.,.F.,(4,1,4),(0.,0.037709342417959,0.0761380768948539),
 .UNSPECIFIED.);
#311=B_SPLINE_CURVE_WITH_KNOTS('',3,(#7715,#7716,#7717,#7718,#7719),
 .UNSPECIFIED.,.F.,.F.,(4,1,4),(0.,0.037709342417959,0.0761380768948539),
 .UNSPECIFIED.);
#312=B_SPLINE_CURVE_WITH_KNOTS('',3,(#7731,#7732,#7733,#7734,#7735),
 .UNSPECIFIED.,.F.,.F.,(4,1,4),(0.,0.0425602048085356,0.0834529053644061),
 .UNSPECIFIED.);
#313=B_SPLINE_CURVE_WITH_KNOTS('',3,(#7738,#7739,#7740,#7741,#7742),
 .UNSPECIFIED.,.F.,.F.,(4,1,4),(0.,0.0425602048085356,0.0834529053644061),
 .UNSPECIFIED.);
#314=B_SPLINE_CURVE_WITH_KNOTS('',3,(#7754,#7755,#7756,#7757,#7758),
 .UNSPECIFIED.,.F.,.F.,(4,1,4),(0.,0.0436652430473634,0.0869258306497146),
 .UNSPECIFIED.);
#315=B_SPLINE_CURVE_WITH_KNOTS('',3,(#7761,#7762,#7763,#7764,#7765),
 .UNSPECIFIED.,.F.,.F.,(4,1,4),(0.,0.0436652430473634,0.0869258306497146),
 .UNSPECIFIED.);
#316=B_SPLINE_CURVE_WITH_KNOTS('',3,(#7777,#7778,#7779,#7780,#7781),
 .UNSPECIFIED.,.F.,.F.,(4,1,4),(0.,0.0621213792847796,0.112359865160008),
 .UNSPECIFIED.);
#317=B_SPLINE_CURVE_WITH_KNOTS('',3,(#7784,#7785,#7786,#7787,#7788),
 .UNSPECIFIED.,.F.,.F.,(4,1,4),(0.,0.0621213792847796,0.112359865160008),
 .UNSPECIFIED.);
#318=B_SPLINE_SURFACE_WITH_KNOTS('',3,1,((#4799,#4800),(#4801,#4802),(#4803,
#4804),(#4805,#4806),(#4807,#4808)),.UNSPECIFIED.,.F.,.F.,.F.,(4,1,4),(2,
2),(0.,0.0288247146412225,0.0743761274562984),(0.,0.05),.UNSPECIFIED.);
#319=B_SPLINE_SURFACE_WITH_KNOTS('',3,1,((#4822,#4823),(#4824,#4825),(#4826,
#4827),(#4828,#4829),(#4830,#4831)),.UNSPECIFIED.,.F.,.F.,.F.,(4,1,4),(2,
2),(0.,0.0313281711162443,0.0623399553253115),(0.,0.05),.UNSPECIFIED.);
#320=B_SPLINE_SURFACE_WITH_KNOTS('',3,1,((#4845,#4846),(#4847,#4848),(#4849,
#4850),(#4851,#4852),(#4853,#4854)),.UNSPECIFIED.,.F.,.F.,.F.,(4,1,4),(2,
2),(0.,0.0352644715976176,0.0680532843598043),(0.,0.05),.UNSPECIFIED.);
#321=B_SPLINE_SURFACE_WITH_KNOTS('',3,1,((#4868,#4869),(#4870,#4871),(#4872,
#4873),(#4874,#4875),(#4876,#4877)),.UNSPECIFIED.,.F.,.F.,.F.,(4,1,4),(2,
2),(0.,0.0421547216761085,0.0890033030650755),(0.,0.05),.UNSPECIFIED.);
#322=B_SPLINE_SURFACE_WITH_KNOTS('',3,1,((#4891,#4892),(#4893,#4894),(#4895,
#4896),(#4897,#4898),(#4899,#4900)),.UNSPECIFIED.,.F.,.F.,.F.,(4,1,4),(2,
2),(0.,0.0661799628930948,0.114684653492927),(0.,0.05),.UNSPECIFIED.);
#323=B_SPLINE_SURFACE_WITH_KNOTS('',3,1,((#4938,#4939),(#4940,#4941),(#4942,
#4943),(#4944,#4945),(#4946,#4947)),.UNSPECIFIED.,.F.,.F.,.F.,(4,1,4),(2,
2),(0.,0.0790681042768209,0.187520498278988),(0.,0.05),.UNSPECIFIED.);
#324=B_SPLINE_SURFACE_WITH_KNOTS('',3,1,((#4961,#4962),(#4963,#4964),(#4965,
#4966),(#4967,#4968),(#4969,#4970)),.UNSPECIFIED.,.F.,.F.,.F.,(4,1,4),(2,
2),(0.,0.0716929508404307,0.140987274045685),(0.,0.05),.UNSPECIFIED.);
#325=B_SPLINE_SURFACE_WITH_KNOTS('',3,1,((#4984,#4985),(#4986,#4987),(#4988,
#4989),(#4990,#4991),(#4992,#4993)),.UNSPECIFIED.,.F.,.F.,.F.,(4,1,4),(2,
2),(0.,0.0414040908392092,0.0844152049709266),(0.,0.05),.UNSPECIFIED.);
#326=B_SPLINE_SURFACE_WITH_KNOTS('',3,1,((#5007,#5008),(#5009,#5010),(#5011,
#5012),(#5013,#5014),(#5015,#5016)),.UNSPECIFIED.,.F.,.F.,.F.,(4,1,4),(2,
2),(0.,0.0366409868126016,0.0759100139452209),(0.,0.05),.UNSPECIFIED.);
#327=B_SPLINE_SURFACE_WITH_KNOTS('',3,1,((#5030,#5031),(#5032,#5033),(#5034,
#5035),(#5036,#5037),(#5038,#5039)),.UNSPECIFIED.,.F.,.F.,.F.,(4,1,4),(2,
2),(0.,0.0420043595428584,0.079690498821911),(0.,0.05),.UNSPECIFIED.);
#328=B_SPLINE_SURFACE_WITH_KNOTS('',3,1,((#5053,#5054),(#5055,#5056),(#5057,
#5058),(#5059,#5060),(#5061,#5062)),.UNSPECIFIED.,.F.,.F.,.F.,(4,1,4),(2,
2),(0.,0.0527137878191008,0.0915268873586609),(0.,0.05),.UNSPECIFIED.);
#329=B_SPLINE_SURFACE_WITH_KNOTS('',3,1,((#5092,#5093),(#5094,#5095),(#5096,
#5097),(#5098,#5099),(#5100,#5101)),.UNSPECIFIED.,.F.,.F.,.F.,(4,1,4),(2,
2),(0.,0.0574074538741105,0.113314515118901),(0.,0.05),.UNSPECIFIED.);
#330=B_SPLINE_SURFACE_WITH_KNOTS('',3,1,((#5118,#5119),(#5120,#5121),(#5122,
#5123),(#5124,#5125),(#5126,#5127)),.UNSPECIFIED.,.F.,.F.,.F.,(4,1,4),(2,
2),(0.,0.0750814104898671,0.139248131288064),(0.,0.05),.UNSPECIFIED.);
#331=B_SPLINE_SURFACE_WITH_KNOTS('',3,1,((#5141,#5142),(#5143,#5144),(#5145,
#5146),(#5147,#5148),(#5149,#5150)),.UNSPECIFIED.,.F.,.F.,.F.,(4,1,4),(2,
2),(0.,0.0573701250901292,0.118686282134874),(0.,0.05),.UNSPECIFIED.);
#332=B_SPLINE_SURFACE_WITH_KNOTS('',3,1,((#5164,#5165),(#5166,#5167),(#5168,
#5169),(#5170,#5171),(#5172,#5173)),.UNSPECIFIED.,.F.,.F.,.F.,(4,1,4),(2,
2),(0.,0.0503371459886601,0.103785305871438),(0.,0.05),.UNSPECIFIED.);
#333=B_SPLINE_SURFACE_WITH_KNOTS('',3,1,((#5187,#5188),(#5189,#5190),(#5191,
#5192),(#5193,#5194),(#5195,#5196)),.UNSPECIFIED.,.F.,.F.,.F.,(4,1,4),(2,
2),(0.,0.0470066370690313,0.0953418741775372),(0.,0.05),.UNSPECIFIED.);
#334=B_SPLINE_SURFACE_WITH_KNOTS('',3,1,((#5210,#5211),(#5212,#5213),(#5214,
#5215),(#5216,#5217),(#5218,#5219)),.UNSPECIFIED.,.F.,.F.,.F.,(4,1,4),(2,
2),(0.,0.0440328624494049,0.0899401101448567),(0.,0.05),.UNSPECIFIED.);
#335=B_SPLINE_SURFACE_WITH_KNOTS('',3,1,((#5233,#5234),(#5235,#5236),(#5237,
#5238),(#5239,#5240),(#5241,#5242)),.UNSPECIFIED.,.F.,.F.,.F.,(4,1,4),(2,
2),(0.,0.0531253423879438,0.099559648240184),(0.,0.05),.UNSPECIFIED.);
#336=B_SPLINE_SURFACE_WITH_KNOTS('',3,1,((#5256,#5257),(#5258,#5259),(#5260,
#5261),(#5262,#5263),(#5264,#5265)),.UNSPECIFIED.,.F.,.F.,.F.,(4,1,4),(2,
2),(0.,0.0841390401256045,0.138339614694936),(0.,0.05),.UNSPECIFIED.);
#337=B_SPLINE_SURFACE_WITH_KNOTS('',3,1,((#5279,#5280),(#5281,#5282),(#5283,
#5284),(#5285,#5286),(#5287,#5288)),.UNSPECIFIED.,.F.,.F.,.F.,(4,1,4),(2,
2),(0.,0.046469552148005,0.127729389138747),(0.,0.05),.UNSPECIFIED.);
#338=B_SPLINE_SURFACE_WITH_KNOTS('',3,1,((#5302,#5303),(#5304,#5305),(#5306,
#5307),(#5308,#5309),(#5310,#5311)),.UNSPECIFIED.,.F.,.F.,.F.,(4,1,4),(2,
2),(0.,0.0300395407609604,0.0595289838520698),(0.,0.05),.UNSPECIFIED.);
#339=B_SPLINE_SURFACE_WITH_KNOTS('',3,1,((#5325,#5326),(#5327,#5328),(#5329,
#5330),(#5331,#5332),(#5333,#5334)),.UNSPECIFIED.,.F.,.F.,.F.,(4,1,4),(2,
2),(0.,0.0381834446512246,0.0736849295160526),(0.,0.05),.UNSPECIFIED.);
#340=B_SPLINE_SURFACE_WITH_KNOTS('',3,1,((#5348,#5349),(#5350,#5351),(#5352,
#5353),(#5354,#5355),(#5356,#5357)),.UNSPECIFIED.,.F.,.F.,.F.,(4,1,4),(2,
2),(0.,0.0626101399112809,0.109693395431792),(0.,0.05),.UNSPECIFIED.);
#341=B_SPLINE_SURFACE_WITH_KNOTS('',3,1,((#5371,#5372),(#5373,#5374),(#5375,
#5376),(#5377,#5378),(#5379,#5380)),.UNSPECIFIED.,.F.,.F.,.F.,(4,1,4),(2,
2),(0.,0.0489619683319945,0.110121127036286),(0.,0.05),.UNSPECIFIED.);
#342=B_SPLINE_SURFACE_WITH_KNOTS('',3,1,((#5394,#5395),(#5396,#5397),(#5398,
#5399),(#5400,#5401),(#5402,#5403)),.UNSPECIFIED.,.F.,.F.,.F.,(4,1,4),(2,
2),(0.,0.0517128495226479,0.0973860113097138),(0.,0.05),.UNSPECIFIED.);
#343=B_SPLINE_SURFACE_WITH_KNOTS('',3,1,((#5423,#5424),(#5425,#5426),(#5427,
#5428),(#5429,#5430),(#5431,#5432)),.UNSPECIFIED.,.F.,.F.,.F.,(4,1,4),(2,
2),(0.,0.0492474010547617,0.099980141963448),(0.,0.05),.UNSPECIFIED.);
#344=B_SPLINE_SURFACE_WITH_KNOTS('',3,1,((#5446,#5447),(#5448,#5449),(#5450,
#5451),(#5452,#5453),(#5454,#5455)),.UNSPECIFIED.,.F.,.F.,.F.,(4,1,4),(2,
2),(0.,0.0523110701717592,0.101856469941284),(0.,0.05),.UNSPECIFIED.);
#345=B_SPLINE_SURFACE_WITH_KNOTS('',3,1,((#5469,#5470),(#5471,#5472),(#5473,
#5474),(#5475,#5476),(#5477,#5478)),.UNSPECIFIED.,.F.,.F.,.F.,(4,1,4),(2,
2),(0.,0.0630021753716419,0.12021298586332),(0.,0.05),.UNSPECIFIED.);
#346=B_SPLINE_SURFACE_WITH_KNOTS('',3,1,((#5492,#5493),(#5494,#5495),(#5496,
#5497),(#5498,#5499),(#5500,#5501)),.UNSPECIFIED.,.F.,.F.,.F.,(4,1,4),(2,
2),(0.,0.0544912709664599,0.112527743257141),(0.,0.05),.UNSPECIFIED.);
#347=B_SPLINE_SURFACE_WITH_KNOTS('',3,1,((#5515,#5516),(#5517,#5518),(#5519,
#5520),(#5521,#5522),(#5523,#5524)),.UNSPECIFIED.,.F.,.F.,.F.,(4,1,4),(2,
2),(0.,0.0470401903356585,0.0973993227011783),(0.,0.05),.UNSPECIFIED.);
#348=B_SPLINE_SURFACE_WITH_KNOTS('',3,1,((#5538,#5539),(#5540,#5541),(#5542,
#5543),(#5544,#5545),(#5546,#5547)),.UNSPECIFIED.,.F.,.F.,.F.,(4,1,4),(2,
2),(0.,0.0444163676700065,0.0897289656610743),(0.,0.05),.UNSPECIFIED.);
#349=B_SPLINE_SURFACE_WITH_KNOTS('',3,1,((#5561,#5562),(#5563,#5564),(#5565,
#5566),(#5567,#5568),(#5569,#5570)),.UNSPECIFIED.,.F.,.F.,.F.,(4,1,4),(2,
2),(0.,0.0387249091220129,0.0784179787932368),(0.,0.05),.UNSPECIFIED.);
#350=B_SPLINE_SURFACE_WITH_KNOTS('',3,1,((#5584,#5585),(#5586,#5587),(#5588,
#5589),(#5590,#5591),(#5592,#5593)),.UNSPECIFIED.,.F.,.F.,.F.,(4,1,4),(2,
2),(0.,0.045192849552364,0.0857401933276304),(0.,0.05),.UNSPECIFIED.);
#351=B_SPLINE_SURFACE_WITH_KNOTS('',3,1,((#5607,#5608),(#5609,#5610),(#5611,
#5612),(#5613,#5614),(#5615,#5616)),.UNSPECIFIED.,.F.,.F.,.F.,(4,1,4),(2,
2),(0.,0.0728912009766711,0.121911915286356),(0.,0.05),.UNSPECIFIED.);
#352=B_SPLINE_SURFACE_WITH_KNOTS('',3,1,((#5630,#5631),(#5632,#5633),(#5634,
#5635),(#5636,#5637),(#5638,#5639)),.UNSPECIFIED.,.F.,.F.,.F.,(4,1,4),(2,
2),(0.,0.0405999290869953,0.110792489474177),(0.,0.05),.UNSPECIFIED.);
#353=B_SPLINE_SURFACE_WITH_KNOTS('',3,1,((#5653,#5654),(#5655,#5656),(#5657,
#5658),(#5659,#5660),(#5661,#5662)),.UNSPECIFIED.,.F.,.F.,.F.,(4,1,4),(2,
2),(0.,0.0290942365460649,0.0651751364910919),(0.,0.05),.UNSPECIFIED.);
#354=B_SPLINE_SURFACE_WITH_KNOTS('',3,1,((#5676,#5677),(#5678,#5679),(#5680,
#5681),(#5682,#5683),(#5684,#5685)),.UNSPECIFIED.,.F.,.F.,.F.,(4,1,4),(2,
2),(0.,0.0267642722495151,0.0527204003496542),(0.,0.05),.UNSPECIFIED.);
#355=B_SPLINE_SURFACE_WITH_KNOTS('',3,1,((#5699,#5700),(#5701,#5702),(#5703,
#5704),(#5705,#5706),(#5707,#5708)),.UNSPECIFIED.,.F.,.F.,.F.,(4,1,4),(2,
2),(0.,0.0277094637565991,0.0548008303329081),(0.,0.05),.UNSPECIFIED.);
#356=B_SPLINE_SURFACE_WITH_KNOTS('',3,1,((#5722,#5723),(#5724,#5725),(#5726,
#5727),(#5728,#5729),(#5730,#5731)),.UNSPECIFIED.,.F.,.F.,.F.,(4,1,4),(2,
2),(0.,0.0343044872766079,0.0643312958120307),(0.,0.05),.UNSPECIFIED.);
#357=B_SPLINE_SURFACE_WITH_KNOTS('',3,1,((#5745,#5746),(#5747,#5748),(#5749,
#5750),(#5751,#5752),(#5753,#5754)),.UNSPECIFIED.,.F.,.F.,.F.,(4,1,4),(2,
2),(0.,0.0429025100147229,0.0816971881296892),(0.,0.05),.UNSPECIFIED.);
#358=B_SPLINE_SURFACE_WITH_KNOTS('',3,1,((#5768,#5769),(#5770,#5771),(#5772,
#5773),(#5774,#5775),(#5776,#5777)),.UNSPECIFIED.,.F.,.F.,.F.,(4,1,4),(2,
2),(0.,0.0454894912058387,0.0942944941745862),(0.,0.05),.UNSPECIFIED.);
#359=B_SPLINE_SURFACE_WITH_KNOTS('',3,1,((#5791,#5792),(#5793,#5794),(#5795,
#5796),(#5797,#5798),(#5799,#5800)),.UNSPECIFIED.,.F.,.F.,.F.,(4,1,4),(2,
2),(0.,0.0360058211402129,0.0770812071782942),(0.,0.05),.UNSPECIFIED.);
#360=B_SPLINE_SURFACE_WITH_KNOTS('',3,1,((#5814,#5815),(#5816,#5817),(#5818,
#5819),(#5820,#5821),(#5822,#5823)),.UNSPECIFIED.,.F.,.F.,.F.,(4,1,4),(2,
2),(0.,0.0419237754642019,0.0784651235886946),(0.,0.05),.UNSPECIFIED.);
#361=B_SPLINE_SURFACE_WITH_KNOTS('',3,1,((#5843,#5844),(#5845,#5846),(#5847,
#5848),(#5849,#5850),(#5851,#5852)),.UNSPECIFIED.,.F.,.F.,.F.,(4,1,4),(2,
2),(0.,0.0561390712361049,0.113896310651277),(0.,0.05),.UNSPECIFIED.);
#362=B_SPLINE_SURFACE_WITH_KNOTS('',3,1,((#5864,#5865),(#5866,#5867),(#5868,
#5869),(#5870,#5871),(#5872,#5873)),.UNSPECIFIED.,.F.,.F.,.F.,(4,1,4),(2,
2),(0.,0.0797527347599864,0.159315686485406),(0.,0.05),.UNSPECIFIED.);
#363=B_SPLINE_SURFACE_WITH_KNOTS('',3,1,((#5890,#5891),(#5892,#5893),(#5894,
#5895),(#5896,#5897),(#5898,#5899)),.UNSPECIFIED.,.F.,.F.,.F.,(4,1,4),(2,
2),(0.,0.0553991734319414,0.112327015737176),(0.,0.05),.UNSPECIFIED.);
#364=B_SPLINE_SURFACE_WITH_KNOTS('',3,1,((#5913,#5914),(#5915,#5916),(#5917,
#5918),(#5919,#5920),(#5921,#5922)),.UNSPECIFIED.,.F.,.F.,.F.,(4,1,4),(2,
2),(0.,0.0572877968038495,0.112712017881218),(0.,0.05),.UNSPECIFIED.);
#365=B_SPLINE_SURFACE_WITH_KNOTS('',3,1,((#5936,#5937),(#5938,#5939),(#5940,
#5941),(#5942,#5943),(#5944,#5945)),.UNSPECIFIED.,.F.,.F.,.F.,(4,1,4),(2,
2),(0.,0.0688837989432736,0.131017996937039),(0.,0.05),.UNSPECIFIED.);
#366=B_SPLINE_SURFACE_WITH_KNOTS('',3,1,((#5959,#5960),(#5961,#5962),(#5963,
#5964),(#5965,#5966),(#5967,#5968)),.UNSPECIFIED.,.F.,.F.,.F.,(4,1,4),(2,
2),(0.,0.0877339232202841,0.191376367785776),(0.,0.05),.UNSPECIFIED.);
#367=B_SPLINE_SURFACE_WITH_KNOTS('',3,1,((#5982,#5983),(#5984,#5985),(#5986,
#5987),(#5988,#5989),(#5990,#5991)),.UNSPECIFIED.,.F.,.F.,.F.,(4,1,4),(2,
2),(0.,0.0832078375055251,0.164262033626534),(0.,0.05),.UNSPECIFIED.);
#368=B_SPLINE_SURFACE_WITH_KNOTS('',3,1,((#6005,#6006),(#6007,#6008),(#6009,
#6010),(#6011,#6012),(#6013,#6014)),.UNSPECIFIED.,.F.,.F.,.F.,(4,1,4),(2,
2),(0.,0.0807034156972149,0.162776759031326),(0.,0.05),.UNSPECIFIED.);
#369=B_SPLINE_SURFACE_WITH_KNOTS('',3,1,((#6028,#6029),(#6030,#6031),(#6032,
#6033),(#6034,#6035),(#6036,#6037)),.UNSPECIFIED.,.F.,.F.,.F.,(4,1,4),(2,
2),(0.,0.0980378408437202,0.183934943150567),(0.,0.05),.UNSPECIFIED.);
#370=B_SPLINE_SURFACE_WITH_KNOTS('',3,1,((#6051,#6052),(#6053,#6054),(#6055,
#6056),(#6057,#6058),(#6059,#6060)),.UNSPECIFIED.,.F.,.F.,.F.,(4,1,4),(2,
2),(0.,0.0897410760529907,0.206812435870822),(0.,0.05),.UNSPECIFIED.);
#371=B_SPLINE_SURFACE_WITH_KNOTS('',3,1,((#6071,#6072),(#6073,#6074),(#6075,
#6076),(#6077,#6078),(#6079,#6080)),.UNSPECIFIED.,.F.,.F.,.F.,(4,1,4),(2,
2),(0.,0.0760237196841779,0.1522763867694),(0.,0.05),.UNSPECIFIED.);
#372=B_SPLINE_SURFACE_WITH_KNOTS('',3,1,((#6097,#6098),(#6099,#6100),(#6101,
#6102),(#6103,#6104),(#6105,#6106)),.UNSPECIFIED.,.F.,.F.,.F.,(4,1,4),(2,
2),(0.,0.0808682268098904,0.158416238012623),(0.,0.05),.UNSPECIFIED.);
#373=B_SPLINE_SURFACE_WITH_KNOTS('',3,1,((#6120,#6121),(#6122,#6123),(#6124,
#6125),(#6126,#6127),(#6128,#6129)),.UNSPECIFIED.,.F.,.F.,.F.,(4,1,4),(2,
2),(0.,0.0754884658081987,0.151565566746344),(0.,0.05),.UNSPECIFIED.);
#374=B_SPLINE_SURFACE_WITH_KNOTS('',3,1,((#6143,#6144),(#6145,#6146),(#6147,
#6148),(#6149,#6150),(#6151,#6152)),.UNSPECIFIED.,.F.,.F.,.F.,(4,1,4),(2,
2),(0.,0.0773688984529688,0.152730500994337),(0.,0.05),.UNSPECIFIED.);
#375=B_SPLINE_SURFACE_WITH_KNOTS('',3,1,((#6166,#6167),(#6168,#6169),(#6170,
#6171),(#6172,#6173),(#6174,#6175)),.UNSPECIFIED.,.F.,.F.,.F.,(4,1,4),(2,
2),(0.,0.0869487732084427,0.168605793663245),(0.,0.05),.UNSPECIFIED.);
#376=B_SPLINE_SURFACE_WITH_KNOTS('',3,1,((#6189,#6190),(#6191,#6192),(#6193,
#6194),(#6195,#6196),(#6197,#6198)),.UNSPECIFIED.,.F.,.F.,.F.,(4,1,4),(2,
2),(0.,0.0801841146561185,0.16591470893029),(0.,0.05),.UNSPECIFIED.);
#377=B_SPLINE_SURFACE_WITH_KNOTS('',3,1,((#6212,#6213),(#6214,#6215),(#6216,
#6217),(#6218,#6219),(#6220,#6221)),.UNSPECIFIED.,.F.,.F.,.F.,(4,1,4),(2,
2),(0.,0.0755923864730968,0.151975402631225),(0.,0.05),.UNSPECIFIED.);
#378=B_SPLINE_SURFACE_WITH_KNOTS('',3,1,((#6235,#6236),(#6237,#6238),(#6239,
#6240),(#6241,#6242),(#6243,#6244)),.UNSPECIFIED.,.F.,.F.,.F.,(4,1,4),(2,
2),(0.,0.0796115417244694,0.156422143892241),(0.,0.05),.UNSPECIFIED.);
#379=B_SPLINE_SURFACE_WITH_KNOTS('',3,1,((#6258,#6259),(#6260,#6261),(#6262,
#6263),(#6264,#6265),(#6266,#6267)),.UNSPECIFIED.,.F.,.F.,.F.,(4,1,4),(2,
2),(0.,0.111625776481661,0.228758684193144),(0.,0.05),.UNSPECIFIED.);
#380=B_SPLINE_SURFACE_WITH_KNOTS('',3,1,((#6281,#6282),(#6283,#6284),(#6285,
#6286),(#6287,#6288),(#6289,#6290)),.UNSPECIFIED.,.F.,.F.,.F.,(4,1,4),(2,
2),(0.,0.134670052205076,0.252002501252781),(0.,0.05),.UNSPECIFIED.);
#381=B_SPLINE_SURFACE_WITH_KNOTS('',3,1,((#6304,#6305),(#6306,#6307),(#6308,
#6309),(#6310,#6311),(#6312,#6313)),.UNSPECIFIED.,.F.,.F.,.F.,(4,1,4),(2,
2),(0.,0.077279620242031,0.154702234302521),(0.,0.05),.UNSPECIFIED.);
#382=B_SPLINE_SURFACE_WITH_KNOTS('',3,1,((#6334,#6335),(#6336,#6337),(#6338,
#6339),(#6340,#6341),(#6342,#6343)),.UNSPECIFIED.,.F.,.F.,.F.,(4,1,4),(2,
2),(0.,0.0288248327026766,0.0743760072008437),(0.,0.05),.UNSPECIFIED.);
#383=B_SPLINE_SURFACE_WITH_KNOTS('',3,1,((#6357,#6358),(#6359,#6360),(#6361,
#6362),(#6363,#6364),(#6365,#6366)),.UNSPECIFIED.,.F.,.F.,.F.,(4,1,4),(2,
2),(0.,0.0313282550197297,0.0623400392287969),(0.,0.05),.UNSPECIFIED.);
#384=B_SPLINE_SURFACE_WITH_KNOTS('',3,1,((#6380,#6381),(#6382,#6383),(#6384,
#6385),(#6386,#6387),(#6388,#6389)),.UNSPECIFIED.,.F.,.F.,.F.,(4,1,4),(2,
2),(0.,0.0352644715976176,0.0680533881472765),(0.,0.05),.UNSPECIFIED.);
#385=B_SPLINE_SURFACE_WITH_KNOTS('',3,1,((#6403,#6404),(#6405,#6406),(#6407,
#6408),(#6409,#6410),(#6411,#6412)),.UNSPECIFIED.,.F.,.F.,.F.,(4,1,4),(2,
2),(0.,0.0421549959790542,0.0890035979364629),(0.,0.05),.UNSPECIFIED.);
#386=B_SPLINE_SURFACE_WITH_KNOTS('',3,1,((#6426,#6427),(#6428,#6429),(#6430,
#6431),(#6432,#6433),(#6434,#6435)),.UNSPECIFIED.,.F.,.F.,.F.,(4,1,4),(2,
2),(0.,0.0661798443839924,0.114684428109517),(0.,0.05),.UNSPECIFIED.);
#387=B_SPLINE_SURFACE_WITH_KNOTS('',3,1,((#6473,#6474),(#6475,#6476),(#6477,
#6478),(#6479,#6480),(#6481,#6482)),.UNSPECIFIED.,.F.,.F.,.F.,(4,1,4),(2,
2),(0.,0.0790682073255341,0.187520956276363),(0.,0.05),.UNSPECIFIED.);
#388=B_SPLINE_SURFACE_WITH_KNOTS('',3,1,((#6496,#6497),(#6498,#6499),(#6500,
#6501),(#6502,#6503),(#6504,#6505)),.UNSPECIFIED.,.F.,.F.,.F.,(4,1,4),(2,
2),(0.,0.0716928901038407,0.140987024788868),(0.,0.05),.UNSPECIFIED.);
#389=B_SPLINE_SURFACE_WITH_KNOTS('',3,1,((#6519,#6520),(#6521,#6522),(#6523,
#6524),(#6525,#6526),(#6527,#6528)),.UNSPECIFIED.,.F.,.F.,.F.,(4,1,4),(2,
2),(0.,0.0414040515111036,0.0844151277854535),(0.,0.05),.UNSPECIFIED.);
#390=B_SPLINE_SURFACE_WITH_KNOTS('',3,1,((#6542,#6543),(#6544,#6545),(#6546,
#6547),(#6548,#6549),(#6550,#6551)),.UNSPECIFIED.,.F.,.F.,.F.,(4,1,4),(2,
2),(0.,0.0366407236633077,0.0759098790787286),(0.,0.05),.UNSPECIFIED.);
#391=B_SPLINE_SURFACE_WITH_KNOTS('',3,1,((#6565,#6566),(#6567,#6568),(#6569,
#6570),(#6571,#6572),(#6573,#6574)),.UNSPECIFIED.,.F.,.F.,.F.,(4,1,4),(2,
2),(0.,0.0420044748252593,0.0796909316123644),(0.,0.05),.UNSPECIFIED.);
#392=B_SPLINE_SURFACE_WITH_KNOTS('',3,1,((#6588,#6589),(#6590,#6591),(#6592,
#6593),(#6594,#6595),(#6596,#6597)),.UNSPECIFIED.,.F.,.F.,.F.,(4,1,4),(2,
2),(0.,0.0527137878191008,0.0915266504060076),(0.,0.05),.UNSPECIFIED.);
#393=B_SPLINE_SURFACE_WITH_KNOTS('',3,1,((#6627,#6628),(#6629,#6630),(#6631,
#6632),(#6633,#6634),(#6635,#6636)),.UNSPECIFIED.,.F.,.F.,.F.,(4,1,4),(2,
2),(0.,0.0623425464651908,0.121256533498422),(0.,0.05),.UNSPECIFIED.);
#394=B_SPLINE_SURFACE_WITH_KNOTS('',3,1,((#6653,#6654),(#6655,#6656),(#6657,
#6658),(#6659,#6660),(#6661,#6662)),.UNSPECIFIED.,.F.,.F.,.F.,(4,1,4),(2,
2),(0.,0.0533917006045711,0.106759633195002),(0.,0.05),.UNSPECIFIED.);
#395=B_SPLINE_SURFACE_WITH_KNOTS('',3,1,((#6676,#6677),(#6678,#6679),(#6680,
#6681),(#6682,#6683),(#6684,#6685)),.UNSPECIFIED.,.F.,.F.,.F.,(4,1,4),(2,
2),(0.,0.0574463802069715,0.111556061700302),(0.,0.05),.UNSPECIFIED.);
#396=B_SPLINE_SURFACE_WITH_KNOTS('',3,1,((#6699,#6700),(#6701,#6702),(#6703,
#6704),(#6705,#6706),(#6707,#6708)),.UNSPECIFIED.,.F.,.F.,.F.,(4,1,4),(2,
2),(0.,0.0718913012741491,0.136064517106922),(0.,0.05),.UNSPECIFIED.);
#397=B_SPLINE_SURFACE_WITH_KNOTS('',3,1,((#6722,#6723),(#6724,#6725),(#6726,
#6727),(#6728,#6729),(#6730,#6731)),.UNSPECIFIED.,.F.,.F.,.F.,(4,1,4),(2,
2),(0.,0.0584666005745839,0.117131163983095),(0.,0.05),.UNSPECIFIED.);
#398=B_SPLINE_SURFACE_WITH_KNOTS('',3,1,((#6745,#6746),(#6747,#6748),(#6749,
#6750),(#6751,#6752),(#6753,#6754)),.UNSPECIFIED.,.F.,.F.,.F.,(4,1,4),(2,
2),(0.,0.0554228057958357,0.11182320906023),(0.,0.05),.UNSPECIFIED.);
#399=B_SPLINE_SURFACE_WITH_KNOTS('',3,1,((#6768,#6769),(#6770,#6771),(#6772,
#6773),(#6774,#6775),(#6776,#6777)),.UNSPECIFIED.,.F.,.F.,.F.,(4,1,4),(2,
2),(0.,0.0640278592350027,0.121785177977348),(0.,0.05),.UNSPECIFIED.);
#400=B_SPLINE_SURFACE_WITH_KNOTS('',3,1,((#6791,#6792),(#6793,#6794),(#6795,
#6796),(#6797,#6798),(#6799,#6800)),.UNSPECIFIED.,.F.,.F.,.F.,(4,1,4),(2,
2),(0.,0.0501055905110417,0.105657775181661),(0.,0.05),.UNSPECIFIED.);
#401=B_SPLINE_SURFACE_WITH_KNOTS('',3,1,((#6814,#6815),(#6816,#6817),(#6818,
#6819),(#6820,#6821),(#6822,#6823)),.UNSPECIFIED.,.F.,.F.,.F.,(4,1,4),(2,
2),(0.,0.0620960004902342,0.114329461807851),(0.,0.05),.UNSPECIFIED.);
#402=B_SPLINE_SURFACE_WITH_KNOTS('',3,1,((#6843,#6844),(#6845,#6846),(#6847,
#6848),(#6849,#6850),(#6851,#6852)),.UNSPECIFIED.,.F.,.F.,.F.,(4,1,4),(2,
2),(0.,0.0758546074647251,0.156859454621835),(0.,0.05),.UNSPECIFIED.);
#403=B_SPLINE_SURFACE_WITH_KNOTS('',3,1,((#6866,#6867),(#6868,#6869),(#6870,
#6871),(#6872,#6873),(#6874,#6875)),.UNSPECIFIED.,.F.,.F.,.F.,(4,1,4),(2,
2),(0.,0.0836671175313475,0.160358538205248),(0.,0.05),.UNSPECIFIED.);
#404=B_SPLINE_SURFACE_WITH_KNOTS('',3,1,((#6889,#6890),(#6891,#6892),(#6893,
#6894),(#6895,#6896),(#6897,#6898)),.UNSPECIFIED.,.F.,.F.,.F.,(4,1,4),(2,
2),(0.,0.0745492636440979,0.151160660968222),(0.,0.05),.UNSPECIFIED.);
#405=B_SPLINE_SURFACE_WITH_KNOTS('',3,1,((#6912,#6913),(#6914,#6915),(#6916,
#6917),(#6918,#6919),(#6920,#6921)),.UNSPECIFIED.,.F.,.F.,.F.,(4,1,4),(2,
2),(0.,0.0751735116704426,0.1487636489782),(0.,0.05),.UNSPECIFIED.);
#406=B_SPLINE_SURFACE_WITH_KNOTS('',3,1,((#6935,#6936),(#6937,#6938),(#6939,
#6940),(#6941,#6942),(#6943,#6944)),.UNSPECIFIED.,.F.,.F.,.F.,(4,1,4),(2,
2),(0.,0.0881943439132374,0.168581495088717),(0.,0.05),.UNSPECIFIED.);
#407=B_SPLINE_SURFACE_WITH_KNOTS('',3,1,((#6958,#6959),(#6960,#6961),(#6962,
#6963),(#6964,#6965),(#6966,#6967)),.UNSPECIFIED.,.F.,.F.,.F.,(4,1,4),(2,
2),(0.,0.0812222268122129,0.164784886405849),(0.,0.05),.UNSPECIFIED.);
#408=B_SPLINE_SURFACE_WITH_KNOTS('',3,1,((#6981,#6982),(#6983,#6984),(#6985,
#6986),(#6987,#6988),(#6989,#6990)),.UNSPECIFIED.,.F.,.F.,.F.,(4,1,4),(2,
2),(0.,0.0721177445377466,0.148811471003578),(0.,0.05),.UNSPECIFIED.);
#409=B_SPLINE_SURFACE_WITH_KNOTS('',3,1,((#7004,#7005),(#7006,#7007),(#7008,
#7009),(#7010,#7011),(#7012,#7013)),.UNSPECIFIED.,.F.,.F.,.F.,(4,1,4),(2,
2),(0.,0.0884958689168856,0.164351316106922),(0.,0.05),.UNSPECIFIED.);
#410=B_SPLINE_SURFACE_WITH_KNOTS('',3,1,((#7027,#7028),(#7029,#7030),(#7031,
#7032),(#7033,#7034),(#7035,#7036)),.UNSPECIFIED.,.F.,.F.,.F.,(4,1,4),(2,
2),(0.,0.0817320780004673,0.169190797997616),(0.,0.05),.UNSPECIFIED.);
#411=B_SPLINE_SURFACE_WITH_KNOTS('',3,1,((#7050,#7051),(#7052,#7053),(#7054,
#7055),(#7056,#7057),(#7058,#7059)),.UNSPECIFIED.,.F.,.F.,.F.,(4,1,4),(2,
2),(0.,0.0930165349245068,0.176560280593143),(0.,0.05),.UNSPECIFIED.);
#412=B_SPLINE_SURFACE_WITH_KNOTS('',3,1,((#7079,#7080),(#7081,#7082),(#7083,
#7084),(#7085,#7086),(#7087,#7088)),.UNSPECIFIED.,.F.,.F.,.F.,(4,1,4),(2,
2),(0.,0.061538784892807,0.13209376778063),(0.,0.05),.UNSPECIFIED.);
#413=B_SPLINE_SURFACE_WITH_KNOTS('',3,1,((#7207,#7208),(#7209,#7210),(#7211,
#7212),(#7213,#7214),(#7215,#7216)),.UNSPECIFIED.,.F.,.F.,.F.,(4,1,4),(2,
2),(0.,0.0366627635110165,0.0918526994163812),(0.,0.05),.UNSPECIFIED.);
#414=B_SPLINE_SURFACE_WITH_KNOTS('',3,1,((#7230,#7231),(#7232,#7233),(#7234,
#7235),(#7236,#7237),(#7238,#7239)),.UNSPECIFIED.,.F.,.F.,.F.,(4,1,4),(2,
2),(0.,0.0258584590387857,0.0522617623560898),(0.,0.05),.UNSPECIFIED.);
#415=B_SPLINE_SURFACE_WITH_KNOTS('',3,1,((#7253,#7254),(#7255,#7256),(#7257,
#7258),(#7259,#7260),(#7261,#7262)),.UNSPECIFIED.,.F.,.F.,.F.,(4,1,4),(2,
2),(0.,0.0283140228495875,0.0550710899778722),(0.,0.05),.UNSPECIFIED.);
#416=B_SPLINE_SURFACE_WITH_KNOTS('',3,1,((#7276,#7277),(#7278,#7279),(#7280,
#7281),(#7282,#7283),(#7284,#7285)),.UNSPECIFIED.,.F.,.F.,.F.,(4,1,4),(2,
2),(0.,0.0261977769563312,0.0553057917359541),(0.,0.05),.UNSPECIFIED.);
#417=B_SPLINE_SURFACE_WITH_KNOTS('',3,1,((#7299,#7300),(#7301,#7302),(#7303,
#7304),(#7305,#7306),(#7307,#7308)),.UNSPECIFIED.,.F.,.F.,.F.,(4,1,4),(2,
2),(0.,0.0291258249394529,0.0552937881102854),(0.,0.05),.UNSPECIFIED.);
#418=B_SPLINE_SURFACE_WITH_KNOTS('',3,1,((#7322,#7323),(#7324,#7325),(#7326,
#7327),(#7328,#7329),(#7330,#7331)),.UNSPECIFIED.,.F.,.F.,.F.,(4,1,4),(2,
2),(0.,0.0453607585404696,0.0761943673305022),(0.,0.05),.UNSPECIFIED.);
#419=B_SPLINE_SURFACE_WITH_KNOTS('',3,1,((#7363,#7364),(#7365,#7366),(#7367,
#7368),(#7369,#7370),(#7371,#7372)),.UNSPECIFIED.,.F.,.F.,.F.,(4,1,4),(2,
2),(0.,0.0379457597446223,0.0886046566977892),(0.,0.05),.UNSPECIFIED.);
#420=B_SPLINE_SURFACE_WITH_KNOTS('',3,1,((#7386,#7387),(#7388,#7389),(#7390,
#7391),(#7392,#7393),(#7394,#7395)),.UNSPECIFIED.,.F.,.F.,.F.,(4,1,4),(2,
2),(0.,0.0294132688374161,0.0598429158797057),(0.,0.05),.UNSPECIFIED.);
#421=B_SPLINE_SURFACE_WITH_KNOTS('',3,1,((#7409,#7410),(#7411,#7412),(#7413,
#7414),(#7415,#7416),(#7417,#7418)),.UNSPECIFIED.,.F.,.F.,.F.,(4,1,4),(2,
2),(0.,0.0316539297505062,0.0615388806314291),(0.,0.05),.UNSPECIFIED.);
#422=B_SPLINE_SURFACE_WITH_KNOTS('',3,1,((#7432,#7433),(#7434,#7435),(#7436,
#7437),(#7438,#7439),(#7440,#7441)),.UNSPECIFIED.,.F.,.F.,.F.,(4,1,4),(2,
2),(0.,0.0252086325358826,0.0523325109413933),(0.,0.05),.UNSPECIFIED.);
#423=B_SPLINE_SURFACE_WITH_KNOTS('',3,1,((#7455,#7456),(#7457,#7458),(#7459,
#7460),(#7461,#7462),(#7463,#7464)),.UNSPECIFIED.,.F.,.F.,.F.,(4,1,4),(2,
2),(0.,0.0218978469431891,0.045443728143431),(0.,0.05),.UNSPECIFIED.);
#424=B_SPLINE_SURFACE_WITH_KNOTS('',3,1,((#7478,#7479),(#7480,#7481),(#7482,
#7483),(#7484,#7485),(#7486,#7487)),.UNSPECIFIED.,.F.,.F.,.F.,(4,1,4),(2,
2),(0.,0.026008410728538,0.0488922903387885),(0.,0.05),.UNSPECIFIED.);
#425=B_SPLINE_SURFACE_WITH_KNOTS('',3,1,((#7501,#7502),(#7503,#7504),(#7505,
#7506),(#7507,#7508),(#7509,#7510)),.UNSPECIFIED.,.F.,.F.,.F.,(4,1,4),(2,
2),(0.,0.0327500061067089,0.0541405726972535),(0.,0.05),.UNSPECIFIED.);
#426=B_SPLINE_SURFACE_WITH_KNOTS('',3,1,((#7533,#7534),(#7535,#7536),(#7537,
#7538),(#7539,#7540),(#7541,#7542)),.UNSPECIFIED.,.F.,.F.,.F.,(4,1,4),(2,
2),(0.,0.0445849648029186,0.0974922771762406),(0.,0.05),.UNSPECIFIED.);
#427=B_SPLINE_SURFACE_WITH_KNOTS('',3,1,((#7559,#7560),(#7561,#7562),(#7563,
#7564),(#7565,#7566),(#7567,#7568)),.UNSPECIFIED.,.F.,.F.,.F.,(4,1,4),(2,
2),(0.,0.0341851152407223,0.0724317997272053),(0.,0.05),.UNSPECIFIED.);
#428=B_SPLINE_SURFACE_WITH_KNOTS('',3,1,((#7582,#7583),(#7584,#7585),(#7586,
#7587),(#7588,#7589),(#7590,#7591)),.UNSPECIFIED.,.F.,.F.,.F.,(4,1,4),(2,
2),(0.,0.03774907064206,0.0716098700860169),(0.,0.05),.UNSPECIFIED.);
#429=B_SPLINE_SURFACE_WITH_KNOTS('',3,1,((#7605,#7606),(#7607,#7608),(#7609,
#7610),(#7611,#7612),(#7613,#7614)),.UNSPECIFIED.,.F.,.F.,.F.,(4,1,4),(2,
2),(0.,0.0409147026736167,0.0809138672844152),(0.,0.05),.UNSPECIFIED.);
#430=B_SPLINE_SURFACE_WITH_KNOTS('',3,1,((#7628,#7629),(#7630,#7631),(#7632,
#7633),(#7634,#7635),(#7636,#7637)),.UNSPECIFIED.,.F.,.F.,.F.,(4,1,4),(2,
2),(0.,0.0473452674495238,0.0967979955229349),(0.,0.05),.UNSPECIFIED.);
#431=B_SPLINE_SURFACE_WITH_KNOTS('',3,1,((#7651,#7652),(#7653,#7654),(#7655,
#7656),(#7657,#7658),(#7659,#7660)),.UNSPECIFIED.,.F.,.F.,.F.,(4,1,4),(2,
2),(0.,0.0527605634771483,0.101164883202235),(0.,0.05),.UNSPECIFIED.);
#432=B_SPLINE_SURFACE_WITH_KNOTS('',3,1,((#7674,#7675),(#7676,#7677),(#7678,
#7679),(#7680,#7681),(#7682,#7683)),.UNSPECIFIED.,.F.,.F.,.F.,(4,1,4),(2,
2),(0.,0.0403527195218864,0.0843970925838494),(0.,0.05),.UNSPECIFIED.);
#433=B_SPLINE_SURFACE_WITH_KNOTS('',3,1,((#7697,#7698),(#7699,#7700),(#7701,
#7702),(#7703,#7704),(#7705,#7706)),.UNSPECIFIED.,.F.,.F.,.F.,(4,1,4),(2,
2),(0.,0.037709342417959,0.0761380768948539),(0.,0.05),.UNSPECIFIED.);
#434=B_SPLINE_SURFACE_WITH_KNOTS('',3,1,((#7720,#7721),(#7722,#7723),(#7724,
#7725),(#7726,#7727),(#7728,#7729)),.UNSPECIFIED.,.F.,.F.,.F.,(4,1,4),(2,
2),(0.,0.0425602048085356,0.0834529053644061),(0.,0.05),.UNSPECIFIED.);
#435=B_SPLINE_SURFACE_WITH_KNOTS('',3,1,((#7743,#7744),(#7745,#7746),(#7747,
#7748),(#7749,#7750),(#7751,#7752)),.UNSPECIFIED.,.F.,.F.,.F.,(4,1,4),(2,
2),(0.,0.0436652430473634,0.0869258306497146),(0.,0.05),.UNSPECIFIED.);
#436=B_SPLINE_SURFACE_WITH_KNOTS('',3,1,((#7766,#7767),(#7768,#7769),(#7770,
#7771),(#7772,#7773),(#7774,#7775)),.UNSPECIFIED.,.F.,.F.,.F.,(4,1,4),(2,
2),(0.,0.0621213792847796,0.112359865160008),(0.,0.05),.UNSPECIFIED.);
#437=B_SPLINE_SURFACE_WITH_KNOTS('',3,3,((#7931,#7932,#7933,#7934,#7935),
(#7936,#7937,#7938,#7939,#7940),(#7941,#7942,#7943,#7944,#7945),(#7946,
#7947,#7948,#7949,#7950),(#7951,#7952,#7953,#7954,#7955)),.UNSPECIFIED.,
 .F.,.F.,.F.,(4,1,4),(4,1,4),(0.,0.571428571428571,1.),(-1.57079632679489,
-0.673198425769241,-6.33866525968918E-16),.UNSPECIFIED.);
#438=B_SPLINE_SURFACE_WITH_KNOTS('',3,3,((#7959,#7960,#7961,#7962,#7963),
(#7964,#7965,#7966,#7967,#7968),(#7969,#7970,#7971,#7972,#7973),(#7974,
#7975,#7976,#7977,#7978),(#7979,#7980,#7981,#7982,#7983)),.UNSPECIFIED.,
 .F.,.F.,.F.,(4,1,4),(4,1,4),(0.,0.571428571428571,1.),(-7.04180918244855E-16,
0.673198425769241,1.5707963267949),.UNSPECIFIED.);
#439=FACE_OUTER_BOUND('',#656,.T.);
#440=FACE_OUTER_BOUND('',#657,.T.);
#441=FACE_OUTER_BOUND('',#658,.T.);
#442=FACE_OUTER_BOUND('',#659,.T.);
#443=FACE_OUTER_BOUND('',#660,.T.);
#444=FACE_OUTER_BOUND('',#661,.T.);
#445=FACE_OUTER_BOUND('',#662,.T.);
#446=FACE_OUTER_BOUND('',#663,.T.);
#447=FACE_OUTER_BOUND('',#664,.T.);
#448=FACE_OUTER_BOUND('',#665,.T.);
#449=FACE_OUTER_BOUND('',#666,.T.);
#450=FACE_OUTER_BOUND('',#667,.T.);
#451=FACE_OUTER_BOUND('',#668,.T.);
#452=FACE_OUTER_BOUND('',#669,.T.);
#453=FACE_OUTER_BOUND('',#670,.T.);
#454=FACE_OUTER_BOUND('',#671,.T.);
#455=FACE_OUTER_BOUND('',#672,.T.);
#456=FACE_OUTER_BOUND('',#673,.T.);
#457=FACE_OUTER_BOUND('',#674,.T.);
#458=FACE_OUTER_BOUND('',#675,.T.);
#459=FACE_OUTER_BOUND('',#676,.T.);
#460=FACE_OUTER_BOUND('',#677,.T.);
#461=FACE_OUTER_BOUND('',#678,.T.);
#462=FACE_OUTER_BOUND('',#679,.T.);
#463=FACE_OUTER_BOUND('',#680,.T.);
#464=FACE_OUTER_BOUND('',#681,.T.);
#465=FACE_OUTER_BOUND('',#682,.T.);
#466=FACE_OUTER_BOUND('',#683,.T.);
#467=FACE_OUTER_BOUND('',#684,.T.);
#468=FACE_OUTER_BOUND('',#685,.T.);
#469=FACE_OUTER_BOUND('',#686,.T.);
#470=FACE_OUTER_BOUND('',#687,.T.);
#471=FACE_OUTER_BOUND('',#689,.T.);
#472=FACE_OUTER_BOUND('',#690,.T.);
#473=FACE_OUTER_BOUND('',#691,.T.);
#474=FACE_OUTER_BOUND('',#692,.T.);
#475=FACE_OUTER_BOUND('',#693,.T.);
#476=FACE_OUTER_BOUND('',#694,.T.);
#477=FACE_OUTER_BOUND('',#695,.T.);
#478=FACE_OUTER_BOUND('',#696,.T.);
#479=FACE_OUTER_BOUND('',#697,.T.);
#480=FACE_OUTER_BOUND('',#698,.T.);
#481=FACE_OUTER_BOUND('',#699,.T.);
#482=FACE_OUTER_BOUND('',#700,.T.);
#483=FACE_OUTER_BOUND('',#701,.T.);
#484=FACE_OUTER_BOUND('',#702,.T.);
#485=FACE_OUTER_BOUND('',#703,.T.);
#486=FACE_OUTER_BOUND('',#704,.T.);
#487=FACE_OUTER_BOUND('',#705,.T.);
#488=FACE_OUTER_BOUND('',#706,.T.);
#489=FACE_OUTER_BOUND('',#707,.T.);
#490=FACE_OUTER_BOUND('',#708,.T.);
#491=FACE_OUTER_BOUND('',#709,.T.);
#492=FACE_OUTER_BOUND('',#710,.T.);
#493=FACE_OUTER_BOUND('',#711,.T.);
#494=FACE_OUTER_BOUND('',#712,.T.);
#495=FACE_OUTER_BOUND('',#713,.T.);
#496=FACE_OUTER_BOUND('',#714,.T.);
#497=FACE_OUTER_BOUND('',#715,.T.);
#498=FACE_OUTER_BOUND('',#716,.T.);
#499=FACE_OUTER_BOUND('',#717,.T.);
#500=FACE_OUTER_BOUND('',#718,.T.);
#501=FACE_OUTER_BOUND('',#719,.T.);
#502=FACE_OUTER_BOUND('',#720,.T.);
#503=FACE_OUTER_BOUND('',#721,.T.);
#504=FACE_OUTER_BOUND('',#722,.T.);
#505=FACE_OUTER_BOUND('',#723,.T.);
#506=FACE_OUTER_BOUND('',#724,.T.);
#507=FACE_OUTER_BOUND('',#725,.T.);
#508=FACE_OUTER_BOUND('',#726,.T.);
#509=FACE_OUTER_BOUND('',#727,.T.);
#510=FACE_OUTER_BOUND('',#728,.T.);
#511=FACE_OUTER_BOUND('',#729,.T.);
#512=FACE_OUTER_BOUND('',#730,.T.);
#513=FACE_OUTER_BOUND('',#731,.T.);
#514=FACE_OUTER_BOUND('',#732,.T.);
#515=FACE_OUTER_BOUND('',#733,.T.);
#516=FACE_OUTER_BOUND('',#734,.T.);
#517=FACE_OUTER_BOUND('',#735,.T.);
#518=FACE_OUTER_BOUND('',#736,.T.);
#519=FACE_OUTER_BOUND('',#737,.T.);
#520=FACE_OUTER_BOUND('',#738,.T.);
#521=FACE_OUTER_BOUND('',#739,.T.);
#522=FACE_OUTER_BOUND('',#740,.T.);
#523=FACE_OUTER_BOUND('',#741,.T.);
#524=FACE_OUTER_BOUND('',#742,.T.);
#525=FACE_OUTER_BOUND('',#743,.T.);
#526=FACE_OUTER_BOUND('',#744,.T.);
#527=FACE_OUTER_BOUND('',#745,.T.);
#528=FACE_OUTER_BOUND('',#747,.T.);
#529=FACE_OUTER_BOUND('',#748,.T.);
#530=FACE_OUTER_BOUND('',#749,.T.);
#531=FACE_OUTER_BOUND('',#750,.T.);
#532=FACE_OUTER_BOUND('',#751,.T.);
#533=FACE_OUTER_BOUND('',#752,.T.);
#534=FACE_OUTER_BOUND('',#753,.T.);
#535=FACE_OUTER_BOUND('',#754,.T.);
#536=FACE_OUTER_BOUND('',#755,.T.);
#537=FACE_OUTER_BOUND('',#756,.T.);
#538=FACE_OUTER_BOUND('',#757,.T.);
#539=FACE_OUTER_BOUND('',#758,.T.);
#540=FACE_OUTER_BOUND('',#759,.T.);
#541=FACE_OUTER_BOUND('',#760,.T.);
#542=FACE_OUTER_BOUND('',#761,.T.);
#543=FACE_OUTER_BOUND('',#762,.T.);
#544=FACE_OUTER_BOUND('',#763,.T.);
#545=FACE_OUTER_BOUND('',#764,.T.);
#546=FACE_OUTER_BOUND('',#765,.T.);
#547=FACE_OUTER_BOUND('',#766,.T.);
#548=FACE_OUTER_BOUND('',#768,.T.);
#549=FACE_OUTER_BOUND('',#769,.T.);
#550=FACE_OUTER_BOUND('',#770,.T.);
#551=FACE_OUTER_BOUND('',#771,.T.);
#552=FACE_OUTER_BOUND('',#772,.T.);
#553=FACE_OUTER_BOUND('',#773,.T.);
#554=FACE_OUTER_BOUND('',#774,.T.);
#555=FACE_OUTER_BOUND('',#775,.T.);
#556=FACE_OUTER_BOUND('',#776,.T.);
#557=FACE_OUTER_BOUND('',#777,.T.);
#558=FACE_OUTER_BOUND('',#778,.T.);
#559=FACE_OUTER_BOUND('',#779,.T.);
#560=FACE_OUTER_BOUND('',#780,.T.);
#561=FACE_OUTER_BOUND('',#781,.T.);
#562=FACE_OUTER_BOUND('',#782,.T.);
#563=FACE_OUTER_BOUND('',#783,.T.);
#564=FACE_OUTER_BOUND('',#784,.T.);
#565=FACE_OUTER_BOUND('',#785,.T.);
#566=FACE_OUTER_BOUND('',#786,.T.);
#567=FACE_OUTER_BOUND('',#787,.T.);
#568=FACE_OUTER_BOUND('',#788,.T.);
#569=FACE_OUTER_BOUND('',#789,.T.);
#570=FACE_OUTER_BOUND('',#790,.T.);
#571=FACE_OUTER_BOUND('',#791,.T.);
#572=FACE_OUTER_BOUND('',#792,.T.);
#573=FACE_OUTER_BOUND('',#793,.T.);
#574=FACE_OUTER_BOUND('',#794,.T.);
#575=FACE_OUTER_BOUND('',#795,.T.);
#576=FACE_OUTER_BOUND('',#796,.T.);
#577=FACE_OUTER_BOUND('',#797,.T.);
#578=FACE_OUTER_BOUND('',#798,.T.);
#579=FACE_OUTER_BOUND('',#799,.T.);
#580=FACE_OUTER_BOUND('',#800,.T.);
#581=FACE_OUTER_BOUND('',#801,.T.);
#582=FACE_OUTER_BOUND('',#802,.T.);
#583=FACE_OUTER_BOUND('',#803,.T.);
#584=FACE_OUTER_BOUND('',#804,.T.);
#585=FACE_OUTER_BOUND('',#805,.T.);
#586=FACE_OUTER_BOUND('',#806,.T.);
#587=FACE_OUTER_BOUND('',#807,.T.);
#588=FACE_OUTER_BOUND('',#808,.T.);
#589=FACE_OUTER_BOUND('',#809,.T.);
#590=FACE_OUTER_BOUND('',#810,.T.);
#591=FACE_OUTER_BOUND('',#811,.T.);
#592=FACE_OUTER_BOUND('',#812,.T.);
#593=FACE_OUTER_BOUND('',#813,.T.);
#594=FACE_OUTER_BOUND('',#814,.T.);
#595=FACE_OUTER_BOUND('',#815,.T.);
#596=FACE_OUTER_BOUND('',#816,.T.);
#597=FACE_OUTER_BOUND('',#817,.T.);
#598=FACE_OUTER_BOUND('',#818,.T.);
#599=FACE_OUTER_BOUND('',#819,.T.);
#600=FACE_OUTER_BOUND('',#820,.T.);
#601=FACE_OUTER_BOUND('',#821,.T.);
#602=FACE_OUTER_BOUND('',#822,.T.);
#603=FACE_OUTER_BOUND('',#823,.T.);
#604=FACE_OUTER_BOUND('',#824,.T.);
#605=FACE_OUTER_BOUND('',#825,.T.);
#606=FACE_OUTER_BOUND('',#826,.T.);
#607=FACE_OUTER_BOUND('',#827,.T.);
#608=FACE_OUTER_BOUND('',#828,.T.);
#609=FACE_OUTER_BOUND('',#829,.T.);
#610=FACE_OUTER_BOUND('',#830,.T.);
#611=FACE_OUTER_BOUND('',#831,.T.);
#612=FACE_OUTER_BOUND('',#832,.T.);
#613=FACE_OUTER_BOUND('',#833,.T.);
#614=FACE_OUTER_BOUND('',#834,.T.);
#615=FACE_OUTER_BOUND('',#835,.T.);
#616=FACE_OUTER_BOUND('',#836,.T.);
#617=FACE_OUTER_BOUND('',#837,.T.);
#618=FACE_OUTER_BOUND('',#838,.T.);
#619=FACE_OUTER_BOUND('',#839,.T.);
#620=FACE_OUTER_BOUND('',#840,.T.);
#621=FACE_OUTER_BOUND('',#841,.T.);
#622=FACE_OUTER_BOUND('',#842,.T.);
#623=FACE_OUTER_BOUND('',#845,.T.);
#624=FACE_OUTER_BOUND('',#846,.T.);
#625=FACE_OUTER_BOUND('',#847,.T.);
#626=FACE_OUTER_BOUND('',#848,.T.);
#627=FACE_OUTER_BOUND('',#849,.T.);
#628=FACE_OUTER_BOUND('',#850,.T.);
#629=FACE_OUTER_BOUND('',#851,.T.);
#630=FACE_OUTER_BOUND('',#852,.T.);
#631=FACE_OUTER_BOUND('',#853,.T.);
#632=FACE_OUTER_BOUND('',#854,.T.);
#633=FACE_OUTER_BOUND('',#858,.T.);
#634=FACE_OUTER_BOUND('',#873,.T.);
#635=FACE_OUTER_BOUND('',#874,.T.);
#636=FACE_OUTER_BOUND('',#875,.T.);
#637=FACE_OUTER_BOUND('',#876,.T.);
#638=FACE_OUTER_BOUND('',#877,.T.);
#639=FACE_OUTER_BOUND('',#878,.T.);
#640=FACE_OUTER_BOUND('',#879,.T.);
#641=FACE_OUTER_BOUND('',#880,.T.);
#642=FACE_OUTER_BOUND('',#881,.T.);
#643=FACE_OUTER_BOUND('',#882,.T.);
#644=FACE_OUTER_BOUND('',#883,.T.);
#645=FACE_OUTER_BOUND('',#884,.T.);
#646=FACE_OUTER_BOUND('',#885,.T.);
#647=FACE_OUTER_BOUND('',#886,.T.);
#648=FACE_OUTER_BOUND('',#887,.T.);
#649=FACE_OUTER_BOUND('',#888,.T.);
#650=FACE_OUTER_BOUND('',#889,.T.);
#651=FACE_OUTER_BOUND('',#890,.T.);
#652=FACE_OUTER_BOUND('',#891,.T.);
#653=FACE_OUTER_BOUND('',#892,.T.);
#654=FACE_OUTER_BOUND('',#897,.T.);
#655=FACE_OUTER_BOUND('',#898,.T.);
#656=EDGE_LOOP('',(#2536,#2537,#2538,#2539));
#657=EDGE_LOOP('',(#2540,#2541,#2542,#2543));
#658=EDGE_LOOP('',(#2544,#2545,#2546,#2547));
#659=EDGE_LOOP('',(#2548,#2549,#2550,#2551));
#660=EDGE_LOOP('',(#2552,#2553,#2554,#2555));
#661=EDGE_LOOP('',(#2556,#2557,#2558,#2559));
#662=EDGE_LOOP('',(#2560,#2561,#2562,#2563));
#663=EDGE_LOOP('',(#2564,#2565,#2566,#2567));
#664=EDGE_LOOP('',(#2568,#2569,#2570,#2571));
#665=EDGE_LOOP('',(#2572,#2573,#2574,#2575));
#666=EDGE_LOOP('',(#2576,#2577,#2578,#2579));
#667=EDGE_LOOP('',(#2580,#2581,#2582,#2583,#2584,#2585));
#668=EDGE_LOOP('',(#2586,#2587,#2588,#2589));
#669=EDGE_LOOP('',(#2590,#2591,#2592,#2593));
#670=EDGE_LOOP('',(#2594,#2595,#2596,#2597));
#671=EDGE_LOOP('',(#2598,#2599,#2600,#2601));
#672=EDGE_LOOP('',(#2602,#2603,#2604,#2605));
#673=EDGE_LOOP('',(#2606,#2607,#2608,#2609));
#674=EDGE_LOOP('',(#2610,#2611,#2612,#2613));
#675=EDGE_LOOP('',(#2614,#2615,#2616,#2617));
#676=EDGE_LOOP('',(#2618,#2619,#2620,#2621));
#677=EDGE_LOOP('',(#2622,#2623,#2624,#2625));
#678=EDGE_LOOP('',(#2626,#2627,#2628,#2629));
#679=EDGE_LOOP('',(#2630,#2631,#2632,#2633));
#680=EDGE_LOOP('',(#2634,#2635,#2636,#2637));
#681=EDGE_LOOP('',(#2638,#2639,#2640,#2641));
#682=EDGE_LOOP('',(#2642,#2643,#2644,#2645));
#683=EDGE_LOOP('',(#2646,#2647,#2648,#2649));
#684=EDGE_LOOP('',(#2650,#2651,#2652,#2653));
#685=EDGE_LOOP('',(#2654,#2655,#2656,#2657));
#686=EDGE_LOOP('',(#2658,#2659,#2660,#2661));
#687=EDGE_LOOP('',(#2662,#2663,#2664,#2665,#2666,#2667,#2668,#2669,#2670,
#2671,#2672));
#688=EDGE_LOOP('',(#2673,#2674,#2675,#2676,#2677,#2678,#2679,#2680));
#689=EDGE_LOOP('',(#2681,#2682,#2683,#2684));
#690=EDGE_LOOP('',(#2685,#2686,#2687,#2688));
#691=EDGE_LOOP('',(#2689,#2690,#2691,#2692));
#692=EDGE_LOOP('',(#2693,#2694,#2695,#2696));
#693=EDGE_LOOP('',(#2697,#2698,#2699,#2700));
#694=EDGE_LOOP('',(#2701,#2702,#2703,#2704));
#695=EDGE_LOOP('',(#2705,#2706,#2707,#2708));
#696=EDGE_LOOP('',(#2709,#2710,#2711,#2712));
#697=EDGE_LOOP('',(#2713,#2714,#2715,#2716));
#698=EDGE_LOOP('',(#2717,#2718,#2719,#2720));
#699=EDGE_LOOP('',(#2721,#2722,#2723,#2724));
#700=EDGE_LOOP('',(#2725,#2726,#2727,#2728));
#701=EDGE_LOOP('',(#2729,#2730,#2731,#2732));
#702=EDGE_LOOP('',(#2733,#2734,#2735,#2736));
#703=EDGE_LOOP('',(#2737,#2738,#2739,#2740));
#704=EDGE_LOOP('',(#2741,#2742,#2743,#2744));
#705=EDGE_LOOP('',(#2745,#2746,#2747,#2748));
#706=EDGE_LOOP('',(#2749,#2750,#2751,#2752));
#707=EDGE_LOOP('',(#2753,#2754,#2755,#2756));
#708=EDGE_LOOP('',(#2757,#2758,#2759,#2760));
#709=EDGE_LOOP('',(#2761,#2762,#2763,#2764));
#710=EDGE_LOOP('',(#2765,#2766,#2767,#2768));
#711=EDGE_LOOP('',(#2769,#2770,#2771,#2772));
#712=EDGE_LOOP('',(#2773,#2774,#2775,#2776));
#713=EDGE_LOOP('',(#2777,#2778,#2779,#2780));
#714=EDGE_LOOP('',(#2781,#2782,#2783,#2784));
#715=EDGE_LOOP('',(#2785,#2786,#2787,#2788));
#716=EDGE_LOOP('',(#2789,#2790,#2791,#2792));
#717=EDGE_LOOP('',(#2793,#2794,#2795,#2796));
#718=EDGE_LOOP('',(#2797,#2798,#2799,#2800));
#719=EDGE_LOOP('',(#2801,#2802,#2803,#2804));
#720=EDGE_LOOP('',(#2805,#2806,#2807,#2808));
#721=EDGE_LOOP('',(#2809,#2810,#2811,#2812));
#722=EDGE_LOOP('',(#2813,#2814,#2815,#2816));
#723=EDGE_LOOP('',(#2817,#2818,#2819,#2820));
#724=EDGE_LOOP('',(#2821,#2822,#2823,#2824,#2825,#2826,#2827,#2828,#2829,
#2830,#2831,#2832,#2833,#2834,#2835,#2836,#2837,#2838,#2839,#2840,#2841,
#2842,#2843,#2844,#2845,#2846,#2847,#2848,#2849,#2850,#2851,#2852,#2853,
#2854,#2855));
#725=EDGE_LOOP('',(#2856,#2857,#2858,#2859));
#726=EDGE_LOOP('',(#2860,#2861,#2862,#2863));
#727=EDGE_LOOP('',(#2864,#2865,#2866,#2867));
#728=EDGE_LOOP('',(#2868,#2869,#2870,#2871));
#729=EDGE_LOOP('',(#2872,#2873,#2874,#2875));
#730=EDGE_LOOP('',(#2876,#2877,#2878,#2879));
#731=EDGE_LOOP('',(#2880,#2881,#2882,#2883));
#732=EDGE_LOOP('',(#2884,#2885,#2886,#2887));
#733=EDGE_LOOP('',(#2888,#2889,#2890,#2891));
#734=EDGE_LOOP('',(#2892,#2893,#2894,#2895));
#735=EDGE_LOOP('',(#2896,#2897,#2898,#2899));
#736=EDGE_LOOP('',(#2900,#2901,#2902,#2903));
#737=EDGE_LOOP('',(#2904,#2905,#2906,#2907));
#738=EDGE_LOOP('',(#2908,#2909,#2910,#2911));
#739=EDGE_LOOP('',(#2912,#2913,#2914,#2915));
#740=EDGE_LOOP('',(#2916,#2917,#2918,#2919));
#741=EDGE_LOOP('',(#2920,#2921,#2922,#2923));
#742=EDGE_LOOP('',(#2924,#2925,#2926,#2927));
#743=EDGE_LOOP('',(#2928,#2929,#2930,#2931));
#744=EDGE_LOOP('',(#2932,#2933,#2934,#2935));
#745=EDGE_LOOP('',(#2936,#2937,#2938,#2939,#2940,#2941,#2942,#2943,#2944,
#2945,#2946));
#746=EDGE_LOOP('',(#2947,#2948,#2949,#2950,#2951,#2952,#2953,#2954,#2955));
#747=EDGE_LOOP('',(#2956,#2957,#2958,#2959));
#748=EDGE_LOOP('',(#2960,#2961,#2962,#2963));
#749=EDGE_LOOP('',(#2964,#2965,#2966,#2967));
#750=EDGE_LOOP('',(#2968,#2969,#2970,#2971));
#751=EDGE_LOOP('',(#2972,#2973,#2974,#2975));
#752=EDGE_LOOP('',(#2976,#2977,#2978,#2979));
#753=EDGE_LOOP('',(#2980,#2981,#2982,#2983));
#754=EDGE_LOOP('',(#2984,#2985,#2986,#2987));
#755=EDGE_LOOP('',(#2988,#2989,#2990,#2991));
#756=EDGE_LOOP('',(#2992,#2993,#2994,#2995));
#757=EDGE_LOOP('',(#2996,#2997,#2998,#2999));
#758=EDGE_LOOP('',(#3000,#3001,#3002,#3003));
#759=EDGE_LOOP('',(#3004,#3005,#3006,#3007));
#760=EDGE_LOOP('',(#3008,#3009,#3010,#3011));
#761=EDGE_LOOP('',(#3012,#3013,#3014,#3015));
#762=EDGE_LOOP('',(#3016,#3017,#3018,#3019));
#763=EDGE_LOOP('',(#3020,#3021,#3022,#3023));
#764=EDGE_LOOP('',(#3024,#3025,#3026,#3027));
#765=EDGE_LOOP('',(#3028,#3029,#3030,#3031));
#766=EDGE_LOOP('',(#3032,#3033,#3034,#3035,#3036,#3037,#3038,#3039,#3040,
#3041,#3042));
#767=EDGE_LOOP('',(#3043,#3044,#3045,#3046,#3047,#3048,#3049,#3050));
#768=EDGE_LOOP('',(#3051,#3052,#3053,#3054));
#769=EDGE_LOOP('',(#3055,#3056,#3057,#3058));
#770=EDGE_LOOP('',(#3059,#3060,#3061,#3062));
#771=EDGE_LOOP('',(#3063,#3064,#3065,#3066));
#772=EDGE_LOOP('',(#3067,#3068,#3069,#3070));
#773=EDGE_LOOP('',(#3071,#3072,#3073,#3074));
#774=EDGE_LOOP('',(#3075,#3076,#3077,#3078));
#775=EDGE_LOOP('',(#3079,#3080,#3081,#3082));
#776=EDGE_LOOP('',(#3083,#3084,#3085,#3086));
#777=EDGE_LOOP('',(#3087,#3088,#3089,#3090));
#778=EDGE_LOOP('',(#3091,#3092,#3093,#3094));
#779=EDGE_LOOP('',(#3095,#3096,#3097,#3098));
#780=EDGE_LOOP('',(#3099,#3100,#3101,#3102));
#781=EDGE_LOOP('',(#3103,#3104,#3105,#3106));
#782=EDGE_LOOP('',(#3107,#3108,#3109,#3110));
#783=EDGE_LOOP('',(#3111,#3112,#3113,#3114));
#784=EDGE_LOOP('',(#3115,#3116,#3117,#3118));
#785=EDGE_LOOP('',(#3119,#3120,#3121,#3122));
#786=EDGE_LOOP('',(#3123,#3124,#3125,#3126));
#787=EDGE_LOOP('',(#3127,#3128,#3129,#3130));
#788=EDGE_LOOP('',(#3131,#3132,#3133,#3134));
#789=EDGE_LOOP('',(#3135,#3136,#3137,#3138));
#790=EDGE_LOOP('',(#3139,#3140,#3141,#3142,#3143,#3144,#3145,#3146,#3147,
#3148,#3149,#3150,#3151,#3152,#3153,#3154,#3155,#3156,#3157,#3158,#3159,
#3160));
#791=EDGE_LOOP('',(#3161,#3162,#3163,#3164));
#792=EDGE_LOOP('',(#3165,#3166,#3167,#3168));
#793=EDGE_LOOP('',(#3169,#3170,#3171,#3172));
#794=EDGE_LOOP('',(#3173,#3174,#3175,#3176));
#795=EDGE_LOOP('',(#3177,#3178,#3179,#3180));
#796=EDGE_LOOP('',(#3181,#3182,#3183,#3184));
#797=EDGE_LOOP('',(#3185,#3186,#3187,#3188));
#798=EDGE_LOOP('',(#3189,#3190,#3191,#3192));
#799=EDGE_LOOP('',(#3193,#3194,#3195,#3196));
#800=EDGE_LOOP('',(#3197,#3198,#3199,#3200));
#801=EDGE_LOOP('',(#3201,#3202,#3203,#3204));
#802=EDGE_LOOP('',(#3205,#3206,#3207,#3208));
#803=EDGE_LOOP('',(#3209,#3210,#3211,#3212,#3213,#3214,#3215,#3216,#3217,
#3218,#3219,#3220));
#804=EDGE_LOOP('',(#3221,#3222,#3223,#3224));
#805=EDGE_LOOP('',(#3225,#3226,#3227,#3228));
#806=EDGE_LOOP('',(#3229,#3230,#3231,#3232));
#807=EDGE_LOOP('',(#3233,#3234,#3235,#3236));
#808=EDGE_LOOP('',(#3237,#3238,#3239,#3240));
#809=EDGE_LOOP('',(#3241,#3242,#3243,#3244));
#810=EDGE_LOOP('',(#3245,#3246,#3247,#3248));
#811=EDGE_LOOP('',(#3249,#3250,#3251,#3252));
#812=EDGE_LOOP('',(#3253,#3254,#3255,#3256));
#813=EDGE_LOOP('',(#3257,#3258,#3259,#3260));
#814=EDGE_LOOP('',(#3261,#3262,#3263,#3264));
#815=EDGE_LOOP('',(#3265,#3266,#3267,#3268));
#816=EDGE_LOOP('',(#3269,#3270,#3271,#3272));
#817=EDGE_LOOP('',(#3273,#3274,#3275,#3276));
#818=EDGE_LOOP('',(#3277,#3278,#3279,#3280));
#819=EDGE_LOOP('',(#3281,#3282,#3283,#3284));
#820=EDGE_LOOP('',(#3285,#3286,#3287,#3288));
#821=EDGE_LOOP('',(#3289,#3290,#3291,#3292));
#822=EDGE_LOOP('',(#3293,#3294,#3295,#3296));
#823=EDGE_LOOP('',(#3297,#3298,#3299,#3300));
#824=EDGE_LOOP('',(#3301,#3302,#3303,#3304));
#825=EDGE_LOOP('',(#3305,#3306,#3307,#3308));
#826=EDGE_LOOP('',(#3309,#3310,#3311,#3312));
#827=EDGE_LOOP('',(#3313,#3314,#3315,#3316));
#828=EDGE_LOOP('',(#3317,#3318,#3319,#3320));
#829=EDGE_LOOP('',(#3321,#3322,#3323,#3324));
#830=EDGE_LOOP('',(#3325,#3326,#3327,#3328));
#831=EDGE_LOOP('',(#3329,#3330,#3331,#3332));
#832=EDGE_LOOP('',(#3333,#3334,#3335,#3336));
#833=EDGE_LOOP('',(#3337,#3338,#3339,#3340));
#834=EDGE_LOOP('',(#3341,#3342,#3343,#3344));
#835=EDGE_LOOP('',(#3345,#3346,#3347,#3348));
#836=EDGE_LOOP('',(#3349,#3350,#3351,#3352));
#837=EDGE_LOOP('',(#3353,#3354,#3355,#3356));
#838=EDGE_LOOP('',(#3357,#3358,#3359,#3360));
#839=EDGE_LOOP('',(#3361,#3362,#3363,#3364));
#840=EDGE_LOOP('',(#3365,#3366,#3367,#3368));
#841=EDGE_LOOP('',(#3369,#3370,#3371,#3372));
#842=EDGE_LOOP('',(#3373,#3374,#3375,#3376,#3377,#3378,#3379,#3380,#3381,
#3382,#3383,#3384,#3385,#3386));
#843=EDGE_LOOP('',(#3387,#3388,#3389,#3390,#3391,#3392,#3393,#3394,#3395,
#3396));
#844=EDGE_LOOP('',(#3397,#3398,#3399,#3400,#3401,#3402,#3403,#3404,#3405));
#845=EDGE_LOOP('',(#3406,#3407,#3408,#3409,#3410,#3411,#3412,#3413,#3414,
#3415));
#846=EDGE_LOOP('',(#3416,#3417,#3418,#3419,#3420,#3421,#3422,#3423,#3424));
#847=EDGE_LOOP('',(#3425,#3426,#3427,#3428,#3429,#3430,#3431,#3432));
#848=EDGE_LOOP('',(#3433,#3434,#3435,#3436,#3437,#3438,#3439,#3440,#3441));
#849=EDGE_LOOP('',(#3442,#3443,#3444,#3445,#3446,#3447,#3448,#3449));
#850=EDGE_LOOP('',(#3450,#3451,#3452,#3453));
#851=EDGE_LOOP('',(#3454,#3455,#3456,#3457));
#852=EDGE_LOOP('',(#3458,#3459,#3460,#3461));
#853=EDGE_LOOP('',(#3462,#3463,#3464,#3465));
#854=EDGE_LOOP('',(#3466,#3467,#3468,#3469));
#855=EDGE_LOOP('',(#3470,#3471,#3472,#3473));
#856=EDGE_LOOP('',(#3474));
#857=EDGE_LOOP('',(#3475));
#858=EDGE_LOOP('',(#3476,#3477,#3478,#3479,#3480,#3481));
#859=EDGE_LOOP('',(#3482));
#860=EDGE_LOOP('',(#3483));
#861=EDGE_LOOP('',(#3484));
#862=EDGE_LOOP('',(#3485));
#863=EDGE_LOOP('',(#3486,#3487,#3488,#3489));
#864=EDGE_LOOP('',(#3490,#3491,#3492,#3493,#3494,#3495,#3496,#3497,#3498,
#3499,#3500,#3501,#3502,#3503));
#865=EDGE_LOOP('',(#3504,#3505,#3506,#3507));
#866=EDGE_LOOP('',(#3508,#3509,#3510,#3511,#3512,#3513,#3514,#3515,#3516,
#3517,#3518,#3519));
#867=EDGE_LOOP('',(#3520,#3521,#3522,#3523,#3524,#3525,#3526,#3527,#3528,
#3529,#3530,#3531,#3532,#3533,#3534,#3535,#3536,#3537,#3538,#3539,#3540,
#3541));
#868=EDGE_LOOP('',(#3542,#3543,#3544,#3545,#3546,#3547,#3548,#3549,#3550,
#3551,#3552));
#869=EDGE_LOOP('',(#3553,#3554,#3555,#3556,#3557,#3558,#3559,#3560,#3561,
#3562,#3563));
#870=EDGE_LOOP('',(#3564,#3565,#3566,#3567,#3568,#3569,#3570,#3571,#3572,
#3573,#3574,#3575,#3576,#3577,#3578,#3579,#3580,#3581,#3582,#3583,#3584,
#3585,#3586,#3587,#3588,#3589,#3590,#3591,#3592,#3593,#3594,#3595,#3596,
#3597,#3598));
#871=EDGE_LOOP('',(#3599,#3600,#3601,#3602,#3603,#3604,#3605,#3606,#3607,
#3608,#3609));
#872=EDGE_LOOP('',(#3610,#3611,#3612,#3613,#3614,#3615));
#873=EDGE_LOOP('',(#3616,#3617,#3618,#3619));
#874=EDGE_LOOP('',(#3620,#3621,#3622,#3623));
#875=EDGE_LOOP('',(#3624,#3625,#3626,#3627));
#876=EDGE_LOOP('',(#3628,#3629,#3630,#3631));
#877=EDGE_LOOP('',(#3632,#3633,#3634,#3635));
#878=EDGE_LOOP('',(#3636,#3637,#3638,#3639,#3640,#3641));
#879=EDGE_LOOP('',(#3642,#3643,#3644,#3645));
#880=EDGE_LOOP('',(#3646,#3647,#3648,#3649));
#881=EDGE_LOOP('',(#3650,#3651,#3652,#3653));
#882=EDGE_LOOP('',(#3654,#3655,#3656,#3657));
#883=EDGE_LOOP('',(#3658,#3659,#3660,#3661));
#884=EDGE_LOOP('',(#3662,#3663,#3664,#3665));
#885=EDGE_LOOP('',(#3666,#3667,#3668,#3669));
#886=EDGE_LOOP('',(#3670,#3671,#3672,#3673));
#887=EDGE_LOOP('',(#3674,#3675,#3676,#3677));
#888=EDGE_LOOP('',(#3678,#3679,#3680,#3681));
#889=EDGE_LOOP('',(#3682,#3683,#3684,#3685));
#890=EDGE_LOOP('',(#3686,#3687,#3688,#3689));
#891=EDGE_LOOP('',(#3690,#3691,#3692,#3693));
#892=EDGE_LOOP('',(#3694,#3695,#3696,#3697,#3698,#3699));
#893=EDGE_LOOP('',(#3700,#3701,#3702,#3703));
#894=EDGE_LOOP('',(#3704,#3705,#3706,#3707));
#895=EDGE_LOOP('',(#3708));
#896=EDGE_LOOP('',(#3709));
#897=EDGE_LOOP('',(#3710,#3711,#3712,#3713));
#898=EDGE_LOOP('',(#3714,#3715,#3716,#3717));
#899=LINE('',#4731,#1226);
#900=LINE('',#4733,#1227);
#901=LINE('',#4735,#1228);
#902=LINE('',#4736,#1229);
#903=LINE('',#4739,#1230);
#904=LINE('',#4741,#1231);
#905=LINE('',#4742,#1232);
#906=LINE('',#4745,#1233);
#907=LINE('',#4746,#1234);
#908=LINE('',#4749,#1235);
#909=LINE('',#4750,#1236);
#910=LINE('',#4752,#1237);
#911=LINE('',#4756,#1238);
#912=LINE('',#4758,#1239);
#913=LINE('',#4760,#1240);
#914=LINE('',#4761,#1241);
#915=LINE('',#4764,#1242);
#916=LINE('',#4766,#1243);
#917=LINE('',#4767,#1244);
#918=LINE('',#4770,#1245);
#919=LINE('',#4772,#1246);
#920=LINE('',#4773,#1247);
#921=LINE('',#4776,#1248);
#922=LINE('',#4778,#1249);
#923=LINE('',#4779,#1250);
#924=LINE('',#4782,#1251);
#925=LINE('',#4784,#1252);
#926=LINE('',#4785,#1253);
#927=LINE('',#4787,#1254);
#928=LINE('',#4788,#1255);
#929=LINE('',#4793,#1256);
#930=LINE('',#4795,#1257);
#931=LINE('',#4797,#1258);
#932=LINE('',#4798,#1259);
#933=LINE('',#4816,#1260);
#934=LINE('',#4839,#1261);
#935=LINE('',#4862,#1262);
#936=LINE('',#4885,#1263);
#937=LINE('',#4908,#1264);
#938=LINE('',#4916,#1265);
#939=LINE('',#4918,#1266);
#940=LINE('',#4919,#1267);
#941=LINE('',#4921,#1268);
#942=LINE('',#4922,#1269);
#943=LINE('',#4926,#1270);
#944=LINE('',#4928,#1271);
#945=LINE('',#4930,#1272);
#946=LINE('',#4931,#1273);
#947=LINE('',#4934,#1274);
#948=LINE('',#4936,#1275);
#949=LINE('',#4937,#1276);
#950=LINE('',#4955,#1277);
#951=LINE('',#4978,#1278);
#952=LINE('',#5001,#1279);
#953=LINE('',#5024,#1280);
#954=LINE('',#5047,#1281);
#955=LINE('',#5070,#1282);
#956=LINE('',#5078,#1283);
#957=LINE('',#5080,#1284);
#958=LINE('',#5081,#1285);
#959=LINE('',#5084,#1286);
#960=LINE('',#5086,#1287);
#961=LINE('',#5087,#1288);
#962=LINE('',#5089,#1289);
#963=LINE('',#5090,#1290);
#964=LINE('',#5110,#1291);
#965=LINE('',#5117,#1292);
#966=LINE('',#5135,#1293);
#967=LINE('',#5158,#1294);
#968=LINE('',#5181,#1295);
#969=LINE('',#5204,#1296);
#970=LINE('',#5227,#1297);
#971=LINE('',#5250,#1298);
#972=LINE('',#5273,#1299);
#973=LINE('',#5296,#1300);
#974=LINE('',#5319,#1301);
#975=LINE('',#5342,#1302);
#976=LINE('',#5365,#1303);
#977=LINE('',#5388,#1304);
#978=LINE('',#5411,#1305);
#979=LINE('',#5419,#1306);
#980=LINE('',#5421,#1307);
#981=LINE('',#5422,#1308);
#982=LINE('',#5440,#1309);
#983=LINE('',#5463,#1310);
#984=LINE('',#5486,#1311);
#985=LINE('',#5509,#1312);
#986=LINE('',#5532,#1313);
#987=LINE('',#5555,#1314);
#988=LINE('',#5578,#1315);
#989=LINE('',#5601,#1316);
#990=LINE('',#5624,#1317);
#991=LINE('',#5647,#1318);
#992=LINE('',#5670,#1319);
#993=LINE('',#5693,#1320);
#994=LINE('',#5716,#1321);
#995=LINE('',#5739,#1322);
#996=LINE('',#5762,#1323);
#997=LINE('',#5785,#1324);
#998=LINE('',#5808,#1325);
#999=LINE('',#5831,#1326);
#1000=LINE('',#5839,#1327);
#1001=LINE('',#5841,#1328);
#1002=LINE('',#5842,#1329);
#1003=LINE('',#5882,#1330);
#1004=LINE('',#5889,#1331);
#1005=LINE('',#5907,#1332);
#1006=LINE('',#5930,#1333);
#1007=LINE('',#5953,#1334);
#1008=LINE('',#5976,#1335);
#1009=LINE('',#5999,#1336);
#1010=LINE('',#6022,#1337);
#1011=LINE('',#6045,#1338);
#1012=LINE('',#6089,#1339);
#1013=LINE('',#6096,#1340);
#1014=LINE('',#6114,#1341);
#1015=LINE('',#6137,#1342);
#1016=LINE('',#6160,#1343);
#1017=LINE('',#6183,#1344);
#1018=LINE('',#6206,#1345);
#1019=LINE('',#6229,#1346);
#1020=LINE('',#6252,#1347);
#1021=LINE('',#6275,#1348);
#1022=LINE('',#6298,#1349);
#1023=LINE('',#6328,#1350);
#1024=LINE('',#6330,#1351);
#1025=LINE('',#6332,#1352);
#1026=LINE('',#6333,#1353);
#1027=LINE('',#6351,#1354);
#1028=LINE('',#6374,#1355);
#1029=LINE('',#6397,#1356);
#1030=LINE('',#6420,#1357);
#1031=LINE('',#6443,#1358);
#1032=LINE('',#6451,#1359);
#1033=LINE('',#6453,#1360);
#1034=LINE('',#6454,#1361);
#1035=LINE('',#6456,#1362);
#1036=LINE('',#6457,#1363);
#1037=LINE('',#6461,#1364);
#1038=LINE('',#6463,#1365);
#1039=LINE('',#6465,#1366);
#1040=LINE('',#6466,#1367);
#1041=LINE('',#6469,#1368);
#1042=LINE('',#6471,#1369);
#1043=LINE('',#6472,#1370);
#1044=LINE('',#6490,#1371);
#1045=LINE('',#6513,#1372);
#1046=LINE('',#6536,#1373);
#1047=LINE('',#6559,#1374);
#1048=LINE('',#6582,#1375);
#1049=LINE('',#6605,#1376);
#1050=LINE('',#6613,#1377);
#1051=LINE('',#6615,#1378);
#1052=LINE('',#6616,#1379);
#1053=LINE('',#6619,#1380);
#1054=LINE('',#6621,#1381);
#1055=LINE('',#6622,#1382);
#1056=LINE('',#6624,#1383);
#1057=LINE('',#6625,#1384);
#1058=LINE('',#6645,#1385);
#1059=LINE('',#6652,#1386);
#1060=LINE('',#6670,#1387);
#1061=LINE('',#6693,#1388);
#1062=LINE('',#6716,#1389);
#1063=LINE('',#6739,#1390);
#1064=LINE('',#6762,#1391);
#1065=LINE('',#6785,#1392);
#1066=LINE('',#6808,#1393);
#1067=LINE('',#6831,#1394);
#1068=LINE('',#6839,#1395);
#1069=LINE('',#6841,#1396);
#1070=LINE('',#6842,#1397);
#1071=LINE('',#6860,#1398);
#1072=LINE('',#6883,#1399);
#1073=LINE('',#6906,#1400);
#1074=LINE('',#6929,#1401);
#1075=LINE('',#6952,#1402);
#1076=LINE('',#6975,#1403);
#1077=LINE('',#6998,#1404);
#1078=LINE('',#7021,#1405);
#1079=LINE('',#7044,#1406);
#1080=LINE('',#7067,#1407);
#1081=LINE('',#7075,#1408);
#1082=LINE('',#7077,#1409);
#1083=LINE('',#7078,#1410);
#1084=LINE('',#7103,#1411);
#1085=LINE('',#7105,#1412);
#1086=LINE('',#7107,#1413);
#1087=LINE('',#7108,#1414);
#1088=LINE('',#7111,#1415);
#1089=LINE('',#7113,#1416);
#1090=LINE('',#7114,#1417);
#1091=LINE('',#7117,#1418);
#1092=LINE('',#7119,#1419);
#1093=LINE('',#7120,#1420);
#1094=LINE('',#7123,#1421);
#1095=LINE('',#7125,#1422);
#1096=LINE('',#7126,#1423);
#1097=LINE('',#7129,#1424);
#1098=LINE('',#7131,#1425);
#1099=LINE('',#7132,#1426);
#1100=LINE('',#7135,#1427);
#1101=LINE('',#7137,#1428);
#1102=LINE('',#7138,#1429);
#1103=LINE('',#7141,#1430);
#1104=LINE('',#7143,#1431);
#1105=LINE('',#7144,#1432);
#1106=LINE('',#7147,#1433);
#1107=LINE('',#7149,#1434);
#1108=LINE('',#7150,#1435);
#1109=LINE('',#7153,#1436);
#1110=LINE('',#7155,#1437);
#1111=LINE('',#7156,#1438);
#1112=LINE('',#7159,#1439);
#1113=LINE('',#7161,#1440);
#1114=LINE('',#7162,#1441);
#1115=LINE('',#7165,#1442);
#1116=LINE('',#7167,#1443);
#1117=LINE('',#7168,#1444);
#1118=LINE('',#7170,#1445);
#1119=LINE('',#7171,#1446);
#1120=LINE('',#7176,#1447);
#1121=LINE('',#7178,#1448);
#1122=LINE('',#7180,#1449);
#1123=LINE('',#7181,#1450);
#1124=LINE('',#7184,#1451);
#1125=LINE('',#7186,#1452);
#1126=LINE('',#7187,#1453);
#1127=LINE('',#7190,#1454);
#1128=LINE('',#7192,#1455);
#1129=LINE('',#7193,#1456);
#1130=LINE('',#7195,#1457);
#1131=LINE('',#7196,#1458);
#1132=LINE('',#7201,#1459);
#1133=LINE('',#7203,#1460);
#1134=LINE('',#7205,#1461);
#1135=LINE('',#7206,#1462);
#1136=LINE('',#7224,#1463);
#1137=LINE('',#7247,#1464);
#1138=LINE('',#7270,#1465);
#1139=LINE('',#7293,#1466);
#1140=LINE('',#7316,#1467);
#1141=LINE('',#7339,#1468);
#1142=LINE('',#7347,#1469);
#1143=LINE('',#7349,#1470);
#1144=LINE('',#7350,#1471);
#1145=LINE('',#7352,#1472);
#1146=LINE('',#7353,#1473);
#1147=LINE('',#7357,#1474);
#1148=LINE('',#7359,#1475);
#1149=LINE('',#7361,#1476);
#1150=LINE('',#7362,#1477);
#1151=LINE('',#7380,#1478);
#1152=LINE('',#7403,#1479);
#1153=LINE('',#7426,#1480);
#1154=LINE('',#7449,#1481);
#1155=LINE('',#7472,#1482);
#1156=LINE('',#7495,#1483);
#1157=LINE('',#7518,#1484);
#1158=LINE('',#7526,#1485);
#1159=LINE('',#7528,#1486);
#1160=LINE('',#7529,#1487);
#1161=LINE('',#7531,#1488);
#1162=LINE('',#7532,#1489);
#1163=LINE('',#7551,#1490);
#1164=LINE('',#7558,#1491);
#1165=LINE('',#7576,#1492);
#1166=LINE('',#7599,#1493);
#1167=LINE('',#7622,#1494);
#1168=LINE('',#7645,#1495);
#1169=LINE('',#7668,#1496);
#1170=LINE('',#7691,#1497);
#1171=LINE('',#7714,#1498);
#1172=LINE('',#7737,#1499);
#1173=LINE('',#7760,#1500);
#1174=LINE('',#7783,#1501);
#1175=LINE('',#7791,#1502);
#1176=LINE('',#7793,#1503);
#1177=LINE('',#7794,#1504);
#1178=LINE('',#7797,#1505);
#1179=LINE('',#7799,#1506);
#1180=LINE('',#7800,#1507);
#1181=LINE('',#7802,#1508);
#1182=LINE('',#7803,#1509);
#1183=LINE('',#7813,#1510);
#1184=LINE('',#7815,#1511);
#1185=LINE('',#7817,#1512);
#1186=LINE('',#7818,#1513);
#1187=LINE('',#7824,#1514);
#1188=LINE('',#7827,#1515);
#1189=LINE('',#7829,#1516);
#1190=LINE('',#7830,#1517);
#1191=LINE('',#7837,#1518);
#1192=LINE('',#7839,#1519);
#1193=LINE('',#7841,#1520);
#1194=LINE('',#7842,#1521);
#1195=LINE('',#7850,#1522);
#1196=LINE('',#7852,#1523);
#1197=LINE('',#7854,#1524);
#1198=LINE('',#7858,#1525);
#1199=LINE('',#7871,#1526);
#1200=LINE('',#7872,#1527);
#1201=LINE('',#7873,#1528);
#1202=LINE('',#7876,#1529);
#1203=LINE('',#7877,#1530);
#1204=LINE('',#7880,#1531);
#1205=LINE('',#7881,#1532);
#1206=LINE('',#7883,#1533);
#1207=LINE('',#7887,#1534);
#1208=LINE('',#7889,#1535);
#1209=LINE('',#7891,#1536);
#1210=LINE('',#7892,#1537);
#1211=LINE('',#7896,#1538);
#1212=LINE('',#7898,#1539);
#1213=LINE('',#7902,#1540);
#1214=LINE('',#7906,#1541);
#1215=LINE('',#7910,#1542);
#1216=LINE('',#7912,#1543);
#1217=LINE('',#7913,#1544);
#1218=LINE('',#7919,#1545);
#1219=LINE('',#7922,#1546);
#1220=LINE('',#7924,#1547);
#1221=LINE('',#7925,#1548);
#1222=LINE('',#7988,#1549);
#1223=LINE('',#7992,#1550);
#1224=LINE('',#7996,#1551);
#1225=LINE('',#7998,#1552);
#1226=VECTOR('',#4158,10.);
#1227=VECTOR('',#4159,10.);
#1228=VECTOR('',#4160,10.);
#1229=VECTOR('',#4161,10.);
#1230=VECTOR('',#4164,10.);
#1231=VECTOR('',#4165,10.);
#1232=VECTOR('',#4166,10.);
#1233=VECTOR('',#4169,10.);
#1234=VECTOR('',#4170,10.);
#1235=VECTOR('',#4173,10.);
#1236=VECTOR('',#4174,10.);
#1237=VECTOR('',#4177,10.);
#1238=VECTOR('',#4180,10.);
#1239=VECTOR('',#4181,10.);
#1240=VECTOR('',#4182,10.);
#1241=VECTOR('',#4183,10.);
#1242=VECTOR('',#4186,10.);
#1243=VECTOR('',#4187,10.);
#1244=VECTOR('',#4188,10.);
#1245=VECTOR('',#4191,10.);
#1246=VECTOR('',#4192,10.);
#1247=VECTOR('',#4193,10.);
#1248=VECTOR('',#4196,10.);
#1249=VECTOR('',#4197,10.);
#1250=VECTOR('',#4198,10.);
#1251=VECTOR('',#4201,10.);
#1252=VECTOR('',#4202,10.);
#1253=VECTOR('',#4203,10.);
#1254=VECTOR('',#4206,10.);
#1255=VECTOR('',#4207,10.);
#1256=VECTOR('',#4212,10.);
#1257=VECTOR('',#4213,10.);
#1258=VECTOR('',#4214,10.);
#1259=VECTOR('',#4215,10.);
#1260=VECTOR('',#4216,10.);
#1261=VECTOR('',#4217,10.);
#1262=VECTOR('',#4218,10.);
#1263=VECTOR('',#4219,10.);
#1264=VECTOR('',#4220,10.);
#1265=VECTOR('',#4223,10.);
#1266=VECTOR('',#4224,10.);
#1267=VECTOR('',#4225,10.);
#1268=VECTOR('',#4228,10.);
#1269=VECTOR('',#4229,10.);
#1270=VECTOR('',#4232,10.);
#1271=VECTOR('',#4233,10.);
#1272=VECTOR('',#4234,10.);
#1273=VECTOR('',#4235,10.);
#1274=VECTOR('',#4238,10.);
#1275=VECTOR('',#4239,10.);
#1276=VECTOR('',#4240,10.);
#1277=VECTOR('',#4241,10.);
#1278=VECTOR('',#4242,10.);
#1279=VECTOR('',#4243,10.);
#1280=VECTOR('',#4244,10.);
#1281=VECTOR('',#4245,10.);
#1282=VECTOR('',#4246,10.);
#1283=VECTOR('',#4249,10.);
#1284=VECTOR('',#4250,10.);
#1285=VECTOR('',#4251,10.);
#1286=VECTOR('',#4254,10.);
#1287=VECTOR('',#4255,10.);
#1288=VECTOR('',#4256,10.);
#1289=VECTOR('',#4259,10.);
#1290=VECTOR('',#4260,10.);
#1291=VECTOR('',#4263,10.);
#1292=VECTOR('',#4264,10.);
#1293=VECTOR('',#4265,10.);
#1294=VECTOR('',#4266,10.);
#1295=VECTOR('',#4267,10.);
#1296=VECTOR('',#4268,10.);
#1297=VECTOR('',#4269,10.);
#1298=VECTOR('',#4270,10.);
#1299=VECTOR('',#4271,10.);
#1300=VECTOR('',#4272,10.);
#1301=VECTOR('',#4273,10.);
#1302=VECTOR('',#4274,10.);
#1303=VECTOR('',#4275,10.);
#1304=VECTOR('',#4276,10.);
#1305=VECTOR('',#4277,10.);
#1306=VECTOR('',#4280,10.);
#1307=VECTOR('',#4281,10.);
#1308=VECTOR('',#4282,10.);
#1309=VECTOR('',#4283,10.);
#1310=VECTOR('',#4284,10.);
#1311=VECTOR('',#4285,10.);
#1312=VECTOR('',#4286,10.);
#1313=VECTOR('',#4287,10.);
#1314=VECTOR('',#4288,10.);
#1315=VECTOR('',#4289,10.);
#1316=VECTOR('',#4290,10.);
#1317=VECTOR('',#4291,10.);
#1318=VECTOR('',#4292,10.);
#1319=VECTOR('',#4293,10.);
#1320=VECTOR('',#4294,10.);
#1321=VECTOR('',#4295,10.);
#1322=VECTOR('',#4296,10.);
#1323=VECTOR('',#4297,10.);
#1324=VECTOR('',#4298,10.);
#1325=VECTOR('',#4299,10.);
#1326=VECTOR('',#4300,10.);
#1327=VECTOR('',#4303,10.);
#1328=VECTOR('',#4304,10.);
#1329=VECTOR('',#4305,10.);
#1330=VECTOR('',#4308,10.);
#1331=VECTOR('',#4309,10.);
#1332=VECTOR('',#4310,10.);
#1333=VECTOR('',#4311,10.);
#1334=VECTOR('',#4312,10.);
#1335=VECTOR('',#4313,10.);
#1336=VECTOR('',#4314,10.);
#1337=VECTOR('',#4315,10.);
#1338=VECTOR('',#4316,10.);
#1339=VECTOR('',#4317,10.);
#1340=VECTOR('',#4318,10.);
#1341=VECTOR('',#4319,10.);
#1342=VECTOR('',#4320,10.);
#1343=VECTOR('',#4321,10.);
#1344=VECTOR('',#4322,10.);
#1345=VECTOR('',#4323,10.);
#1346=VECTOR('',#4324,10.);
#1347=VECTOR('',#4325,10.);
#1348=VECTOR('',#4326,10.);
#1349=VECTOR('',#4327,10.);
#1350=VECTOR('',#4332,10.);
#1351=VECTOR('',#4333,10.);
#1352=VECTOR('',#4334,10.);
#1353=VECTOR('',#4335,10.);
#1354=VECTOR('',#4336,10.);
#1355=VECTOR('',#4337,10.);
#1356=VECTOR('',#4338,10.);
#1357=VECTOR('',#4339,10.);
#1358=VECTOR('',#4340,10.);
#1359=VECTOR('',#4343,10.);
#1360=VECTOR('',#4344,10.);
#1361=VECTOR('',#4345,10.);
#1362=VECTOR('',#4348,10.);
#1363=VECTOR('',#4349,10.);
#1364=VECTOR('',#4352,10.);
#1365=VECTOR('',#4353,10.);
#1366=VECTOR('',#4354,10.);
#1367=VECTOR('',#4355,10.);
#1368=VECTOR('',#4358,10.);
#1369=VECTOR('',#4359,10.);
#1370=VECTOR('',#4360,10.);
#1371=VECTOR('',#4361,10.);
#1372=VECTOR('',#4362,10.);
#1373=VECTOR('',#4363,10.);
#1374=VECTOR('',#4364,10.);
#1375=VECTOR('',#4365,10.);
#1376=VECTOR('',#4366,10.);
#1377=VECTOR('',#4369,10.);
#1378=VECTOR('',#4370,10.);
#1379=VECTOR('',#4371,10.);
#1380=VECTOR('',#4374,10.);
#1381=VECTOR('',#4375,10.);
#1382=VECTOR('',#4376,10.);
#1383=VECTOR('',#4379,10.);
#1384=VECTOR('',#4380,10.);
#1385=VECTOR('',#4383,10.);
#1386=VECTOR('',#4384,10.);
#1387=VECTOR('',#4385,10.);
#1388=VECTOR('',#4386,10.);
#1389=VECTOR('',#4387,10.);
#1390=VECTOR('',#4388,10.);
#1391=VECTOR('',#4389,10.);
#1392=VECTOR('',#4390,10.);
#1393=VECTOR('',#4391,10.);
#1394=VECTOR('',#4392,10.);
#1395=VECTOR('',#4395,10.);
#1396=VECTOR('',#4396,10.);
#1397=VECTOR('',#4397,10.);
#1398=VECTOR('',#4398,10.);
#1399=VECTOR('',#4399,10.);
#1400=VECTOR('',#4400,10.);
#1401=VECTOR('',#4401,10.);
#1402=VECTOR('',#4402,10.);
#1403=VECTOR('',#4403,10.);
#1404=VECTOR('',#4404,10.);
#1405=VECTOR('',#4405,10.);
#1406=VECTOR('',#4406,10.);
#1407=VECTOR('',#4407,10.);
#1408=VECTOR('',#4410,10.);
#1409=VECTOR('',#4411,10.);
#1410=VECTOR('',#4412,10.);
#1411=VECTOR('',#4417,10.);
#1412=VECTOR('',#4418,10.);
#1413=VECTOR('',#4419,10.);
#1414=VECTOR('',#4420,10.);
#1415=VECTOR('',#4423,10.);
#1416=VECTOR('',#4424,10.);
#1417=VECTOR('',#4425,10.);
#1418=VECTOR('',#4428,10.);
#1419=VECTOR('',#4429,10.);
#1420=VECTOR('',#4430,10.);
#1421=VECTOR('',#4433,10.);
#1422=VECTOR('',#4434,10.);
#1423=VECTOR('',#4435,10.);
#1424=VECTOR('',#4438,10.);
#1425=VECTOR('',#4439,10.);
#1426=VECTOR('',#4440,10.);
#1427=VECTOR('',#4443,10.);
#1428=VECTOR('',#4444,10.);
#1429=VECTOR('',#4445,10.);
#1430=VECTOR('',#4448,10.);
#1431=VECTOR('',#4449,10.);
#1432=VECTOR('',#4450,10.);
#1433=VECTOR('',#4453,10.);
#1434=VECTOR('',#4454,10.);
#1435=VECTOR('',#4455,10.);
#1436=VECTOR('',#4458,10.);
#1437=VECTOR('',#4459,10.);
#1438=VECTOR('',#4460,10.);
#1439=VECTOR('',#4463,10.);
#1440=VECTOR('',#4464,10.);
#1441=VECTOR('',#4465,10.);
#1442=VECTOR('',#4468,10.);
#1443=VECTOR('',#4469,10.);
#1444=VECTOR('',#4470,10.);
#1445=VECTOR('',#4473,10.);
#1446=VECTOR('',#4474,10.);
#1447=VECTOR('',#4479,10.);
#1448=VECTOR('',#4480,10.);
#1449=VECTOR('',#4481,10.);
#1450=VECTOR('',#4482,10.);
#1451=VECTOR('',#4485,10.);
#1452=VECTOR('',#4486,10.);
#1453=VECTOR('',#4487,10.);
#1454=VECTOR('',#4490,10.);
#1455=VECTOR('',#4491,10.);
#1456=VECTOR('',#4492,10.);
#1457=VECTOR('',#4495,10.);
#1458=VECTOR('',#4496,10.);
#1459=VECTOR('',#4501,10.);
#1460=VECTOR('',#4502,10.);
#1461=VECTOR('',#4503,10.);
#1462=VECTOR('',#4504,10.);
#1463=VECTOR('',#4505,10.);
#1464=VECTOR('',#4506,10.);
#1465=VECTOR('',#4507,10.);
#1466=VECTOR('',#4508,10.);
#1467=VECTOR('',#4509,10.);
#1468=VECTOR('',#4510,10.);
#1469=VECTOR('',#4513,10.);
#1470=VECTOR('',#4514,10.);
#1471=VECTOR('',#4515,10.);
#1472=VECTOR('',#4518,10.);
#1473=VECTOR('',#4519,10.);
#1474=VECTOR('',#4522,10.);
#1475=VECTOR('',#4523,10.);
#1476=VECTOR('',#4524,10.);
#1477=VECTOR('',#4525,10.);
#1478=VECTOR('',#4526,10.);
#1479=VECTOR('',#4527,10.);
#1480=VECTOR('',#4528,10.);
#1481=VECTOR('',#4529,10.);
#1482=VECTOR('',#4530,10.);
#1483=VECTOR('',#4531,10.);
#1484=VECTOR('',#4532,10.);
#1485=VECTOR('',#4535,10.);
#1486=VECTOR('',#4536,10.);
#1487=VECTOR('',#4537,10.);
#1488=VECTOR('',#4540,10.);
#1489=VECTOR('',#4541,10.);
#1490=VECTOR('',#4542,10.);
#1491=VECTOR('',#4543,10.);
#1492=VECTOR('',#4544,10.);
#1493=VECTOR('',#4545,10.);
#1494=VECTOR('',#4546,10.);
#1495=VECTOR('',#4547,10.);
#1496=VECTOR('',#4548,10.);
#1497=VECTOR('',#4549,10.);
#1498=VECTOR('',#4550,10.);
#1499=VECTOR('',#4551,10.);
#1500=VECTOR('',#4552,10.);
#1501=VECTOR('',#4553,10.);
#1502=VECTOR('',#4556,10.);
#1503=VECTOR('',#4557,10.);
#1504=VECTOR('',#4558,10.);
#1505=VECTOR('',#4561,10.);
#1506=VECTOR('',#4562,10.);
#1507=VECTOR('',#4563,10.);
#1508=VECTOR('',#4566,10.);
#1509=VECTOR('',#4567,10.);
#1510=VECTOR('',#4582,10.);
#1511=VECTOR('',#4583,10.);
#1512=VECTOR('',#4584,10.);
#1513=VECTOR('',#4585,10.);
#1514=VECTOR('',#4592,10.);
#1515=VECTOR('',#4595,10.);
#1516=VECTOR('',#4596,10.);
#1517=VECTOR('',#4597,10.);
#1518=VECTOR('',#4606,10.);
#1519=VECTOR('',#4607,10.);
#1520=VECTOR('',#4608,10.);
#1521=VECTOR('',#4609,10.);
#1522=VECTOR('',#4616,10.);
#1523=VECTOR('',#4617,10.);
#1524=VECTOR('',#4618,10.);
#1525=VECTOR('',#4621,10.);
#1526=VECTOR('',#4634,10.);
#1527=VECTOR('',#4635,10.);
#1528=VECTOR('',#4636,10.);
#1529=VECTOR('',#4639,10.);
#1530=VECTOR('',#4640,10.);
#1531=VECTOR('',#4643,10.);
#1532=VECTOR('',#4644,10.);
#1533=VECTOR('',#4647,10.);
#1534=VECTOR('',#4650,10.);
#1535=VECTOR('',#4651,10.);
#1536=VECTOR('',#4652,10.);
#1537=VECTOR('',#4653,10.);
#1538=VECTOR('',#4658,10.);
#1539=VECTOR('',#4659,10.);
#1540=VECTOR('',#4664,1.425);
#1541=VECTOR('',#4669,1.425);
#1542=VECTOR('',#4674,10.);
#1543=VECTOR('',#4675,10.);
#1544=VECTOR('',#4676,10.);
#1545=VECTOR('',#4683,10.);
#1546=VECTOR('',#4686,10.);
#1547=VECTOR('',#4687,10.);
#1548=VECTOR('',#4688,10.);
#1549=VECTOR('',#4711,1.2);
#1550=VECTOR('',#4716,1.2);
#1551=VECTOR('',#4723,0.95);
#1552=VECTOR('',#4726,0.95);
#1553=VERTEX_POINT('',#4729);
#1554=VERTEX_POINT('',#4730);
#1555=VERTEX_POINT('',#4732);
#1556=VERTEX_POINT('',#4734);
#1557=VERTEX_POINT('',#4738);
#1558=VERTEX_POINT('',#4740);
#1559=VERTEX_POINT('',#4744);
#1560=VERTEX_POINT('',#4748);
#1561=VERTEX_POINT('',#4754);
#1562=VERTEX_POINT('',#4755);
#1563=VERTEX_POINT('',#4757);
#1564=VERTEX_POINT('',#4759);
#1565=VERTEX_POINT('',#4763);
#1566=VERTEX_POINT('',#4765);
#1567=VERTEX_POINT('',#4769);
#1568=VERTEX_POINT('',#4771);
#1569=VERTEX_POINT('',#4775);
#1570=VERTEX_POINT('',#4777);
#1571=VERTEX_POINT('',#4781);
#1572=VERTEX_POINT('',#4783);
#1573=VERTEX_POINT('',#4791);
#1574=VERTEX_POINT('',#4792);
#1575=VERTEX_POINT('',#4794);
#1576=VERTEX_POINT('',#4796);
#1577=VERTEX_POINT('',#4809);
#1578=VERTEX_POINT('',#4815);
#1579=VERTEX_POINT('',#4832);
#1580=VERTEX_POINT('',#4838);
#1581=VERTEX_POINT('',#4855);
#1582=VERTEX_POINT('',#4861);
#1583=VERTEX_POINT('',#4878);
#1584=VERTEX_POINT('',#4884);
#1585=VERTEX_POINT('',#4901);
#1586=VERTEX_POINT('',#4907);
#1587=VERTEX_POINT('',#4915);
#1588=VERTEX_POINT('',#4917);
#1589=VERTEX_POINT('',#4924);
#1590=VERTEX_POINT('',#4925);
#1591=VERTEX_POINT('',#4927);
#1592=VERTEX_POINT('',#4929);
#1593=VERTEX_POINT('',#4933);
#1594=VERTEX_POINT('',#4935);
#1595=VERTEX_POINT('',#4948);
#1596=VERTEX_POINT('',#4954);
#1597=VERTEX_POINT('',#4971);
#1598=VERTEX_POINT('',#4977);
#1599=VERTEX_POINT('',#4994);
#1600=VERTEX_POINT('',#5000);
#1601=VERTEX_POINT('',#5017);
#1602=VERTEX_POINT('',#5023);
#1603=VERTEX_POINT('',#5040);
#1604=VERTEX_POINT('',#5046);
#1605=VERTEX_POINT('',#5063);
#1606=VERTEX_POINT('',#5069);
#1607=VERTEX_POINT('',#5077);
#1608=VERTEX_POINT('',#5079);
#1609=VERTEX_POINT('',#5083);
#1610=VERTEX_POINT('',#5085);
#1611=VERTEX_POINT('',#5102);
#1612=VERTEX_POINT('',#5103);
#1613=VERTEX_POINT('',#5109);
#1614=VERTEX_POINT('',#5111);
#1615=VERTEX_POINT('',#5128);
#1616=VERTEX_POINT('',#5134);
#1617=VERTEX_POINT('',#5151);
#1618=VERTEX_POINT('',#5157);
#1619=VERTEX_POINT('',#5174);
#1620=VERTEX_POINT('',#5180);
#1621=VERTEX_POINT('',#5197);
#1622=VERTEX_POINT('',#5203);
#1623=VERTEX_POINT('',#5220);
#1624=VERTEX_POINT('',#5226);
#1625=VERTEX_POINT('',#5243);
#1626=VERTEX_POINT('',#5249);
#1627=VERTEX_POINT('',#5266);
#1628=VERTEX_POINT('',#5272);
#1629=VERTEX_POINT('',#5289);
#1630=VERTEX_POINT('',#5295);
#1631=VERTEX_POINT('',#5312);
#1632=VERTEX_POINT('',#5318);
#1633=VERTEX_POINT('',#5335);
#1634=VERTEX_POINT('',#5341);
#1635=VERTEX_POINT('',#5358);
#1636=VERTEX_POINT('',#5364);
#1637=VERTEX_POINT('',#5381);
#1638=VERTEX_POINT('',#5387);
#1639=VERTEX_POINT('',#5404);
#1640=VERTEX_POINT('',#5410);
#1641=VERTEX_POINT('',#5418);
#1642=VERTEX_POINT('',#5420);
#1643=VERTEX_POINT('',#5433);
#1644=VERTEX_POINT('',#5439);
#1645=VERTEX_POINT('',#5456);
#1646=VERTEX_POINT('',#5462);
#1647=VERTEX_POINT('',#5479);
#1648=VERTEX_POINT('',#5485);
#1649=VERTEX_POINT('',#5502);
#1650=VERTEX_POINT('',#5508);
#1651=VERTEX_POINT('',#5525);
#1652=VERTEX_POINT('',#5531);
#1653=VERTEX_POINT('',#5548);
#1654=VERTEX_POINT('',#5554);
#1655=VERTEX_POINT('',#5571);
#1656=VERTEX_POINT('',#5577);
#1657=VERTEX_POINT('',#5594);
#1658=VERTEX_POINT('',#5600);
#1659=VERTEX_POINT('',#5617);
#1660=VERTEX_POINT('',#5623);
#1661=VERTEX_POINT('',#5640);
#1662=VERTEX_POINT('',#5646);
#1663=VERTEX_POINT('',#5663);
#1664=VERTEX_POINT('',#5669);
#1665=VERTEX_POINT('',#5686);
#1666=VERTEX_POINT('',#5692);
#1667=VERTEX_POINT('',#5709);
#1668=VERTEX_POINT('',#5715);
#1669=VERTEX_POINT('',#5732);
#1670=VERTEX_POINT('',#5738);
#1671=VERTEX_POINT('',#5755);
#1672=VERTEX_POINT('',#5761);
#1673=VERTEX_POINT('',#5778);
#1674=VERTEX_POINT('',#5784);
#1675=VERTEX_POINT('',#5801);
#1676=VERTEX_POINT('',#5807);
#1677=VERTEX_POINT('',#5824);
#1678=VERTEX_POINT('',#5830);
#1679=VERTEX_POINT('',#5838);
#1680=VERTEX_POINT('',#5840);
#1681=VERTEX_POINT('',#5874);
#1682=VERTEX_POINT('',#5875);
#1683=VERTEX_POINT('',#5881);
#1684=VERTEX_POINT('',#5883);
#1685=VERTEX_POINT('',#5900);
#1686=VERTEX_POINT('',#5906);
#1687=VERTEX_POINT('',#5923);
#1688=VERTEX_POINT('',#5929);
#1689=VERTEX_POINT('',#5946);
#1690=VERTEX_POINT('',#5952);
#1691=VERTEX_POINT('',#5969);
#1692=VERTEX_POINT('',#5975);
#1693=VERTEX_POINT('',#5992);
#1694=VERTEX_POINT('',#5998);
#1695=VERTEX_POINT('',#6015);
#1696=VERTEX_POINT('',#6021);
#1697=VERTEX_POINT('',#6038);
#1698=VERTEX_POINT('',#6044);
#1699=VERTEX_POINT('',#6081);
#1700=VERTEX_POINT('',#6082);
#1701=VERTEX_POINT('',#6088);
#1702=VERTEX_POINT('',#6090);
#1703=VERTEX_POINT('',#6107);
#1704=VERTEX_POINT('',#6113);
#1705=VERTEX_POINT('',#6130);
#1706=VERTEX_POINT('',#6136);
#1707=VERTEX_POINT('',#6153);
#1708=VERTEX_POINT('',#6159);
#1709=VERTEX_POINT('',#6176);
#1710=VERTEX_POINT('',#6182);
#1711=VERTEX_POINT('',#6199);
#1712=VERTEX_POINT('',#6205);
#1713=VERTEX_POINT('',#6222);
#1714=VERTEX_POINT('',#6228);
#1715=VERTEX_POINT('',#6245);
#1716=VERTEX_POINT('',#6251);
#1717=VERTEX_POINT('',#6268);
#1718=VERTEX_POINT('',#6274);
#1719=VERTEX_POINT('',#6291);
#1720=VERTEX_POINT('',#6297);
#1721=VERTEX_POINT('',#6326);
#1722=VERTEX_POINT('',#6327);
#1723=VERTEX_POINT('',#6329);
#1724=VERTEX_POINT('',#6331);
#1725=VERTEX_POINT('',#6344);
#1726=VERTEX_POINT('',#6350);
#1727=VERTEX_POINT('',#6367);
#1728=VERTEX_POINT('',#6373);
#1729=VERTEX_POINT('',#6390);
#1730=VERTEX_POINT('',#6396);
#1731=VERTEX_POINT('',#6413);
#1732=VERTEX_POINT('',#6419);
#1733=VERTEX_POINT('',#6436);
#1734=VERTEX_POINT('',#6442);
#1735=VERTEX_POINT('',#6450);
#1736=VERTEX_POINT('',#6452);
#1737=VERTEX_POINT('',#6459);
#1738=VERTEX_POINT('',#6460);
#1739=VERTEX_POINT('',#6462);
#1740=VERTEX_POINT('',#6464);
#1741=VERTEX_POINT('',#6468);
#1742=VERTEX_POINT('',#6470);
#1743=VERTEX_POINT('',#6483);
#1744=VERTEX_POINT('',#6489);
#1745=VERTEX_POINT('',#6506);
#1746=VERTEX_POINT('',#6512);
#1747=VERTEX_POINT('',#6529);
#1748=VERTEX_POINT('',#6535);
#1749=VERTEX_POINT('',#6552);
#1750=VERTEX_POINT('',#6558);
#1751=VERTEX_POINT('',#6575);
#1752=VERTEX_POINT('',#6581);
#1753=VERTEX_POINT('',#6598);
#1754=VERTEX_POINT('',#6604);
#1755=VERTEX_POINT('',#6612);
#1756=VERTEX_POINT('',#6614);
#1757=VERTEX_POINT('',#6618);
#1758=VERTEX_POINT('',#6620);
#1759=VERTEX_POINT('',#6637);
#1760=VERTEX_POINT('',#6638);
#1761=VERTEX_POINT('',#6644);
#1762=VERTEX_POINT('',#6646);
#1763=VERTEX_POINT('',#6663);
#1764=VERTEX_POINT('',#6669);
#1765=VERTEX_POINT('',#6686);
#1766=VERTEX_POINT('',#6692);
#1767=VERTEX_POINT('',#6709);
#1768=VERTEX_POINT('',#6715);
#1769=VERTEX_POINT('',#6732);
#1770=VERTEX_POINT('',#6738);
#1771=VERTEX_POINT('',#6755);
#1772=VERTEX_POINT('',#6761);
#1773=VERTEX_POINT('',#6778);
#1774=VERTEX_POINT('',#6784);
#1775=VERTEX_POINT('',#6801);
#1776=VERTEX_POINT('',#6807);
#1777=VERTEX_POINT('',#6824);
#1778=VERTEX_POINT('',#6830);
#1779=VERTEX_POINT('',#6838);
#1780=VERTEX_POINT('',#6840);
#1781=VERTEX_POINT('',#6853);
#1782=VERTEX_POINT('',#6859);
#1783=VERTEX_POINT('',#6876);
#1784=VERTEX_POINT('',#6882);
#1785=VERTEX_POINT('',#6899);
#1786=VERTEX_POINT('',#6905);
#1787=VERTEX_POINT('',#6922);
#1788=VERTEX_POINT('',#6928);
#1789=VERTEX_POINT('',#6945);
#1790=VERTEX_POINT('',#6951);
#1791=VERTEX_POINT('',#6968);
#1792=VERTEX_POINT('',#6974);
#1793=VERTEX_POINT('',#6991);
#1794=VERTEX_POINT('',#6997);
#1795=VERTEX_POINT('',#7014);
#1796=VERTEX_POINT('',#7020);
#1797=VERTEX_POINT('',#7037);
#1798=VERTEX_POINT('',#7043);
#1799=VERTEX_POINT('',#7060);
#1800=VERTEX_POINT('',#7066);
#1801=VERTEX_POINT('',#7074);
#1802=VERTEX_POINT('',#7076);
#1803=VERTEX_POINT('',#7101);
#1804=VERTEX_POINT('',#7102);
#1805=VERTEX_POINT('',#7104);
#1806=VERTEX_POINT('',#7106);
#1807=VERTEX_POINT('',#7110);
#1808=VERTEX_POINT('',#7112);
#1809=VERTEX_POINT('',#7116);
#1810=VERTEX_POINT('',#7118);
#1811=VERTEX_POINT('',#7122);
#1812=VERTEX_POINT('',#7124);
#1813=VERTEX_POINT('',#7128);
#1814=VERTEX_POINT('',#7130);
#1815=VERTEX_POINT('',#7134);
#1816=VERTEX_POINT('',#7136);
#1817=VERTEX_POINT('',#7140);
#1818=VERTEX_POINT('',#7142);
#1819=VERTEX_POINT('',#7146);
#1820=VERTEX_POINT('',#7148);
#1821=VERTEX_POINT('',#7152);
#1822=VERTEX_POINT('',#7154);
#1823=VERTEX_POINT('',#7158);
#1824=VERTEX_POINT('',#7160);
#1825=VERTEX_POINT('',#7164);
#1826=VERTEX_POINT('',#7166);
#1827=VERTEX_POINT('',#7174);
#1828=VERTEX_POINT('',#7175);
#1829=VERTEX_POINT('',#7177);
#1830=VERTEX_POINT('',#7179);
#1831=VERTEX_POINT('',#7183);
#1832=VERTEX_POINT('',#7185);
#1833=VERTEX_POINT('',#7189);
#1834=VERTEX_POINT('',#7191);
#1835=VERTEX_POINT('',#7199);
#1836=VERTEX_POINT('',#7200);
#1837=VERTEX_POINT('',#7202);
#1838=VERTEX_POINT('',#7204);
#1839=VERTEX_POINT('',#7217);
#1840=VERTEX_POINT('',#7223);
#1841=VERTEX_POINT('',#7240);
#1842=VERTEX_POINT('',#7246);
#1843=VERTEX_POINT('',#7263);
#1844=VERTEX_POINT('',#7269);
#1845=VERTEX_POINT('',#7286);
#1846=VERTEX_POINT('',#7292);
#1847=VERTEX_POINT('',#7309);
#1848=VERTEX_POINT('',#7315);
#1849=VERTEX_POINT('',#7332);
#1850=VERTEX_POINT('',#7338);
#1851=VERTEX_POINT('',#7346);
#1852=VERTEX_POINT('',#7348);
#1853=VERTEX_POINT('',#7355);
#1854=VERTEX_POINT('',#7356);
#1855=VERTEX_POINT('',#7358);
#1856=VERTEX_POINT('',#7360);
#1857=VERTEX_POINT('',#7373);
#1858=VERTEX_POINT('',#7379);
#1859=VERTEX_POINT('',#7396);
#1860=VERTEX_POINT('',#7402);
#1861=VERTEX_POINT('',#7419);
#1862=VERTEX_POINT('',#7425);
#1863=VERTEX_POINT('',#7442);
#1864=VERTEX_POINT('',#7448);
#1865=VERTEX_POINT('',#7465);
#1866=VERTEX_POINT('',#7471);
#1867=VERTEX_POINT('',#7488);
#1868=VERTEX_POINT('',#7494);
#1869=VERTEX_POINT('',#7511);
#1870=VERTEX_POINT('',#7517);
#1871=VERTEX_POINT('',#7525);
#1872=VERTEX_POINT('',#7527);
#1873=VERTEX_POINT('',#7543);
#1874=VERTEX_POINT('',#7544);
#1875=VERTEX_POINT('',#7550);
#1876=VERTEX_POINT('',#7552);
#1877=VERTEX_POINT('',#7569);
#1878=VERTEX_POINT('',#7575);
#1879=VERTEX_POINT('',#7592);
#1880=VERTEX_POINT('',#7598);
#1881=VERTEX_POINT('',#7615);
#1882=VERTEX_POINT('',#7621);
#1883=VERTEX_POINT('',#7638);
#1884=VERTEX_POINT('',#7644);
#1885=VERTEX_POINT('',#7661);
#1886=VERTEX_POINT('',#7667);
#1887=VERTEX_POINT('',#7684);
#1888=VERTEX_POINT('',#7690);
#1889=VERTEX_POINT('',#7707);
#1890=VERTEX_POINT('',#7713);
#1891=VERTEX_POINT('',#7730);
#1892=VERTEX_POINT('',#7736);
#1893=VERTEX_POINT('',#7753);
#1894=VERTEX_POINT('',#7759);
#1895=VERTEX_POINT('',#7776);
#1896=VERTEX_POINT('',#7782);
#1897=VERTEX_POINT('',#7790);
#1898=VERTEX_POINT('',#7792);
#1899=VERTEX_POINT('',#7796);
#1900=VERTEX_POINT('',#7798);
#1901=VERTEX_POINT('',#7811);
#1902=VERTEX_POINT('',#7812);
#1903=VERTEX_POINT('',#7814);
#1904=VERTEX_POINT('',#7816);
#1905=VERTEX_POINT('',#7820);
#1906=VERTEX_POINT('',#7822);
#1907=VERTEX_POINT('',#7826);
#1908=VERTEX_POINT('',#7828);
#1909=VERTEX_POINT('',#7835);
#1910=VERTEX_POINT('',#7836);
#1911=VERTEX_POINT('',#7838);
#1912=VERTEX_POINT('',#7840);
#1913=VERTEX_POINT('',#7843);
#1914=VERTEX_POINT('',#7845);
#1915=VERTEX_POINT('',#7848);
#1916=VERTEX_POINT('',#7849);
#1917=VERTEX_POINT('',#7851);
#1918=VERTEX_POINT('',#7853);
#1919=VERTEX_POINT('',#7855);
#1920=VERTEX_POINT('',#7857);
#1921=VERTEX_POINT('',#7860);
#1922=VERTEX_POINT('',#7862);
#1923=VERTEX_POINT('',#7864);
#1924=VERTEX_POINT('',#7866);
#1925=VERTEX_POINT('',#7869);
#1926=VERTEX_POINT('',#7870);
#1927=VERTEX_POINT('',#7875);
#1928=VERTEX_POINT('',#7879);
#1929=VERTEX_POINT('',#7885);
#1930=VERTEX_POINT('',#7886);
#1931=VERTEX_POINT('',#7888);
#1932=VERTEX_POINT('',#7890);
#1933=VERTEX_POINT('',#7895);
#1934=VERTEX_POINT('',#7897);
#1935=VERTEX_POINT('',#7901);
#1936=VERTEX_POINT('',#7905);
#1937=VERTEX_POINT('',#7909);
#1938=VERTEX_POINT('',#7911);
#1939=VERTEX_POINT('',#7915);
#1940=VERTEX_POINT('',#7917);
#1941=VERTEX_POINT('',#7921);
#1942=VERTEX_POINT('',#7923);
#1943=VERTEX_POINT('',#7987);
#1944=VERTEX_POINT('',#7991);
#1945=EDGE_CURVE('',#1553,#1554,#899,.T.);
#1946=EDGE_CURVE('',#1555,#1553,#900,.T.);
#1947=EDGE_CURVE('',#1556,#1555,#901,.T.);
#1948=EDGE_CURVE('',#1554,#1556,#902,.T.);
#1949=EDGE_CURVE('',#1557,#1556,#903,.T.);
#1950=EDGE_CURVE('',#1558,#1557,#904,.T.);
#1951=EDGE_CURVE('',#1558,#1554,#905,.T.);
#1952=EDGE_CURVE('',#1559,#1555,#906,.T.);
#1953=EDGE_CURVE('',#1557,#1559,#907,.T.);
#1954=EDGE_CURVE('',#1560,#1553,#908,.T.);
#1955=EDGE_CURVE('',#1559,#1560,#909,.T.);
#1956=EDGE_CURVE('',#1560,#1558,#910,.T.);
#1957=EDGE_CURVE('',#1561,#1562,#911,.T.);
#1958=EDGE_CURVE('',#1561,#1563,#912,.T.);
#1959=EDGE_CURVE('',#1563,#1564,#913,.T.);
#1960=EDGE_CURVE('',#1562,#1564,#914,.T.);
#1961=EDGE_CURVE('',#1565,#1561,#915,.T.);
#1962=EDGE_CURVE('',#1565,#1566,#916,.T.);
#1963=EDGE_CURVE('',#1566,#1563,#917,.T.);
#1964=EDGE_CURVE('',#1567,#1565,#918,.T.);
#1965=EDGE_CURVE('',#1567,#1568,#919,.T.);
#1966=EDGE_CURVE('',#1568,#1566,#920,.T.);
#1967=EDGE_CURVE('',#1569,#1567,#921,.T.);
#1968=EDGE_CURVE('',#1569,#1570,#922,.T.);
#1969=EDGE_CURVE('',#1570,#1568,#923,.T.);
#1970=EDGE_CURVE('',#1571,#1569,#924,.T.);
#1971=EDGE_CURVE('',#1571,#1572,#925,.T.);
#1972=EDGE_CURVE('',#1572,#1570,#926,.T.);
#1973=EDGE_CURVE('',#1562,#1571,#927,.T.);
#1974=EDGE_CURVE('',#1564,#1572,#928,.T.);
#1975=EDGE_CURVE('',#1573,#1574,#929,.T.);
#1976=EDGE_CURVE('',#1573,#1575,#930,.T.);
#1977=EDGE_CURVE('',#1575,#1576,#931,.T.);
#1978=EDGE_CURVE('',#1574,#1576,#932,.T.);
#1979=EDGE_CURVE('',#1577,#1573,#80,.T.);
#1980=EDGE_CURVE('',#1577,#1578,#933,.T.);
#1981=EDGE_CURVE('',#1578,#1575,#81,.T.);
#1982=EDGE_CURVE('',#1579,#1577,#82,.T.);
#1983=EDGE_CURVE('',#1579,#1580,#934,.T.);
#1984=EDGE_CURVE('',#1580,#1578,#83,.T.);
#1985=EDGE_CURVE('',#1581,#1579,#84,.T.);
#1986=EDGE_CURVE('',#1581,#1582,#935,.T.);
#1987=EDGE_CURVE('',#1582,#1580,#85,.T.);
#1988=EDGE_CURVE('',#1583,#1581,#86,.T.);
#1989=EDGE_CURVE('',#1583,#1584,#936,.T.);
#1990=EDGE_CURVE('',#1584,#1582,#87,.T.);
#1991=EDGE_CURVE('',#1585,#1583,#88,.T.);
#1992=EDGE_CURVE('',#1585,#1586,#937,.T.);
#1993=EDGE_CURVE('',#1586,#1584,#89,.T.);
#1994=EDGE_CURVE('',#1587,#1585,#938,.T.);
#1995=EDGE_CURVE('',#1587,#1588,#939,.T.);
#1996=EDGE_CURVE('',#1588,#1586,#940,.T.);
#1997=EDGE_CURVE('',#1574,#1587,#941,.T.);
#1998=EDGE_CURVE('',#1576,#1588,#942,.T.);
#1999=EDGE_CURVE('',#1589,#1590,#943,.T.);
#2000=EDGE_CURVE('',#1589,#1591,#944,.T.);
#2001=EDGE_CURVE('',#1591,#1592,#945,.T.);
#2002=EDGE_CURVE('',#1590,#1592,#946,.T.);
#2003=EDGE_CURVE('',#1593,#1589,#947,.T.);
#2004=EDGE_CURVE('',#1593,#1594,#948,.T.);
#2005=EDGE_CURVE('',#1594,#1591,#949,.T.);
#2006=EDGE_CURVE('',#1595,#1593,#90,.T.);
#2007=EDGE_CURVE('',#1595,#1596,#950,.T.);
#2008=EDGE_CURVE('',#1596,#1594,#91,.T.);
#2009=EDGE_CURVE('',#1597,#1595,#92,.T.);
#2010=EDGE_CURVE('',#1597,#1598,#951,.T.);
#2011=EDGE_CURVE('',#1598,#1596,#93,.T.);
#2012=EDGE_CURVE('',#1599,#1597,#94,.T.);
#2013=EDGE_CURVE('',#1599,#1600,#952,.T.);
#2014=EDGE_CURVE('',#1600,#1598,#95,.T.);
#2015=EDGE_CURVE('',#1601,#1599,#96,.T.);
#2016=EDGE_CURVE('',#1601,#1602,#953,.T.);
#2017=EDGE_CURVE('',#1602,#1600,#97,.T.);
#2018=EDGE_CURVE('',#1603,#1601,#98,.T.);
#2019=EDGE_CURVE('',#1603,#1604,#954,.T.);
#2020=EDGE_CURVE('',#1604,#1602,#99,.T.);
#2021=EDGE_CURVE('',#1605,#1603,#100,.T.);
#2022=EDGE_CURVE('',#1605,#1606,#955,.T.);
#2023=EDGE_CURVE('',#1606,#1604,#101,.T.);
#2024=EDGE_CURVE('',#1607,#1605,#956,.T.);
#2025=EDGE_CURVE('',#1607,#1608,#957,.T.);
#2026=EDGE_CURVE('',#1608,#1606,#958,.T.);
#2027=EDGE_CURVE('',#1609,#1607,#959,.T.);
#2028=EDGE_CURVE('',#1609,#1610,#960,.T.);
#2029=EDGE_CURVE('',#1610,#1608,#961,.T.);
#2030=EDGE_CURVE('',#1590,#1609,#962,.T.);
#2031=EDGE_CURVE('',#1592,#1610,#963,.T.);
#2032=EDGE_CURVE('',#1611,#1612,#102,.T.);
#2033=EDGE_CURVE('',#1611,#1613,#964,.T.);
#2034=EDGE_CURVE('',#1613,#1614,#103,.T.);
#2035=EDGE_CURVE('',#1612,#1614,#965,.T.);
#2036=EDGE_CURVE('',#1615,#1611,#104,.T.);
#2037=EDGE_CURVE('',#1615,#1616,#966,.T.);
#2038=EDGE_CURVE('',#1616,#1613,#105,.T.);
#2039=EDGE_CURVE('',#1617,#1615,#106,.T.);
#2040=EDGE_CURVE('',#1617,#1618,#967,.T.);
#2041=EDGE_CURVE('',#1618,#1616,#107,.T.);
#2042=EDGE_CURVE('',#1619,#1617,#108,.T.);
#2043=EDGE_CURVE('',#1619,#1620,#968,.T.);
#2044=EDGE_CURVE('',#1620,#1618,#109,.T.);
#2045=EDGE_CURVE('',#1621,#1619,#110,.T.);
#2046=EDGE_CURVE('',#1621,#1622,#969,.T.);
#2047=EDGE_CURVE('',#1622,#1620,#111,.T.);
#2048=EDGE_CURVE('',#1623,#1621,#112,.T.);
#2049=EDGE_CURVE('',#1623,#1624,#970,.T.);
#2050=EDGE_CURVE('',#1624,#1622,#113,.T.);
#2051=EDGE_CURVE('',#1625,#1623,#114,.T.);
#2052=EDGE_CURVE('',#1625,#1626,#971,.T.);
#2053=EDGE_CURVE('',#1626,#1624,#115,.T.);
#2054=EDGE_CURVE('',#1627,#1625,#116,.T.);
#2055=EDGE_CURVE('',#1627,#1628,#972,.T.);
#2056=EDGE_CURVE('',#1628,#1626,#117,.T.);
#2057=EDGE_CURVE('',#1629,#1627,#118,.T.);
#2058=EDGE_CURVE('',#1629,#1630,#973,.T.);
#2059=EDGE_CURVE('',#1630,#1628,#119,.T.);
#2060=EDGE_CURVE('',#1631,#1629,#120,.T.);
#2061=EDGE_CURVE('',#1631,#1632,#974,.T.);
#2062=EDGE_CURVE('',#1632,#1630,#121,.T.);
#2063=EDGE_CURVE('',#1633,#1631,#122,.T.);
#2064=EDGE_CURVE('',#1633,#1634,#975,.T.);
#2065=EDGE_CURVE('',#1634,#1632,#123,.T.);
#2066=EDGE_CURVE('',#1635,#1633,#124,.T.);
#2067=EDGE_CURVE('',#1635,#1636,#976,.T.);
#2068=EDGE_CURVE('',#1636,#1634,#125,.T.);
#2069=EDGE_CURVE('',#1637,#1635,#126,.T.);
#2070=EDGE_CURVE('',#1637,#1638,#977,.T.);
#2071=EDGE_CURVE('',#1638,#1636,#127,.T.);
#2072=EDGE_CURVE('',#1639,#1637,#128,.T.);
#2073=EDGE_CURVE('',#1639,#1640,#978,.T.);
#2074=EDGE_CURVE('',#1640,#1638,#129,.T.);
#2075=EDGE_CURVE('',#1641,#1639,#979,.T.);
#2076=EDGE_CURVE('',#1641,#1642,#980,.T.);
#2077=EDGE_CURVE('',#1642,#1640,#981,.T.);
#2078=EDGE_CURVE('',#1643,#1641,#130,.T.);
#2079=EDGE_CURVE('',#1643,#1644,#982,.T.);
#2080=EDGE_CURVE('',#1644,#1642,#131,.T.);
#2081=EDGE_CURVE('',#1645,#1643,#132,.T.);
#2082=EDGE_CURVE('',#1645,#1646,#983,.T.);
#2083=EDGE_CURVE('',#1646,#1644,#133,.T.);
#2084=EDGE_CURVE('',#1647,#1645,#134,.T.);
#2085=EDGE_CURVE('',#1647,#1648,#984,.T.);
#2086=EDGE_CURVE('',#1648,#1646,#135,.T.);
#2087=EDGE_CURVE('',#1649,#1647,#136,.T.);
#2088=EDGE_CURVE('',#1649,#1650,#985,.T.);
#2089=EDGE_CURVE('',#1650,#1648,#137,.T.);
#2090=EDGE_CURVE('',#1651,#1649,#138,.T.);
#2091=EDGE_CURVE('',#1651,#1652,#986,.T.);
#2092=EDGE_CURVE('',#1652,#1650,#139,.T.);
#2093=EDGE_CURVE('',#1653,#1651,#140,.T.);
#2094=EDGE_CURVE('',#1653,#1654,#987,.T.);
#2095=EDGE_CURVE('',#1654,#1652,#141,.T.);
#2096=EDGE_CURVE('',#1655,#1653,#142,.T.);
#2097=EDGE_CURVE('',#1655,#1656,#988,.T.);
#2098=EDGE_CURVE('',#1656,#1654,#143,.T.);
#2099=EDGE_CURVE('',#1657,#1655,#144,.T.);
#2100=EDGE_CURVE('',#1657,#1658,#989,.T.);
#2101=EDGE_CURVE('',#1658,#1656,#145,.T.);
#2102=EDGE_CURVE('',#1659,#1657,#146,.T.);
#2103=EDGE_CURVE('',#1659,#1660,#990,.T.);
#2104=EDGE_CURVE('',#1660,#1658,#147,.T.);
#2105=EDGE_CURVE('',#1661,#1659,#148,.T.);
#2106=EDGE_CURVE('',#1661,#1662,#991,.T.);
#2107=EDGE_CURVE('',#1662,#1660,#149,.T.);
#2108=EDGE_CURVE('',#1663,#1661,#150,.T.);
#2109=EDGE_CURVE('',#1663,#1664,#992,.T.);
#2110=EDGE_CURVE('',#1664,#1662,#151,.T.);
#2111=EDGE_CURVE('',#1665,#1663,#152,.T.);
#2112=EDGE_CURVE('',#1665,#1666,#993,.T.);
#2113=EDGE_CURVE('',#1666,#1664,#153,.T.);
#2114=EDGE_CURVE('',#1667,#1665,#154,.T.);
#2115=EDGE_CURVE('',#1667,#1668,#994,.T.);
#2116=EDGE_CURVE('',#1668,#1666,#155,.T.);
#2117=EDGE_CURVE('',#1669,#1667,#156,.T.);
#2118=EDGE_CURVE('',#1669,#1670,#995,.T.);
#2119=EDGE_CURVE('',#1670,#1668,#157,.T.);
#2120=EDGE_CURVE('',#1671,#1669,#158,.T.);
#2121=EDGE_CURVE('',#1671,#1672,#996,.T.);
#2122=EDGE_CURVE('',#1672,#1670,#159,.T.);
#2123=EDGE_CURVE('',#1673,#1671,#160,.T.);
#2124=EDGE_CURVE('',#1673,#1674,#997,.T.);
#2125=EDGE_CURVE('',#1674,#1672,#161,.T.);
#2126=EDGE_CURVE('',#1675,#1673,#162,.T.);
#2127=EDGE_CURVE('',#1675,#1676,#998,.T.);
#2128=EDGE_CURVE('',#1676,#1674,#163,.T.);
#2129=EDGE_CURVE('',#1677,#1675,#164,.T.);
#2130=EDGE_CURVE('',#1677,#1678,#999,.T.);
#2131=EDGE_CURVE('',#1678,#1676,#165,.T.);
#2132=EDGE_CURVE('',#1679,#1677,#1000,.T.);
#2133=EDGE_CURVE('',#1679,#1680,#1001,.T.);
#2134=EDGE_CURVE('',#1680,#1678,#1002,.T.);
#2135=EDGE_CURVE('',#1612,#1679,#166,.T.);
#2136=EDGE_CURVE('',#1614,#1680,#167,.T.);
#2137=EDGE_CURVE('',#1681,#1682,#168,.T.);
#2138=EDGE_CURVE('',#1681,#1683,#1003,.T.);
#2139=EDGE_CURVE('',#1683,#1684,#169,.T.);
#2140=EDGE_CURVE('',#1682,#1684,#1004,.T.);
#2141=EDGE_CURVE('',#1685,#1681,#170,.T.);
#2142=EDGE_CURVE('',#1685,#1686,#1005,.T.);
#2143=EDGE_CURVE('',#1686,#1683,#171,.T.);
#2144=EDGE_CURVE('',#1687,#1685,#172,.T.);
#2145=EDGE_CURVE('',#1687,#1688,#1006,.T.);
#2146=EDGE_CURVE('',#1688,#1686,#173,.T.);
#2147=EDGE_CURVE('',#1689,#1687,#174,.T.);
#2148=EDGE_CURVE('',#1689,#1690,#1007,.T.);
#2149=EDGE_CURVE('',#1690,#1688,#175,.T.);
#2150=EDGE_CURVE('',#1691,#1689,#176,.T.);
#2151=EDGE_CURVE('',#1691,#1692,#1008,.T.);
#2152=EDGE_CURVE('',#1692,#1690,#177,.T.);
#2153=EDGE_CURVE('',#1693,#1691,#178,.T.);
#2154=EDGE_CURVE('',#1693,#1694,#1009,.T.);
#2155=EDGE_CURVE('',#1694,#1692,#179,.T.);
#2156=EDGE_CURVE('',#1695,#1693,#180,.T.);
#2157=EDGE_CURVE('',#1695,#1696,#1010,.T.);
#2158=EDGE_CURVE('',#1696,#1694,#181,.T.);
#2159=EDGE_CURVE('',#1697,#1695,#182,.T.);
#2160=EDGE_CURVE('',#1697,#1698,#1011,.T.);
#2161=EDGE_CURVE('',#1698,#1696,#183,.T.);
#2162=EDGE_CURVE('',#1682,#1697,#184,.T.);
#2163=EDGE_CURVE('',#1684,#1698,#185,.T.);
#2164=EDGE_CURVE('',#1699,#1700,#186,.T.);
#2165=EDGE_CURVE('',#1699,#1701,#1012,.T.);
#2166=EDGE_CURVE('',#1701,#1702,#187,.T.);
#2167=EDGE_CURVE('',#1700,#1702,#1013,.T.);
#2168=EDGE_CURVE('',#1703,#1699,#188,.T.);
#2169=EDGE_CURVE('',#1703,#1704,#1014,.T.);
#2170=EDGE_CURVE('',#1704,#1701,#189,.T.);
#2171=EDGE_CURVE('',#1705,#1703,#190,.T.);
#2172=EDGE_CURVE('',#1705,#1706,#1015,.T.);
#2173=EDGE_CURVE('',#1706,#1704,#191,.T.);
#2174=EDGE_CURVE('',#1707,#1705,#192,.T.);
#2175=EDGE_CURVE('',#1707,#1708,#1016,.T.);
#2176=EDGE_CURVE('',#1708,#1706,#193,.T.);
#2177=EDGE_CURVE('',#1709,#1707,#194,.T.);
#2178=EDGE_CURVE('',#1709,#1710,#1017,.T.);
#2179=EDGE_CURVE('',#1710,#1708,#195,.T.);
#2180=EDGE_CURVE('',#1711,#1709,#196,.T.);
#2181=EDGE_CURVE('',#1711,#1712,#1018,.T.);
#2182=EDGE_CURVE('',#1712,#1710,#197,.T.);
#2183=EDGE_CURVE('',#1713,#1711,#198,.T.);
#2184=EDGE_CURVE('',#1713,#1714,#1019,.T.);
#2185=EDGE_CURVE('',#1714,#1712,#199,.T.);
#2186=EDGE_CURVE('',#1715,#1713,#200,.T.);
#2187=EDGE_CURVE('',#1715,#1716,#1020,.T.);
#2188=EDGE_CURVE('',#1716,#1714,#201,.T.);
#2189=EDGE_CURVE('',#1717,#1715,#202,.T.);
#2190=EDGE_CURVE('',#1717,#1718,#1021,.T.);
#2191=EDGE_CURVE('',#1718,#1716,#203,.T.);
#2192=EDGE_CURVE('',#1719,#1717,#204,.T.);
#2193=EDGE_CURVE('',#1719,#1720,#1022,.T.);
#2194=EDGE_CURVE('',#1720,#1718,#205,.T.);
#2195=EDGE_CURVE('',#1700,#1719,#206,.T.);
#2196=EDGE_CURVE('',#1702,#1720,#207,.T.);
#2197=EDGE_CURVE('',#1721,#1722,#1023,.T.);
#2198=EDGE_CURVE('',#1721,#1723,#1024,.T.);
#2199=EDGE_CURVE('',#1723,#1724,#1025,.T.);
#2200=EDGE_CURVE('',#1722,#1724,#1026,.T.);
#2201=EDGE_CURVE('',#1725,#1721,#208,.T.);
#2202=EDGE_CURVE('',#1725,#1726,#1027,.T.);
#2203=EDGE_CURVE('',#1726,#1723,#209,.T.);
#2204=EDGE_CURVE('',#1727,#1725,#210,.T.);
#2205=EDGE_CURVE('',#1727,#1728,#1028,.T.);
#2206=EDGE_CURVE('',#1728,#1726,#211,.T.);
#2207=EDGE_CURVE('',#1729,#1727,#212,.T.);
#2208=EDGE_CURVE('',#1729,#1730,#1029,.T.);
#2209=EDGE_CURVE('',#1730,#1728,#213,.T.);
#2210=EDGE_CURVE('',#1731,#1729,#214,.T.);
#2211=EDGE_CURVE('',#1731,#1732,#1030,.T.);
#2212=EDGE_CURVE('',#1732,#1730,#215,.T.);
#2213=EDGE_CURVE('',#1733,#1731,#216,.T.);
#2214=EDGE_CURVE('',#1733,#1734,#1031,.T.);
#2215=EDGE_CURVE('',#1734,#1732,#217,.T.);
#2216=EDGE_CURVE('',#1735,#1733,#1032,.T.);
#2217=EDGE_CURVE('',#1735,#1736,#1033,.T.);
#2218=EDGE_CURVE('',#1736,#1734,#1034,.T.);
#2219=EDGE_CURVE('',#1722,#1735,#1035,.T.);
#2220=EDGE_CURVE('',#1724,#1736,#1036,.T.);
#2221=EDGE_CURVE('',#1737,#1738,#1037,.T.);
#2222=EDGE_CURVE('',#1737,#1739,#1038,.T.);
#2223=EDGE_CURVE('',#1739,#1740,#1039,.T.);
#2224=EDGE_CURVE('',#1738,#1740,#1040,.T.);
#2225=EDGE_CURVE('',#1741,#1737,#1041,.T.);
#2226=EDGE_CURVE('',#1741,#1742,#1042,.T.);
#2227=EDGE_CURVE('',#1742,#1739,#1043,.T.);
#2228=EDGE_CURVE('',#1743,#1741,#218,.T.);
#2229=EDGE_CURVE('',#1743,#1744,#1044,.T.);
#2230=EDGE_CURVE('',#1744,#1742,#219,.T.);
#2231=EDGE_CURVE('',#1745,#1743,#220,.T.);
#2232=EDGE_CURVE('',#1745,#1746,#1045,.T.);
#2233=EDGE_CURVE('',#1746,#1744,#221,.T.);
#2234=EDGE_CURVE('',#1747,#1745,#222,.T.);
#2235=EDGE_CURVE('',#1747,#1748,#1046,.T.);
#2236=EDGE_CURVE('',#1748,#1746,#223,.T.);
#2237=EDGE_CURVE('',#1749,#1747,#224,.T.);
#2238=EDGE_CURVE('',#1749,#1750,#1047,.T.);
#2239=EDGE_CURVE('',#1750,#1748,#225,.T.);
#2240=EDGE_CURVE('',#1751,#1749,#226,.T.);
#2241=EDGE_CURVE('',#1751,#1752,#1048,.T.);
#2242=EDGE_CURVE('',#1752,#1750,#227,.T.);
#2243=EDGE_CURVE('',#1753,#1751,#228,.T.);
#2244=EDGE_CURVE('',#1753,#1754,#1049,.T.);
#2245=EDGE_CURVE('',#1754,#1752,#229,.T.);
#2246=EDGE_CURVE('',#1755,#1753,#1050,.T.);
#2247=EDGE_CURVE('',#1755,#1756,#1051,.T.);
#2248=EDGE_CURVE('',#1756,#1754,#1052,.T.);
#2249=EDGE_CURVE('',#1757,#1755,#1053,.T.);
#2250=EDGE_CURVE('',#1757,#1758,#1054,.T.);
#2251=EDGE_CURVE('',#1758,#1756,#1055,.T.);
#2252=EDGE_CURVE('',#1738,#1757,#1056,.T.);
#2253=EDGE_CURVE('',#1740,#1758,#1057,.T.);
#2254=EDGE_CURVE('',#1759,#1760,#230,.T.);
#2255=EDGE_CURVE('',#1759,#1761,#1058,.T.);
#2256=EDGE_CURVE('',#1761,#1762,#231,.T.);
#2257=EDGE_CURVE('',#1760,#1762,#1059,.T.);
#2258=EDGE_CURVE('',#1763,#1759,#232,.T.);
#2259=EDGE_CURVE('',#1763,#1764,#1060,.T.);
#2260=EDGE_CURVE('',#1764,#1761,#233,.T.);
#2261=EDGE_CURVE('',#1765,#1763,#234,.T.);
#2262=EDGE_CURVE('',#1765,#1766,#1061,.T.);
#2263=EDGE_CURVE('',#1766,#1764,#235,.T.);
#2264=EDGE_CURVE('',#1767,#1765,#236,.T.);
#2265=EDGE_CURVE('',#1767,#1768,#1062,.T.);
#2266=EDGE_CURVE('',#1768,#1766,#237,.T.);
#2267=EDGE_CURVE('',#1769,#1767,#238,.T.);
#2268=EDGE_CURVE('',#1769,#1770,#1063,.T.);
#2269=EDGE_CURVE('',#1770,#1768,#239,.T.);
#2270=EDGE_CURVE('',#1771,#1769,#240,.T.);
#2271=EDGE_CURVE('',#1771,#1772,#1064,.T.);
#2272=EDGE_CURVE('',#1772,#1770,#241,.T.);
#2273=EDGE_CURVE('',#1773,#1771,#242,.T.);
#2274=EDGE_CURVE('',#1773,#1774,#1065,.T.);
#2275=EDGE_CURVE('',#1774,#1772,#243,.T.);
#2276=EDGE_CURVE('',#1775,#1773,#244,.T.);
#2277=EDGE_CURVE('',#1775,#1776,#1066,.T.);
#2278=EDGE_CURVE('',#1776,#1774,#245,.T.);
#2279=EDGE_CURVE('',#1777,#1775,#246,.T.);
#2280=EDGE_CURVE('',#1777,#1778,#1067,.T.);
#2281=EDGE_CURVE('',#1778,#1776,#247,.T.);
#2282=EDGE_CURVE('',#1779,#1777,#1068,.T.);
#2283=EDGE_CURVE('',#1779,#1780,#1069,.T.);
#2284=EDGE_CURVE('',#1780,#1778,#1070,.T.);
#2285=EDGE_CURVE('',#1781,#1779,#248,.T.);
#2286=EDGE_CURVE('',#1781,#1782,#1071,.T.);
#2287=EDGE_CURVE('',#1782,#1780,#249,.T.);
#2288=EDGE_CURVE('',#1783,#1781,#250,.T.);
#2289=EDGE_CURVE('',#1783,#1784,#1072,.T.);
#2290=EDGE_CURVE('',#1784,#1782,#251,.T.);
#2291=EDGE_CURVE('',#1785,#1783,#252,.T.);
#2292=EDGE_CURVE('',#1785,#1786,#1073,.T.);
#2293=EDGE_CURVE('',#1786,#1784,#253,.T.);
#2294=EDGE_CURVE('',#1787,#1785,#254,.T.);
#2295=EDGE_CURVE('',#1787,#1788,#1074,.T.);
#2296=EDGE_CURVE('',#1788,#1786,#255,.T.);
#2297=EDGE_CURVE('',#1789,#1787,#256,.T.);
#2298=EDGE_CURVE('',#1789,#1790,#1075,.T.);
#2299=EDGE_CURVE('',#1790,#1788,#257,.T.);
#2300=EDGE_CURVE('',#1791,#1789,#258,.T.);
#2301=EDGE_CURVE('',#1791,#1792,#1076,.T.);
#2302=EDGE_CURVE('',#1792,#1790,#259,.T.);
#2303=EDGE_CURVE('',#1793,#1791,#260,.T.);
#2304=EDGE_CURVE('',#1793,#1794,#1077,.T.);
#2305=EDGE_CURVE('',#1794,#1792,#261,.T.);
#2306=EDGE_CURVE('',#1795,#1793,#262,.T.);
#2307=EDGE_CURVE('',#1795,#1796,#1078,.T.);
#2308=EDGE_CURVE('',#1796,#1794,#263,.T.);
#2309=EDGE_CURVE('',#1797,#1795,#264,.T.);
#2310=EDGE_CURVE('',#1797,#1798,#1079,.T.);
#2311=EDGE_CURVE('',#1798,#1796,#265,.T.);
#2312=EDGE_CURVE('',#1799,#1797,#266,.T.);
#2313=EDGE_CURVE('',#1799,#1800,#1080,.T.);
#2314=EDGE_CURVE('',#1800,#1798,#267,.T.);
#2315=EDGE_CURVE('',#1801,#1799,#1081,.T.);
#2316=EDGE_CURVE('',#1801,#1802,#1082,.T.);
#2317=EDGE_CURVE('',#1802,#1800,#1083,.T.);
#2318=EDGE_CURVE('',#1760,#1801,#268,.T.);
#2319=EDGE_CURVE('',#1762,#1802,#269,.T.);
#2320=EDGE_CURVE('',#1803,#1804,#1084,.T.);
#2321=EDGE_CURVE('',#1803,#1805,#1085,.T.);
#2322=EDGE_CURVE('',#1805,#1806,#1086,.T.);
#2323=EDGE_CURVE('',#1804,#1806,#1087,.T.);
#2324=EDGE_CURVE('',#1807,#1803,#1088,.T.);
#2325=EDGE_CURVE('',#1807,#1808,#1089,.T.);
#2326=EDGE_CURVE('',#1808,#1805,#1090,.T.);
#2327=EDGE_CURVE('',#1809,#1807,#1091,.T.);
#2328=EDGE_CURVE('',#1809,#1810,#1092,.T.);
#2329=EDGE_CURVE('',#1810,#1808,#1093,.T.);
#2330=EDGE_CURVE('',#1811,#1809,#1094,.T.);
#2331=EDGE_CURVE('',#1811,#1812,#1095,.T.);
#2332=EDGE_CURVE('',#1812,#1810,#1096,.T.);
#2333=EDGE_CURVE('',#1813,#1811,#1097,.T.);
#2334=EDGE_CURVE('',#1813,#1814,#1098,.T.);
#2335=EDGE_CURVE('',#1814,#1812,#1099,.T.);
#2336=EDGE_CURVE('',#1815,#1813,#1100,.T.);
#2337=EDGE_CURVE('',#1815,#1816,#1101,.T.);
#2338=EDGE_CURVE('',#1816,#1814,#1102,.T.);
#2339=EDGE_CURVE('',#1817,#1815,#1103,.T.);
#2340=EDGE_CURVE('',#1817,#1818,#1104,.T.);
#2341=EDGE_CURVE('',#1818,#1816,#1105,.T.);
#2342=EDGE_CURVE('',#1819,#1817,#1106,.T.);
#2343=EDGE_CURVE('',#1819,#1820,#1107,.T.);
#2344=EDGE_CURVE('',#1820,#1818,#1108,.T.);
#2345=EDGE_CURVE('',#1821,#1819,#1109,.T.);
#2346=EDGE_CURVE('',#1821,#1822,#1110,.T.);
#2347=EDGE_CURVE('',#1822,#1820,#1111,.T.);
#2348=EDGE_CURVE('',#1823,#1821,#1112,.T.);
#2349=EDGE_CURVE('',#1823,#1824,#1113,.T.);
#2350=EDGE_CURVE('',#1824,#1822,#1114,.T.);
#2351=EDGE_CURVE('',#1825,#1823,#1115,.T.);
#2352=EDGE_CURVE('',#1825,#1826,#1116,.T.);
#2353=EDGE_CURVE('',#1826,#1824,#1117,.T.);
#2354=EDGE_CURVE('',#1804,#1825,#1118,.T.);
#2355=EDGE_CURVE('',#1806,#1826,#1119,.T.);
#2356=EDGE_CURVE('',#1827,#1828,#1120,.T.);
#2357=EDGE_CURVE('',#1827,#1829,#1121,.T.);
#2358=EDGE_CURVE('',#1829,#1830,#1122,.T.);
#2359=EDGE_CURVE('',#1828,#1830,#1123,.T.);
#2360=EDGE_CURVE('',#1831,#1827,#1124,.T.);
#2361=EDGE_CURVE('',#1831,#1832,#1125,.T.);
#2362=EDGE_CURVE('',#1832,#1829,#1126,.T.);
#2363=EDGE_CURVE('',#1833,#1831,#1127,.T.);
#2364=EDGE_CURVE('',#1833,#1834,#1128,.T.);
#2365=EDGE_CURVE('',#1834,#1832,#1129,.T.);
#2366=EDGE_CURVE('',#1828,#1833,#1130,.T.);
#2367=EDGE_CURVE('',#1830,#1834,#1131,.T.);
#2368=EDGE_CURVE('',#1835,#1836,#1132,.T.);
#2369=EDGE_CURVE('',#1835,#1837,#1133,.T.);
#2370=EDGE_CURVE('',#1837,#1838,#1134,.T.);
#2371=EDGE_CURVE('',#1836,#1838,#1135,.T.);
#2372=EDGE_CURVE('',#1839,#1835,#270,.T.);
#2373=EDGE_CURVE('',#1839,#1840,#1136,.T.);
#2374=EDGE_CURVE('',#1840,#1837,#271,.T.);
#2375=EDGE_CURVE('',#1841,#1839,#272,.T.);
#2376=EDGE_CURVE('',#1841,#1842,#1137,.T.);
#2377=EDGE_CURVE('',#1842,#1840,#273,.T.);
#2378=EDGE_CURVE('',#1843,#1841,#274,.T.);
#2379=EDGE_CURVE('',#1843,#1844,#1138,.T.);
#2380=EDGE_CURVE('',#1844,#1842,#275,.T.);
#2381=EDGE_CURVE('',#1845,#1843,#276,.T.);
#2382=EDGE_CURVE('',#1845,#1846,#1139,.T.);
#2383=EDGE_CURVE('',#1846,#1844,#277,.T.);
#2384=EDGE_CURVE('',#1847,#1845,#278,.T.);
#2385=EDGE_CURVE('',#1847,#1848,#1140,.T.);
#2386=EDGE_CURVE('',#1848,#1846,#279,.T.);
#2387=EDGE_CURVE('',#1849,#1847,#280,.T.);
#2388=EDGE_CURVE('',#1849,#1850,#1141,.T.);
#2389=EDGE_CURVE('',#1850,#1848,#281,.T.);
#2390=EDGE_CURVE('',#1851,#1849,#1142,.T.);
#2391=EDGE_CURVE('',#1851,#1852,#1143,.T.);
#2392=EDGE_CURVE('',#1852,#1850,#1144,.T.);
#2393=EDGE_CURVE('',#1836,#1851,#1145,.T.);
#2394=EDGE_CURVE('',#1838,#1852,#1146,.T.);
#2395=EDGE_CURVE('',#1853,#1854,#1147,.T.);
#2396=EDGE_CURVE('',#1853,#1855,#1148,.T.);
#2397=EDGE_CURVE('',#1855,#1856,#1149,.T.);
#2398=EDGE_CURVE('',#1854,#1856,#1150,.T.);
#2399=EDGE_CURVE('',#1857,#1853,#282,.T.);
#2400=EDGE_CURVE('',#1857,#1858,#1151,.T.);
#2401=EDGE_CURVE('',#1858,#1855,#283,.T.);
#2402=EDGE_CURVE('',#1859,#1857,#284,.T.);
#2403=EDGE_CURVE('',#1859,#1860,#1152,.T.);
#2404=EDGE_CURVE('',#1860,#1858,#285,.T.);
#2405=EDGE_CURVE('',#1861,#1859,#286,.T.);
#2406=EDGE_CURVE('',#1861,#1862,#1153,.T.);
#2407=EDGE_CURVE('',#1862,#1860,#287,.T.);
#2408=EDGE_CURVE('',#1863,#1861,#288,.T.);
#2409=EDGE_CURVE('',#1863,#1864,#1154,.T.);
#2410=EDGE_CURVE('',#1864,#1862,#289,.T.);
#2411=EDGE_CURVE('',#1865,#1863,#290,.T.);
#2412=EDGE_CURVE('',#1865,#1866,#1155,.T.);
#2413=EDGE_CURVE('',#1866,#1864,#291,.T.);
#2414=EDGE_CURVE('',#1867,#1865,#292,.T.);
#2415=EDGE_CURVE('',#1867,#1868,#1156,.T.);
#2416=EDGE_CURVE('',#1868,#1866,#293,.T.);
#2417=EDGE_CURVE('',#1869,#1867,#294,.T.);
#2418=EDGE_CURVE('',#1869,#1870,#1157,.T.);
#2419=EDGE_CURVE('',#1870,#1868,#295,.T.);
#2420=EDGE_CURVE('',#1871,#1869,#1158,.T.);
#2421=EDGE_CURVE('',#1871,#1872,#1159,.T.);
#2422=EDGE_CURVE('',#1872,#1870,#1160,.T.);
#2423=EDGE_CURVE('',#1854,#1871,#1161,.T.);
#2424=EDGE_CURVE('',#1856,#1872,#1162,.T.);
#2425=EDGE_CURVE('',#1873,#1874,#296,.T.);
#2426=EDGE_CURVE('',#1873,#1875,#1163,.T.);
#2427=EDGE_CURVE('',#1875,#1876,#297,.T.);
#2428=EDGE_CURVE('',#1874,#1876,#1164,.T.);
#2429=EDGE_CURVE('',#1877,#1873,#298,.T.);
#2430=EDGE_CURVE('',#1877,#1878,#1165,.T.);
#2431=EDGE_CURVE('',#1878,#1875,#299,.T.);
#2432=EDGE_CURVE('',#1879,#1877,#300,.T.);
#2433=EDGE_CURVE('',#1879,#1880,#1166,.T.);
#2434=EDGE_CURVE('',#1880,#1878,#301,.T.);
#2435=EDGE_CURVE('',#1881,#1879,#302,.T.);
#2436=EDGE_CURVE('',#1881,#1882,#1167,.T.);
#2437=EDGE_CURVE('',#1882,#1880,#303,.T.);
#2438=EDGE_CURVE('',#1883,#1881,#304,.T.);
#2439=EDGE_CURVE('',#1883,#1884,#1168,.T.);
#2440=EDGE_CURVE('',#1884,#1882,#305,.T.);
#2441=EDGE_CURVE('',#1885,#1883,#306,.T.);
#2442=EDGE_CURVE('',#1885,#1886,#1169,.T.);
#2443=EDGE_CURVE('',#1886,#1884,#307,.T.);
#2444=EDGE_CURVE('',#1887,#1885,#308,.T.);
#2445=EDGE_CURVE('',#1887,#1888,#1170,.T.);
#2446=EDGE_CURVE('',#1888,#1886,#309,.T.);
#2447=EDGE_CURVE('',#1889,#1887,#310,.T.);
#2448=EDGE_CURVE('',#1889,#1890,#1171,.T.);
#2449=EDGE_CURVE('',#1890,#1888,#311,.T.);
#2450=EDGE_CURVE('',#1891,#1889,#312,.T.);
#2451=EDGE_CURVE('',#1891,#1892,#1172,.T.);
#2452=EDGE_CURVE('',#1892,#1890,#313,.T.);
#2453=EDGE_CURVE('',#1893,#1891,#314,.T.);
#2454=EDGE_CURVE('',#1893,#1894,#1173,.T.);
#2455=EDGE_CURVE('',#1894,#1892,#315,.T.);
#2456=EDGE_CURVE('',#1895,#1893,#316,.T.);
#2457=EDGE_CURVE('',#1895,#1896,#1174,.T.);
#2458=EDGE_CURVE('',#1896,#1894,#317,.T.);
#2459=EDGE_CURVE('',#1897,#1895,#1175,.T.);
#2460=EDGE_CURVE('',#1897,#1898,#1176,.T.);
#2461=EDGE_CURVE('',#1898,#1896,#1177,.T.);
#2462=EDGE_CURVE('',#1899,#1897,#1178,.T.);
#2463=EDGE_CURVE('',#1899,#1900,#1179,.T.);
#2464=EDGE_CURVE('',#1900,#1898,#1180,.T.);
#2465=EDGE_CURVE('',#1874,#1899,#1181,.T.);
#2466=EDGE_CURVE('',#1876,#1900,#1182,.T.);
#2467=EDGE_CURVE('',#1901,#1902,#1183,.F.);
#2468=EDGE_CURVE('',#1901,#1903,#1184,.T.);
#2469=EDGE_CURVE('',#1904,#1903,#1185,.F.);
#2470=EDGE_CURVE('',#1902,#1904,#1186,.T.);
#2471=EDGE_CURVE('',#1902,#1905,#23,.F.);
#2472=EDGE_CURVE('',#1906,#1904,#24,.F.);
#2473=EDGE_CURVE('',#1905,#1906,#1187,.T.);
#2474=EDGE_CURVE('',#1905,#1907,#1188,.F.);
#2475=EDGE_CURVE('',#1908,#1906,#1189,.F.);
#2476=EDGE_CURVE('',#1907,#1908,#1190,.T.);
#2477=EDGE_CURVE('',#1907,#1901,#25,.F.);
#2478=EDGE_CURVE('',#1903,#1908,#26,.F.);
#2479=EDGE_CURVE('',#1909,#1910,#1191,.T.);
#2480=EDGE_CURVE('',#1911,#1909,#1192,.T.);
#2481=EDGE_CURVE('',#1912,#1911,#1193,.T.);
#2482=EDGE_CURVE('',#1910,#1912,#1194,.T.);
#2483=EDGE_CURVE('',#1913,#1913,#27,.T.);
#2484=EDGE_CURVE('',#1914,#1914,#28,.T.);
#2485=EDGE_CURVE('',#1915,#1916,#1195,.T.);
#2486=EDGE_CURVE('',#1915,#1917,#1196,.T.);
#2487=EDGE_CURVE('',#1918,#1917,#1197,.T.);
#2488=EDGE_CURVE('',#1919,#1918,#17,.T.);
#2489=EDGE_CURVE('',#1920,#1919,#1198,.T.);
#2490=EDGE_CURVE('',#1916,#1920,#18,.T.);
#2491=EDGE_CURVE('',#1921,#1921,#29,.T.);
#2492=EDGE_CURVE('',#1922,#1922,#30,.T.);
#2493=EDGE_CURVE('',#1923,#1923,#31,.T.);
#2494=EDGE_CURVE('',#1924,#1924,#32,.T.);
#2495=EDGE_CURVE('',#1925,#1926,#1199,.T.);
#2496=EDGE_CURVE('',#1925,#1911,#1200,.T.);
#2497=EDGE_CURVE('',#1926,#1909,#1201,.T.);
#2498=EDGE_CURVE('',#1927,#1925,#1202,.T.);
#2499=EDGE_CURVE('',#1927,#1912,#1203,.T.);
#2500=EDGE_CURVE('',#1928,#1927,#1204,.T.);
#2501=EDGE_CURVE('',#1928,#1910,#1205,.T.);
#2502=EDGE_CURVE('',#1926,#1928,#1206,.T.);
#2503=EDGE_CURVE('',#1929,#1930,#1207,.T.);
#2504=EDGE_CURVE('',#1931,#1929,#1208,.T.);
#2505=EDGE_CURVE('',#1932,#1931,#1209,.T.);
#2506=EDGE_CURVE('',#1932,#1930,#1210,.T.);
#2507=EDGE_CURVE('',#1930,#1915,#33,.T.);
#2508=EDGE_CURVE('',#1933,#1932,#1211,.T.);
#2509=EDGE_CURVE('',#1934,#1933,#1212,.T.);
#2510=EDGE_CURVE('',#1917,#1934,#34,.T.);
#2511=EDGE_CURVE('',#1922,#1935,#1213,.T.);
#2512=EDGE_CURVE('',#1935,#1935,#35,.T.);
#2513=EDGE_CURVE('',#1921,#1936,#1214,.T.);
#2514=EDGE_CURVE('',#1936,#1936,#36,.T.);
#2515=EDGE_CURVE('',#1934,#1937,#1215,.T.);
#2516=EDGE_CURVE('',#1938,#1933,#1216,.T.);
#2517=EDGE_CURVE('',#1937,#1938,#1217,.T.);
#2518=EDGE_CURVE('',#1937,#1939,#19,.T.);
#2519=EDGE_CURVE('',#1940,#1938,#20,.T.);
#2520=EDGE_CURVE('',#1940,#1939,#1218,.T.);
#2521=EDGE_CURVE('',#1939,#1941,#1219,.T.);
#2522=EDGE_CURVE('',#1942,#1940,#1220,.T.);
#2523=EDGE_CURVE('',#1941,#1942,#1221,.T.);
#2524=EDGE_CURVE('',#1941,#1929,#21,.T.);
#2525=EDGE_CURVE('',#1931,#1942,#22,.T.);
#2526=EDGE_CURVE('',#1929,#1916,#37,.T.);
#2527=EDGE_CURVE('',#1941,#1920,#38,.T.);
#2528=EDGE_CURVE('',#1939,#1919,#39,.T.);
#2529=EDGE_CURVE('',#1937,#1918,#40,.T.);
#2530=EDGE_CURVE('',#1936,#1943,#1222,.T.);
#2531=EDGE_CURVE('',#1943,#1943,#41,.T.);
#2532=EDGE_CURVE('',#1935,#1944,#1223,.T.);
#2533=EDGE_CURVE('',#1944,#1944,#42,.T.);
#2534=EDGE_CURVE('',#1914,#1923,#1224,.T.);
#2535=EDGE_CURVE('',#1913,#1924,#1225,.T.);
#2536=ORIENTED_EDGE('',*,*,#1945,.F.);
#2537=ORIENTED_EDGE('',*,*,#1946,.F.);
#2538=ORIENTED_EDGE('',*,*,#1947,.F.);
#2539=ORIENTED_EDGE('',*,*,#1948,.F.);
#2540=ORIENTED_EDGE('',*,*,#1948,.T.);
#2541=ORIENTED_EDGE('',*,*,#1949,.F.);
#2542=ORIENTED_EDGE('',*,*,#1950,.F.);
#2543=ORIENTED_EDGE('',*,*,#1951,.T.);
#2544=ORIENTED_EDGE('',*,*,#1947,.T.);
#2545=ORIENTED_EDGE('',*,*,#1952,.F.);
#2546=ORIENTED_EDGE('',*,*,#1953,.F.);
#2547=ORIENTED_EDGE('',*,*,#1949,.T.);
#2548=ORIENTED_EDGE('',*,*,#1946,.T.);
#2549=ORIENTED_EDGE('',*,*,#1954,.F.);
#2550=ORIENTED_EDGE('',*,*,#1955,.F.);
#2551=ORIENTED_EDGE('',*,*,#1952,.T.);
#2552=ORIENTED_EDGE('',*,*,#1945,.T.);
#2553=ORIENTED_EDGE('',*,*,#1951,.F.);
#2554=ORIENTED_EDGE('',*,*,#1956,.F.);
#2555=ORIENTED_EDGE('',*,*,#1954,.T.);
#2556=ORIENTED_EDGE('',*,*,#1957,.F.);
#2557=ORIENTED_EDGE('',*,*,#1958,.T.);
#2558=ORIENTED_EDGE('',*,*,#1959,.T.);
#2559=ORIENTED_EDGE('',*,*,#1960,.F.);
#2560=ORIENTED_EDGE('',*,*,#1961,.F.);
#2561=ORIENTED_EDGE('',*,*,#1962,.T.);
#2562=ORIENTED_EDGE('',*,*,#1963,.T.);
#2563=ORIENTED_EDGE('',*,*,#1958,.F.);
#2564=ORIENTED_EDGE('',*,*,#1964,.F.);
#2565=ORIENTED_EDGE('',*,*,#1965,.T.);
#2566=ORIENTED_EDGE('',*,*,#1966,.T.);
#2567=ORIENTED_EDGE('',*,*,#1962,.F.);
#2568=ORIENTED_EDGE('',*,*,#1967,.F.);
#2569=ORIENTED_EDGE('',*,*,#1968,.T.);
#2570=ORIENTED_EDGE('',*,*,#1969,.T.);
#2571=ORIENTED_EDGE('',*,*,#1965,.F.);
#2572=ORIENTED_EDGE('',*,*,#1970,.F.);
#2573=ORIENTED_EDGE('',*,*,#1971,.T.);
#2574=ORIENTED_EDGE('',*,*,#1972,.T.);
#2575=ORIENTED_EDGE('',*,*,#1968,.F.);
#2576=ORIENTED_EDGE('',*,*,#1973,.F.);
#2577=ORIENTED_EDGE('',*,*,#1960,.T.);
#2578=ORIENTED_EDGE('',*,*,#1974,.T.);
#2579=ORIENTED_EDGE('',*,*,#1971,.F.);
#2580=ORIENTED_EDGE('',*,*,#1974,.F.);
#2581=ORIENTED_EDGE('',*,*,#1959,.F.);
#2582=ORIENTED_EDGE('',*,*,#1963,.F.);
#2583=ORIENTED_EDGE('',*,*,#1966,.F.);
#2584=ORIENTED_EDGE('',*,*,#1969,.F.);
#2585=ORIENTED_EDGE('',*,*,#1972,.F.);
#2586=ORIENTED_EDGE('',*,*,#1975,.F.);
#2587=ORIENTED_EDGE('',*,*,#1976,.T.);
#2588=ORIENTED_EDGE('',*,*,#1977,.T.);
#2589=ORIENTED_EDGE('',*,*,#1978,.F.);
#2590=ORIENTED_EDGE('',*,*,#1979,.F.);
#2591=ORIENTED_EDGE('',*,*,#1980,.T.);
#2592=ORIENTED_EDGE('',*,*,#1981,.T.);
#2593=ORIENTED_EDGE('',*,*,#1976,.F.);
#2594=ORIENTED_EDGE('',*,*,#1982,.F.);
#2595=ORIENTED_EDGE('',*,*,#1983,.T.);
#2596=ORIENTED_EDGE('',*,*,#1984,.T.);
#2597=ORIENTED_EDGE('',*,*,#1980,.F.);
#2598=ORIENTED_EDGE('',*,*,#1985,.F.);
#2599=ORIENTED_EDGE('',*,*,#1986,.T.);
#2600=ORIENTED_EDGE('',*,*,#1987,.T.);
#2601=ORIENTED_EDGE('',*,*,#1983,.F.);
#2602=ORIENTED_EDGE('',*,*,#1988,.F.);
#2603=ORIENTED_EDGE('',*,*,#1989,.T.);
#2604=ORIENTED_EDGE('',*,*,#1990,.T.);
#2605=ORIENTED_EDGE('',*,*,#1986,.F.);
#2606=ORIENTED_EDGE('',*,*,#1991,.F.);
#2607=ORIENTED_EDGE('',*,*,#1992,.T.);
#2608=ORIENTED_EDGE('',*,*,#1993,.T.);
#2609=ORIENTED_EDGE('',*,*,#1989,.F.);
#2610=ORIENTED_EDGE('',*,*,#1994,.F.);
#2611=ORIENTED_EDGE('',*,*,#1995,.T.);
#2612=ORIENTED_EDGE('',*,*,#1996,.T.);
#2613=ORIENTED_EDGE('',*,*,#1992,.F.);
#2614=ORIENTED_EDGE('',*,*,#1997,.F.);
#2615=ORIENTED_EDGE('',*,*,#1978,.T.);
#2616=ORIENTED_EDGE('',*,*,#1998,.T.);
#2617=ORIENTED_EDGE('',*,*,#1995,.F.);
#2618=ORIENTED_EDGE('',*,*,#1999,.F.);
#2619=ORIENTED_EDGE('',*,*,#2000,.T.);
#2620=ORIENTED_EDGE('',*,*,#2001,.T.);
#2621=ORIENTED_EDGE('',*,*,#2002,.F.);
#2622=ORIENTED_EDGE('',*,*,#2003,.F.);
#2623=ORIENTED_EDGE('',*,*,#2004,.T.);
#2624=ORIENTED_EDGE('',*,*,#2005,.T.);
#2625=ORIENTED_EDGE('',*,*,#2000,.F.);
#2626=ORIENTED_EDGE('',*,*,#2006,.F.);
#2627=ORIENTED_EDGE('',*,*,#2007,.T.);
#2628=ORIENTED_EDGE('',*,*,#2008,.T.);
#2629=ORIENTED_EDGE('',*,*,#2004,.F.);
#2630=ORIENTED_EDGE('',*,*,#2009,.F.);
#2631=ORIENTED_EDGE('',*,*,#2010,.T.);
#2632=ORIENTED_EDGE('',*,*,#2011,.T.);
#2633=ORIENTED_EDGE('',*,*,#2007,.F.);
#2634=ORIENTED_EDGE('',*,*,#2012,.F.);
#2635=ORIENTED_EDGE('',*,*,#2013,.T.);
#2636=ORIENTED_EDGE('',*,*,#2014,.T.);
#2637=ORIENTED_EDGE('',*,*,#2010,.F.);
#2638=ORIENTED_EDGE('',*,*,#2015,.F.);
#2639=ORIENTED_EDGE('',*,*,#2016,.T.);
#2640=ORIENTED_EDGE('',*,*,#2017,.T.);
#2641=ORIENTED_EDGE('',*,*,#2013,.F.);
#2642=ORIENTED_EDGE('',*,*,#2018,.F.);
#2643=ORIENTED_EDGE('',*,*,#2019,.T.);
#2644=ORIENTED_EDGE('',*,*,#2020,.T.);
#2645=ORIENTED_EDGE('',*,*,#2016,.F.);
#2646=ORIENTED_EDGE('',*,*,#2021,.F.);
#2647=ORIENTED_EDGE('',*,*,#2022,.T.);
#2648=ORIENTED_EDGE('',*,*,#2023,.T.);
#2649=ORIENTED_EDGE('',*,*,#2019,.F.);
#2650=ORIENTED_EDGE('',*,*,#2024,.F.);
#2651=ORIENTED_EDGE('',*,*,#2025,.T.);
#2652=ORIENTED_EDGE('',*,*,#2026,.T.);
#2653=ORIENTED_EDGE('',*,*,#2022,.F.);
#2654=ORIENTED_EDGE('',*,*,#2027,.F.);
#2655=ORIENTED_EDGE('',*,*,#2028,.T.);
#2656=ORIENTED_EDGE('',*,*,#2029,.T.);
#2657=ORIENTED_EDGE('',*,*,#2025,.F.);
#2658=ORIENTED_EDGE('',*,*,#2030,.F.);
#2659=ORIENTED_EDGE('',*,*,#2002,.T.);
#2660=ORIENTED_EDGE('',*,*,#2031,.T.);
#2661=ORIENTED_EDGE('',*,*,#2028,.F.);
#2662=ORIENTED_EDGE('',*,*,#2031,.F.);
#2663=ORIENTED_EDGE('',*,*,#2001,.F.);
#2664=ORIENTED_EDGE('',*,*,#2005,.F.);
#2665=ORIENTED_EDGE('',*,*,#2008,.F.);
#2666=ORIENTED_EDGE('',*,*,#2011,.F.);
#2667=ORIENTED_EDGE('',*,*,#2014,.F.);
#2668=ORIENTED_EDGE('',*,*,#2017,.F.);
#2669=ORIENTED_EDGE('',*,*,#2020,.F.);
#2670=ORIENTED_EDGE('',*,*,#2023,.F.);
#2671=ORIENTED_EDGE('',*,*,#2026,.F.);
#2672=ORIENTED_EDGE('',*,*,#2029,.F.);
#2673=ORIENTED_EDGE('',*,*,#1998,.F.);
#2674=ORIENTED_EDGE('',*,*,#1977,.F.);
#2675=ORIENTED_EDGE('',*,*,#1981,.F.);
#2676=ORIENTED_EDGE('',*,*,#1984,.F.);
#2677=ORIENTED_EDGE('',*,*,#1987,.F.);
#2678=ORIENTED_EDGE('',*,*,#1990,.F.);
#2679=ORIENTED_EDGE('',*,*,#1993,.F.);
#2680=ORIENTED_EDGE('',*,*,#1996,.F.);
#2681=ORIENTED_EDGE('',*,*,#2032,.F.);
#2682=ORIENTED_EDGE('',*,*,#2033,.T.);
#2683=ORIENTED_EDGE('',*,*,#2034,.T.);
#2684=ORIENTED_EDGE('',*,*,#2035,.F.);
#2685=ORIENTED_EDGE('',*,*,#2036,.F.);
#2686=ORIENTED_EDGE('',*,*,#2037,.T.);
#2687=ORIENTED_EDGE('',*,*,#2038,.T.);
#2688=ORIENTED_EDGE('',*,*,#2033,.F.);
#2689=ORIENTED_EDGE('',*,*,#2039,.F.);
#2690=ORIENTED_EDGE('',*,*,#2040,.T.);
#2691=ORIENTED_EDGE('',*,*,#2041,.T.);
#2692=ORIENTED_EDGE('',*,*,#2037,.F.);
#2693=ORIENTED_EDGE('',*,*,#2042,.F.);
#2694=ORIENTED_EDGE('',*,*,#2043,.T.);
#2695=ORIENTED_EDGE('',*,*,#2044,.T.);
#2696=ORIENTED_EDGE('',*,*,#2040,.F.);
#2697=ORIENTED_EDGE('',*,*,#2045,.F.);
#2698=ORIENTED_EDGE('',*,*,#2046,.T.);
#2699=ORIENTED_EDGE('',*,*,#2047,.T.);
#2700=ORIENTED_EDGE('',*,*,#2043,.F.);
#2701=ORIENTED_EDGE('',*,*,#2048,.F.);
#2702=ORIENTED_EDGE('',*,*,#2049,.T.);
#2703=ORIENTED_EDGE('',*,*,#2050,.T.);
#2704=ORIENTED_EDGE('',*,*,#2046,.F.);
#2705=ORIENTED_EDGE('',*,*,#2051,.F.);
#2706=ORIENTED_EDGE('',*,*,#2052,.T.);
#2707=ORIENTED_EDGE('',*,*,#2053,.T.);
#2708=ORIENTED_EDGE('',*,*,#2049,.F.);
#2709=ORIENTED_EDGE('',*,*,#2054,.F.);
#2710=ORIENTED_EDGE('',*,*,#2055,.T.);
#2711=ORIENTED_EDGE('',*,*,#2056,.T.);
#2712=ORIENTED_EDGE('',*,*,#2052,.F.);
#2713=ORIENTED_EDGE('',*,*,#2057,.F.);
#2714=ORIENTED_EDGE('',*,*,#2058,.T.);
#2715=ORIENTED_EDGE('',*,*,#2059,.T.);
#2716=ORIENTED_EDGE('',*,*,#2055,.F.);
#2717=ORIENTED_EDGE('',*,*,#2060,.F.);
#2718=ORIENTED_EDGE('',*,*,#2061,.T.);
#2719=ORIENTED_EDGE('',*,*,#2062,.T.);
#2720=ORIENTED_EDGE('',*,*,#2058,.F.);
#2721=ORIENTED_EDGE('',*,*,#2063,.F.);
#2722=ORIENTED_EDGE('',*,*,#2064,.T.);
#2723=ORIENTED_EDGE('',*,*,#2065,.T.);
#2724=ORIENTED_EDGE('',*,*,#2061,.F.);
#2725=ORIENTED_EDGE('',*,*,#2066,.F.);
#2726=ORIENTED_EDGE('',*,*,#2067,.T.);
#2727=ORIENTED_EDGE('',*,*,#2068,.T.);
#2728=ORIENTED_EDGE('',*,*,#2064,.F.);
#2729=ORIENTED_EDGE('',*,*,#2069,.F.);
#2730=ORIENTED_EDGE('',*,*,#2070,.T.);
#2731=ORIENTED_EDGE('',*,*,#2071,.T.);
#2732=ORIENTED_EDGE('',*,*,#2067,.F.);
#2733=ORIENTED_EDGE('',*,*,#2072,.F.);
#2734=ORIENTED_EDGE('',*,*,#2073,.T.);
#2735=ORIENTED_EDGE('',*,*,#2074,.T.);
#2736=ORIENTED_EDGE('',*,*,#2070,.F.);
#2737=ORIENTED_EDGE('',*,*,#2075,.F.);
#2738=ORIENTED_EDGE('',*,*,#2076,.T.);
#2739=ORIENTED_EDGE('',*,*,#2077,.T.);
#2740=ORIENTED_EDGE('',*,*,#2073,.F.);
#2741=ORIENTED_EDGE('',*,*,#2078,.F.);
#2742=ORIENTED_EDGE('',*,*,#2079,.T.);
#2743=ORIENTED_EDGE('',*,*,#2080,.T.);
#2744=ORIENTED_EDGE('',*,*,#2076,.F.);
#2745=ORIENTED_EDGE('',*,*,#2081,.F.);
#2746=ORIENTED_EDGE('',*,*,#2082,.T.);
#2747=ORIENTED_EDGE('',*,*,#2083,.T.);
#2748=ORIENTED_EDGE('',*,*,#2079,.F.);
#2749=ORIENTED_EDGE('',*,*,#2084,.F.);
#2750=ORIENTED_EDGE('',*,*,#2085,.T.);
#2751=ORIENTED_EDGE('',*,*,#2086,.T.);
#2752=ORIENTED_EDGE('',*,*,#2082,.F.);
#2753=ORIENTED_EDGE('',*,*,#2087,.F.);
#2754=ORIENTED_EDGE('',*,*,#2088,.T.);
#2755=ORIENTED_EDGE('',*,*,#2089,.T.);
#2756=ORIENTED_EDGE('',*,*,#2085,.F.);
#2757=ORIENTED_EDGE('',*,*,#2090,.F.);
#2758=ORIENTED_EDGE('',*,*,#2091,.T.);
#2759=ORIENTED_EDGE('',*,*,#2092,.T.);
#2760=ORIENTED_EDGE('',*,*,#2088,.F.);
#2761=ORIENTED_EDGE('',*,*,#2093,.F.);
#2762=ORIENTED_EDGE('',*,*,#2094,.T.);
#2763=ORIENTED_EDGE('',*,*,#2095,.T.);
#2764=ORIENTED_EDGE('',*,*,#2091,.F.);
#2765=ORIENTED_EDGE('',*,*,#2096,.F.);
#2766=ORIENTED_EDGE('',*,*,#2097,.T.);
#2767=ORIENTED_EDGE('',*,*,#2098,.T.);
#2768=ORIENTED_EDGE('',*,*,#2094,.F.);
#2769=ORIENTED_EDGE('',*,*,#2099,.F.);
#2770=ORIENTED_EDGE('',*,*,#2100,.T.);
#2771=ORIENTED_EDGE('',*,*,#2101,.T.);
#2772=ORIENTED_EDGE('',*,*,#2097,.F.);
#2773=ORIENTED_EDGE('',*,*,#2102,.F.);
#2774=ORIENTED_EDGE('',*,*,#2103,.T.);
#2775=ORIENTED_EDGE('',*,*,#2104,.T.);
#2776=ORIENTED_EDGE('',*,*,#2100,.F.);
#2777=ORIENTED_EDGE('',*,*,#2105,.F.);
#2778=ORIENTED_EDGE('',*,*,#2106,.T.);
#2779=ORIENTED_EDGE('',*,*,#2107,.T.);
#2780=ORIENTED_EDGE('',*,*,#2103,.F.);
#2781=ORIENTED_EDGE('',*,*,#2108,.F.);
#2782=ORIENTED_EDGE('',*,*,#2109,.T.);
#2783=ORIENTED_EDGE('',*,*,#2110,.T.);
#2784=ORIENTED_EDGE('',*,*,#2106,.F.);
#2785=ORIENTED_EDGE('',*,*,#2111,.F.);
#2786=ORIENTED_EDGE('',*,*,#2112,.T.);
#2787=ORIENTED_EDGE('',*,*,#2113,.T.);
#2788=ORIENTED_EDGE('',*,*,#2109,.F.);
#2789=ORIENTED_EDGE('',*,*,#2114,.F.);
#2790=ORIENTED_EDGE('',*,*,#2115,.T.);
#2791=ORIENTED_EDGE('',*,*,#2116,.T.);
#2792=ORIENTED_EDGE('',*,*,#2112,.F.);
#2793=ORIENTED_EDGE('',*,*,#2117,.F.);
#2794=ORIENTED_EDGE('',*,*,#2118,.T.);
#2795=ORIENTED_EDGE('',*,*,#2119,.T.);
#2796=ORIENTED_EDGE('',*,*,#2115,.F.);
#2797=ORIENTED_EDGE('',*,*,#2120,.F.);
#2798=ORIENTED_EDGE('',*,*,#2121,.T.);
#2799=ORIENTED_EDGE('',*,*,#2122,.T.);
#2800=ORIENTED_EDGE('',*,*,#2118,.F.);
#2801=ORIENTED_EDGE('',*,*,#2123,.F.);
#2802=ORIENTED_EDGE('',*,*,#2124,.T.);
#2803=ORIENTED_EDGE('',*,*,#2125,.T.);
#2804=ORIENTED_EDGE('',*,*,#2121,.F.);
#2805=ORIENTED_EDGE('',*,*,#2126,.F.);
#2806=ORIENTED_EDGE('',*,*,#2127,.T.);
#2807=ORIENTED_EDGE('',*,*,#2128,.T.);
#2808=ORIENTED_EDGE('',*,*,#2124,.F.);
#2809=ORIENTED_EDGE('',*,*,#2129,.F.);
#2810=ORIENTED_EDGE('',*,*,#2130,.T.);
#2811=ORIENTED_EDGE('',*,*,#2131,.T.);
#2812=ORIENTED_EDGE('',*,*,#2127,.F.);
#2813=ORIENTED_EDGE('',*,*,#2132,.F.);
#2814=ORIENTED_EDGE('',*,*,#2133,.T.);
#2815=ORIENTED_EDGE('',*,*,#2134,.T.);
#2816=ORIENTED_EDGE('',*,*,#2130,.F.);
#2817=ORIENTED_EDGE('',*,*,#2135,.F.);
#2818=ORIENTED_EDGE('',*,*,#2035,.T.);
#2819=ORIENTED_EDGE('',*,*,#2136,.T.);
#2820=ORIENTED_EDGE('',*,*,#2133,.F.);
#2821=ORIENTED_EDGE('',*,*,#2136,.F.);
#2822=ORIENTED_EDGE('',*,*,#2034,.F.);
#2823=ORIENTED_EDGE('',*,*,#2038,.F.);
#2824=ORIENTED_EDGE('',*,*,#2041,.F.);
#2825=ORIENTED_EDGE('',*,*,#2044,.F.);
#2826=ORIENTED_EDGE('',*,*,#2047,.F.);
#2827=ORIENTED_EDGE('',*,*,#2050,.F.);
#2828=ORIENTED_EDGE('',*,*,#2053,.F.);
#2829=ORIENTED_EDGE('',*,*,#2056,.F.);
#2830=ORIENTED_EDGE('',*,*,#2059,.F.);
#2831=ORIENTED_EDGE('',*,*,#2062,.F.);
#2832=ORIENTED_EDGE('',*,*,#2065,.F.);
#2833=ORIENTED_EDGE('',*,*,#2068,.F.);
#2834=ORIENTED_EDGE('',*,*,#2071,.F.);
#2835=ORIENTED_EDGE('',*,*,#2074,.F.);
#2836=ORIENTED_EDGE('',*,*,#2077,.F.);
#2837=ORIENTED_EDGE('',*,*,#2080,.F.);
#2838=ORIENTED_EDGE('',*,*,#2083,.F.);
#2839=ORIENTED_EDGE('',*,*,#2086,.F.);
#2840=ORIENTED_EDGE('',*,*,#2089,.F.);
#2841=ORIENTED_EDGE('',*,*,#2092,.F.);
#2842=ORIENTED_EDGE('',*,*,#2095,.F.);
#2843=ORIENTED_EDGE('',*,*,#2098,.F.);
#2844=ORIENTED_EDGE('',*,*,#2101,.F.);
#2845=ORIENTED_EDGE('',*,*,#2104,.F.);
#2846=ORIENTED_EDGE('',*,*,#2107,.F.);
#2847=ORIENTED_EDGE('',*,*,#2110,.F.);
#2848=ORIENTED_EDGE('',*,*,#2113,.F.);
#2849=ORIENTED_EDGE('',*,*,#2116,.F.);
#2850=ORIENTED_EDGE('',*,*,#2119,.F.);
#2851=ORIENTED_EDGE('',*,*,#2122,.F.);
#2852=ORIENTED_EDGE('',*,*,#2125,.F.);
#2853=ORIENTED_EDGE('',*,*,#2128,.F.);
#2854=ORIENTED_EDGE('',*,*,#2131,.F.);
#2855=ORIENTED_EDGE('',*,*,#2134,.F.);
#2856=ORIENTED_EDGE('',*,*,#2137,.F.);
#2857=ORIENTED_EDGE('',*,*,#2138,.T.);
#2858=ORIENTED_EDGE('',*,*,#2139,.T.);
#2859=ORIENTED_EDGE('',*,*,#2140,.F.);
#2860=ORIENTED_EDGE('',*,*,#2141,.F.);
#2861=ORIENTED_EDGE('',*,*,#2142,.T.);
#2862=ORIENTED_EDGE('',*,*,#2143,.T.);
#2863=ORIENTED_EDGE('',*,*,#2138,.F.);
#2864=ORIENTED_EDGE('',*,*,#2144,.F.);
#2865=ORIENTED_EDGE('',*,*,#2145,.T.);
#2866=ORIENTED_EDGE('',*,*,#2146,.T.);
#2867=ORIENTED_EDGE('',*,*,#2142,.F.);
#2868=ORIENTED_EDGE('',*,*,#2147,.F.);
#2869=ORIENTED_EDGE('',*,*,#2148,.T.);
#2870=ORIENTED_EDGE('',*,*,#2149,.T.);
#2871=ORIENTED_EDGE('',*,*,#2145,.F.);
#2872=ORIENTED_EDGE('',*,*,#2150,.F.);
#2873=ORIENTED_EDGE('',*,*,#2151,.T.);
#2874=ORIENTED_EDGE('',*,*,#2152,.T.);
#2875=ORIENTED_EDGE('',*,*,#2148,.F.);
#2876=ORIENTED_EDGE('',*,*,#2153,.F.);
#2877=ORIENTED_EDGE('',*,*,#2154,.T.);
#2878=ORIENTED_EDGE('',*,*,#2155,.T.);
#2879=ORIENTED_EDGE('',*,*,#2151,.F.);
#2880=ORIENTED_EDGE('',*,*,#2156,.F.);
#2881=ORIENTED_EDGE('',*,*,#2157,.T.);
#2882=ORIENTED_EDGE('',*,*,#2158,.T.);
#2883=ORIENTED_EDGE('',*,*,#2154,.F.);
#2884=ORIENTED_EDGE('',*,*,#2159,.F.);
#2885=ORIENTED_EDGE('',*,*,#2160,.T.);
#2886=ORIENTED_EDGE('',*,*,#2161,.T.);
#2887=ORIENTED_EDGE('',*,*,#2157,.F.);
#2888=ORIENTED_EDGE('',*,*,#2162,.F.);
#2889=ORIENTED_EDGE('',*,*,#2140,.T.);
#2890=ORIENTED_EDGE('',*,*,#2163,.T.);
#2891=ORIENTED_EDGE('',*,*,#2160,.F.);
#2892=ORIENTED_EDGE('',*,*,#2164,.F.);
#2893=ORIENTED_EDGE('',*,*,#2165,.T.);
#2894=ORIENTED_EDGE('',*,*,#2166,.T.);
#2895=ORIENTED_EDGE('',*,*,#2167,.F.);
#2896=ORIENTED_EDGE('',*,*,#2168,.F.);
#2897=ORIENTED_EDGE('',*,*,#2169,.T.);
#2898=ORIENTED_EDGE('',*,*,#2170,.T.);
#2899=ORIENTED_EDGE('',*,*,#2165,.F.);
#2900=ORIENTED_EDGE('',*,*,#2171,.F.);
#2901=ORIENTED_EDGE('',*,*,#2172,.T.);
#2902=ORIENTED_EDGE('',*,*,#2173,.T.);
#2903=ORIENTED_EDGE('',*,*,#2169,.F.);
#2904=ORIENTED_EDGE('',*,*,#2174,.F.);
#2905=ORIENTED_EDGE('',*,*,#2175,.T.);
#2906=ORIENTED_EDGE('',*,*,#2176,.T.);
#2907=ORIENTED_EDGE('',*,*,#2172,.F.);
#2908=ORIENTED_EDGE('',*,*,#2177,.F.);
#2909=ORIENTED_EDGE('',*,*,#2178,.T.);
#2910=ORIENTED_EDGE('',*,*,#2179,.T.);
#2911=ORIENTED_EDGE('',*,*,#2175,.F.);
#2912=ORIENTED_EDGE('',*,*,#2180,.F.);
#2913=ORIENTED_EDGE('',*,*,#2181,.T.);
#2914=ORIENTED_EDGE('',*,*,#2182,.T.);
#2915=ORIENTED_EDGE('',*,*,#2178,.F.);
#2916=ORIENTED_EDGE('',*,*,#2183,.F.);
#2917=ORIENTED_EDGE('',*,*,#2184,.T.);
#2918=ORIENTED_EDGE('',*,*,#2185,.T.);
#2919=ORIENTED_EDGE('',*,*,#2181,.F.);
#2920=ORIENTED_EDGE('',*,*,#2186,.F.);
#2921=ORIENTED_EDGE('',*,*,#2187,.T.);
#2922=ORIENTED_EDGE('',*,*,#2188,.T.);
#2923=ORIENTED_EDGE('',*,*,#2184,.F.);
#2924=ORIENTED_EDGE('',*,*,#2189,.F.);
#2925=ORIENTED_EDGE('',*,*,#2190,.T.);
#2926=ORIENTED_EDGE('',*,*,#2191,.T.);
#2927=ORIENTED_EDGE('',*,*,#2187,.F.);
#2928=ORIENTED_EDGE('',*,*,#2192,.F.);
#2929=ORIENTED_EDGE('',*,*,#2193,.T.);
#2930=ORIENTED_EDGE('',*,*,#2194,.T.);
#2931=ORIENTED_EDGE('',*,*,#2190,.F.);
#2932=ORIENTED_EDGE('',*,*,#2195,.F.);
#2933=ORIENTED_EDGE('',*,*,#2167,.T.);
#2934=ORIENTED_EDGE('',*,*,#2196,.T.);
#2935=ORIENTED_EDGE('',*,*,#2193,.F.);
#2936=ORIENTED_EDGE('',*,*,#2196,.F.);
#2937=ORIENTED_EDGE('',*,*,#2166,.F.);
#2938=ORIENTED_EDGE('',*,*,#2170,.F.);
#2939=ORIENTED_EDGE('',*,*,#2173,.F.);
#2940=ORIENTED_EDGE('',*,*,#2176,.F.);
#2941=ORIENTED_EDGE('',*,*,#2179,.F.);
#2942=ORIENTED_EDGE('',*,*,#2182,.F.);
#2943=ORIENTED_EDGE('',*,*,#2185,.F.);
#2944=ORIENTED_EDGE('',*,*,#2188,.F.);
#2945=ORIENTED_EDGE('',*,*,#2191,.F.);
#2946=ORIENTED_EDGE('',*,*,#2194,.F.);
#2947=ORIENTED_EDGE('',*,*,#2163,.F.);
#2948=ORIENTED_EDGE('',*,*,#2139,.F.);
#2949=ORIENTED_EDGE('',*,*,#2143,.F.);
#2950=ORIENTED_EDGE('',*,*,#2146,.F.);
#2951=ORIENTED_EDGE('',*,*,#2149,.F.);
#2952=ORIENTED_EDGE('',*,*,#2152,.F.);
#2953=ORIENTED_EDGE('',*,*,#2155,.F.);
#2954=ORIENTED_EDGE('',*,*,#2158,.F.);
#2955=ORIENTED_EDGE('',*,*,#2161,.F.);
#2956=ORIENTED_EDGE('',*,*,#2197,.F.);
#2957=ORIENTED_EDGE('',*,*,#2198,.T.);
#2958=ORIENTED_EDGE('',*,*,#2199,.T.);
#2959=ORIENTED_EDGE('',*,*,#2200,.F.);
#2960=ORIENTED_EDGE('',*,*,#2201,.F.);
#2961=ORIENTED_EDGE('',*,*,#2202,.T.);
#2962=ORIENTED_EDGE('',*,*,#2203,.T.);
#2963=ORIENTED_EDGE('',*,*,#2198,.F.);
#2964=ORIENTED_EDGE('',*,*,#2204,.F.);
#2965=ORIENTED_EDGE('',*,*,#2205,.T.);
#2966=ORIENTED_EDGE('',*,*,#2206,.T.);
#2967=ORIENTED_EDGE('',*,*,#2202,.F.);
#2968=ORIENTED_EDGE('',*,*,#2207,.F.);
#2969=ORIENTED_EDGE('',*,*,#2208,.T.);
#2970=ORIENTED_EDGE('',*,*,#2209,.T.);
#2971=ORIENTED_EDGE('',*,*,#2205,.F.);
#2972=ORIENTED_EDGE('',*,*,#2210,.F.);
#2973=ORIENTED_EDGE('',*,*,#2211,.T.);
#2974=ORIENTED_EDGE('',*,*,#2212,.T.);
#2975=ORIENTED_EDGE('',*,*,#2208,.F.);
#2976=ORIENTED_EDGE('',*,*,#2213,.F.);
#2977=ORIENTED_EDGE('',*,*,#2214,.T.);
#2978=ORIENTED_EDGE('',*,*,#2215,.T.);
#2979=ORIENTED_EDGE('',*,*,#2211,.F.);
#2980=ORIENTED_EDGE('',*,*,#2216,.F.);
#2981=ORIENTED_EDGE('',*,*,#2217,.T.);
#2982=ORIENTED_EDGE('',*,*,#2218,.T.);
#2983=ORIENTED_EDGE('',*,*,#2214,.F.);
#2984=ORIENTED_EDGE('',*,*,#2219,.F.);
#2985=ORIENTED_EDGE('',*,*,#2200,.T.);
#2986=ORIENTED_EDGE('',*,*,#2220,.T.);
#2987=ORIENTED_EDGE('',*,*,#2217,.F.);
#2988=ORIENTED_EDGE('',*,*,#2221,.F.);
#2989=ORIENTED_EDGE('',*,*,#2222,.T.);
#2990=ORIENTED_EDGE('',*,*,#2223,.T.);
#2991=ORIENTED_EDGE('',*,*,#2224,.F.);
#2992=ORIENTED_EDGE('',*,*,#2225,.F.);
#2993=ORIENTED_EDGE('',*,*,#2226,.T.);
#2994=ORIENTED_EDGE('',*,*,#2227,.T.);
#2995=ORIENTED_EDGE('',*,*,#2222,.F.);
#2996=ORIENTED_EDGE('',*,*,#2228,.F.);
#2997=ORIENTED_EDGE('',*,*,#2229,.T.);
#2998=ORIENTED_EDGE('',*,*,#2230,.T.);
#2999=ORIENTED_EDGE('',*,*,#2226,.F.);
#3000=ORIENTED_EDGE('',*,*,#2231,.F.);
#3001=ORIENTED_EDGE('',*,*,#2232,.T.);
#3002=ORIENTED_EDGE('',*,*,#2233,.T.);
#3003=ORIENTED_EDGE('',*,*,#2229,.F.);
#3004=ORIENTED_EDGE('',*,*,#2234,.F.);
#3005=ORIENTED_EDGE('',*,*,#2235,.T.);
#3006=ORIENTED_EDGE('',*,*,#2236,.T.);
#3007=ORIENTED_EDGE('',*,*,#2232,.F.);
#3008=ORIENTED_EDGE('',*,*,#2237,.F.);
#3009=ORIENTED_EDGE('',*,*,#2238,.T.);
#3010=ORIENTED_EDGE('',*,*,#2239,.T.);
#3011=ORIENTED_EDGE('',*,*,#2235,.F.);
#3012=ORIENTED_EDGE('',*,*,#2240,.F.);
#3013=ORIENTED_EDGE('',*,*,#2241,.T.);
#3014=ORIENTED_EDGE('',*,*,#2242,.T.);
#3015=ORIENTED_EDGE('',*,*,#2238,.F.);
#3016=ORIENTED_EDGE('',*,*,#2243,.F.);
#3017=ORIENTED_EDGE('',*,*,#2244,.T.);
#3018=ORIENTED_EDGE('',*,*,#2245,.T.);
#3019=ORIENTED_EDGE('',*,*,#2241,.F.);
#3020=ORIENTED_EDGE('',*,*,#2246,.F.);
#3021=ORIENTED_EDGE('',*,*,#2247,.T.);
#3022=ORIENTED_EDGE('',*,*,#2248,.T.);
#3023=ORIENTED_EDGE('',*,*,#2244,.F.);
#3024=ORIENTED_EDGE('',*,*,#2249,.F.);
#3025=ORIENTED_EDGE('',*,*,#2250,.T.);
#3026=ORIENTED_EDGE('',*,*,#2251,.T.);
#3027=ORIENTED_EDGE('',*,*,#2247,.F.);
#3028=ORIENTED_EDGE('',*,*,#2252,.F.);
#3029=ORIENTED_EDGE('',*,*,#2224,.T.);
#3030=ORIENTED_EDGE('',*,*,#2253,.T.);
#3031=ORIENTED_EDGE('',*,*,#2250,.F.);
#3032=ORIENTED_EDGE('',*,*,#2253,.F.);
#3033=ORIENTED_EDGE('',*,*,#2223,.F.);
#3034=ORIENTED_EDGE('',*,*,#2227,.F.);
#3035=ORIENTED_EDGE('',*,*,#2230,.F.);
#3036=ORIENTED_EDGE('',*,*,#2233,.F.);
#3037=ORIENTED_EDGE('',*,*,#2236,.F.);
#3038=ORIENTED_EDGE('',*,*,#2239,.F.);
#3039=ORIENTED_EDGE('',*,*,#2242,.F.);
#3040=ORIENTED_EDGE('',*,*,#2245,.F.);
#3041=ORIENTED_EDGE('',*,*,#2248,.F.);
#3042=ORIENTED_EDGE('',*,*,#2251,.F.);
#3043=ORIENTED_EDGE('',*,*,#2220,.F.);
#3044=ORIENTED_EDGE('',*,*,#2199,.F.);
#3045=ORIENTED_EDGE('',*,*,#2203,.F.);
#3046=ORIENTED_EDGE('',*,*,#2206,.F.);
#3047=ORIENTED_EDGE('',*,*,#2209,.F.);
#3048=ORIENTED_EDGE('',*,*,#2212,.F.);
#3049=ORIENTED_EDGE('',*,*,#2215,.F.);
#3050=ORIENTED_EDGE('',*,*,#2218,.F.);
#3051=ORIENTED_EDGE('',*,*,#2254,.F.);
#3052=ORIENTED_EDGE('',*,*,#2255,.T.);
#3053=ORIENTED_EDGE('',*,*,#2256,.T.);
#3054=ORIENTED_EDGE('',*,*,#2257,.F.);
#3055=ORIENTED_EDGE('',*,*,#2258,.F.);
#3056=ORIENTED_EDGE('',*,*,#2259,.T.);
#3057=ORIENTED_EDGE('',*,*,#2260,.T.);
#3058=ORIENTED_EDGE('',*,*,#2255,.F.);
#3059=ORIENTED_EDGE('',*,*,#2261,.F.);
#3060=ORIENTED_EDGE('',*,*,#2262,.T.);
#3061=ORIENTED_EDGE('',*,*,#2263,.T.);
#3062=ORIENTED_EDGE('',*,*,#2259,.F.);
#3063=ORIENTED_EDGE('',*,*,#2264,.F.);
#3064=ORIENTED_EDGE('',*,*,#2265,.T.);
#3065=ORIENTED_EDGE('',*,*,#2266,.T.);
#3066=ORIENTED_EDGE('',*,*,#2262,.F.);
#3067=ORIENTED_EDGE('',*,*,#2267,.F.);
#3068=ORIENTED_EDGE('',*,*,#2268,.T.);
#3069=ORIENTED_EDGE('',*,*,#2269,.T.);
#3070=ORIENTED_EDGE('',*,*,#2265,.F.);
#3071=ORIENTED_EDGE('',*,*,#2270,.F.);
#3072=ORIENTED_EDGE('',*,*,#2271,.T.);
#3073=ORIENTED_EDGE('',*,*,#2272,.T.);
#3074=ORIENTED_EDGE('',*,*,#2268,.F.);
#3075=ORIENTED_EDGE('',*,*,#2273,.F.);
#3076=ORIENTED_EDGE('',*,*,#2274,.T.);
#3077=ORIENTED_EDGE('',*,*,#2275,.T.);
#3078=ORIENTED_EDGE('',*,*,#2271,.F.);
#3079=ORIENTED_EDGE('',*,*,#2276,.F.);
#3080=ORIENTED_EDGE('',*,*,#2277,.T.);
#3081=ORIENTED_EDGE('',*,*,#2278,.T.);
#3082=ORIENTED_EDGE('',*,*,#2274,.F.);
#3083=ORIENTED_EDGE('',*,*,#2279,.F.);
#3084=ORIENTED_EDGE('',*,*,#2280,.T.);
#3085=ORIENTED_EDGE('',*,*,#2281,.T.);
#3086=ORIENTED_EDGE('',*,*,#2277,.F.);
#3087=ORIENTED_EDGE('',*,*,#2282,.F.);
#3088=ORIENTED_EDGE('',*,*,#2283,.T.);
#3089=ORIENTED_EDGE('',*,*,#2284,.T.);
#3090=ORIENTED_EDGE('',*,*,#2280,.F.);
#3091=ORIENTED_EDGE('',*,*,#2285,.F.);
#3092=ORIENTED_EDGE('',*,*,#2286,.T.);
#3093=ORIENTED_EDGE('',*,*,#2287,.T.);
#3094=ORIENTED_EDGE('',*,*,#2283,.F.);
#3095=ORIENTED_EDGE('',*,*,#2288,.F.);
#3096=ORIENTED_EDGE('',*,*,#2289,.T.);
#3097=ORIENTED_EDGE('',*,*,#2290,.T.);
#3098=ORIENTED_EDGE('',*,*,#2286,.F.);
#3099=ORIENTED_EDGE('',*,*,#2291,.F.);
#3100=ORIENTED_EDGE('',*,*,#2292,.T.);
#3101=ORIENTED_EDGE('',*,*,#2293,.T.);
#3102=ORIENTED_EDGE('',*,*,#2289,.F.);
#3103=ORIENTED_EDGE('',*,*,#2294,.F.);
#3104=ORIENTED_EDGE('',*,*,#2295,.T.);
#3105=ORIENTED_EDGE('',*,*,#2296,.T.);
#3106=ORIENTED_EDGE('',*,*,#2292,.F.);
#3107=ORIENTED_EDGE('',*,*,#2297,.F.);
#3108=ORIENTED_EDGE('',*,*,#2298,.T.);
#3109=ORIENTED_EDGE('',*,*,#2299,.T.);
#3110=ORIENTED_EDGE('',*,*,#2295,.F.);
#3111=ORIENTED_EDGE('',*,*,#2300,.F.);
#3112=ORIENTED_EDGE('',*,*,#2301,.T.);
#3113=ORIENTED_EDGE('',*,*,#2302,.T.);
#3114=ORIENTED_EDGE('',*,*,#2298,.F.);
#3115=ORIENTED_EDGE('',*,*,#2303,.F.);
#3116=ORIENTED_EDGE('',*,*,#2304,.T.);
#3117=ORIENTED_EDGE('',*,*,#2305,.T.);
#3118=ORIENTED_EDGE('',*,*,#2301,.F.);
#3119=ORIENTED_EDGE('',*,*,#2306,.F.);
#3120=ORIENTED_EDGE('',*,*,#2307,.T.);
#3121=ORIENTED_EDGE('',*,*,#2308,.T.);
#3122=ORIENTED_EDGE('',*,*,#2304,.F.);
#3123=ORIENTED_EDGE('',*,*,#2309,.F.);
#3124=ORIENTED_EDGE('',*,*,#2310,.T.);
#3125=ORIENTED_EDGE('',*,*,#2311,.T.);
#3126=ORIENTED_EDGE('',*,*,#2307,.F.);
#3127=ORIENTED_EDGE('',*,*,#2312,.F.);
#3128=ORIENTED_EDGE('',*,*,#2313,.T.);
#3129=ORIENTED_EDGE('',*,*,#2314,.T.);
#3130=ORIENTED_EDGE('',*,*,#2310,.F.);
#3131=ORIENTED_EDGE('',*,*,#2315,.F.);
#3132=ORIENTED_EDGE('',*,*,#2316,.T.);
#3133=ORIENTED_EDGE('',*,*,#2317,.T.);
#3134=ORIENTED_EDGE('',*,*,#2313,.F.);
#3135=ORIENTED_EDGE('',*,*,#2318,.F.);
#3136=ORIENTED_EDGE('',*,*,#2257,.T.);
#3137=ORIENTED_EDGE('',*,*,#2319,.T.);
#3138=ORIENTED_EDGE('',*,*,#2316,.F.);
#3139=ORIENTED_EDGE('',*,*,#2319,.F.);
#3140=ORIENTED_EDGE('',*,*,#2256,.F.);
#3141=ORIENTED_EDGE('',*,*,#2260,.F.);
#3142=ORIENTED_EDGE('',*,*,#2263,.F.);
#3143=ORIENTED_EDGE('',*,*,#2266,.F.);
#3144=ORIENTED_EDGE('',*,*,#2269,.F.);
#3145=ORIENTED_EDGE('',*,*,#2272,.F.);
#3146=ORIENTED_EDGE('',*,*,#2275,.F.);
#3147=ORIENTED_EDGE('',*,*,#2278,.F.);
#3148=ORIENTED_EDGE('',*,*,#2281,.F.);
#3149=ORIENTED_EDGE('',*,*,#2284,.F.);
#3150=ORIENTED_EDGE('',*,*,#2287,.F.);
#3151=ORIENTED_EDGE('',*,*,#2290,.F.);
#3152=ORIENTED_EDGE('',*,*,#2293,.F.);
#3153=ORIENTED_EDGE('',*,*,#2296,.F.);
#3154=ORIENTED_EDGE('',*,*,#2299,.F.);
#3155=ORIENTED_EDGE('',*,*,#2302,.F.);
#3156=ORIENTED_EDGE('',*,*,#2305,.F.);
#3157=ORIENTED_EDGE('',*,*,#2308,.F.);
#3158=ORIENTED_EDGE('',*,*,#2311,.F.);
#3159=ORIENTED_EDGE('',*,*,#2314,.F.);
#3160=ORIENTED_EDGE('',*,*,#2317,.F.);
#3161=ORIENTED_EDGE('',*,*,#2320,.F.);
#3162=ORIENTED_EDGE('',*,*,#2321,.T.);
#3163=ORIENTED_EDGE('',*,*,#2322,.T.);
#3164=ORIENTED_EDGE('',*,*,#2323,.F.);
#3165=ORIENTED_EDGE('',*,*,#2324,.F.);
#3166=ORIENTED_EDGE('',*,*,#2325,.T.);
#3167=ORIENTED_EDGE('',*,*,#2326,.T.);
#3168=ORIENTED_EDGE('',*,*,#2321,.F.);
#3169=ORIENTED_EDGE('',*,*,#2327,.F.);
#3170=ORIENTED_EDGE('',*,*,#2328,.T.);
#3171=ORIENTED_EDGE('',*,*,#2329,.T.);
#3172=ORIENTED_EDGE('',*,*,#2325,.F.);
#3173=ORIENTED_EDGE('',*,*,#2330,.F.);
#3174=ORIENTED_EDGE('',*,*,#2331,.T.);
#3175=ORIENTED_EDGE('',*,*,#2332,.T.);
#3176=ORIENTED_EDGE('',*,*,#2328,.F.);
#3177=ORIENTED_EDGE('',*,*,#2333,.F.);
#3178=ORIENTED_EDGE('',*,*,#2334,.T.);
#3179=ORIENTED_EDGE('',*,*,#2335,.T.);
#3180=ORIENTED_EDGE('',*,*,#2331,.F.);
#3181=ORIENTED_EDGE('',*,*,#2336,.F.);
#3182=ORIENTED_EDGE('',*,*,#2337,.T.);
#3183=ORIENTED_EDGE('',*,*,#2338,.T.);
#3184=ORIENTED_EDGE('',*,*,#2334,.F.);
#3185=ORIENTED_EDGE('',*,*,#2339,.F.);
#3186=ORIENTED_EDGE('',*,*,#2340,.T.);
#3187=ORIENTED_EDGE('',*,*,#2341,.T.);
#3188=ORIENTED_EDGE('',*,*,#2337,.F.);
#3189=ORIENTED_EDGE('',*,*,#2342,.F.);
#3190=ORIENTED_EDGE('',*,*,#2343,.T.);
#3191=ORIENTED_EDGE('',*,*,#2344,.T.);
#3192=ORIENTED_EDGE('',*,*,#2340,.F.);
#3193=ORIENTED_EDGE('',*,*,#2345,.F.);
#3194=ORIENTED_EDGE('',*,*,#2346,.T.);
#3195=ORIENTED_EDGE('',*,*,#2347,.T.);
#3196=ORIENTED_EDGE('',*,*,#2343,.F.);
#3197=ORIENTED_EDGE('',*,*,#2348,.F.);
#3198=ORIENTED_EDGE('',*,*,#2349,.T.);
#3199=ORIENTED_EDGE('',*,*,#2350,.T.);
#3200=ORIENTED_EDGE('',*,*,#2346,.F.);
#3201=ORIENTED_EDGE('',*,*,#2351,.F.);
#3202=ORIENTED_EDGE('',*,*,#2352,.T.);
#3203=ORIENTED_EDGE('',*,*,#2353,.T.);
#3204=ORIENTED_EDGE('',*,*,#2349,.F.);
#3205=ORIENTED_EDGE('',*,*,#2354,.F.);
#3206=ORIENTED_EDGE('',*,*,#2323,.T.);
#3207=ORIENTED_EDGE('',*,*,#2355,.T.);
#3208=ORIENTED_EDGE('',*,*,#2352,.F.);
#3209=ORIENTED_EDGE('',*,*,#2355,.F.);
#3210=ORIENTED_EDGE('',*,*,#2322,.F.);
#3211=ORIENTED_EDGE('',*,*,#2326,.F.);
#3212=ORIENTED_EDGE('',*,*,#2329,.F.);
#3213=ORIENTED_EDGE('',*,*,#2332,.F.);
#3214=ORIENTED_EDGE('',*,*,#2335,.F.);
#3215=ORIENTED_EDGE('',*,*,#2338,.F.);
#3216=ORIENTED_EDGE('',*,*,#2341,.F.);
#3217=ORIENTED_EDGE('',*,*,#2344,.F.);
#3218=ORIENTED_EDGE('',*,*,#2347,.F.);
#3219=ORIENTED_EDGE('',*,*,#2350,.F.);
#3220=ORIENTED_EDGE('',*,*,#2353,.F.);
#3221=ORIENTED_EDGE('',*,*,#2356,.F.);
#3222=ORIENTED_EDGE('',*,*,#2357,.T.);
#3223=ORIENTED_EDGE('',*,*,#2358,.T.);
#3224=ORIENTED_EDGE('',*,*,#2359,.F.);
#3225=ORIENTED_EDGE('',*,*,#2360,.F.);
#3226=ORIENTED_EDGE('',*,*,#2361,.T.);
#3227=ORIENTED_EDGE('',*,*,#2362,.T.);
#3228=ORIENTED_EDGE('',*,*,#2357,.F.);
#3229=ORIENTED_EDGE('',*,*,#2363,.F.);
#3230=ORIENTED_EDGE('',*,*,#2364,.T.);
#3231=ORIENTED_EDGE('',*,*,#2365,.T.);
#3232=ORIENTED_EDGE('',*,*,#2361,.F.);
#3233=ORIENTED_EDGE('',*,*,#2366,.F.);
#3234=ORIENTED_EDGE('',*,*,#2359,.T.);
#3235=ORIENTED_EDGE('',*,*,#2367,.T.);
#3236=ORIENTED_EDGE('',*,*,#2364,.F.);
#3237=ORIENTED_EDGE('',*,*,#2367,.F.);
#3238=ORIENTED_EDGE('',*,*,#2358,.F.);
#3239=ORIENTED_EDGE('',*,*,#2362,.F.);
#3240=ORIENTED_EDGE('',*,*,#2365,.F.);
#3241=ORIENTED_EDGE('',*,*,#2368,.F.);
#3242=ORIENTED_EDGE('',*,*,#2369,.T.);
#3243=ORIENTED_EDGE('',*,*,#2370,.T.);
#3244=ORIENTED_EDGE('',*,*,#2371,.F.);
#3245=ORIENTED_EDGE('',*,*,#2372,.F.);
#3246=ORIENTED_EDGE('',*,*,#2373,.T.);
#3247=ORIENTED_EDGE('',*,*,#2374,.T.);
#3248=ORIENTED_EDGE('',*,*,#2369,.F.);
#3249=ORIENTED_EDGE('',*,*,#2375,.F.);
#3250=ORIENTED_EDGE('',*,*,#2376,.T.);
#3251=ORIENTED_EDGE('',*,*,#2377,.T.);
#3252=ORIENTED_EDGE('',*,*,#2373,.F.);
#3253=ORIENTED_EDGE('',*,*,#2378,.F.);
#3254=ORIENTED_EDGE('',*,*,#2379,.T.);
#3255=ORIENTED_EDGE('',*,*,#2380,.T.);
#3256=ORIENTED_EDGE('',*,*,#2376,.F.);
#3257=ORIENTED_EDGE('',*,*,#2381,.F.);
#3258=ORIENTED_EDGE('',*,*,#2382,.T.);
#3259=ORIENTED_EDGE('',*,*,#2383,.T.);
#3260=ORIENTED_EDGE('',*,*,#2379,.F.);
#3261=ORIENTED_EDGE('',*,*,#2384,.F.);
#3262=ORIENTED_EDGE('',*,*,#2385,.T.);
#3263=ORIENTED_EDGE('',*,*,#2386,.T.);
#3264=ORIENTED_EDGE('',*,*,#2382,.F.);
#3265=ORIENTED_EDGE('',*,*,#2387,.F.);
#3266=ORIENTED_EDGE('',*,*,#2388,.T.);
#3267=ORIENTED_EDGE('',*,*,#2389,.T.);
#3268=ORIENTED_EDGE('',*,*,#2385,.F.);
#3269=ORIENTED_EDGE('',*,*,#2390,.F.);
#3270=ORIENTED_EDGE('',*,*,#2391,.T.);
#3271=ORIENTED_EDGE('',*,*,#2392,.T.);
#3272=ORIENTED_EDGE('',*,*,#2388,.F.);
#3273=ORIENTED_EDGE('',*,*,#2393,.F.);
#3274=ORIENTED_EDGE('',*,*,#2371,.T.);
#3275=ORIENTED_EDGE('',*,*,#2394,.T.);
#3276=ORIENTED_EDGE('',*,*,#2391,.F.);
#3277=ORIENTED_EDGE('',*,*,#2395,.F.);
#3278=ORIENTED_EDGE('',*,*,#2396,.T.);
#3279=ORIENTED_EDGE('',*,*,#2397,.T.);
#3280=ORIENTED_EDGE('',*,*,#2398,.F.);
#3281=ORIENTED_EDGE('',*,*,#2399,.F.);
#3282=ORIENTED_EDGE('',*,*,#2400,.T.);
#3283=ORIENTED_EDGE('',*,*,#2401,.T.);
#3284=ORIENTED_EDGE('',*,*,#2396,.F.);
#3285=ORIENTED_EDGE('',*,*,#2402,.F.);
#3286=ORIENTED_EDGE('',*,*,#2403,.T.);
#3287=ORIENTED_EDGE('',*,*,#2404,.T.);
#3288=ORIENTED_EDGE('',*,*,#2400,.F.);
#3289=ORIENTED_EDGE('',*,*,#2405,.F.);
#3290=ORIENTED_EDGE('',*,*,#2406,.T.);
#3291=ORIENTED_EDGE('',*,*,#2407,.T.);
#3292=ORIENTED_EDGE('',*,*,#2403,.F.);
#3293=ORIENTED_EDGE('',*,*,#2408,.F.);
#3294=ORIENTED_EDGE('',*,*,#2409,.T.);
#3295=ORIENTED_EDGE('',*,*,#2410,.T.);
#3296=ORIENTED_EDGE('',*,*,#2406,.F.);
#3297=ORIENTED_EDGE('',*,*,#2411,.F.);
#3298=ORIENTED_EDGE('',*,*,#2412,.T.);
#3299=ORIENTED_EDGE('',*,*,#2413,.T.);
#3300=ORIENTED_EDGE('',*,*,#2409,.F.);
#3301=ORIENTED_EDGE('',*,*,#2414,.F.);
#3302=ORIENTED_EDGE('',*,*,#2415,.T.);
#3303=ORIENTED_EDGE('',*,*,#2416,.T.);
#3304=ORIENTED_EDGE('',*,*,#2412,.F.);
#3305=ORIENTED_EDGE('',*,*,#2417,.F.);
#3306=ORIENTED_EDGE('',*,*,#2418,.T.);
#3307=ORIENTED_EDGE('',*,*,#2419,.T.);
#3308=ORIENTED_EDGE('',*,*,#2415,.F.);
#3309=ORIENTED_EDGE('',*,*,#2420,.F.);
#3310=ORIENTED_EDGE('',*,*,#2421,.T.);
#3311=ORIENTED_EDGE('',*,*,#2422,.T.);
#3312=ORIENTED_EDGE('',*,*,#2418,.F.);
#3313=ORIENTED_EDGE('',*,*,#2423,.F.);
#3314=ORIENTED_EDGE('',*,*,#2398,.T.);
#3315=ORIENTED_EDGE('',*,*,#2424,.T.);
#3316=ORIENTED_EDGE('',*,*,#2421,.F.);
#3317=ORIENTED_EDGE('',*,*,#2425,.F.);
#3318=ORIENTED_EDGE('',*,*,#2426,.T.);
#3319=ORIENTED_EDGE('',*,*,#2427,.T.);
#3320=ORIENTED_EDGE('',*,*,#2428,.F.);
#3321=ORIENTED_EDGE('',*,*,#2429,.F.);
#3322=ORIENTED_EDGE('',*,*,#2430,.T.);
#3323=ORIENTED_EDGE('',*,*,#2431,.T.);
#3324=ORIENTED_EDGE('',*,*,#2426,.F.);
#3325=ORIENTED_EDGE('',*,*,#2432,.F.);
#3326=ORIENTED_EDGE('',*,*,#2433,.T.);
#3327=ORIENTED_EDGE('',*,*,#2434,.T.);
#3328=ORIENTED_EDGE('',*,*,#2430,.F.);
#3329=ORIENTED_EDGE('',*,*,#2435,.F.);
#3330=ORIENTED_EDGE('',*,*,#2436,.T.);
#3331=ORIENTED_EDGE('',*,*,#2437,.T.);
#3332=ORIENTED_EDGE('',*,*,#2433,.F.);
#3333=ORIENTED_EDGE('',*,*,#2438,.F.);
#3334=ORIENTED_EDGE('',*,*,#2439,.T.);
#3335=ORIENTED_EDGE('',*,*,#2440,.T.);
#3336=ORIENTED_EDGE('',*,*,#2436,.F.);
#3337=ORIENTED_EDGE('',*,*,#2441,.F.);
#3338=ORIENTED_EDGE('',*,*,#2442,.T.);
#3339=ORIENTED_EDGE('',*,*,#2443,.T.);
#3340=ORIENTED_EDGE('',*,*,#2439,.F.);
#3341=ORIENTED_EDGE('',*,*,#2444,.F.);
#3342=ORIENTED_EDGE('',*,*,#2445,.T.);
#3343=ORIENTED_EDGE('',*,*,#2446,.T.);
#3344=ORIENTED_EDGE('',*,*,#2442,.F.);
#3345=ORIENTED_EDGE('',*,*,#2447,.F.);
#3346=ORIENTED_EDGE('',*,*,#2448,.T.);
#3347=ORIENTED_EDGE('',*,*,#2449,.T.);
#3348=ORIENTED_EDGE('',*,*,#2445,.F.);
#3349=ORIENTED_EDGE('',*,*,#2450,.F.);
#3350=ORIENTED_EDGE('',*,*,#2451,.T.);
#3351=ORIENTED_EDGE('',*,*,#2452,.T.);
#3352=ORIENTED_EDGE('',*,*,#2448,.F.);
#3353=ORIENTED_EDGE('',*,*,#2453,.F.);
#3354=ORIENTED_EDGE('',*,*,#2454,.T.);
#3355=ORIENTED_EDGE('',*,*,#2455,.T.);
#3356=ORIENTED_EDGE('',*,*,#2451,.F.);
#3357=ORIENTED_EDGE('',*,*,#2456,.F.);
#3358=ORIENTED_EDGE('',*,*,#2457,.T.);
#3359=ORIENTED_EDGE('',*,*,#2458,.T.);
#3360=ORIENTED_EDGE('',*,*,#2454,.F.);
#3361=ORIENTED_EDGE('',*,*,#2459,.F.);
#3362=ORIENTED_EDGE('',*,*,#2460,.T.);
#3363=ORIENTED_EDGE('',*,*,#2461,.T.);
#3364=ORIENTED_EDGE('',*,*,#2457,.F.);
#3365=ORIENTED_EDGE('',*,*,#2462,.F.);
#3366=ORIENTED_EDGE('',*,*,#2463,.T.);
#3367=ORIENTED_EDGE('',*,*,#2464,.T.);
#3368=ORIENTED_EDGE('',*,*,#2460,.F.);
#3369=ORIENTED_EDGE('',*,*,#2465,.F.);
#3370=ORIENTED_EDGE('',*,*,#2428,.T.);
#3371=ORIENTED_EDGE('',*,*,#2466,.T.);
#3372=ORIENTED_EDGE('',*,*,#2463,.F.);
#3373=ORIENTED_EDGE('',*,*,#2466,.F.);
#3374=ORIENTED_EDGE('',*,*,#2427,.F.);
#3375=ORIENTED_EDGE('',*,*,#2431,.F.);
#3376=ORIENTED_EDGE('',*,*,#2434,.F.);
#3377=ORIENTED_EDGE('',*,*,#2437,.F.);
#3378=ORIENTED_EDGE('',*,*,#2440,.F.);
#3379=ORIENTED_EDGE('',*,*,#2443,.F.);
#3380=ORIENTED_EDGE('',*,*,#2446,.F.);
#3381=ORIENTED_EDGE('',*,*,#2449,.F.);
#3382=ORIENTED_EDGE('',*,*,#2452,.F.);
#3383=ORIENTED_EDGE('',*,*,#2455,.F.);
#3384=ORIENTED_EDGE('',*,*,#2458,.F.);
#3385=ORIENTED_EDGE('',*,*,#2461,.F.);
#3386=ORIENTED_EDGE('',*,*,#2464,.F.);
#3387=ORIENTED_EDGE('',*,*,#2424,.F.);
#3388=ORIENTED_EDGE('',*,*,#2397,.F.);
#3389=ORIENTED_EDGE('',*,*,#2401,.F.);
#3390=ORIENTED_EDGE('',*,*,#2404,.F.);
#3391=ORIENTED_EDGE('',*,*,#2407,.F.);
#3392=ORIENTED_EDGE('',*,*,#2410,.F.);
#3393=ORIENTED_EDGE('',*,*,#2413,.F.);
#3394=ORIENTED_EDGE('',*,*,#2416,.F.);
#3395=ORIENTED_EDGE('',*,*,#2419,.F.);
#3396=ORIENTED_EDGE('',*,*,#2422,.F.);
#3397=ORIENTED_EDGE('',*,*,#2394,.F.);
#3398=ORIENTED_EDGE('',*,*,#2370,.F.);
#3399=ORIENTED_EDGE('',*,*,#2374,.F.);
#3400=ORIENTED_EDGE('',*,*,#2377,.F.);
#3401=ORIENTED_EDGE('',*,*,#2380,.F.);
#3402=ORIENTED_EDGE('',*,*,#2383,.F.);
#3403=ORIENTED_EDGE('',*,*,#2386,.F.);
#3404=ORIENTED_EDGE('',*,*,#2389,.F.);
#3405=ORIENTED_EDGE('',*,*,#2392,.F.);
#3406=ORIENTED_EDGE('',*,*,#2395,.T.);
#3407=ORIENTED_EDGE('',*,*,#2423,.T.);
#3408=ORIENTED_EDGE('',*,*,#2420,.T.);
#3409=ORIENTED_EDGE('',*,*,#2417,.T.);
#3410=ORIENTED_EDGE('',*,*,#2414,.T.);
#3411=ORIENTED_EDGE('',*,*,#2411,.T.);
#3412=ORIENTED_EDGE('',*,*,#2408,.T.);
#3413=ORIENTED_EDGE('',*,*,#2405,.T.);
#3414=ORIENTED_EDGE('',*,*,#2402,.T.);
#3415=ORIENTED_EDGE('',*,*,#2399,.T.);
#3416=ORIENTED_EDGE('',*,*,#2368,.T.);
#3417=ORIENTED_EDGE('',*,*,#2393,.T.);
#3418=ORIENTED_EDGE('',*,*,#2390,.T.);
#3419=ORIENTED_EDGE('',*,*,#2387,.T.);
#3420=ORIENTED_EDGE('',*,*,#2384,.T.);
#3421=ORIENTED_EDGE('',*,*,#2381,.T.);
#3422=ORIENTED_EDGE('',*,*,#2378,.T.);
#3423=ORIENTED_EDGE('',*,*,#2375,.T.);
#3424=ORIENTED_EDGE('',*,*,#2372,.T.);
#3425=ORIENTED_EDGE('',*,*,#2197,.T.);
#3426=ORIENTED_EDGE('',*,*,#2219,.T.);
#3427=ORIENTED_EDGE('',*,*,#2216,.T.);
#3428=ORIENTED_EDGE('',*,*,#2213,.T.);
#3429=ORIENTED_EDGE('',*,*,#2210,.T.);
#3430=ORIENTED_EDGE('',*,*,#2207,.T.);
#3431=ORIENTED_EDGE('',*,*,#2204,.T.);
#3432=ORIENTED_EDGE('',*,*,#2201,.T.);
#3433=ORIENTED_EDGE('',*,*,#2137,.T.);
#3434=ORIENTED_EDGE('',*,*,#2162,.T.);
#3435=ORIENTED_EDGE('',*,*,#2159,.T.);
#3436=ORIENTED_EDGE('',*,*,#2156,.T.);
#3437=ORIENTED_EDGE('',*,*,#2153,.T.);
#3438=ORIENTED_EDGE('',*,*,#2150,.T.);
#3439=ORIENTED_EDGE('',*,*,#2147,.T.);
#3440=ORIENTED_EDGE('',*,*,#2144,.T.);
#3441=ORIENTED_EDGE('',*,*,#2141,.T.);
#3442=ORIENTED_EDGE('',*,*,#1975,.T.);
#3443=ORIENTED_EDGE('',*,*,#1997,.T.);
#3444=ORIENTED_EDGE('',*,*,#1994,.T.);
#3445=ORIENTED_EDGE('',*,*,#1991,.T.);
#3446=ORIENTED_EDGE('',*,*,#1988,.T.);
#3447=ORIENTED_EDGE('',*,*,#1985,.T.);
#3448=ORIENTED_EDGE('',*,*,#1982,.T.);
#3449=ORIENTED_EDGE('',*,*,#1979,.T.);
#3450=ORIENTED_EDGE('',*,*,#2467,.F.);
#3451=ORIENTED_EDGE('',*,*,#2468,.T.);
#3452=ORIENTED_EDGE('',*,*,#2469,.F.);
#3453=ORIENTED_EDGE('',*,*,#2470,.F.);
#3454=ORIENTED_EDGE('',*,*,#2471,.F.);
#3455=ORIENTED_EDGE('',*,*,#2470,.T.);
#3456=ORIENTED_EDGE('',*,*,#2472,.F.);
#3457=ORIENTED_EDGE('',*,*,#2473,.F.);
#3458=ORIENTED_EDGE('',*,*,#2474,.F.);
#3459=ORIENTED_EDGE('',*,*,#2473,.T.);
#3460=ORIENTED_EDGE('',*,*,#2475,.F.);
#3461=ORIENTED_EDGE('',*,*,#2476,.F.);
#3462=ORIENTED_EDGE('',*,*,#2477,.F.);
#3463=ORIENTED_EDGE('',*,*,#2476,.T.);
#3464=ORIENTED_EDGE('',*,*,#2478,.F.);
#3465=ORIENTED_EDGE('',*,*,#2468,.F.);
#3466=ORIENTED_EDGE('',*,*,#2479,.F.);
#3467=ORIENTED_EDGE('',*,*,#2480,.F.);
#3468=ORIENTED_EDGE('',*,*,#2481,.F.);
#3469=ORIENTED_EDGE('',*,*,#2482,.F.);
#3470=ORIENTED_EDGE('',*,*,#2478,.T.);
#3471=ORIENTED_EDGE('',*,*,#2475,.T.);
#3472=ORIENTED_EDGE('',*,*,#2472,.T.);
#3473=ORIENTED_EDGE('',*,*,#2469,.T.);
#3474=ORIENTED_EDGE('',*,*,#2483,.F.);
#3475=ORIENTED_EDGE('',*,*,#2484,.F.);
#3476=ORIENTED_EDGE('',*,*,#2485,.F.);
#3477=ORIENTED_EDGE('',*,*,#2486,.T.);
#3478=ORIENTED_EDGE('',*,*,#2487,.F.);
#3479=ORIENTED_EDGE('',*,*,#2488,.F.);
#3480=ORIENTED_EDGE('',*,*,#2489,.F.);
#3481=ORIENTED_EDGE('',*,*,#2490,.F.);
#3482=ORIENTED_EDGE('',*,*,#2491,.T.);
#3483=ORIENTED_EDGE('',*,*,#2492,.T.);
#3484=ORIENTED_EDGE('',*,*,#2493,.T.);
#3485=ORIENTED_EDGE('',*,*,#2494,.T.);
#3486=ORIENTED_EDGE('',*,*,#2477,.T.);
#3487=ORIENTED_EDGE('',*,*,#2467,.T.);
#3488=ORIENTED_EDGE('',*,*,#2471,.T.);
#3489=ORIENTED_EDGE('',*,*,#2474,.T.);
#3490=ORIENTED_EDGE('',*,*,#2425,.T.);
#3491=ORIENTED_EDGE('',*,*,#2465,.T.);
#3492=ORIENTED_EDGE('',*,*,#2462,.T.);
#3493=ORIENTED_EDGE('',*,*,#2459,.T.);
#3494=ORIENTED_EDGE('',*,*,#2456,.T.);
#3495=ORIENTED_EDGE('',*,*,#2453,.T.);
#3496=ORIENTED_EDGE('',*,*,#2450,.T.);
#3497=ORIENTED_EDGE('',*,*,#2447,.T.);
#3498=ORIENTED_EDGE('',*,*,#2444,.T.);
#3499=ORIENTED_EDGE('',*,*,#2441,.T.);
#3500=ORIENTED_EDGE('',*,*,#2438,.T.);
#3501=ORIENTED_EDGE('',*,*,#2435,.T.);
#3502=ORIENTED_EDGE('',*,*,#2432,.T.);
#3503=ORIENTED_EDGE('',*,*,#2429,.T.);
#3504=ORIENTED_EDGE('',*,*,#2356,.T.);
#3505=ORIENTED_EDGE('',*,*,#2366,.T.);
#3506=ORIENTED_EDGE('',*,*,#2363,.T.);
#3507=ORIENTED_EDGE('',*,*,#2360,.T.);
#3508=ORIENTED_EDGE('',*,*,#2320,.T.);
#3509=ORIENTED_EDGE('',*,*,#2354,.T.);
#3510=ORIENTED_EDGE('',*,*,#2351,.T.);
#3511=ORIENTED_EDGE('',*,*,#2348,.T.);
#3512=ORIENTED_EDGE('',*,*,#2345,.T.);
#3513=ORIENTED_EDGE('',*,*,#2342,.T.);
#3514=ORIENTED_EDGE('',*,*,#2339,.T.);
#3515=ORIENTED_EDGE('',*,*,#2336,.T.);
#3516=ORIENTED_EDGE('',*,*,#2333,.T.);
#3517=ORIENTED_EDGE('',*,*,#2330,.T.);
#3518=ORIENTED_EDGE('',*,*,#2327,.T.);
#3519=ORIENTED_EDGE('',*,*,#2324,.T.);
#3520=ORIENTED_EDGE('',*,*,#2254,.T.);
#3521=ORIENTED_EDGE('',*,*,#2318,.T.);
#3522=ORIENTED_EDGE('',*,*,#2315,.T.);
#3523=ORIENTED_EDGE('',*,*,#2312,.T.);
#3524=ORIENTED_EDGE('',*,*,#2309,.T.);
#3525=ORIENTED_EDGE('',*,*,#2306,.T.);
#3526=ORIENTED_EDGE('',*,*,#2303,.T.);
#3527=ORIENTED_EDGE('',*,*,#2300,.T.);
#3528=ORIENTED_EDGE('',*,*,#2297,.T.);
#3529=ORIENTED_EDGE('',*,*,#2294,.T.);
#3530=ORIENTED_EDGE('',*,*,#2291,.T.);
#3531=ORIENTED_EDGE('',*,*,#2288,.T.);
#3532=ORIENTED_EDGE('',*,*,#2285,.T.);
#3533=ORIENTED_EDGE('',*,*,#2282,.T.);
#3534=ORIENTED_EDGE('',*,*,#2279,.T.);
#3535=ORIENTED_EDGE('',*,*,#2276,.T.);
#3536=ORIENTED_EDGE('',*,*,#2273,.T.);
#3537=ORIENTED_EDGE('',*,*,#2270,.T.);
#3538=ORIENTED_EDGE('',*,*,#2267,.T.);
#3539=ORIENTED_EDGE('',*,*,#2264,.T.);
#3540=ORIENTED_EDGE('',*,*,#2261,.T.);
#3541=ORIENTED_EDGE('',*,*,#2258,.T.);
#3542=ORIENTED_EDGE('',*,*,#2221,.T.);
#3543=ORIENTED_EDGE('',*,*,#2252,.T.);
#3544=ORIENTED_EDGE('',*,*,#2249,.T.);
#3545=ORIENTED_EDGE('',*,*,#2246,.T.);
#3546=ORIENTED_EDGE('',*,*,#2243,.T.);
#3547=ORIENTED_EDGE('',*,*,#2240,.T.);
#3548=ORIENTED_EDGE('',*,*,#2237,.T.);
#3549=ORIENTED_EDGE('',*,*,#2234,.T.);
#3550=ORIENTED_EDGE('',*,*,#2231,.T.);
#3551=ORIENTED_EDGE('',*,*,#2228,.T.);
#3552=ORIENTED_EDGE('',*,*,#2225,.T.);
#3553=ORIENTED_EDGE('',*,*,#2164,.T.);
#3554=ORIENTED_EDGE('',*,*,#2195,.T.);
#3555=ORIENTED_EDGE('',*,*,#2192,.T.);
#3556=ORIENTED_EDGE('',*,*,#2189,.T.);
#3557=ORIENTED_EDGE('',*,*,#2186,.T.);
#3558=ORIENTED_EDGE('',*,*,#2183,.T.);
#3559=ORIENTED_EDGE('',*,*,#2180,.T.);
#3560=ORIENTED_EDGE('',*,*,#2177,.T.);
#3561=ORIENTED_EDGE('',*,*,#2174,.T.);
#3562=ORIENTED_EDGE('',*,*,#2171,.T.);
#3563=ORIENTED_EDGE('',*,*,#2168,.T.);
#3564=ORIENTED_EDGE('',*,*,#2032,.T.);
#3565=ORIENTED_EDGE('',*,*,#2135,.T.);
#3566=ORIENTED_EDGE('',*,*,#2132,.T.);
#3567=ORIENTED_EDGE('',*,*,#2129,.T.);
#3568=ORIENTED_EDGE('',*,*,#2126,.T.);
#3569=ORIENTED_EDGE('',*,*,#2123,.T.);
#3570=ORIENTED_EDGE('',*,*,#2120,.T.);
#3571=ORIENTED_EDGE('',*,*,#2117,.T.);
#3572=ORIENTED_EDGE('',*,*,#2114,.T.);
#3573=ORIENTED_EDGE('',*,*,#2111,.T.);
#3574=ORIENTED_EDGE('',*,*,#2108,.T.);
#3575=ORIENTED_EDGE('',*,*,#2105,.T.);
#3576=ORIENTED_EDGE('',*,*,#2102,.T.);
#3577=ORIENTED_EDGE('',*,*,#2099,.T.);
#3578=ORIENTED_EDGE('',*,*,#2096,.T.);
#3579=ORIENTED_EDGE('',*,*,#2093,.T.);
#3580=ORIENTED_EDGE('',*,*,#2090,.T.);
#3581=ORIENTED_EDGE('',*,*,#2087,.T.);
#3582=ORIENTED_EDGE('',*,*,#2084,.T.);
#3583=ORIENTED_EDGE('',*,*,#2081,.T.);
#3584=ORIENTED_EDGE('',*,*,#2078,.T.);
#3585=ORIENTED_EDGE('',*,*,#2075,.T.);
#3586=ORIENTED_EDGE('',*,*,#2072,.T.);
#3587=ORIENTED_EDGE('',*,*,#2069,.T.);
#3588=ORIENTED_EDGE('',*,*,#2066,.T.);
#3589=ORIENTED_EDGE('',*,*,#2063,.T.);
#3590=ORIENTED_EDGE('',*,*,#2060,.T.);
#3591=ORIENTED_EDGE('',*,*,#2057,.T.);
#3592=ORIENTED_EDGE('',*,*,#2054,.T.);
#3593=ORIENTED_EDGE('',*,*,#2051,.T.);
#3594=ORIENTED_EDGE('',*,*,#2048,.T.);
#3595=ORIENTED_EDGE('',*,*,#2045,.T.);
#3596=ORIENTED_EDGE('',*,*,#2042,.T.);
#3597=ORIENTED_EDGE('',*,*,#2039,.T.);
#3598=ORIENTED_EDGE('',*,*,#2036,.T.);
#3599=ORIENTED_EDGE('',*,*,#1999,.T.);
#3600=ORIENTED_EDGE('',*,*,#2030,.T.);
#3601=ORIENTED_EDGE('',*,*,#2027,.T.);
#3602=ORIENTED_EDGE('',*,*,#2024,.T.);
#3603=ORIENTED_EDGE('',*,*,#2021,.T.);
#3604=ORIENTED_EDGE('',*,*,#2018,.T.);
#3605=ORIENTED_EDGE('',*,*,#2015,.T.);
#3606=ORIENTED_EDGE('',*,*,#2012,.T.);
#3607=ORIENTED_EDGE('',*,*,#2009,.T.);
#3608=ORIENTED_EDGE('',*,*,#2006,.T.);
#3609=ORIENTED_EDGE('',*,*,#2003,.T.);
#3610=ORIENTED_EDGE('',*,*,#1957,.T.);
#3611=ORIENTED_EDGE('',*,*,#1973,.T.);
#3612=ORIENTED_EDGE('',*,*,#1970,.T.);
#3613=ORIENTED_EDGE('',*,*,#1967,.T.);
#3614=ORIENTED_EDGE('',*,*,#1964,.T.);
#3615=ORIENTED_EDGE('',*,*,#1961,.T.);
#3616=ORIENTED_EDGE('',*,*,#2495,.F.);
#3617=ORIENTED_EDGE('',*,*,#2496,.T.);
#3618=ORIENTED_EDGE('',*,*,#2480,.T.);
#3619=ORIENTED_EDGE('',*,*,#2497,.F.);
#3620=ORIENTED_EDGE('',*,*,#2498,.F.);
#3621=ORIENTED_EDGE('',*,*,#2499,.T.);
#3622=ORIENTED_EDGE('',*,*,#2481,.T.);
#3623=ORIENTED_EDGE('',*,*,#2496,.F.);
#3624=ORIENTED_EDGE('',*,*,#2500,.F.);
#3625=ORIENTED_EDGE('',*,*,#2501,.T.);
#3626=ORIENTED_EDGE('',*,*,#2482,.T.);
#3627=ORIENTED_EDGE('',*,*,#2499,.F.);
#3628=ORIENTED_EDGE('',*,*,#2502,.F.);
#3629=ORIENTED_EDGE('',*,*,#2497,.T.);
#3630=ORIENTED_EDGE('',*,*,#2479,.T.);
#3631=ORIENTED_EDGE('',*,*,#2501,.F.);
#3632=ORIENTED_EDGE('',*,*,#2503,.F.);
#3633=ORIENTED_EDGE('',*,*,#2504,.F.);
#3634=ORIENTED_EDGE('',*,*,#2505,.F.);
#3635=ORIENTED_EDGE('',*,*,#2506,.T.);
#3636=ORIENTED_EDGE('',*,*,#2507,.F.);
#3637=ORIENTED_EDGE('',*,*,#2506,.F.);
#3638=ORIENTED_EDGE('',*,*,#2508,.F.);
#3639=ORIENTED_EDGE('',*,*,#2509,.F.);
#3640=ORIENTED_EDGE('',*,*,#2510,.F.);
#3641=ORIENTED_EDGE('',*,*,#2486,.F.);
#3642=ORIENTED_EDGE('',*,*,#2492,.F.);
#3643=ORIENTED_EDGE('',*,*,#2511,.T.);
#3644=ORIENTED_EDGE('',*,*,#2512,.T.);
#3645=ORIENTED_EDGE('',*,*,#2511,.F.);
#3646=ORIENTED_EDGE('',*,*,#2491,.F.);
#3647=ORIENTED_EDGE('',*,*,#2513,.T.);
#3648=ORIENTED_EDGE('',*,*,#2514,.T.);
#3649=ORIENTED_EDGE('',*,*,#2513,.F.);
#3650=ORIENTED_EDGE('',*,*,#2515,.F.);
#3651=ORIENTED_EDGE('',*,*,#2509,.T.);
#3652=ORIENTED_EDGE('',*,*,#2516,.F.);
#3653=ORIENTED_EDGE('',*,*,#2517,.F.);
#3654=ORIENTED_EDGE('',*,*,#2518,.F.);
#3655=ORIENTED_EDGE('',*,*,#2517,.T.);
#3656=ORIENTED_EDGE('',*,*,#2519,.F.);
#3657=ORIENTED_EDGE('',*,*,#2520,.T.);
#3658=ORIENTED_EDGE('',*,*,#2521,.F.);
#3659=ORIENTED_EDGE('',*,*,#2520,.F.);
#3660=ORIENTED_EDGE('',*,*,#2522,.F.);
#3661=ORIENTED_EDGE('',*,*,#2523,.F.);
#3662=ORIENTED_EDGE('',*,*,#2524,.F.);
#3663=ORIENTED_EDGE('',*,*,#2523,.T.);
#3664=ORIENTED_EDGE('',*,*,#2525,.F.);
#3665=ORIENTED_EDGE('',*,*,#2504,.T.);
#3666=ORIENTED_EDGE('',*,*,#2507,.T.);
#3667=ORIENTED_EDGE('',*,*,#2485,.T.);
#3668=ORIENTED_EDGE('',*,*,#2526,.F.);
#3669=ORIENTED_EDGE('',*,*,#2503,.T.);
#3670=ORIENTED_EDGE('',*,*,#2526,.T.);
#3671=ORIENTED_EDGE('',*,*,#2490,.T.);
#3672=ORIENTED_EDGE('',*,*,#2527,.F.);
#3673=ORIENTED_EDGE('',*,*,#2524,.T.);
#3674=ORIENTED_EDGE('',*,*,#2527,.T.);
#3675=ORIENTED_EDGE('',*,*,#2489,.T.);
#3676=ORIENTED_EDGE('',*,*,#2528,.F.);
#3677=ORIENTED_EDGE('',*,*,#2521,.T.);
#3678=ORIENTED_EDGE('',*,*,#2528,.T.);
#3679=ORIENTED_EDGE('',*,*,#2488,.T.);
#3680=ORIENTED_EDGE('',*,*,#2529,.F.);
#3681=ORIENTED_EDGE('',*,*,#2518,.T.);
#3682=ORIENTED_EDGE('',*,*,#2510,.T.);
#3683=ORIENTED_EDGE('',*,*,#2515,.T.);
#3684=ORIENTED_EDGE('',*,*,#2529,.T.);
#3685=ORIENTED_EDGE('',*,*,#2487,.T.);
#3686=ORIENTED_EDGE('',*,*,#2514,.F.);
#3687=ORIENTED_EDGE('',*,*,#2530,.T.);
#3688=ORIENTED_EDGE('',*,*,#2531,.T.);
#3689=ORIENTED_EDGE('',*,*,#2530,.F.);
#3690=ORIENTED_EDGE('',*,*,#2512,.F.);
#3691=ORIENTED_EDGE('',*,*,#2532,.T.);
#3692=ORIENTED_EDGE('',*,*,#2533,.T.);
#3693=ORIENTED_EDGE('',*,*,#2532,.F.);
#3694=ORIENTED_EDGE('',*,*,#2505,.T.);
#3695=ORIENTED_EDGE('',*,*,#2525,.T.);
#3696=ORIENTED_EDGE('',*,*,#2522,.T.);
#3697=ORIENTED_EDGE('',*,*,#2519,.T.);
#3698=ORIENTED_EDGE('',*,*,#2516,.T.);
#3699=ORIENTED_EDGE('',*,*,#2508,.T.);
#3700=ORIENTED_EDGE('',*,*,#1950,.T.);
#3701=ORIENTED_EDGE('',*,*,#1953,.T.);
#3702=ORIENTED_EDGE('',*,*,#1955,.T.);
#3703=ORIENTED_EDGE('',*,*,#1956,.T.);
#3704=ORIENTED_EDGE('',*,*,#2495,.T.);
#3705=ORIENTED_EDGE('',*,*,#2502,.T.);
#3706=ORIENTED_EDGE('',*,*,#2500,.T.);
#3707=ORIENTED_EDGE('',*,*,#2498,.T.);
#3708=ORIENTED_EDGE('',*,*,#2531,.F.);
#3709=ORIENTED_EDGE('',*,*,#2533,.F.);
#3710=ORIENTED_EDGE('',*,*,#2484,.T.);
#3711=ORIENTED_EDGE('',*,*,#2534,.T.);
#3712=ORIENTED_EDGE('',*,*,#2493,.F.);
#3713=ORIENTED_EDGE('',*,*,#2534,.F.);
#3714=ORIENTED_EDGE('',*,*,#2483,.T.);
#3715=ORIENTED_EDGE('',*,*,#2535,.T.);
#3716=ORIENTED_EDGE('',*,*,#2494,.F.);
#3717=ORIENTED_EDGE('',*,*,#2535,.F.);
#3718=PLANE('',#4032);
#3719=PLANE('',#4033);
#3720=PLANE('',#4034);
#3721=PLANE('',#4035);
#3722=PLANE('',#4036);
#3723=PLANE('',#4037);
#3724=PLANE('',#4038);
#3725=PLANE('',#4039);
#3726=PLANE('',#4040);
#3727=PLANE('',#4041);
#3728=PLANE('',#4042);
#3729=PLANE('',#4043);
#3730=PLANE('',#4044);
#3731=PLANE('',#4045);
#3732=PLANE('',#4046);
#3733=PLANE('',#4047);
#3734=PLANE('',#4048);
#3735=PLANE('',#4049);
#3736=PLANE('',#4050);
#3737=PLANE('',#4051);
#3738=PLANE('',#4052);
#3739=PLANE('',#4053);
#3740=PLANE('',#4054);
#3741=PLANE('',#4055);
#3742=PLANE('',#4056);
#3743=PLANE('',#4057);
#3744=PLANE('',#4058);
#3745=PLANE('',#4059);
#3746=PLANE('',#4060);
#3747=PLANE('',#4061);
#3748=PLANE('',#4062);
#3749=PLANE('',#4063);
#3750=PLANE('',#4064);
#3751=PLANE('',#4065);
#3752=PLANE('',#4066);
#3753=PLANE('',#4067);
#3754=PLANE('',#4068);
#3755=PLANE('',#4069);
#3756=PLANE('',#4070);
#3757=PLANE('',#4071);
#3758=PLANE('',#4072);
#3759=PLANE('',#4073);
#3760=PLANE('',#4074);
#3761=PLANE('',#4075);
#3762=PLANE('',#4076);
#3763=PLANE('',#4077);
#3764=PLANE('',#4078);
#3765=PLANE('',#4079);
#3766=PLANE('',#4080);
#3767=PLANE('',#4081);
#3768=PLANE('',#4082);
#3769=PLANE('',#4083);
#3770=PLANE('',#4084);
#3771=PLANE('',#4085);
#3772=PLANE('',#4086);
#3773=PLANE('',#4087);
#3774=PLANE('',#4088);
#3775=PLANE('',#4089);
#3776=PLANE('',#4090);
#3777=PLANE('',#4091);
#3778=PLANE('',#4092);
#3779=PLANE('',#4093);
#3780=PLANE('',#4094);
#3781=PLANE('',#4095);
#3782=PLANE('',#4096);
#3783=PLANE('',#4097);
#3784=PLANE('',#4098);
#3785=PLANE('',#4099);
#3786=PLANE('',#4100);
#3787=PLANE('',#4101);
#3788=PLANE('',#4102);
#3789=PLANE('',#4106);
#3790=PLANE('',#4110);
#3791=PLANE('',#4113);
#3792=PLANE('',#4120);
#3793=PLANE('',#4121);
#3794=PLANE('',#4122);
#3795=PLANE('',#4123);
#3796=PLANE('',#4124);
#3797=PLANE('',#4125);
#3798=PLANE('',#4132);
#3799=PLANE('',#4136);
#3800=PLANE('',#4151);
#3801=ADVANCED_FACE('',(#439),#3718,.F.);
#3802=ADVANCED_FACE('',(#440),#3719,.T.);
#3803=ADVANCED_FACE('',(#441),#3720,.T.);
#3804=ADVANCED_FACE('',(#442),#3721,.T.);
#3805=ADVANCED_FACE('',(#443),#3722,.T.);
#3806=ADVANCED_FACE('',(#444),#3723,.F.);
#3807=ADVANCED_FACE('',(#445),#3724,.F.);
#3808=ADVANCED_FACE('',(#446),#3725,.F.);
#3809=ADVANCED_FACE('',(#447),#3726,.F.);
#3810=ADVANCED_FACE('',(#448),#3727,.F.);
#3811=ADVANCED_FACE('',(#449),#3728,.F.);
#3812=ADVANCED_FACE('',(#450),#3729,.F.);
#3813=ADVANCED_FACE('',(#451),#3730,.F.);
#3814=ADVANCED_FACE('',(#452),#318,.F.);
#3815=ADVANCED_FACE('',(#453),#319,.F.);
#3816=ADVANCED_FACE('',(#454),#320,.F.);
#3817=ADVANCED_FACE('',(#455),#321,.F.);
#3818=ADVANCED_FACE('',(#456),#322,.F.);
#3819=ADVANCED_FACE('',(#457),#3731,.F.);
#3820=ADVANCED_FACE('',(#458),#3732,.F.);
#3821=ADVANCED_FACE('',(#459),#3733,.F.);
#3822=ADVANCED_FACE('',(#460),#3734,.F.);
#3823=ADVANCED_FACE('',(#461),#323,.F.);
#3824=ADVANCED_FACE('',(#462),#324,.F.);
#3825=ADVANCED_FACE('',(#463),#325,.F.);
#3826=ADVANCED_FACE('',(#464),#326,.F.);
#3827=ADVANCED_FACE('',(#465),#327,.F.);
#3828=ADVANCED_FACE('',(#466),#328,.F.);
#3829=ADVANCED_FACE('',(#467),#3735,.F.);
#3830=ADVANCED_FACE('',(#468),#3736,.F.);
#3831=ADVANCED_FACE('',(#469),#3737,.F.);
#3832=ADVANCED_FACE('',(#470,#54),#3738,.T.);
#3833=ADVANCED_FACE('',(#471),#329,.F.);
#3834=ADVANCED_FACE('',(#472),#330,.F.);
#3835=ADVANCED_FACE('',(#473),#331,.F.);
#3836=ADVANCED_FACE('',(#474),#332,.F.);
#3837=ADVANCED_FACE('',(#475),#333,.F.);
#3838=ADVANCED_FACE('',(#476),#334,.F.);
#3839=ADVANCED_FACE('',(#477),#335,.F.);
#3840=ADVANCED_FACE('',(#478),#336,.F.);
#3841=ADVANCED_FACE('',(#479),#337,.F.);
#3842=ADVANCED_FACE('',(#480),#338,.F.);
#3843=ADVANCED_FACE('',(#481),#339,.F.);
#3844=ADVANCED_FACE('',(#482),#340,.F.);
#3845=ADVANCED_FACE('',(#483),#341,.F.);
#3846=ADVANCED_FACE('',(#484),#342,.F.);
#3847=ADVANCED_FACE('',(#485),#3739,.F.);
#3848=ADVANCED_FACE('',(#486),#343,.F.);
#3849=ADVANCED_FACE('',(#487),#344,.F.);
#3850=ADVANCED_FACE('',(#488),#345,.F.);
#3851=ADVANCED_FACE('',(#489),#346,.F.);
#3852=ADVANCED_FACE('',(#490),#347,.F.);
#3853=ADVANCED_FACE('',(#491),#348,.F.);
#3854=ADVANCED_FACE('',(#492),#349,.F.);
#3855=ADVANCED_FACE('',(#493),#350,.F.);
#3856=ADVANCED_FACE('',(#494),#351,.F.);
#3857=ADVANCED_FACE('',(#495),#352,.F.);
#3858=ADVANCED_FACE('',(#496),#353,.F.);
#3859=ADVANCED_FACE('',(#497),#354,.F.);
#3860=ADVANCED_FACE('',(#498),#355,.F.);
#3861=ADVANCED_FACE('',(#499),#356,.F.);
#3862=ADVANCED_FACE('',(#500),#357,.F.);
#3863=ADVANCED_FACE('',(#501),#358,.F.);
#3864=ADVANCED_FACE('',(#502),#359,.F.);
#3865=ADVANCED_FACE('',(#503),#360,.F.);
#3866=ADVANCED_FACE('',(#504),#3740,.F.);
#3867=ADVANCED_FACE('',(#505),#361,.F.);
#3868=ADVANCED_FACE('',(#506),#3741,.T.);
#3869=ADVANCED_FACE('',(#507),#362,.F.);
#3870=ADVANCED_FACE('',(#508),#363,.F.);
#3871=ADVANCED_FACE('',(#509),#364,.F.);
#3872=ADVANCED_FACE('',(#510),#365,.F.);
#3873=ADVANCED_FACE('',(#511),#366,.F.);
#3874=ADVANCED_FACE('',(#512),#367,.F.);
#3875=ADVANCED_FACE('',(#513),#368,.F.);
#3876=ADVANCED_FACE('',(#514),#369,.F.);
#3877=ADVANCED_FACE('',(#515),#370,.F.);
#3878=ADVANCED_FACE('',(#516),#371,.F.);
#3879=ADVANCED_FACE('',(#517),#372,.F.);
#3880=ADVANCED_FACE('',(#518),#373,.F.);
#3881=ADVANCED_FACE('',(#519),#374,.F.);
#3882=ADVANCED_FACE('',(#520),#375,.F.);
#3883=ADVANCED_FACE('',(#521),#376,.F.);
#3884=ADVANCED_FACE('',(#522),#377,.F.);
#3885=ADVANCED_FACE('',(#523),#378,.F.);
#3886=ADVANCED_FACE('',(#524),#379,.F.);
#3887=ADVANCED_FACE('',(#525),#380,.F.);
#3888=ADVANCED_FACE('',(#526),#381,.F.);
#3889=ADVANCED_FACE('',(#527,#55),#3742,.T.);
#3890=ADVANCED_FACE('',(#528),#3743,.F.);
#3891=ADVANCED_FACE('',(#529),#382,.F.);
#3892=ADVANCED_FACE('',(#530),#383,.F.);
#3893=ADVANCED_FACE('',(#531),#384,.F.);
#3894=ADVANCED_FACE('',(#532),#385,.F.);
#3895=ADVANCED_FACE('',(#533),#386,.F.);
#3896=ADVANCED_FACE('',(#534),#3744,.F.);
#3897=ADVANCED_FACE('',(#535),#3745,.F.);
#3898=ADVANCED_FACE('',(#536),#3746,.F.);
#3899=ADVANCED_FACE('',(#537),#3747,.F.);
#3900=ADVANCED_FACE('',(#538),#387,.F.);
#3901=ADVANCED_FACE('',(#539),#388,.F.);
#3902=ADVANCED_FACE('',(#540),#389,.F.);
#3903=ADVANCED_FACE('',(#541),#390,.F.);
#3904=ADVANCED_FACE('',(#542),#391,.F.);
#3905=ADVANCED_FACE('',(#543),#392,.F.);
#3906=ADVANCED_FACE('',(#544),#3748,.F.);
#3907=ADVANCED_FACE('',(#545),#3749,.F.);
#3908=ADVANCED_FACE('',(#546),#3750,.F.);
#3909=ADVANCED_FACE('',(#547,#56),#3751,.T.);
#3910=ADVANCED_FACE('',(#548),#393,.F.);
#3911=ADVANCED_FACE('',(#549),#394,.F.);
#3912=ADVANCED_FACE('',(#550),#395,.F.);
#3913=ADVANCED_FACE('',(#551),#396,.F.);
#3914=ADVANCED_FACE('',(#552),#397,.F.);
#3915=ADVANCED_FACE('',(#553),#398,.F.);
#3916=ADVANCED_FACE('',(#554),#399,.F.);
#3917=ADVANCED_FACE('',(#555),#400,.F.);
#3918=ADVANCED_FACE('',(#556),#401,.F.);
#3919=ADVANCED_FACE('',(#557),#3752,.F.);
#3920=ADVANCED_FACE('',(#558),#402,.F.);
#3921=ADVANCED_FACE('',(#559),#403,.F.);
#3922=ADVANCED_FACE('',(#560),#404,.F.);
#3923=ADVANCED_FACE('',(#561),#405,.F.);
#3924=ADVANCED_FACE('',(#562),#406,.F.);
#3925=ADVANCED_FACE('',(#563),#407,.F.);
#3926=ADVANCED_FACE('',(#564),#408,.F.);
#3927=ADVANCED_FACE('',(#565),#409,.F.);
#3928=ADVANCED_FACE('',(#566),#410,.F.);
#3929=ADVANCED_FACE('',(#567),#411,.F.);
#3930=ADVANCED_FACE('',(#568),#3753,.F.);
#3931=ADVANCED_FACE('',(#569),#412,.F.);
#3932=ADVANCED_FACE('',(#570),#3754,.T.);
#3933=ADVANCED_FACE('',(#571),#3755,.F.);
#3934=ADVANCED_FACE('',(#572),#3756,.F.);
#3935=ADVANCED_FACE('',(#573),#3757,.F.);
#3936=ADVANCED_FACE('',(#574),#3758,.F.);
#3937=ADVANCED_FACE('',(#575),#3759,.F.);
#3938=ADVANCED_FACE('',(#576),#3760,.F.);
#3939=ADVANCED_FACE('',(#577),#3761,.F.);
#3940=ADVANCED_FACE('',(#578),#3762,.F.);
#3941=ADVANCED_FACE('',(#579),#3763,.F.);
#3942=ADVANCED_FACE('',(#580),#3764,.F.);
#3943=ADVANCED_FACE('',(#581),#3765,.F.);
#3944=ADVANCED_FACE('',(#582),#3766,.F.);
#3945=ADVANCED_FACE('',(#583),#3767,.F.);
#3946=ADVANCED_FACE('',(#584),#3768,.F.);
#3947=ADVANCED_FACE('',(#585),#3769,.F.);
#3948=ADVANCED_FACE('',(#586),#3770,.F.);
#3949=ADVANCED_FACE('',(#587),#3771,.F.);
#3950=ADVANCED_FACE('',(#588),#3772,.F.);
#3951=ADVANCED_FACE('',(#589),#3773,.F.);
#3952=ADVANCED_FACE('',(#590),#413,.F.);
#3953=ADVANCED_FACE('',(#591),#414,.F.);
#3954=ADVANCED_FACE('',(#592),#415,.F.);
#3955=ADVANCED_FACE('',(#593),#416,.F.);
#3956=ADVANCED_FACE('',(#594),#417,.F.);
#3957=ADVANCED_FACE('',(#595),#418,.F.);
#3958=ADVANCED_FACE('',(#596),#3774,.F.);
#3959=ADVANCED_FACE('',(#597),#3775,.F.);
#3960=ADVANCED_FACE('',(#598),#3776,.F.);
#3961=ADVANCED_FACE('',(#599),#419,.F.);
#3962=ADVANCED_FACE('',(#600),#420,.F.);
#3963=ADVANCED_FACE('',(#601),#421,.F.);
#3964=ADVANCED_FACE('',(#602),#422,.F.);
#3965=ADVANCED_FACE('',(#603),#423,.F.);
#3966=ADVANCED_FACE('',(#604),#424,.F.);
#3967=ADVANCED_FACE('',(#605),#425,.F.);
#3968=ADVANCED_FACE('',(#606),#3777,.F.);
#3969=ADVANCED_FACE('',(#607),#3778,.F.);
#3970=ADVANCED_FACE('',(#608),#426,.F.);
#3971=ADVANCED_FACE('',(#609),#427,.F.);
#3972=ADVANCED_FACE('',(#610),#428,.F.);
#3973=ADVANCED_FACE('',(#611),#429,.F.);
#3974=ADVANCED_FACE('',(#612),#430,.F.);
#3975=ADVANCED_FACE('',(#613),#431,.F.);
#3976=ADVANCED_FACE('',(#614),#432,.F.);
#3977=ADVANCED_FACE('',(#615),#433,.F.);
#3978=ADVANCED_FACE('',(#616),#434,.F.);
#3979=ADVANCED_FACE('',(#617),#435,.F.);
#3980=ADVANCED_FACE('',(#618),#436,.F.);
#3981=ADVANCED_FACE('',(#619),#3779,.F.);
#3982=ADVANCED_FACE('',(#620),#3780,.F.);
#3983=ADVANCED_FACE('',(#621),#3781,.F.);
#3984=ADVANCED_FACE('',(#622,#57,#58),#3782,.T.);
#3985=ADVANCED_FACE('',(#623),#3783,.T.);
#3986=ADVANCED_FACE('',(#624),#3784,.T.);
#3987=ADVANCED_FACE('',(#625),#3785,.T.);
#3988=ADVANCED_FACE('',(#626),#3786,.T.);
#3989=ADVANCED_FACE('',(#627),#3787,.T.);
#3990=ADVANCED_FACE('',(#628),#3788,.T.);
#3991=ADVANCED_FACE('',(#629),#43,.F.);
#3992=ADVANCED_FACE('',(#630),#3789,.T.);
#3993=ADVANCED_FACE('',(#631),#44,.F.);
#3994=ADVANCED_FACE('',(#632,#59,#60,#61),#3790,.T.);
#3995=ADVANCED_FACE('',(#633,#62,#63,#64,#65,#66,#67,#68,#69,#70,#71,#72,
#73,#74,#75),#3791,.T.);
#3996=ADVANCED_FACE('',(#634),#3792,.F.);
#3997=ADVANCED_FACE('',(#635),#3793,.F.);
#3998=ADVANCED_FACE('',(#636),#3794,.F.);
#3999=ADVANCED_FACE('',(#637),#3795,.F.);
#4000=ADVANCED_FACE('',(#638),#3796,.T.);
#4001=ADVANCED_FACE('',(#639),#3797,.F.);
#4002=ADVANCED_FACE('',(#640),#15,.F.);
#4003=ADVANCED_FACE('',(#641),#16,.F.);
#4004=ADVANCED_FACE('',(#642),#3798,.T.);
#4005=ADVANCED_FACE('',(#643),#45,.T.);
#4006=ADVANCED_FACE('',(#644),#3799,.T.);
#4007=ADVANCED_FACE('',(#645),#46,.T.);
#4008=ADVANCED_FACE('',(#646),#47,.T.);
#4009=ADVANCED_FACE('',(#647),#437,.F.);
#4010=ADVANCED_FACE('',(#648),#48,.T.);
#4011=ADVANCED_FACE('',(#649),#438,.F.);
#4012=ADVANCED_FACE('',(#650),#49,.T.);
#4013=ADVANCED_FACE('',(#651),#50,.F.);
#4014=ADVANCED_FACE('',(#652),#51,.F.);
#4015=ADVANCED_FACE('',(#653,#76,#77,#78,#79),#3800,.F.);
#4016=ADVANCED_FACE('',(#654),#52,.F.);
#4017=ADVANCED_FACE('',(#655),#53,.F.);
#4018=CLOSED_SHELL('',(#3801,#3802,#3803,#3804,#3805,#3806,#3807,#3808,
#3809,#3810,#3811,#3812,#3813,#3814,#3815,#3816,#3817,#3818,#3819,#3820,
#3821,#3822,#3823,#3824,#3825,#3826,#3827,#3828,#3829,#3830,#3831,#3832,
#3833,#3834,#3835,#3836,#3837,#3838,#3839,#3840,#3841,#3842,#3843,#3844,
#3845,#3846,#3847,#3848,#3849,#3850,#3851,#3852,#3853,#3854,#3855,#3856,
#3857,#3858,#3859,#3860,#3861,#3862,#3863,#3864,#3865,#3866,#3867,#3868,
#3869,#3870,#3871,#3872,#3873,#3874,#3875,#3876,#3877,#3878,#3879,#3880,
#3881,#3882,#3883,#3884,#3885,#3886,#3887,#3888,#3889,#3890,#3891,#3892,
#3893,#3894,#3895,#3896,#3897,#3898,#3899,#3900,#3901,#3902,#3903,#3904,
#3905,#3906,#3907,#3908,#3909,#3910,#3911,#3912,#3913,#3914,#3915,#3916,
#3917,#3918,#3919,#3920,#3921,#3922,#3923,#3924,#3925,#3926,#3927,#3928,
#3929,#3930,#3931,#3932,#3933,#3934,#3935,#3936,#3937,#3938,#3939,#3940,
#3941,#3942,#3943,#3944,#3945,#3946,#3947,#3948,#3949,#3950,#3951,#3952,
#3953,#3954,#3955,#3956,#3957,#3958,#3959,#3960,#3961,#3962,#3963,#3964,
#3965,#3966,#3967,#3968,#3969,#3970,#3971,#3972,#3973,#3974,#3975,#3976,
#3977,#3978,#3979,#3980,#3981,#3982,#3983,#3984,#3985,#3986,#3987,#3988,
#3989,#3990,#3991,#3992,#3993,#3994,#3995,#3996,#3997,#3998,#3999,#4000,
#4001,#4002,#4003,#4004,#4005,#4006,#4007,#4008,#4009,#4010,#4011,#4012,
#4013,#4014,#4015,#4016,#4017));
#4019=DERIVED_UNIT_ELEMENT(#4021,1.);
#4020=DERIVED_UNIT_ELEMENT(#8004,-3.);
#4021=(
MASS_UNIT()
NAMED_UNIT(*)
SI_UNIT(.KILO.,.GRAM.)
);
#4022=DERIVED_UNIT((#4019,#4020));
#4023=MEASURE_REPRESENTATION_ITEM('density measure',
POSITIVE_RATIO_MEASURE(7850.),#4022);
#4024=PROPERTY_DEFINITION_REPRESENTATION(#4029,#4026);
#4025=PROPERTY_DEFINITION_REPRESENTATION(#4030,#4027);
#4026=REPRESENTATION('material name',(#4028),#8001);
#4027=REPRESENTATION('density',(#4023),#8001);
#4028=DESCRIPTIVE_REPRESENTATION_ITEM('Steel','Steel');
#4029=PROPERTY_DEFINITION('material property','material name',#8011);
#4030=PROPERTY_DEFINITION('material property','density of part',#8011);
#4031=AXIS2_PLACEMENT_3D('',#4727,#4154,#4155);
#4032=AXIS2_PLACEMENT_3D('',#4728,#4156,#4157);
#4033=AXIS2_PLACEMENT_3D('',#4737,#4162,#4163);
#4034=AXIS2_PLACEMENT_3D('',#4743,#4167,#4168);
#4035=AXIS2_PLACEMENT_3D('',#4747,#4171,#4172);
#4036=AXIS2_PLACEMENT_3D('',#4751,#4175,#4176);
#4037=AXIS2_PLACEMENT_3D('',#4753,#4178,#4179);
#4038=AXIS2_PLACEMENT_3D('',#4762,#4184,#4185);
#4039=AXIS2_PLACEMENT_3D('',#4768,#4189,#4190);
#4040=AXIS2_PLACEMENT_3D('',#4774,#4194,#4195);
#4041=AXIS2_PLACEMENT_3D('',#4780,#4199,#4200);
#4042=AXIS2_PLACEMENT_3D('',#4786,#4204,#4205);
#4043=AXIS2_PLACEMENT_3D('',#4789,#4208,#4209);
#4044=AXIS2_PLACEMENT_3D('',#4790,#4210,#4211);
#4045=AXIS2_PLACEMENT_3D('',#4914,#4221,#4222);
#4046=AXIS2_PLACEMENT_3D('',#4920,#4226,#4227);
#4047=AXIS2_PLACEMENT_3D('',#4923,#4230,#4231);
#4048=AXIS2_PLACEMENT_3D('',#4932,#4236,#4237);
#4049=AXIS2_PLACEMENT_3D('',#5076,#4247,#4248);
#4050=AXIS2_PLACEMENT_3D('',#5082,#4252,#4253);
#4051=AXIS2_PLACEMENT_3D('',#5088,#4257,#4258);
#4052=AXIS2_PLACEMENT_3D('',#5091,#4261,#4262);
#4053=AXIS2_PLACEMENT_3D('',#5417,#4278,#4279);
#4054=AXIS2_PLACEMENT_3D('',#5837,#4301,#4302);
#4055=AXIS2_PLACEMENT_3D('',#5863,#4306,#4307);
#4056=AXIS2_PLACEMENT_3D('',#6324,#4328,#4329);
#4057=AXIS2_PLACEMENT_3D('',#6325,#4330,#4331);
#4058=AXIS2_PLACEMENT_3D('',#6449,#4341,#4342);
#4059=AXIS2_PLACEMENT_3D('',#6455,#4346,#4347);
#4060=AXIS2_PLACEMENT_3D('',#6458,#4350,#4351);
#4061=AXIS2_PLACEMENT_3D('',#6467,#4356,#4357);
#4062=AXIS2_PLACEMENT_3D('',#6611,#4367,#4368);
#4063=AXIS2_PLACEMENT_3D('',#6617,#4372,#4373);
#4064=AXIS2_PLACEMENT_3D('',#6623,#4377,#4378);
#4065=AXIS2_PLACEMENT_3D('',#6626,#4381,#4382);
#4066=AXIS2_PLACEMENT_3D('',#6837,#4393,#4394);
#4067=AXIS2_PLACEMENT_3D('',#7073,#4408,#4409);
#4068=AXIS2_PLACEMENT_3D('',#7099,#4413,#4414);
#4069=AXIS2_PLACEMENT_3D('',#7100,#4415,#4416);
#4070=AXIS2_PLACEMENT_3D('',#7109,#4421,#4422);
#4071=AXIS2_PLACEMENT_3D('',#7115,#4426,#4427);
#4072=AXIS2_PLACEMENT_3D('',#7121,#4431,#4432);
#4073=AXIS2_PLACEMENT_3D('',#7127,#4436,#4437);
#4074=AXIS2_PLACEMENT_3D('',#7133,#4441,#4442);
#4075=AXIS2_PLACEMENT_3D('',#7139,#4446,#4447);
#4076=AXIS2_PLACEMENT_3D('',#7145,#4451,#4452);
#4077=AXIS2_PLACEMENT_3D('',#7151,#4456,#4457);
#4078=AXIS2_PLACEMENT_3D('',#7157,#4461,#4462);
#4079=AXIS2_PLACEMENT_3D('',#7163,#4466,#4467);
#4080=AXIS2_PLACEMENT_3D('',#7169,#4471,#4472);
#4081=AXIS2_PLACEMENT_3D('',#7172,#4475,#4476);
#4082=AXIS2_PLACEMENT_3D('',#7173,#4477,#4478);
#4083=AXIS2_PLACEMENT_3D('',#7182,#4483,#4484);
#4084=AXIS2_PLACEMENT_3D('',#7188,#4488,#4489);
#4085=AXIS2_PLACEMENT_3D('',#7194,#4493,#4494);
#4086=AXIS2_PLACEMENT_3D('',#7197,#4497,#4498);
#4087=AXIS2_PLACEMENT_3D('',#7198,#4499,#4500);
#4088=AXIS2_PLACEMENT_3D('',#7345,#4511,#4512);
#4089=AXIS2_PLACEMENT_3D('',#7351,#4516,#4517);
#4090=AXIS2_PLACEMENT_3D('',#7354,#4520,#4521);
#4091=AXIS2_PLACEMENT_3D('',#7524,#4533,#4534);
#4092=AXIS2_PLACEMENT_3D('',#7530,#4538,#4539);
#4093=AXIS2_PLACEMENT_3D('',#7789,#4554,#4555);
#4094=AXIS2_PLACEMENT_3D('',#7795,#4559,#4560);
#4095=AXIS2_PLACEMENT_3D('',#7801,#4564,#4565);
#4096=AXIS2_PLACEMENT_3D('',#7804,#4568,#4569);
#4097=AXIS2_PLACEMENT_3D('',#7805,#4570,#4571);
#4098=AXIS2_PLACEMENT_3D('',#7806,#4572,#4573);
#4099=AXIS2_PLACEMENT_3D('',#7807,#4574,#4575);
#4100=AXIS2_PLACEMENT_3D('',#7808,#4576,#4577);
#4101=AXIS2_PLACEMENT_3D('',#7809,#4578,#4579);
#4102=AXIS2_PLACEMENT_3D('',#7810,#4580,#4581);
#4103=AXIS2_PLACEMENT_3D('',#7819,#4586,#4587);
#4104=AXIS2_PLACEMENT_3D('',#7821,#4588,#4589);
#4105=AXIS2_PLACEMENT_3D('',#7823,#4590,#4591);
#4106=AXIS2_PLACEMENT_3D('',#7825,#4593,#4594);
#4107=AXIS2_PLACEMENT_3D('',#7831,#4598,#4599);
#4108=AXIS2_PLACEMENT_3D('',#7832,#4600,#4601);
#4109=AXIS2_PLACEMENT_3D('',#7833,#4602,#4603);
#4110=AXIS2_PLACEMENT_3D('',#7834,#4604,#4605);
#4111=AXIS2_PLACEMENT_3D('',#7844,#4610,#4611);
#4112=AXIS2_PLACEMENT_3D('',#7846,#4612,#4613);
#4113=AXIS2_PLACEMENT_3D('',#7847,#4614,#4615);
#4114=AXIS2_PLACEMENT_3D('',#7856,#4619,#4620);
#4115=AXIS2_PLACEMENT_3D('',#7859,#4622,#4623);
#4116=AXIS2_PLACEMENT_3D('',#7861,#4624,#4625);
#4117=AXIS2_PLACEMENT_3D('',#7863,#4626,#4627);
#4118=AXIS2_PLACEMENT_3D('',#7865,#4628,#4629);
#4119=AXIS2_PLACEMENT_3D('',#7867,#4630,#4631);
#4120=AXIS2_PLACEMENT_3D('',#7868,#4632,#4633);
#4121=AXIS2_PLACEMENT_3D('',#7874,#4637,#4638);
#4122=AXIS2_PLACEMENT_3D('',#7878,#4641,#4642);
#4123=AXIS2_PLACEMENT_3D('',#7882,#4645,#4646);
#4124=AXIS2_PLACEMENT_3D('',#7884,#4648,#4649);
#4125=AXIS2_PLACEMENT_3D('',#7893,#4654,#4655);
#4126=AXIS2_PLACEMENT_3D('',#7894,#4656,#4657);
#4127=AXIS2_PLACEMENT_3D('',#7899,#4660,#4661);
#4128=AXIS2_PLACEMENT_3D('',#7900,#4662,#4663);
#4129=AXIS2_PLACEMENT_3D('',#7903,#4665,#4666);
#4130=AXIS2_PLACEMENT_3D('',#7904,#4667,#4668);
#4131=AXIS2_PLACEMENT_3D('',#7907,#4670,#4671);
#4132=AXIS2_PLACEMENT_3D('',#7908,#4672,#4673);
#4133=AXIS2_PLACEMENT_3D('',#7914,#4677,#4678);
#4134=AXIS2_PLACEMENT_3D('',#7916,#4679,#4680);
#4135=AXIS2_PLACEMENT_3D('',#7918,#4681,#4682);
#4136=AXIS2_PLACEMENT_3D('',#7920,#4684,#4685);
#4137=AXIS2_PLACEMENT_3D('',#7926,#4689,#4690);
#4138=AXIS2_PLACEMENT_3D('',#7927,#4691,#4692);
#4139=AXIS2_PLACEMENT_3D('',#7928,#4693,#4694);
#4140=AXIS2_PLACEMENT_3D('',#7929,#4695,#4696);
#4141=AXIS2_PLACEMENT_3D('',#7930,#4697,#4698);
#4142=AXIS2_PLACEMENT_3D('',#7956,#4699,#4700);
#4143=AXIS2_PLACEMENT_3D('',#7957,#4701,#4702);
#4144=AXIS2_PLACEMENT_3D('',#7958,#4703,#4704);
#4145=AXIS2_PLACEMENT_3D('',#7984,#4705,#4706);
#4146=AXIS2_PLACEMENT_3D('',#7985,#4707,#4708);
#4147=AXIS2_PLACEMENT_3D('',#7986,#4709,#4710);
#4148=AXIS2_PLACEMENT_3D('',#7989,#4712,#4713);
#4149=AXIS2_PLACEMENT_3D('',#7990,#4714,#4715);
#4150=AXIS2_PLACEMENT_3D('',#7993,#4717,#4718);
#4151=AXIS2_PLACEMENT_3D('',#7994,#4719,#4720);
#4152=AXIS2_PLACEMENT_3D('',#7995,#4721,#4722);
#4153=AXIS2_PLACEMENT_3D('',#7997,#4724,#4725);
#4154=DIRECTION('axis',(0.,0.,1.));
#4155=DIRECTION('refdir',(1.,0.,0.));
#4156=DIRECTION('center_axis',(0.,1.,0.));
#4157=DIRECTION('ref_axis',(0.,0.,1.));
#4158=DIRECTION('',(-1.,0.,0.));
#4159=DIRECTION('',(0.,0.,-1.));
#4160=DIRECTION('',(1.,0.,0.));
#4161=DIRECTION('',(0.,0.,1.));
#4162=DIRECTION('center_axis',(-1.,0.,0.));
#4163=DIRECTION('ref_axis',(0.,0.,-1.));
#4164=DIRECTION('',(0.,-1.,0.));
#4165=DIRECTION('',(0.,-1.0560192573106E-32,1.));
#4166=DIRECTION('',(0.,-1.,0.));
#4167=DIRECTION('center_axis',(0.,0.,1.));
#4168=DIRECTION('ref_axis',(-1.,0.,0.));
#4169=DIRECTION('',(0.,-1.,0.));
#4170=DIRECTION('',(1.,7.60942069395212E-17,0.));
#4171=DIRECTION('center_axis',(1.,0.,0.));
#4172=DIRECTION('ref_axis',(0.,0.,1.));
#4173=DIRECTION('',(0.,-1.,0.));
#4174=DIRECTION('',(0.,1.0560192573106E-32,-1.));
#4175=DIRECTION('center_axis',(0.,0.,-1.));
#4176=DIRECTION('ref_axis',(1.,0.,0.));
#4177=DIRECTION('',(-1.,-7.60942069395212E-17,0.));
#4178=DIRECTION('center_axis',(-1.,0.,1.67121992325372E-63));
#4179=DIRECTION('ref_axis',(-1.67121992325372E-63,1.0560192573106E-32,-1.));
#4180=DIRECTION('',(-1.67121992325372E-63,1.0560192573106E-32,-1.));
#4181=DIRECTION('',(0.,-1.,0.));
#4182=DIRECTION('',(-1.67121992325372E-63,1.0560192573106E-32,-1.));
#4183=DIRECTION('',(0.,-1.,0.));
#4184=DIRECTION('center_axis',(-8.03569478979121E-49,0.,1.));
#4185=DIRECTION('ref_axis',(-1.,-7.60942069395212E-17,-8.03569478979121E-49));
#4186=DIRECTION('',(-1.,-7.60942069395212E-17,-8.03569478979121E-49));
#4187=DIRECTION('',(0.,-1.,0.));
#4188=DIRECTION('',(-1.,-7.60942069395212E-17,-8.03569478979121E-49));
#4189=DIRECTION('center_axis',(-1.,0.,1.67121992325372E-63));
#4190=DIRECTION('ref_axis',(-1.67121992325372E-63,1.0560192573106E-32,-1.));
#4191=DIRECTION('',(-1.67121992325372E-63,1.0560192573106E-32,-1.));
#4192=DIRECTION('',(0.,-1.,0.));
#4193=DIRECTION('',(-1.67121992325372E-63,1.0560192573106E-32,-1.));
#4194=DIRECTION('center_axis',(-8.03569478979121E-49,0.,1.));
#4195=DIRECTION('ref_axis',(-1.,-7.60942069395212E-17,-8.03569478979121E-49));
#4196=DIRECTION('',(-1.,-7.60942069395212E-17,-8.03569478979121E-49));
#4197=DIRECTION('',(0.,-1.,0.));
#4198=DIRECTION('',(-1.,-7.60942069395212E-17,-8.03569478979121E-49));
#4199=DIRECTION('center_axis',(1.,0.,-1.67121992325372E-63));
#4200=DIRECTION('ref_axis',(1.67121992325372E-63,-1.0560192573106E-32,1.));
#4201=DIRECTION('',(1.67121992325372E-63,-1.0560192573106E-32,1.));
#4202=DIRECTION('',(0.,-1.,0.));
#4203=DIRECTION('',(1.67121992325372E-63,-1.0560192573106E-32,1.));
#4204=DIRECTION('center_axis',(8.03569478979121E-49,0.,-1.));
#4205=DIRECTION('ref_axis',(1.,7.60942069395212E-17,8.03569478979121E-49));
#4206=DIRECTION('',(1.,7.60942069395212E-17,8.03569478979121E-49));
#4207=DIRECTION('',(1.,7.60942069395212E-17,8.03569478979121E-49));
#4208=DIRECTION('center_axis',(0.,-1.,0.));
#4209=DIRECTION('ref_axis',(0.,0.,-1.));
#4210=DIRECTION('center_axis',(8.03569478979121E-49,0.,-1.));
#4211=DIRECTION('ref_axis',(1.,7.60942069395212E-17,8.03569478979121E-49));
#4212=DIRECTION('',(1.,7.60942069395212E-17,8.03569478979121E-49));
#4213=DIRECTION('',(0.,-1.,0.));
#4214=DIRECTION('',(1.,7.60942069395212E-17,8.03569478979121E-49));
#4215=DIRECTION('',(0.,-1.,0.));
#4216=DIRECTION('',(0.,-1.,0.));
#4217=DIRECTION('',(0.,-1.,0.));
#4218=DIRECTION('',(0.,-1.,0.));
#4219=DIRECTION('',(0.,-1.,0.));
#4220=DIRECTION('',(0.,-1.,0.));
#4221=DIRECTION('center_axis',(-8.03569478979121E-49,0.,1.));
#4222=DIRECTION('ref_axis',(-1.,-7.60942069395212E-17,-8.03569478979121E-49));
#4223=DIRECTION('',(-1.,-7.60942069395212E-17,-8.03569478979121E-49));
#4224=DIRECTION('',(0.,-1.,0.));
#4225=DIRECTION('',(-1.,-7.60942069395212E-17,-8.03569478979121E-49));
#4226=DIRECTION('center_axis',(-1.,0.,1.67121992325372E-63));
#4227=DIRECTION('ref_axis',(-1.67121992325372E-63,1.0560192573106E-32,-1.));
#4228=DIRECTION('',(-1.67121992325372E-63,1.0560192573106E-32,-1.));
#4229=DIRECTION('',(-1.67121992325372E-63,1.0560192573106E-32,-1.));
#4230=DIRECTION('center_axis',(-1.,0.,1.67121992325372E-63));
#4231=DIRECTION('ref_axis',(-1.67121992325372E-63,1.0560192573106E-32,-1.));
#4232=DIRECTION('',(-1.67121992325372E-63,1.0560192573106E-32,-1.));
#4233=DIRECTION('',(0.,-1.,0.));
#4234=DIRECTION('',(-1.67121992325372E-63,1.0560192573106E-32,-1.));
#4235=DIRECTION('',(0.,-1.,0.));
#4236=DIRECTION('center_axis',(8.03569478979121E-49,0.,-1.));
#4237=DIRECTION('ref_axis',(1.,7.60942069395212E-17,8.03569478979121E-49));
#4238=DIRECTION('',(1.,7.60942069395212E-17,8.03569478979121E-49));
#4239=DIRECTION('',(0.,-1.,0.));
#4240=DIRECTION('',(1.,7.60942069395212E-17,8.03569478979121E-49));
#4241=DIRECTION('',(0.,-1.,0.));
#4242=DIRECTION('',(0.,-1.,0.));
#4243=DIRECTION('',(0.,-1.,0.));
#4244=DIRECTION('',(0.,-1.,0.));
#4245=DIRECTION('',(0.,-1.,0.));
#4246=DIRECTION('',(0.,-1.,0.));
#4247=DIRECTION('center_axis',(-8.03569478979121E-49,0.,1.));
#4248=DIRECTION('ref_axis',(-1.,-7.60942069395212E-17,-8.03569478979121E-49));
#4249=DIRECTION('',(-1.,-7.60942069395212E-17,-8.03569478979121E-49));
#4250=DIRECTION('',(0.,-1.,0.));
#4251=DIRECTION('',(-1.,-7.60942069395212E-17,-8.03569478979121E-49));
#4252=DIRECTION('center_axis',(1.,0.,-1.67121992325372E-63));
#4253=DIRECTION('ref_axis',(1.67121992325372E-63,-1.0560192573106E-32,1.));
#4254=DIRECTION('',(1.67121992325372E-63,-1.0560192573106E-32,1.));
#4255=DIRECTION('',(0.,-1.,0.));
#4256=DIRECTION('',(1.67121992325372E-63,-1.0560192573106E-32,1.));
#4257=DIRECTION('center_axis',(8.03569478979121E-49,0.,-1.));
#4258=DIRECTION('ref_axis',(1.,7.60942069395212E-17,8.03569478979121E-49));
#4259=DIRECTION('',(1.,7.60942069395212E-17,8.03569478979121E-49));
#4260=DIRECTION('',(1.,7.60942069395212E-17,8.03569478979121E-49));
#4261=DIRECTION('center_axis',(-7.60942069395212E-17,1.,1.0560192573106E-32));
#4262=DIRECTION('ref_axis',(-1.,-7.60942069395212E-17,-8.03569478979121E-49));
#4263=DIRECTION('',(0.,-1.,0.));
#4264=DIRECTION('',(0.,-1.,0.));
#4265=DIRECTION('',(0.,-1.,0.));
#4266=DIRECTION('',(0.,-1.,0.));
#4267=DIRECTION('',(0.,-1.,0.));
#4268=DIRECTION('',(0.,-1.,0.));
#4269=DIRECTION('',(0.,-1.,0.));
#4270=DIRECTION('',(0.,-1.,0.));
#4271=DIRECTION('',(0.,-1.,0.));
#4272=DIRECTION('',(0.,-1.,0.));
#4273=DIRECTION('',(0.,-1.,0.));
#4274=DIRECTION('',(0.,-1.,0.));
#4275=DIRECTION('',(0.,-1.,0.));
#4276=DIRECTION('',(0.,-1.,0.));
#4277=DIRECTION('',(0.,-1.,0.));
#4278=DIRECTION('center_axis',(-0.0750564842488411,0.,-0.997179283866348));
#4279=DIRECTION('ref_axis',(0.997179283866348,7.58795667823295E-17,-0.0750564842488411));
#4280=DIRECTION('',(0.997179283866348,7.58795667823295E-17,-0.0750564842488411));
#4281=DIRECTION('',(0.,-1.,0.));
#4282=DIRECTION('',(0.997179283866348,7.58795667823295E-17,-0.0750564842488411));
#4283=DIRECTION('',(0.,-1.,0.));
#4284=DIRECTION('',(0.,-1.,0.));
#4285=DIRECTION('',(0.,-1.,0.));
#4286=DIRECTION('',(0.,-1.,0.));
#4287=DIRECTION('',(0.,-1.,0.));
#4288=DIRECTION('',(0.,-1.,0.));
#4289=DIRECTION('',(0.,-1.,0.));
#4290=DIRECTION('',(0.,-1.,0.));
#4291=DIRECTION('',(0.,-1.,0.));
#4292=DIRECTION('',(0.,-1.,0.));
#4293=DIRECTION('',(0.,-1.,0.));
#4294=DIRECTION('',(0.,-1.,0.));
#4295=DIRECTION('',(0.,-1.,0.));
#4296=DIRECTION('',(0.,-1.,0.));
#4297=DIRECTION('',(0.,-1.,0.));
#4298=DIRECTION('',(0.,-1.,0.));
#4299=DIRECTION('',(0.,-1.,0.));
#4300=DIRECTION('',(0.,-1.,0.));
#4301=DIRECTION('center_axis',(0.0871000354841618,0.,0.996199570276286));
#4302=DIRECTION('ref_axis',(-0.996199570276286,-7.58050162536658E-17,0.0871000354841618));
#4303=DIRECTION('',(-0.996199570276286,-7.58050162536658E-17,0.0871000354841618));
#4304=DIRECTION('',(0.,-1.,0.));
#4305=DIRECTION('',(-0.996199570276286,-7.58050162536658E-17,0.0871000354841618));
#4306=DIRECTION('center_axis',(-7.60942069395212E-17,1.,1.0560192573106E-32));
#4307=DIRECTION('ref_axis',(-1.,-7.60942069395212E-17,-8.03569478979121E-49));
#4308=DIRECTION('',(0.,-1.,0.));
#4309=DIRECTION('',(0.,-1.,0.));
#4310=DIRECTION('',(0.,-1.,0.));
#4311=DIRECTION('',(0.,-1.,0.));
#4312=DIRECTION('',(0.,-1.,0.));
#4313=DIRECTION('',(0.,-1.,0.));
#4314=DIRECTION('',(0.,-1.,0.));
#4315=DIRECTION('',(0.,-1.,0.));
#4316=DIRECTION('',(0.,-1.,0.));
#4317=DIRECTION('',(0.,-1.,0.));
#4318=DIRECTION('',(0.,-1.,0.));
#4319=DIRECTION('',(0.,-1.,0.));
#4320=DIRECTION('',(0.,-1.,0.));
#4321=DIRECTION('',(0.,-1.,0.));
#4322=DIRECTION('',(0.,-1.,0.));
#4323=DIRECTION('',(0.,-1.,0.));
#4324=DIRECTION('',(0.,-1.,0.));
#4325=DIRECTION('',(0.,-1.,0.));
#4326=DIRECTION('',(0.,-1.,0.));
#4327=DIRECTION('',(0.,-1.,0.));
#4328=DIRECTION('center_axis',(-7.60942069395212E-17,1.,1.0560192573106E-32));
#4329=DIRECTION('ref_axis',(-1.,-7.60942069395212E-17,-8.03569478979121E-49));
#4330=DIRECTION('center_axis',(8.03569478979121E-49,0.,-1.));
#4331=DIRECTION('ref_axis',(1.,7.60942069395212E-17,8.03569478979121E-49));
#4332=DIRECTION('',(1.,7.60942069395212E-17,8.03569478979121E-49));
#4333=DIRECTION('',(0.,-1.,0.));
#4334=DIRECTION('',(1.,7.60942069395212E-17,8.03569478979121E-49));
#4335=DIRECTION('',(0.,-1.,0.));
#4336=DIRECTION('',(0.,-1.,0.));
#4337=DIRECTION('',(0.,-1.,0.));
#4338=DIRECTION('',(0.,-1.,0.));
#4339=DIRECTION('',(0.,-1.,0.));
#4340=DIRECTION('',(0.,-1.,0.));
#4341=DIRECTION('center_axis',(-8.03569478979121E-49,0.,1.));
#4342=DIRECTION('ref_axis',(-1.,-7.60942069395212E-17,-8.03569478979121E-49));
#4343=DIRECTION('',(-1.,-7.60942069395212E-17,-8.03569478979121E-49));
#4344=DIRECTION('',(0.,-1.,0.));
#4345=DIRECTION('',(-1.,-7.60942069395212E-17,-8.03569478979121E-49));
#4346=DIRECTION('center_axis',(-1.,0.,1.67121992325372E-63));
#4347=DIRECTION('ref_axis',(-1.67121992325372E-63,1.0560192573106E-32,-1.));
#4348=DIRECTION('',(-1.67121992325372E-63,1.0560192573106E-32,-1.));
#4349=DIRECTION('',(-1.67121992325372E-63,1.0560192573106E-32,-1.));
#4350=DIRECTION('center_axis',(-1.,0.,1.67121992325372E-63));
#4351=DIRECTION('ref_axis',(-1.67121992325372E-63,1.0560192573106E-32,-1.));
#4352=DIRECTION('',(-1.67121992325372E-63,1.0560192573106E-32,-1.));
#4353=DIRECTION('',(0.,-1.,0.));
#4354=DIRECTION('',(-1.67121992325372E-63,1.0560192573106E-32,-1.));
#4355=DIRECTION('',(0.,-1.,0.));
#4356=DIRECTION('center_axis',(8.03569478979121E-49,0.,-1.));
#4357=DIRECTION('ref_axis',(1.,7.60942069395212E-17,8.03569478979121E-49));
#4358=DIRECTION('',(1.,7.60942069395212E-17,8.03569478979121E-49));
#4359=DIRECTION('',(0.,-1.,0.));
#4360=DIRECTION('',(1.,7.60942069395212E-17,8.03569478979121E-49));
#4361=DIRECTION('',(0.,-1.,0.));
#4362=DIRECTION('',(0.,-1.,0.));
#4363=DIRECTION('',(0.,-1.,0.));
#4364=DIRECTION('',(0.,-1.,0.));
#4365=DIRECTION('',(0.,-1.,0.));
#4366=DIRECTION('',(0.,-1.,0.));
#4367=DIRECTION('center_axis',(-8.03569478979121E-49,0.,1.));
#4368=DIRECTION('ref_axis',(-1.,-7.60942069395212E-17,-8.03569478979121E-49));
#4369=DIRECTION('',(-1.,-7.60942069395212E-17,-8.03569478979121E-49));
#4370=DIRECTION('',(0.,-1.,0.));
#4371=DIRECTION('',(-1.,-7.60942069395212E-17,-8.03569478979121E-49));
#4372=DIRECTION('center_axis',(1.,0.,-1.67121992325372E-63));
#4373=DIRECTION('ref_axis',(1.67121992325372E-63,-1.0560192573106E-32,1.));
#4374=DIRECTION('',(1.67121992325372E-63,-1.0560192573106E-32,1.));
#4375=DIRECTION('',(0.,-1.,0.));
#4376=DIRECTION('',(1.67121992325372E-63,-1.0560192573106E-32,1.));
#4377=DIRECTION('center_axis',(8.03569478979121E-49,0.,-1.));
#4378=DIRECTION('ref_axis',(1.,7.60942069395212E-17,8.03569478979121E-49));
#4379=DIRECTION('',(1.,7.60942069395212E-17,8.03569478979121E-49));
#4380=DIRECTION('',(1.,7.60942069395212E-17,8.03569478979121E-49));
#4381=DIRECTION('center_axis',(-7.60942069395212E-17,1.,1.0560192573106E-32));
#4382=DIRECTION('ref_axis',(-1.,-7.60942069395212E-17,-8.03569478979121E-49));
#4383=DIRECTION('',(0.,-1.,0.));
#4384=DIRECTION('',(0.,-1.,0.));
#4385=DIRECTION('',(0.,-1.,0.));
#4386=DIRECTION('',(0.,-1.,0.));
#4387=DIRECTION('',(0.,-1.,0.));
#4388=DIRECTION('',(0.,-1.,0.));
#4389=DIRECTION('',(0.,-1.,0.));
#4390=DIRECTION('',(0.,-1.,0.));
#4391=DIRECTION('',(0.,-1.,0.));
#4392=DIRECTION('',(0.,-1.,0.));
#4393=DIRECTION('center_axis',(-0.229324008040685,0.,-0.973350142207909));
#4394=DIRECTION('ref_axis',(0.973350142207909,7.4066307145781E-17,-0.229324008040685));
#4395=DIRECTION('',(0.973350142207909,7.4066307145781E-17,-0.229324008040685));
#4396=DIRECTION('',(0.,-1.,0.));
#4397=DIRECTION('',(0.973350142207909,7.4066307145781E-17,-0.229324008040685));
#4398=DIRECTION('',(0.,-1.,0.));
#4399=DIRECTION('',(0.,-1.,0.));
#4400=DIRECTION('',(0.,-1.,0.));
#4401=DIRECTION('',(0.,-1.,0.));
#4402=DIRECTION('',(0.,-1.,0.));
#4403=DIRECTION('',(0.,-1.,0.));
#4404=DIRECTION('',(0.,-1.,0.));
#4405=DIRECTION('',(0.,-1.,0.));
#4406=DIRECTION('',(0.,-1.,0.));
#4407=DIRECTION('',(0.,-1.,0.));
#4408=DIRECTION('center_axis',(-0.244885898475087,0.,0.969551905123212));
#4409=DIRECTION('ref_axis',(-0.969551905123212,-7.37772833070527E-17,-0.244885898475087));
#4410=DIRECTION('',(-0.969551905123212,-7.37772833070527E-17,-0.244885898475087));
#4411=DIRECTION('',(0.,-1.,0.));
#4412=DIRECTION('',(-0.969551905123212,-7.37772833070527E-17,-0.244885898475087));
#4413=DIRECTION('center_axis',(-7.60942069395212E-17,1.,1.0560192573106E-32));
#4414=DIRECTION('ref_axis',(-1.,-7.60942069395212E-17,-8.03569478979121E-49));
#4415=DIRECTION('center_axis',(-1.,0.,1.67121992325372E-63));
#4416=DIRECTION('ref_axis',(-1.67121992325372E-63,1.0560192573106E-32,-1.));
#4417=DIRECTION('',(-1.67121992325372E-63,1.0560192573106E-32,-1.));
#4418=DIRECTION('',(0.,-1.,0.));
#4419=DIRECTION('',(-1.67121992325372E-63,1.0560192573106E-32,-1.));
#4420=DIRECTION('',(0.,-1.,0.));
#4421=DIRECTION('center_axis',(-8.03569478979121E-49,0.,1.));
#4422=DIRECTION('ref_axis',(-1.,-7.60942069395212E-17,-8.03569478979121E-49));
#4423=DIRECTION('',(-1.,-7.60942069395212E-17,-8.03569478979121E-49));
#4424=DIRECTION('',(0.,-1.,0.));
#4425=DIRECTION('',(-1.,-7.60942069395212E-17,-8.03569478979121E-49));
#4426=DIRECTION('center_axis',(-1.,0.,1.67121992325372E-63));
#4427=DIRECTION('ref_axis',(-1.67121992325372E-63,1.0560192573106E-32,-1.));
#4428=DIRECTION('',(-1.67121992325372E-63,1.0560192573106E-32,-1.));
#4429=DIRECTION('',(0.,-1.,0.));
#4430=DIRECTION('',(-1.67121992325372E-63,1.0560192573106E-32,-1.));
#4431=DIRECTION('center_axis',(8.03569478979121E-49,0.,-1.));
#4432=DIRECTION('ref_axis',(1.,7.60942069395212E-17,8.03569478979121E-49));
#4433=DIRECTION('',(1.,7.60942069395212E-17,8.03569478979121E-49));
#4434=DIRECTION('',(0.,-1.,0.));
#4435=DIRECTION('',(1.,7.60942069395212E-17,8.03569478979121E-49));
#4436=DIRECTION('center_axis',(-1.,0.,1.67121992325372E-63));
#4437=DIRECTION('ref_axis',(-1.67121992325372E-63,1.0560192573106E-32,-1.));
#4438=DIRECTION('',(-1.67121992325372E-63,1.0560192573106E-32,-1.));
#4439=DIRECTION('',(0.,-1.,0.));
#4440=DIRECTION('',(-1.67121992325372E-63,1.0560192573106E-32,-1.));
#4441=DIRECTION('center_axis',(-8.03569478979121E-49,0.,1.));
#4442=DIRECTION('ref_axis',(-1.,-7.60942069395212E-17,-8.03569478979121E-49));
#4443=DIRECTION('',(-1.,-7.60942069395212E-17,-8.03569478979121E-49));
#4444=DIRECTION('',(0.,-1.,0.));
#4445=DIRECTION('',(-1.,-7.60942069395212E-17,-8.03569478979121E-49));
#4446=DIRECTION('center_axis',(-1.,0.,1.67121992325372E-63));
#4447=DIRECTION('ref_axis',(-1.67121992325372E-63,1.0560192573106E-32,-1.));
#4448=DIRECTION('',(-1.67121992325372E-63,1.0560192573106E-32,-1.));
#4449=DIRECTION('',(0.,-1.,0.));
#4450=DIRECTION('',(-1.67121992325372E-63,1.0560192573106E-32,-1.));
#4451=DIRECTION('center_axis',(8.03569478979121E-49,0.,-1.));
#4452=DIRECTION('ref_axis',(1.,7.60942069395212E-17,8.03569478979121E-49));
#4453=DIRECTION('',(1.,7.60942069395212E-17,8.03569478979121E-49));
#4454=DIRECTION('',(0.,-1.,0.));
#4455=DIRECTION('',(1.,7.60942069395212E-17,8.03569478979121E-49));
#4456=DIRECTION('center_axis',(-1.,0.,1.67121992325372E-63));
#4457=DIRECTION('ref_axis',(-1.67121992325372E-63,1.0560192573106E-32,-1.));
#4458=DIRECTION('',(-1.67121992325372E-63,1.0560192573106E-32,-1.));
#4459=DIRECTION('',(0.,-1.,0.));
#4460=DIRECTION('',(-1.67121992325372E-63,1.0560192573106E-32,-1.));
#4461=DIRECTION('center_axis',(-8.03569478979121E-49,0.,1.));
#4462=DIRECTION('ref_axis',(-1.,-7.60942069395212E-17,-8.03569478979121E-49));
#4463=DIRECTION('',(-1.,-7.60942069395212E-17,-8.03569478979121E-49));
#4464=DIRECTION('',(0.,-1.,0.));
#4465=DIRECTION('',(-1.,-7.60942069395212E-17,-8.03569478979121E-49));
#4466=DIRECTION('center_axis',(1.,0.,-1.67121992325372E-63));
#4467=DIRECTION('ref_axis',(1.67121992325372E-63,-1.0560192573106E-32,1.));
#4468=DIRECTION('',(1.67121992325372E-63,-1.0560192573106E-32,1.));
#4469=DIRECTION('',(0.,-1.,0.));
#4470=DIRECTION('',(1.67121992325372E-63,-1.0560192573106E-32,1.));
#4471=DIRECTION('center_axis',(8.03569478979121E-49,0.,-1.));
#4472=DIRECTION('ref_axis',(1.,7.60942069395212E-17,8.03569478979121E-49));
#4473=DIRECTION('',(1.,7.60942069395212E-17,8.03569478979121E-49));
#4474=DIRECTION('',(1.,7.60942069395212E-17,8.03569478979121E-49));
#4475=DIRECTION('center_axis',(0.,-1.,0.));
#4476=DIRECTION('ref_axis',(0.,0.,-1.));
#4477=DIRECTION('center_axis',(-1.,0.,1.67121992325372E-63));
#4478=DIRECTION('ref_axis',(-1.67121992325372E-63,1.0560192573106E-32,-1.));
#4479=DIRECTION('',(-1.67121992325372E-63,1.0560192573106E-32,-1.));
#4480=DIRECTION('',(0.,-1.,0.));
#4481=DIRECTION('',(-1.67121992325372E-63,1.0560192573106E-32,-1.));
#4482=DIRECTION('',(0.,-1.,0.));
#4483=DIRECTION('center_axis',(-8.03569478979121E-49,0.,1.));
#4484=DIRECTION('ref_axis',(-1.,-7.60942069395212E-17,-8.03569478979121E-49));
#4485=DIRECTION('',(-1.,-7.60942069395212E-17,-8.03569478979121E-49));
#4486=DIRECTION('',(0.,-1.,0.));
#4487=DIRECTION('',(-1.,-7.60942069395212E-17,-8.03569478979121E-49));
#4488=DIRECTION('center_axis',(1.,0.,-1.67121992325372E-63));
#4489=DIRECTION('ref_axis',(1.67121992325372E-63,-1.0560192573106E-32,1.));
#4490=DIRECTION('',(1.67121992325372E-63,-1.0560192573106E-32,1.));
#4491=DIRECTION('',(0.,-1.,0.));
#4492=DIRECTION('',(1.67121992325372E-63,-1.0560192573106E-32,1.));
#4493=DIRECTION('center_axis',(8.03569478979121E-49,0.,-1.));
#4494=DIRECTION('ref_axis',(1.,7.60942069395212E-17,8.03569478979121E-49));
#4495=DIRECTION('',(1.,7.60942069395212E-17,8.03569478979121E-49));
#4496=DIRECTION('',(1.,7.60942069395212E-17,8.03569478979121E-49));
#4497=DIRECTION('center_axis',(0.,-1.,0.));
#4498=DIRECTION('ref_axis',(0.,0.,-1.));
#4499=DIRECTION('center_axis',(8.03569478979121E-49,0.,-1.));
#4500=DIRECTION('ref_axis',(1.,7.60942069395212E-17,8.03569478979121E-49));
#4501=DIRECTION('',(1.,7.60942069395212E-17,8.03569478979121E-49));
#4502=DIRECTION('',(0.,-1.,0.));
#4503=DIRECTION('',(1.,7.60942069395212E-17,8.03569478979121E-49));
#4504=DIRECTION('',(0.,-1.,0.));
#4505=DIRECTION('',(0.,-1.,0.));
#4506=DIRECTION('',(0.,-1.,0.));
#4507=DIRECTION('',(0.,-1.,0.));
#4508=DIRECTION('',(0.,-1.,0.));
#4509=DIRECTION('',(0.,-1.,0.));
#4510=DIRECTION('',(0.,-1.,0.));
#4511=DIRECTION('center_axis',(-8.03569478979121E-49,0.,1.));
#4512=DIRECTION('ref_axis',(-1.,-7.60942069395212E-17,-8.03569478979121E-49));
#4513=DIRECTION('',(-1.,-7.60942069395212E-17,-8.03569478979121E-49));
#4514=DIRECTION('',(0.,-1.,0.));
#4515=DIRECTION('',(-1.,-7.60942069395212E-17,-8.03569478979121E-49));
#4516=DIRECTION('center_axis',(-1.,0.,1.67121992325372E-63));
#4517=DIRECTION('ref_axis',(-1.67121992325372E-63,1.0560192573106E-32,-1.));
#4518=DIRECTION('',(-1.67121992325372E-63,1.0560192573106E-32,-1.));
#4519=DIRECTION('',(-1.67121992325372E-63,1.0560192573106E-32,-1.));
#4520=DIRECTION('center_axis',(8.03569478979121E-49,0.,-1.));
#4521=DIRECTION('ref_axis',(1.,7.60942069395212E-17,8.03569478979121E-49));
#4522=DIRECTION('',(1.,7.60942069395212E-17,8.03569478979121E-49));
#4523=DIRECTION('',(0.,-1.,0.));
#4524=DIRECTION('',(1.,7.60942069395212E-17,8.03569478979121E-49));
#4525=DIRECTION('',(0.,-1.,0.));
#4526=DIRECTION('',(0.,-1.,0.));
#4527=DIRECTION('',(0.,-1.,0.));
#4528=DIRECTION('',(0.,-1.,0.));
#4529=DIRECTION('',(0.,-1.,0.));
#4530=DIRECTION('',(0.,-1.,0.));
#4531=DIRECTION('',(0.,-1.,0.));
#4532=DIRECTION('',(0.,-1.,0.));
#4533=DIRECTION('center_axis',(-8.03569478979121E-49,0.,1.));
#4534=DIRECTION('ref_axis',(-1.,-7.60942069395212E-17,-8.03569478979121E-49));
#4535=DIRECTION('',(-1.,-7.60942069395212E-17,-8.03569478979121E-49));
#4536=DIRECTION('',(0.,-1.,0.));
#4537=DIRECTION('',(-1.,-7.60942069395212E-17,-8.03569478979121E-49));
#4538=DIRECTION('center_axis',(-1.,0.,1.67121992325372E-63));
#4539=DIRECTION('ref_axis',(-1.67121992325372E-63,1.0560192573106E-32,-1.));
#4540=DIRECTION('',(-1.67121992325372E-63,1.0560192573106E-32,-1.));
#4541=DIRECTION('',(-1.67121992325372E-63,1.0560192573106E-32,-1.));
#4542=DIRECTION('',(0.,-1.,0.));
#4543=DIRECTION('',(0.,-1.,0.));
#4544=DIRECTION('',(0.,-1.,0.));
#4545=DIRECTION('',(0.,-1.,0.));
#4546=DIRECTION('',(0.,-1.,0.));
#4547=DIRECTION('',(0.,-1.,0.));
#4548=DIRECTION('',(0.,-1.,0.));
#4549=DIRECTION('',(0.,-1.,0.));
#4550=DIRECTION('',(0.,-1.,0.));
#4551=DIRECTION('',(0.,-1.,0.));
#4552=DIRECTION('',(0.,-1.,0.));
#4553=DIRECTION('',(0.,-1.,0.));
#4554=DIRECTION('center_axis',(-8.03569478979121E-49,0.,1.));
#4555=DIRECTION('ref_axis',(-1.,-7.60942069395212E-17,-8.03569478979121E-49));
#4556=DIRECTION('',(-1.,-7.60942069395212E-17,-8.03569478979121E-49));
#4557=DIRECTION('',(0.,-1.,0.));
#4558=DIRECTION('',(-1.,-7.60942069395212E-17,-8.03569478979121E-49));
#4559=DIRECTION('center_axis',(1.,0.,-1.67121992325372E-63));
#4560=DIRECTION('ref_axis',(1.67121992325372E-63,-1.0560192573106E-32,1.));
#4561=DIRECTION('',(1.67121992325372E-63,-1.0560192573106E-32,1.));
#4562=DIRECTION('',(0.,-1.,0.));
#4563=DIRECTION('',(1.67121992325372E-63,-1.0560192573106E-32,1.));
#4564=DIRECTION('center_axis',(8.03569478979121E-49,0.,-1.));
#4565=DIRECTION('ref_axis',(1.,7.60942069395212E-17,8.03569478979121E-49));
#4566=DIRECTION('',(1.,7.60942069395212E-17,8.03569478979121E-49));
#4567=DIRECTION('',(1.,7.60942069395212E-17,8.03569478979121E-49));
#4568=DIRECTION('center_axis',(-7.60942069395212E-17,1.,1.0560192573106E-32));
#4569=DIRECTION('ref_axis',(-1.,-7.60942069395212E-17,-8.03569478979121E-49));
#4570=DIRECTION('center_axis',(-7.60942069395212E-17,1.,1.0560192573106E-32));
#4571=DIRECTION('ref_axis',(-1.,-7.60942069395212E-17,-8.03569478979121E-49));
#4572=DIRECTION('center_axis',(-7.60942069395212E-17,1.,1.0560192573106E-32));
#4573=DIRECTION('ref_axis',(-1.,-7.60942069395212E-17,-8.03569478979121E-49));
#4574=DIRECTION('center_axis',(-7.60942069395212E-17,1.,1.0560192573106E-32));
#4575=DIRECTION('ref_axis',(-1.,-7.60942069395212E-17,-8.03569478979121E-49));
#4576=DIRECTION('center_axis',(-7.60942069395212E-17,1.,1.0560192573106E-32));
#4577=DIRECTION('ref_axis',(-1.,-7.60942069395212E-17,-8.03569478979121E-49));
#4578=DIRECTION('center_axis',(-7.60942069395212E-17,1.,1.0560192573106E-32));
#4579=DIRECTION('ref_axis',(-1.,-7.60942069395212E-17,-8.03569478979121E-49));
#4580=DIRECTION('center_axis',(9.25185853854297E-17,0.,-1.));
#4581=DIRECTION('ref_axis',(1.,9.77014078261488E-49,9.25185853854297E-17));
#4582=DIRECTION('',(1.,7.60942069395212E-17,9.25185853854297E-17));
#4583=DIRECTION('',(0.,-1.,0.));
#4584=DIRECTION('',(-1.,-8.48584844388999E-81,-9.25185853854297E-17));
#4585=DIRECTION('',(0.,-1.,0.));
#4586=DIRECTION('center_axis',(0.,-1.,0.));
#4587=DIRECTION('ref_axis',(0.,0.,-1.));
#4588=DIRECTION('center_axis',(-7.60942069395212E-17,1.,1.0560192573106E-32));
#4589=DIRECTION('ref_axis',(0.,0.,-1.));
#4590=DIRECTION('center_axis',(8.48584844388999E-81,-1.,0.));
#4591=DIRECTION('ref_axis',(0.,0.,-1.));
#4592=DIRECTION('',(0.,-1.,0.));
#4593=DIRECTION('center_axis',(1.38777878078145E-16,0.,1.));
#4594=DIRECTION('ref_axis',(-1.,-3.9594380295772E-65,1.38777878078145E-16));
#4595=DIRECTION('',(-1.,-7.60942069395212E-17,1.38777878078145E-16));
#4596=DIRECTION('',(1.,8.48584844388999E-81,-1.38777878078145E-16));
#4597=DIRECTION('',(0.,-1.,0.));
#4598=DIRECTION('center_axis',(0.,-1.,0.));
#4599=DIRECTION('ref_axis',(0.,0.,1.));
#4600=DIRECTION('center_axis',(-7.60942069395212E-17,1.,1.0560192573106E-32));
#4601=DIRECTION('ref_axis',(0.,0.,1.));
#4602=DIRECTION('center_axis',(8.48584844388999E-81,-1.,0.));
#4603=DIRECTION('ref_axis',(0.,0.,1.));
#4604=DIRECTION('center_axis',(8.48584844388999E-81,-1.,0.));
#4605=DIRECTION('ref_axis',(1.,8.48584844388999E-81,0.));
#4606=DIRECTION('',(0.,2.43818744021628E-80,1.));
#4607=DIRECTION('',(-1.,-8.48584844388999E-81,0.));
#4608=DIRECTION('',(0.,0.,-1.));
#4609=DIRECTION('',(1.,0.,5.44226972855469E-17));
#4610=DIRECTION('center_axis',(8.48584844388999E-81,-1.,0.));
#4611=DIRECTION('ref_axis',(1.,0.,0.));
#4612=DIRECTION('center_axis',(8.48584844388999E-81,-1.,0.));
#4613=DIRECTION('ref_axis',(1.,0.,0.));
#4614=DIRECTION('center_axis',(-7.60942069395212E-17,1.,1.0560192573106E-32));
#4615=DIRECTION('ref_axis',(-1.,-7.60942069395212E-17,-8.03569478979121E-49));
#4616=DIRECTION('',(1.08673789965299E-16,-2.29074671058448E-33,1.));
#4617=DIRECTION('',(-1.,-7.60942069395212E-17,1.08673789965299E-16));
#4618=DIRECTION('',(1.08673789965299E-16,1.88296384356275E-32,-1.));
#4619=DIRECTION('center_axis',(7.60942069395212E-17,-1.,-1.0560192573106E-32));
#4620=DIRECTION('ref_axis',(-6.52042739791795E-16,-6.01768677482352E-32,
1.));
#4621=DIRECTION('',(-1.,-7.60942069395212E-17,-1.43964876698122E-17));
#4622=DIRECTION('center_axis',(7.60942069395212E-17,-1.,-1.0560192573106E-32));
#4623=DIRECTION('ref_axis',(-5.86838465812615E-16,-5.52152002307223E-32,
1.));
#4624=DIRECTION('center_axis',(7.60942069395212E-17,-1.,-1.0560192573106E-32));
#4625=DIRECTION('ref_axis',(0.,0.,1.));
#4626=DIRECTION('center_axis',(7.60942069395212E-17,-1.,-1.0560192573106E-32));
#4627=DIRECTION('ref_axis',(0.,0.,1.));
#4628=DIRECTION('center_axis',(7.60942069395212E-17,-1.,-1.0560192573106E-32));
#4629=DIRECTION('ref_axis',(1.,0.,0.));
#4630=DIRECTION('center_axis',(7.60942069395212E-17,-1.,-1.0560192573106E-32));
#4631=DIRECTION('ref_axis',(1.,0.,0.));
#4632=DIRECTION('center_axis',(0.,0.,-1.));
#4633=DIRECTION('ref_axis',(-1.,-8.48584844388999E-81,0.));
#4634=DIRECTION('',(-1.,-7.60942069395212E-17,0.));
#4635=DIRECTION('',(0.,1.,0.));
#4636=DIRECTION('',(0.,1.,0.));
#4637=DIRECTION('center_axis',(1.,0.,0.));
#4638=DIRECTION('ref_axis',(0.,0.,-1.));
#4639=DIRECTION('',(0.,1.0560192573106E-32,-1.));
#4640=DIRECTION('',(0.,1.,0.));
#4641=DIRECTION('center_axis',(-5.44226972855469E-17,0.,1.));
#4642=DIRECTION('ref_axis',(1.,0.,5.44226972855469E-17));
#4643=DIRECTION('',(1.,7.60942069395212E-17,5.44226972855469E-17));
#4644=DIRECTION('',(0.,1.,0.));
#4645=DIRECTION('center_axis',(-1.,0.,0.));
#4646=DIRECTION('ref_axis',(0.,2.43818744021628E-80,1.));
#4647=DIRECTION('',(0.,-1.0560192573106E-32,1.));
#4648=DIRECTION('center_axis',(1.,7.60942069395212E-17,-1.08673789965299E-16));
#4649=DIRECTION('ref_axis',(-7.60942069395212E-17,1.,8.26944586252154E-33));
#4650=DIRECTION('',(-1.08673789965299E-16,2.29074671058448E-33,-1.));
#4651=DIRECTION('',(-1.08673789965299E-16,0.939692620785909,-0.342020143325668));
#4652=DIRECTION('',(1.08673789965299E-16,-2.29074671058448E-33,1.));
#4653=DIRECTION('',(-7.60942069395212E-17,1.,8.26944586252153E-33));
#4654=DIRECTION('center_axis',(1.08673789965299E-16,-1.42547451204917E-48,
1.));
#4655=DIRECTION('ref_axis',(1.,0.,-1.08673789965299E-16));
#4656=DIRECTION('center_axis',(1.08673789965299E-16,-1.42547451204917E-48,
1.));
#4657=DIRECTION('ref_axis',(0.707106781186546,0.707106781186549,0.));
#4658=DIRECTION('',(1.,7.60942069395212E-17,-1.08673789965299E-16));
#4659=DIRECTION('',(-7.60942069395212E-17,-1.,8.26944586252152E-33));
#4660=DIRECTION('center_axis',(1.08673789965299E-16,-1.42547451204917E-48,
1.));
#4661=DIRECTION('ref_axis',(-0.707106781186546,0.707106781186549,0.));
#4662=DIRECTION('center_axis',(0.,1.,0.));
#4663=DIRECTION('ref_axis',(0.,0.,1.));
#4664=DIRECTION('',(-8.65956056235493E-17,-0.707106781186548,0.707106781186548));
#4665=DIRECTION('center_axis',(0.,-1.,0.));
#4666=DIRECTION('ref_axis',(0.,0.,1.));
#4667=DIRECTION('center_axis',(0.,1.,0.));
#4668=DIRECTION('ref_axis',(0.,0.,1.));
#4669=DIRECTION('',(-8.65956056235493E-17,-0.707106781186548,0.707106781186548));
#4670=DIRECTION('center_axis',(0.,-1.,0.));
#4671=DIRECTION('ref_axis',(0.,0.,1.));
#4672=DIRECTION('center_axis',(-1.,7.60942069395212E-17,-1.08673789965299E-16));
#4673=DIRECTION('ref_axis',(7.60942069395212E-17,1.,8.26944586252154E-33));
#4674=DIRECTION('',(-1.08673789965299E-16,-1.88296384356275E-32,1.));
#4675=DIRECTION('',(1.08673789965299E-16,1.88296384356275E-32,-1.));
#4676=DIRECTION('',(-1.08673789965299E-16,-0.939692620785909,0.342020143325668));
#4677=DIRECTION('center_axis',(1.08673789965299E-16,0.939692620785909,-0.342020143325668));
#4678=DIRECTION('ref_axis',(-0.707106781186548,0.241844762647975,0.664463024388674));
#4679=DIRECTION('center_axis',(0.,0.993843639394378,-0.110791788663863));
#4680=DIRECTION('ref_axis',(0.,0.110791788663863,0.993843639394378));
#4681=DIRECTION('center_axis',(7.60942069395212E-17,-1.,-1.0560192573106E-32));
#4682=DIRECTION('ref_axis',(0.,3.86086860136811E-32,1.));
#4683=DIRECTION('',(1.08673789965299E-16,0.939692620785909,-0.342020143325668));
#4684=DIRECTION('center_axis',(-3.95540247922659E-17,0.342020143325668,
0.939692620785909));
#4685=DIRECTION('ref_axis',(1.,1.35282732285578E-17,3.71686252196751E-17));
#4686=DIRECTION('',(1.,7.60942069395212E-17,1.43964876698122E-17));
#4687=DIRECTION('',(-1.,-7.60942069395212E-17,-1.43964876698122E-17));
#4688=DIRECTION('',(1.08673789965299E-16,-0.939692620785909,0.342020143325668));
#4689=DIRECTION('center_axis',(-1.08673789965299E-16,0.939692620785909,
-0.342020143325668));
#4690=DIRECTION('ref_axis',(0.707106781186548,0.241844762647975,0.664463024388674));
#4691=DIRECTION('center_axis',(0.,0.993843639394378,-0.110791788663863));
#4692=DIRECTION('ref_axis',(0.,0.110791788663863,0.993843639394378));
#4693=DIRECTION('center_axis',(7.60942069395212E-17,-1.,-1.0560192573106E-32));
#4694=DIRECTION('ref_axis',(-6.08573223805675E-16,-7.2391286275652E-32,
1.));
#4695=DIRECTION('center_axis',(-1.08673789965299E-16,2.29074671058448E-33,
-1.));
#4696=DIRECTION('ref_axis',(0.707106781186546,0.707106781186549,0.));
#4697=DIRECTION('center_axis',(0.,0.,1.));
#4698=DIRECTION('ref_axis',(1.,0.,0.));
#4699=DIRECTION('center_axis',(-1.,0.,0.));
#4700=DIRECTION('ref_axis',(0.,0.342020143325664,0.93969262078591));
#4701=DIRECTION('center_axis',(-1.,-7.60942069395212E-17,-1.43964876698122E-17));
#4702=DIRECTION('ref_axis',(-7.05902112666808E-17,0.819152044288991,0.573576436351048));
#4703=DIRECTION('center_axis',(-1.,0.,0.));
#4704=DIRECTION('ref_axis',(0.,0.342020143325668,0.939692620785909));
#4705=DIRECTION('center_axis',(0.,0.,-1.));
#4706=DIRECTION('ref_axis',(-1.,0.,0.));
#4707=DIRECTION('center_axis',(-1.08673789965299E-16,-1.88296384356275E-32,
1.));
#4708=DIRECTION('ref_axis',(-0.707106781186546,0.707106781186549,0.));
#4709=DIRECTION('center_axis',(0.,-1.,0.));
#4710=DIRECTION('ref_axis',(0.,0.,1.));
#4711=DIRECTION('',(0.,-1.,0.));
#4712=DIRECTION('center_axis',(7.60942069395212E-17,-1.,-1.0560192573106E-32));
#4713=DIRECTION('ref_axis',(0.,0.,1.));
#4714=DIRECTION('center_axis',(0.,-1.,0.));
#4715=DIRECTION('ref_axis',(0.,0.,1.));
#4716=DIRECTION('',(0.,-1.,0.));
#4717=DIRECTION('center_axis',(7.60942069395212E-17,-1.,-1.0560192573106E-32));
#4718=DIRECTION('ref_axis',(0.,0.,1.));
#4719=DIRECTION('center_axis',(-7.60942069395212E-17,1.,1.0560192573106E-32));
#4720=DIRECTION('ref_axis',(-1.,-7.60942069395212E-17,-8.03569478979121E-49));
#4721=DIRECTION('center_axis',(0.,1.,0.));
#4722=DIRECTION('ref_axis',(1.,0.,0.));
#4723=DIRECTION('',(0.,1.,0.));
#4724=DIRECTION('center_axis',(0.,1.,0.));
#4725=DIRECTION('ref_axis',(1.,0.,0.));
#4726=DIRECTION('',(0.,1.,0.));
#4727=CARTESIAN_POINT('',(0.,0.,0.));
#4728=CARTESIAN_POINT('Origin',(1.86264510482204E-7,13.5483730442453,24.5));
#4729=CARTESIAN_POINT('',(25.000000372529,13.5483730442453,20.));
#4730=CARTESIAN_POINT('',(-25.,13.5483730442453,20.));
#4731=CARTESIAN_POINT('',(-12.4999999068677,13.5483730442453,20.));
#4732=CARTESIAN_POINT('',(25.000000372529,13.5483730442453,35.));
#4733=CARTESIAN_POINT('',(25.000000372529,13.5483730442453,20.75));
#4734=CARTESIAN_POINT('',(-25.,13.5483730442453,35.));
#4735=CARTESIAN_POINT('',(12.5000002793968,13.5483730442453,35.));
#4736=CARTESIAN_POINT('',(-25.,13.5483730442453,28.25));
#4737=CARTESIAN_POINT('Origin',(-25.,13.9483730442453,32.));
#4738=CARTESIAN_POINT('',(-25.,13.9483730442453,35.));
#4739=CARTESIAN_POINT('',(-25.,13.9483730442453,35.));
#4740=CARTESIAN_POINT('',(-25.,13.9483730442453,20.));
#4741=CARTESIAN_POINT('',(-25.,13.9483730442453,23.2940614770788));
#4742=CARTESIAN_POINT('',(-25.,13.9483730442453,20.));
#4743=CARTESIAN_POINT('Origin',(25.000000372529,13.9483730442453,35.));
#4744=CARTESIAN_POINT('',(25.000000372529,13.9483730442453,35.));
#4745=CARTESIAN_POINT('',(25.000000372529,13.9483730442453,35.));
#4746=CARTESIAN_POINT('',(12.5000001862645,13.9483730442453,35.));
#4747=CARTESIAN_POINT('Origin',(25.000000372529,13.9483730442453,17.));
#4748=CARTESIAN_POINT('',(25.000000372529,13.9483730442453,20.));
#4749=CARTESIAN_POINT('',(25.000000372529,13.9483730442453,20.));
#4750=CARTESIAN_POINT('',(25.000000372529,13.9483730442453,15.7940614770788));
#4751=CARTESIAN_POINT('Origin',(-25.,13.9483730442453,20.));
#4752=CARTESIAN_POINT('',(-12.5,13.9483730442453,20.));
#4753=CARTESIAN_POINT('Origin',(13.8867673799396,16.4483730442453,28.208048582077));
#4754=CARTESIAN_POINT('',(13.8867673799396,16.4483730442453,28.208048582077));
#4755=CARTESIAN_POINT('',(13.8867673799396,16.4483730442453,27.4999996423721));
#4756=CARTESIAN_POINT('',(13.8867673799396,16.4483730442453,21.3980857681173));
#4757=CARTESIAN_POINT('',(13.8867673799396,15.9483730442453,28.208048582077));
#4758=CARTESIAN_POINT('',(13.8867673799396,16.4483730442453,28.208048582077));
#4759=CARTESIAN_POINT('',(13.8867673799396,15.9483730442453,27.4999996423721));
#4760=CARTESIAN_POINT('',(13.8867673799396,15.9483730442453,28.208048582077));
#4761=CARTESIAN_POINT('',(13.8867673799396,16.4483730442453,27.4999996423721));
#4762=CARTESIAN_POINT('Origin',(16.8417475149035,16.4483730442453,28.208048582077));
#4763=CARTESIAN_POINT('',(16.8417475149035,16.4483730442453,28.208048582077));
#4764=CARTESIAN_POINT('',(8.42087375745177,16.4483730442453,28.208048582077));
#4765=CARTESIAN_POINT('',(16.8417475149035,15.9483730442453,28.208048582077));
#4766=CARTESIAN_POINT('',(16.8417475149035,16.4483730442453,28.208048582077));
#4767=CARTESIAN_POINT('',(16.8417475149035,15.9483730442453,28.208048582077));
#4768=CARTESIAN_POINT('Origin',(16.8417475149035,16.4483730442453,33.4999998807907));
#4769=CARTESIAN_POINT('',(16.8417475149035,16.4483730442453,33.4999998807907));
#4770=CARTESIAN_POINT('',(16.8417475149035,16.4483730442453,24.0440614174742));
#4771=CARTESIAN_POINT('',(16.8417475149035,15.9483730442453,33.4999998807907));
#4772=CARTESIAN_POINT('',(16.8417475149035,16.4483730442453,33.4999998807907));
#4773=CARTESIAN_POINT('',(16.8417475149035,15.9483730442453,33.4999998807907));
#4774=CARTESIAN_POINT('Origin',(17.6357445642352,16.4483730442453,33.4999998807907));
#4775=CARTESIAN_POINT('',(17.6357445642352,16.4483730442453,33.4999998807907));
#4776=CARTESIAN_POINT('',(8.8178722821176,16.4483730442453,33.4999998807907));
#4777=CARTESIAN_POINT('',(17.6357445642352,15.9483730442453,33.4999998807907));
#4778=CARTESIAN_POINT('',(17.6357445642352,16.4483730442453,33.4999998807907));
#4779=CARTESIAN_POINT('',(17.6357445642352,15.9483730442453,33.4999998807907));
#4780=CARTESIAN_POINT('Origin',(17.6357445642352,16.4483730442453,27.4999996423721));
#4781=CARTESIAN_POINT('',(17.6357445642352,16.4483730442453,27.4999996423721));
#4782=CARTESIAN_POINT('',(17.6357445642352,16.4483730442453,21.0440612982649));
#4783=CARTESIAN_POINT('',(17.6357445642352,15.9483730442453,27.4999996423721));
#4784=CARTESIAN_POINT('',(17.6357445642352,16.4483730442453,27.4999996423721));
#4785=CARTESIAN_POINT('',(17.6357445642352,15.9483730442453,27.4999996423721));
#4786=CARTESIAN_POINT('Origin',(13.8867673799396,16.4483730442453,27.4999996423721));
#4787=CARTESIAN_POINT('',(6.94338368996978,16.4483730442453,27.4999996423721));
#4788=CARTESIAN_POINT('',(13.8867673799396,15.9483730442453,27.4999996423721));
#4789=CARTESIAN_POINT('Origin',(-1.21444464040721E-6,15.9483730442453,30.5020462870598));
#4790=CARTESIAN_POINT('Origin',(8.28376626223326,16.4483730442453,32.7919503450394));
#4791=CARTESIAN_POINT('',(8.28376626223326,16.4483730442453,32.7919503450394));
#4792=CARTESIAN_POINT('',(9.81855487078428,16.4483730442453,32.7919503450394));
#4793=CARTESIAN_POINT('',(4.14188313111663,16.4483730442453,32.7919503450394));
#4794=CARTESIAN_POINT('',(8.28376626223326,15.9483730442453,32.7919503450394));
#4795=CARTESIAN_POINT('',(8.28376626223326,16.4483730442453,32.7919503450394));
#4796=CARTESIAN_POINT('',(9.81855487078428,15.9483730442453,32.7919503450394));
#4797=CARTESIAN_POINT('',(8.28376626223326,15.9483730442453,32.7919503450394));
#4798=CARTESIAN_POINT('',(9.81855487078428,16.4483730442453,32.7919503450394));
#4799=CARTESIAN_POINT('Ctrl Pts',(7.5429747030139,16.4483730442453,32.7387448549271));
#4800=CARTESIAN_POINT('Ctrl Pts',(7.5429747030139,15.9483730442453,32.7387448549271));
#4801=CARTESIAN_POINT('Ctrl Pts',(7.63796059483427,16.4483730442453,32.7540800473746));
#4802=CARTESIAN_POINT('Ctrl Pts',(7.63796059483427,15.9483730442453,32.7540800473746));
#4803=CARTESIAN_POINT('Ctrl Pts',(7.88305175651672,16.4483730442453,32.793649293497));
#4804=CARTESIAN_POINT('Ctrl Pts',(7.88305175651672,15.9483730442453,32.793649293497));
#4805=CARTESIAN_POINT('Ctrl Pts',(8.13156509284731,16.4483730442453,32.7925956472141));
#4806=CARTESIAN_POINT('Ctrl Pts',(8.13156509284731,15.9483730442453,32.7925956472141));
#4807=CARTESIAN_POINT('Ctrl Pts',(8.28376626223326,16.4483730442453,32.7919503450394));
#4808=CARTESIAN_POINT('Ctrl Pts',(8.28376626223326,15.9483730442453,32.7919503450394));
#4809=CARTESIAN_POINT('',(7.5429747030139,16.4483730442453,32.7387448549271));
#4810=CARTESIAN_POINT('Ctrl Pts',(7.5429747030139,16.4483730442453,32.7387448549271));
#4811=CARTESIAN_POINT('Ctrl Pts',(7.63796059483427,16.4483730442453,32.7540800473746));
#4812=CARTESIAN_POINT('Ctrl Pts',(7.88305175651672,16.4483730442453,32.793649293497));
#4813=CARTESIAN_POINT('Ctrl Pts',(8.13156509284731,16.4483730442453,32.7925956472141));
#4814=CARTESIAN_POINT('Ctrl Pts',(8.28376626223326,16.4483730442453,32.7919503450394));
#4815=CARTESIAN_POINT('',(7.5429747030139,15.9483730442453,32.7387448549271));
#4816=CARTESIAN_POINT('',(7.5429747030139,16.4483730442453,32.7387448549271));
#4817=CARTESIAN_POINT('Ctrl Pts',(7.5429747030139,15.9483730442453,32.7387448549271));
#4818=CARTESIAN_POINT('Ctrl Pts',(7.63796059483427,15.9483730442453,32.7540800473746));
#4819=CARTESIAN_POINT('Ctrl Pts',(7.88305175651672,15.9483730442453,32.793649293497));
#4820=CARTESIAN_POINT('Ctrl Pts',(8.13156509284731,15.9483730442453,32.7925956472141));
#4821=CARTESIAN_POINT('Ctrl Pts',(8.28376626223326,15.9483730442453,32.7919503450394));
#4822=CARTESIAN_POINT('Ctrl Pts',(7.0416102334857,16.4483730442453,32.3847200870514));
#4823=CARTESIAN_POINT('Ctrl Pts',(7.0416102334857,15.9483730442453,32.3847200870514));
#4824=CARTESIAN_POINT('Ctrl Pts',(7.10981325356149,16.4483730442453,32.4664165232915));
#4825=CARTESIAN_POINT('Ctrl Pts',(7.10981325356149,15.9483730442453,32.4664165232915));
#4826=CARTESIAN_POINT('Ctrl Pts',(7.24553050334285,16.4483730442453,32.628984333795));
#4827=CARTESIAN_POINT('Ctrl Pts',(7.24553050334285,15.9483730442453,32.628984333795));
#4828=CARTESIAN_POINT('Ctrl Pts',(7.44416266822541,16.4483730442453,32.7022820143523));
#4829=CARTESIAN_POINT('Ctrl Pts',(7.44416266822541,15.9483730442453,32.7022820143523));
#4830=CARTESIAN_POINT('Ctrl Pts',(7.5429747030139,16.4483730442453,32.7387448549271));
#4831=CARTESIAN_POINT('Ctrl Pts',(7.5429747030139,15.9483730442453,32.7387448549271));
#4832=CARTESIAN_POINT('',(7.0416102334857,16.4483730442453,32.3847200870514));
#4833=CARTESIAN_POINT('Ctrl Pts',(7.0416102334857,16.4483730442453,32.3847200870514));
#4834=CARTESIAN_POINT('Ctrl Pts',(7.10981325356149,16.4483730442453,32.4664165232915));
#4835=CARTESIAN_POINT('Ctrl Pts',(7.24553050334285,16.4483730442453,32.628984333795));
#4836=CARTESIAN_POINT('Ctrl Pts',(7.44416266822541,16.4483730442453,32.7022820143523));
#4837=CARTESIAN_POINT('Ctrl Pts',(7.5429747030139,16.4483730442453,32.7387448549271));
#4838=CARTESIAN_POINT('',(7.0416102334857,15.9483730442453,32.3847200870514));
#4839=CARTESIAN_POINT('',(7.0416102334857,16.4483730442453,32.3847200870514));
#4840=CARTESIAN_POINT('Ctrl Pts',(7.0416102334857,15.9483730442453,32.3847200870514));
#4841=CARTESIAN_POINT('Ctrl Pts',(7.10981325356149,15.9483730442453,32.4664165232915));
#4842=CARTESIAN_POINT('Ctrl Pts',(7.24553050334285,15.9483730442453,32.628984333795));
#4843=CARTESIAN_POINT('Ctrl Pts',(7.44416266822541,15.9483730442453,32.7022820143523));
#4844=CARTESIAN_POINT('Ctrl Pts',(7.5429747030139,15.9483730442453,32.7387448549271));
#4845=CARTESIAN_POINT('Ctrl Pts',(6.85129737108946,16.4483730442453,31.7401089668274));
#4846=CARTESIAN_POINT('Ctrl Pts',(6.85129737108946,15.9483730442453,31.7401089668274));
#4847=CARTESIAN_POINT('Ctrl Pts',(6.85800816378033,16.4483730442453,31.8593410399803));
#4848=CARTESIAN_POINT('Ctrl Pts',(6.85800816378033,15.9483730442453,31.8593410399803));
#4849=CARTESIAN_POINT('Ctrl Pts',(6.87095863383082,16.4483730442453,32.0894347805493));
#4850=CARTESIAN_POINT('Ctrl Pts',(6.87095863383082,15.9483730442453,32.0894347805493));
#4851=CARTESIAN_POINT('Ctrl Pts',(6.98612285759463,16.4483730442453,32.2887080553439));
#4852=CARTESIAN_POINT('Ctrl Pts',(6.98612285759463,15.9483730442453,32.2887080553439));
#4853=CARTESIAN_POINT('Ctrl Pts',(7.0416102334857,16.4483730442453,32.3847200870514));
#4854=CARTESIAN_POINT('Ctrl Pts',(7.0416102334857,15.9483730442453,32.3847200870514));
#4855=CARTESIAN_POINT('',(6.85129737108946,16.4483730442453,31.7401089668274));
#4856=CARTESIAN_POINT('Ctrl Pts',(6.85129737108946,16.4483730442453,31.7401089668274));
#4857=CARTESIAN_POINT('Ctrl Pts',(6.85800816378033,16.4483730442453,31.8593410399803));
#4858=CARTESIAN_POINT('Ctrl Pts',(6.87095863383082,16.4483730442453,32.0894347805493));
#4859=CARTESIAN_POINT('Ctrl Pts',(6.98612285759463,16.4483730442453,32.2887080553439));
#4860=CARTESIAN_POINT('Ctrl Pts',(7.0416102334857,16.4483730442453,32.3847200870514));
#4861=CARTESIAN_POINT('',(6.85129737108946,15.9483730442453,31.7401089668274));
#4862=CARTESIAN_POINT('',(6.85129737108946,16.4483730442453,31.7401089668274));
#4863=CARTESIAN_POINT('Ctrl Pts',(6.85129737108946,15.9483730442453,31.7401089668274));
#4864=CARTESIAN_POINT('Ctrl Pts',(6.85800816378033,15.9483730442453,31.8593410399803));
#4865=CARTESIAN_POINT('Ctrl Pts',(6.87095863383082,15.9483730442453,32.0894347805493));
#4866=CARTESIAN_POINT('Ctrl Pts',(6.98612285759463,15.9483730442453,32.2887080553439));
#4867=CARTESIAN_POINT('Ctrl Pts',(7.0416102334857,15.9483730442453,32.3847200870514));
#4868=CARTESIAN_POINT('Ctrl Pts',(7.17462515085935,16.4483730442453,30.933833360672));
#4869=CARTESIAN_POINT('Ctrl Pts',(7.17462515085935,15.9483730442453,30.933833360672));
#4870=CARTESIAN_POINT('Ctrl Pts',(7.08039254428075,16.4483730442453,31.0432139759456));
#4871=CARTESIAN_POINT('Ctrl Pts',(7.08039254428075,15.9483730442453,31.0432139759456));
#4872=CARTESIAN_POINT('Ctrl Pts',(6.88143468360816,16.4483730442453,31.2741545601451));
#4873=CARTESIAN_POINT('Ctrl Pts',(6.88143468360816,15.9483730442453,31.2741545601451));
#4874=CARTESIAN_POINT('Ctrl Pts',(6.86169023640782,16.4483730442453,31.5794243872006));
#4875=CARTESIAN_POINT('Ctrl Pts',(6.86169023640782,15.9483730442453,31.5794243872006));
#4876=CARTESIAN_POINT('Ctrl Pts',(6.85129737108946,16.4483730442453,31.7401089668274));
#4877=CARTESIAN_POINT('Ctrl Pts',(6.85129737108946,15.9483730442453,31.7401089668274));
#4878=CARTESIAN_POINT('',(7.17462515085935,16.4483730442453,30.933833360672));
#4879=CARTESIAN_POINT('Ctrl Pts',(7.17462515085935,16.4483730442453,30.933833360672));
#4880=CARTESIAN_POINT('Ctrl Pts',(7.08039254428075,16.4483730442453,31.0432139759456));
#4881=CARTESIAN_POINT('Ctrl Pts',(6.88143468360816,16.4483730442453,31.2741545601451));
#4882=CARTESIAN_POINT('Ctrl Pts',(6.86169023640782,16.4483730442453,31.5794243872006));
#4883=CARTESIAN_POINT('Ctrl Pts',(6.85129737108946,16.4483730442453,31.7401089668274));
#4884=CARTESIAN_POINT('',(7.17462515085935,15.9483730442453,30.933833360672));
#4885=CARTESIAN_POINT('',(7.17462515085935,16.4483730442453,30.933833360672));
#4886=CARTESIAN_POINT('Ctrl Pts',(7.17462515085935,15.9483730442453,30.933833360672));
#4887=CARTESIAN_POINT('Ctrl Pts',(7.08039254428075,15.9483730442453,31.0432139759456));
#4888=CARTESIAN_POINT('Ctrl Pts',(6.88143468360816,15.9483730442453,31.2741545601451));
#4889=CARTESIAN_POINT('Ctrl Pts',(6.86169023640782,15.9483730442453,31.5794243872006));
#4890=CARTESIAN_POINT('Ctrl Pts',(6.85129737108946,15.9483730442453,31.7401089668274));
#4891=CARTESIAN_POINT('Ctrl Pts',(8.26739525049925,16.4483730442453,30.6473394632339));
#4892=CARTESIAN_POINT('Ctrl Pts',(8.26739525049925,15.9483730442453,30.6473394632339));
#4893=CARTESIAN_POINT('Ctrl Pts',(8.04187890569327,16.4483730442453,30.6499062599255));
#4894=CARTESIAN_POINT('Ctrl Pts',(8.04187890569327,15.9483730442453,30.6499062599255));
#4895=CARTESIAN_POINT('Ctrl Pts',(7.6510768754346,16.4483730442453,30.6543543160483));
#4896=CARTESIAN_POINT('Ctrl Pts',(7.6510768754346,15.9483730442453,30.6543543160483));
#4897=CARTESIAN_POINT('Ctrl Pts',(7.31624066880116,16.4483730442453,30.8507639380698));
#4898=CARTESIAN_POINT('Ctrl Pts',(7.31624066880116,15.9483730442453,30.8507639380698));
#4899=CARTESIAN_POINT('Ctrl Pts',(7.17462515085935,16.4483730442453,30.933833360672));
#4900=CARTESIAN_POINT('Ctrl Pts',(7.17462515085935,15.9483730442453,30.933833360672));
#4901=CARTESIAN_POINT('',(8.26739525049925,16.4483730442453,30.6473394632339));
#4902=CARTESIAN_POINT('Ctrl Pts',(8.26739525049925,16.4483730442453,30.6473394632339));
#4903=CARTESIAN_POINT('Ctrl Pts',(8.04187890569327,16.4483730442453,30.6499062599255));
#4904=CARTESIAN_POINT('Ctrl Pts',(7.6510768754346,16.4483730442453,30.6543543160483));
#4905=CARTESIAN_POINT('Ctrl Pts',(7.31624066880116,16.4483730442453,30.8507639380698));
#4906=CARTESIAN_POINT('Ctrl Pts',(7.17462515085935,16.4483730442453,30.933833360672));
#4907=CARTESIAN_POINT('',(8.26739525049925,15.9483730442453,30.6473394632339));
#4908=CARTESIAN_POINT('',(8.26739525049925,16.4483730442453,30.6473394632339));
#4909=CARTESIAN_POINT('Ctrl Pts',(8.26739525049925,15.9483730442453,30.6473394632339));
#4910=CARTESIAN_POINT('Ctrl Pts',(8.04187890569327,15.9483730442453,30.6499062599255));
#4911=CARTESIAN_POINT('Ctrl Pts',(7.6510768754346,15.9483730442453,30.6543543160483));
#4912=CARTESIAN_POINT('Ctrl Pts',(7.31624066880116,15.9483730442453,30.8507639380698));
#4913=CARTESIAN_POINT('Ctrl Pts',(7.17462515085935,15.9483730442453,30.933833360672));
#4914=CARTESIAN_POINT('Origin',(9.81855487078428,16.4483730442453,30.6473394632339));
#4915=CARTESIAN_POINT('',(9.81855487078428,16.4483730442453,30.6473394632339));
#4916=CARTESIAN_POINT('',(4.90927743539214,16.4483730442453,30.6473394632339));
#4917=CARTESIAN_POINT('',(9.81855487078428,15.9483730442453,30.6473394632339));
#4918=CARTESIAN_POINT('',(9.81855487078428,16.4483730442453,30.6473394632339));
#4919=CARTESIAN_POINT('',(9.81855487078428,15.9483730442453,30.6473394632339));
#4920=CARTESIAN_POINT('Origin',(9.81855487078428,16.4483730442453,32.7919503450394));
#4921=CARTESIAN_POINT('',(9.81855487078428,16.4483730442453,23.6900366495985));
#4922=CARTESIAN_POINT('',(9.81855487078428,15.9483730442453,32.7919503450394));
#4923=CARTESIAN_POINT('Origin',(9.81855487078428,16.4483730442453,29.9392899274826));
#4924=CARTESIAN_POINT('',(9.81855487078428,16.4483730442453,29.9392899274826));
#4925=CARTESIAN_POINT('',(9.81855487078428,16.4483730442453,27.4999996423721));
#4926=CARTESIAN_POINT('',(9.81855487078428,16.4483730442453,22.2637064408201));
#4927=CARTESIAN_POINT('',(9.81855487078428,15.9483730442453,29.9392899274826));
#4928=CARTESIAN_POINT('',(9.81855487078428,16.4483730442453,29.9392899274826));
#4929=CARTESIAN_POINT('',(9.81855487078428,15.9483730442453,27.4999996423721));
#4930=CARTESIAN_POINT('',(9.81855487078428,15.9483730442453,29.9392899274826));
#4931=CARTESIAN_POINT('',(9.81855487078428,16.4483730442453,27.4999996423721));
#4932=CARTESIAN_POINT('Origin',(8.27967380732298,16.4483730442453,29.9392899274826));
#4933=CARTESIAN_POINT('',(8.27967380732298,16.4483730442453,29.9392899274826));
#4934=CARTESIAN_POINT('',(4.13983690366149,16.4483730442453,29.9392899274826));
#4935=CARTESIAN_POINT('',(8.27967380732298,15.9483730442453,29.9392899274826));
#4936=CARTESIAN_POINT('',(8.27967380732298,16.4483730442453,29.9392899274826));
#4937=CARTESIAN_POINT('',(8.27967380732298,15.9483730442453,29.9392899274826));
#4938=CARTESIAN_POINT('Ctrl Pts',(6.51978229731321,16.4483730442453,30.4693039655685));
#4939=CARTESIAN_POINT('Ctrl Pts',(6.51978229731321,15.9483730442453,30.4693039655685));
#4940=CARTESIAN_POINT('Ctrl Pts',(6.74049668985642,16.4483730442453,30.3156541400292));
#4941=CARTESIAN_POINT('Ctrl Pts',(6.74049668985642,15.9483730442453,30.3156541400292));
#4942=CARTESIAN_POINT('Ctrl Pts',(7.26395015121858,16.4483730442453,29.9512531959425));
#4943=CARTESIAN_POINT('Ctrl Pts',(7.26395015121858,15.9483730442453,29.9512531959425));
#4944=CARTESIAN_POINT('Ctrl Pts',(7.90748545824771,16.4483730442453,29.9436735894273));
#4945=CARTESIAN_POINT('Ctrl Pts',(7.90748545824771,15.9483730442453,29.9436735894273));
#4946=CARTESIAN_POINT('Ctrl Pts',(8.27967380732298,16.4483730442453,29.9392899274826));
#4947=CARTESIAN_POINT('Ctrl Pts',(8.27967380732298,15.9483730442453,29.9392899274826));
#4948=CARTESIAN_POINT('',(6.51978229731321,16.4483730442453,30.4693039655685));
#4949=CARTESIAN_POINT('Ctrl Pts',(6.51978229731321,16.4483730442453,30.4693039655685));
#4950=CARTESIAN_POINT('Ctrl Pts',(6.74049668985642,16.4483730442453,30.3156541400292));
#4951=CARTESIAN_POINT('Ctrl Pts',(7.26395015121858,16.4483730442453,29.9512531959425));
#4952=CARTESIAN_POINT('Ctrl Pts',(7.90748545824771,16.4483730442453,29.9436735894273));
#4953=CARTESIAN_POINT('Ctrl Pts',(8.27967380732298,16.4483730442453,29.9392899274826));
#4954=CARTESIAN_POINT('',(6.51978229731321,15.9483730442453,30.4693039655685));
#4955=CARTESIAN_POINT('',(6.51978229731321,16.4483730442453,30.4693039655685));
#4956=CARTESIAN_POINT('Ctrl Pts',(6.51978229731321,15.9483730442453,30.4693039655685));
#4957=CARTESIAN_POINT('Ctrl Pts',(6.74049668985642,15.9483730442453,30.3156541400292));
#4958=CARTESIAN_POINT('Ctrl Pts',(7.26395015121858,15.9483730442453,29.9512531959425));
#4959=CARTESIAN_POINT('Ctrl Pts',(7.90748545824771,15.9483730442453,29.9436735894273));
#4960=CARTESIAN_POINT('Ctrl Pts',(8.27967380732298,15.9483730442453,29.9392899274826));
#4961=CARTESIAN_POINT('Ctrl Pts',(6.03274320811033,16.4483730442453,31.7646654844284));
#4962=CARTESIAN_POINT('Ctrl Pts',(6.03274320811033,15.9483730442453,31.7646654844284));
#4963=CARTESIAN_POINT('Ctrl Pts',(6.05161934357463,16.4483730442453,31.5209157249133));
#4964=CARTESIAN_POINT('Ctrl Pts',(6.05161934357463,15.9483730442453,31.5209157249133));
#4965=CARTESIAN_POINT('Ctrl Pts',(6.08874007653974,16.4483730442453,31.0415713299559));
#4966=CARTESIAN_POINT('Ctrl Pts',(6.08874007653974,15.9483730442453,31.0415713299559));
#4967=CARTESIAN_POINT('Ctrl Pts',(6.37774048599035,16.4483730442453,30.6578838519024));
#4968=CARTESIAN_POINT('Ctrl Pts',(6.37774048599035,15.9483730442453,30.6578838519024));
#4969=CARTESIAN_POINT('Ctrl Pts',(6.51978229731321,16.4483730442453,30.4693039655685));
#4970=CARTESIAN_POINT('Ctrl Pts',(6.51978229731321,15.9483730442453,30.4693039655685));
#4971=CARTESIAN_POINT('',(6.03274320811033,16.4483730442453,31.7646654844284));
#4972=CARTESIAN_POINT('Ctrl Pts',(6.03274320811033,16.4483730442453,31.7646654844284));
#4973=CARTESIAN_POINT('Ctrl Pts',(6.05161934357463,16.4483730442453,31.5209157249133));
#4974=CARTESIAN_POINT('Ctrl Pts',(6.08874007653974,16.4483730442453,31.0415713299559));
#4975=CARTESIAN_POINT('Ctrl Pts',(6.37774048599035,16.4483730442453,30.6578838519024));
#4976=CARTESIAN_POINT('Ctrl Pts',(6.51978229731321,16.4483730442453,30.4693039655685));
#4977=CARTESIAN_POINT('',(6.03274320811033,15.9483730442453,31.7646654844284));
#4978=CARTESIAN_POINT('',(6.03274320811033,16.4483730442453,31.7646654844284));
#4979=CARTESIAN_POINT('Ctrl Pts',(6.03274320811033,15.9483730442453,31.7646654844284));
#4980=CARTESIAN_POINT('Ctrl Pts',(6.05161934357463,15.9483730442453,31.5209157249133));
#4981=CARTESIAN_POINT('Ctrl Pts',(6.08874007653974,15.9483730442453,31.0415713299559));
#4982=CARTESIAN_POINT('Ctrl Pts',(6.37774048599035,15.9483730442453,30.6578838519024));
#4983=CARTESIAN_POINT('Ctrl Pts',(6.51978229731321,15.9483730442453,30.4693039655685));
#4984=CARTESIAN_POINT('Ctrl Pts',(6.21487116068601,16.4483730442453,32.5832196474075));
#4985=CARTESIAN_POINT('Ctrl Pts',(6.21487116068601,15.9483730442453,32.5832196474075));
#4986=CARTESIAN_POINT('Ctrl Pts',(6.16175590554637,16.4483730442453,32.454637827838));
#4987=CARTESIAN_POINT('Ctrl Pts',(6.16175590554637,15.9483730442453,32.454637827838));
#4988=CARTESIAN_POINT('Ctrl Pts',(6.05346382476845,16.4483730442453,32.1924835229254));
#4989=CARTESIAN_POINT('Ctrl Pts',(6.05346382476845,15.9483730442453,32.1924835229254));
#4990=CARTESIAN_POINT('Ctrl Pts',(6.03973718560444,16.4483730442453,31.909069957625));
#4991=CARTESIAN_POINT('Ctrl Pts',(6.03973718560444,15.9483730442453,31.909069957625));
#4992=CARTESIAN_POINT('Ctrl Pts',(6.03274320811033,16.4483730442453,31.7646654844284));
#4993=CARTESIAN_POINT('Ctrl Pts',(6.03274320811033,15.9483730442453,31.7646654844284));
#4994=CARTESIAN_POINT('',(6.21487116068601,16.4483730442453,32.5832196474075));
#4995=CARTESIAN_POINT('Ctrl Pts',(6.21487116068601,16.4483730442453,32.5832196474075));
#4996=CARTESIAN_POINT('Ctrl Pts',(6.16175590554637,16.4483730442453,32.454637827838));
#4997=CARTESIAN_POINT('Ctrl Pts',(6.05346382476845,16.4483730442453,32.1924835229254));
#4998=CARTESIAN_POINT('Ctrl Pts',(6.03973718560444,16.4483730442453,31.909069957625));
#4999=CARTESIAN_POINT('Ctrl Pts',(6.03274320811033,16.4483730442453,31.7646654844284));
#5000=CARTESIAN_POINT('',(6.21487116068601,15.9483730442453,32.5832196474075));
#5001=CARTESIAN_POINT('',(6.21487116068601,16.4483730442453,32.5832196474075));
#5002=CARTESIAN_POINT('Ctrl Pts',(6.21487116068601,15.9483730442453,32.5832196474075));
#5003=CARTESIAN_POINT('Ctrl Pts',(6.16175590554637,15.9483730442453,32.454637827838));
#5004=CARTESIAN_POINT('Ctrl Pts',(6.05346382476845,15.9483730442453,32.1924835229254));
#5005=CARTESIAN_POINT('Ctrl Pts',(6.03973718560444,15.9483730442453,31.909069957625));
#5006=CARTESIAN_POINT('Ctrl Pts',(6.03274320811033,15.9483730442453,31.7646654844284));
#5007=CARTESIAN_POINT('Ctrl Pts',(6.69577216356993,16.4483730442453,33.162346124649));
#5008=CARTESIAN_POINT('Ctrl Pts',(6.69577216356993,15.9483730442453,33.162346124649));
#5009=CARTESIAN_POINT('Ctrl Pts',(6.60007191173422,16.4483730442453,33.0845234637372));
#5010=CARTESIAN_POINT('Ctrl Pts',(6.60007191173422,15.9483730442453,33.0845234637372));
#5011=CARTESIAN_POINT('Ctrl Pts',(6.40180739750146,16.4483730442453,32.9232963847482));
#5012=CARTESIAN_POINT('Ctrl Pts',(6.40180739750146,15.9483730442453,32.9232963847482));
#5013=CARTESIAN_POINT('Ctrl Pts',(6.27860501440524,16.4483730442453,32.6991650702973));
#5014=CARTESIAN_POINT('Ctrl Pts',(6.27860501440524,15.9483730442453,32.6991650702973));
#5015=CARTESIAN_POINT('Ctrl Pts',(6.21487116068601,16.4483730442453,32.5832196474075));
#5016=CARTESIAN_POINT('Ctrl Pts',(6.21487116068601,15.9483730442453,32.5832196474075));
#5017=CARTESIAN_POINT('',(6.69577216356993,16.4483730442453,33.162346124649));
#5018=CARTESIAN_POINT('Ctrl Pts',(6.69577216356993,16.4483730442453,33.162346124649));
#5019=CARTESIAN_POINT('Ctrl Pts',(6.60007191173422,16.4483730442453,33.0845234637372));
#5020=CARTESIAN_POINT('Ctrl Pts',(6.40180739750146,16.4483730442453,32.9232963847482));
#5021=CARTESIAN_POINT('Ctrl Pts',(6.27860501440524,16.4483730442453,32.6991650702973));
#5022=CARTESIAN_POINT('Ctrl Pts',(6.21487116068601,16.4483730442453,32.5832196474075));
#5023=CARTESIAN_POINT('',(6.69577216356993,15.9483730442453,33.162346124649));
#5024=CARTESIAN_POINT('',(6.69577216356993,16.4483730442453,33.162346124649));
#5025=CARTESIAN_POINT('Ctrl Pts',(6.69577216356993,15.9483730442453,33.162346124649));
#5026=CARTESIAN_POINT('Ctrl Pts',(6.60007191173422,15.9483730442453,33.0845234637372));
#5027=CARTESIAN_POINT('Ctrl Pts',(6.40180739750146,15.9483730442453,32.9232963847482));
#5028=CARTESIAN_POINT('Ctrl Pts',(6.27860501440524,15.9483730442453,32.6991650702973));
#5029=CARTESIAN_POINT('Ctrl Pts',(6.21487116068601,15.9483730442453,32.5832196474075));
#5030=CARTESIAN_POINT('Ctrl Pts',(7.43656253069639,16.4483730442453,33.4427007436752));
#5031=CARTESIAN_POINT('Ctrl Pts',(7.43656253069639,15.9483730442453,33.4427007436752));
#5032=CARTESIAN_POINT('Ctrl Pts',(7.29823615408017,16.4483730442453,33.414648006046));
#5033=CARTESIAN_POINT('Ctrl Pts',(7.29823615408017,15.9483730442453,33.414648006046));
#5034=CARTESIAN_POINT('Ctrl Pts',(7.03580391912305,16.4483730442453,33.3614264671552));
#5035=CARTESIAN_POINT('Ctrl Pts',(7.03580391912305,15.9483730442453,33.3614264671552));
#5036=CARTESIAN_POINT('Ctrl Pts',(6.80494622330107,16.4483730442453,33.2262648876737));
#5037=CARTESIAN_POINT('Ctrl Pts',(6.80494622330107,15.9483730442453,33.2262648876737));
#5038=CARTESIAN_POINT('Ctrl Pts',(6.69577216356993,16.4483730442453,33.162346124649));
#5039=CARTESIAN_POINT('Ctrl Pts',(6.69577216356993,15.9483730442453,33.162346124649));
#5040=CARTESIAN_POINT('',(7.43656253069639,16.4483730442453,33.4427007436752));
#5041=CARTESIAN_POINT('Ctrl Pts',(7.43656253069639,16.4483730442453,33.4427007436752));
#5042=CARTESIAN_POINT('Ctrl Pts',(7.29823615408017,16.4483730442453,33.414648006046));
#5043=CARTESIAN_POINT('Ctrl Pts',(7.03580391912305,16.4483730442453,33.3614264671552));
#5044=CARTESIAN_POINT('Ctrl Pts',(6.80494622330107,16.4483730442453,33.2262648876737));
#5045=CARTESIAN_POINT('Ctrl Pts',(6.69577216356993,16.4483730442453,33.162346124649));
#5046=CARTESIAN_POINT('',(7.43656253069639,15.9483730442453,33.4427007436752));
#5047=CARTESIAN_POINT('',(7.43656253069639,16.4483730442453,33.4427007436752));
#5048=CARTESIAN_POINT('Ctrl Pts',(7.43656253069639,15.9483730442453,33.4427007436752));
#5049=CARTESIAN_POINT('Ctrl Pts',(7.29823615408017,15.9483730442453,33.414648006046));
#5050=CARTESIAN_POINT('Ctrl Pts',(7.03580391912305,15.9483730442453,33.3614264671552));
#5051=CARTESIAN_POINT('Ctrl Pts',(6.80494622330107,15.9483730442453,33.2262648876737));
#5052=CARTESIAN_POINT('Ctrl Pts',(6.69577216356993,15.9483730442453,33.162346124649));
#5053=CARTESIAN_POINT('Ctrl Pts',(8.34925030916929,16.4483730442453,33.4999998807907));
#5054=CARTESIAN_POINT('Ctrl Pts',(8.34925030916929,15.9483730442453,33.4999998807907));
#5055=CARTESIAN_POINT('Ctrl Pts',(8.17331014731231,16.4483730442453,33.4994523918695));
#5056=CARTESIAN_POINT('Ctrl Pts',(8.17331014731231,15.9483730442453,33.4994523918695));
#5057=CARTESIAN_POINT('Ctrl Pts',(7.867825452655,16.4483730442453,33.498501787504));
#5058=CARTESIAN_POINT('Ctrl Pts',(7.867825452655,15.9483730442453,33.498501787504));
#5059=CARTESIAN_POINT('Ctrl Pts',(7.56498551980388,16.4483730442453,33.4593173746883));
#5060=CARTESIAN_POINT('Ctrl Pts',(7.56498551980388,15.9483730442453,33.4593173746883));
#5061=CARTESIAN_POINT('Ctrl Pts',(7.43656253069639,16.4483730442453,33.4427007436752));
#5062=CARTESIAN_POINT('Ctrl Pts',(7.43656253069639,15.9483730442453,33.4427007436752));
#5063=CARTESIAN_POINT('',(8.34925030916929,16.4483730442453,33.4999998807907));
#5064=CARTESIAN_POINT('Ctrl Pts',(8.34925030916929,16.4483730442453,33.4999998807907));
#5065=CARTESIAN_POINT('Ctrl Pts',(8.17331014731231,16.4483730442453,33.4994523918695));
#5066=CARTESIAN_POINT('Ctrl Pts',(7.867825452655,16.4483730442453,33.498501787504));
#5067=CARTESIAN_POINT('Ctrl Pts',(7.56498551980388,16.4483730442453,33.4593173746883));
#5068=CARTESIAN_POINT('Ctrl Pts',(7.43656253069639,16.4483730442453,33.4427007436752));
#5069=CARTESIAN_POINT('',(8.34925030916929,15.9483730442453,33.4999998807907));
#5070=CARTESIAN_POINT('',(8.34925030916929,16.4483730442453,33.4999998807907));
#5071=CARTESIAN_POINT('Ctrl Pts',(8.34925030916929,15.9483730442453,33.4999998807907));
#5072=CARTESIAN_POINT('Ctrl Pts',(8.17331014731231,15.9483730442453,33.4994523918695));
#5073=CARTESIAN_POINT('Ctrl Pts',(7.867825452655,15.9483730442453,33.498501787504));
#5074=CARTESIAN_POINT('Ctrl Pts',(7.56498551980388,15.9483730442453,33.4593173746883));
#5075=CARTESIAN_POINT('Ctrl Pts',(7.43656253069639,15.9483730442453,33.4427007436752));
#5076=CARTESIAN_POINT('Origin',(10.6125519201159,16.4483730442453,33.4999998807907));
#5077=CARTESIAN_POINT('',(10.6125519201159,16.4483730442453,33.4999998807907));
#5078=CARTESIAN_POINT('',(5.30627596005797,16.4483730442453,33.4999998807907));
#5079=CARTESIAN_POINT('',(10.6125519201159,15.9483730442453,33.4999998807907));
#5080=CARTESIAN_POINT('',(10.6125519201159,16.4483730442453,33.4999998807907));
#5081=CARTESIAN_POINT('',(10.6125519201159,15.9483730442453,33.4999998807907));
#5082=CARTESIAN_POINT('Origin',(10.6125519201159,16.4483730442453,27.4999996423721));
#5083=CARTESIAN_POINT('',(10.6125519201159,16.4483730442453,27.4999996423721));
#5084=CARTESIAN_POINT('',(10.6125519201159,16.4483730442453,21.0440612982649));
#5085=CARTESIAN_POINT('',(10.6125519201159,15.9483730442453,27.4999996423721));
#5086=CARTESIAN_POINT('',(10.6125519201159,16.4483730442453,27.4999996423721));
#5087=CARTESIAN_POINT('',(10.6125519201159,15.9483730442453,27.4999996423721));
#5088=CARTESIAN_POINT('Origin',(9.81855487078428,16.4483730442453,27.4999996423721));
#5089=CARTESIAN_POINT('',(4.90927743539214,16.4483730442453,27.4999996423721));
#5090=CARTESIAN_POINT('',(9.81855487078428,15.9483730442453,27.4999996423721));
#5091=CARTESIAN_POINT('Origin',(-1.21444463943839E-6,15.9483730442453,30.5020462870598));
#5092=CARTESIAN_POINT('Ctrl Pts',(4.09890984743833,16.4483730442453,27.6350607872009));
#5093=CARTESIAN_POINT('Ctrl Pts',(4.09890984743833,15.9483730442453,27.6350607872009));
#5094=CARTESIAN_POINT('Ctrl Pts',(4.27179874914859,16.4483730442453,27.7230869954174));
#5095=CARTESIAN_POINT('Ctrl Pts',(4.27179874914859,15.9483730442453,27.7230869954174));
#5096=CARTESIAN_POINT('Ctrl Pts',(4.61305795408909,16.4483730442453,27.8968387720366));
#5097=CARTESIAN_POINT('Ctrl Pts',(4.61305795408909,15.9483730442453,27.8968387720366));
#5098=CARTESIAN_POINT('Ctrl Pts',(4.8470409701302,16.4483730442453,28.1997826833313));
#5099=CARTESIAN_POINT('Ctrl Pts',(4.8470409701302,15.9483730442453,28.1997826833313));
#5100=CARTESIAN_POINT('Ctrl Pts',(4.96248339861631,16.4483730442453,28.3492490053177));
#5101=CARTESIAN_POINT('Ctrl Pts',(4.96248339861631,15.9483730442453,28.3492490053177));
#5102=CARTESIAN_POINT('',(4.09890984743833,16.4483730442453,27.6350607872009));
#5103=CARTESIAN_POINT('',(4.96248339861631,16.4483730442453,28.3492490053177));
#5104=CARTESIAN_POINT('Ctrl Pts',(4.09890984743833,16.4483730442453,27.6350607872009));
#5105=CARTESIAN_POINT('Ctrl Pts',(4.27179874914859,16.4483730442453,27.7230869954174));
#5106=CARTESIAN_POINT('Ctrl Pts',(4.61305795408909,16.4483730442453,27.8968387720366));
#5107=CARTESIAN_POINT('Ctrl Pts',(4.8470409701302,16.4483730442453,28.1997826833313));
#5108=CARTESIAN_POINT('Ctrl Pts',(4.96248339861631,16.4483730442453,28.3492490053177));
#5109=CARTESIAN_POINT('',(4.09890984743833,15.9483730442453,27.6350607872009));
#5110=CARTESIAN_POINT('',(4.09890984743833,16.4483730442453,27.6350607872009));
#5111=CARTESIAN_POINT('',(4.96248339861631,15.9483730442453,28.3492490053177));
#5112=CARTESIAN_POINT('Ctrl Pts',(4.09890984743833,15.9483730442453,27.6350607872009));
#5113=CARTESIAN_POINT('Ctrl Pts',(4.27179874914859,15.9483730442453,27.7230869954174));
#5114=CARTESIAN_POINT('Ctrl Pts',(4.61305795408909,15.9483730442453,27.8968387720366));
#5115=CARTESIAN_POINT('Ctrl Pts',(4.8470409701302,15.9483730442453,28.1997826833313));
#5116=CARTESIAN_POINT('Ctrl Pts',(4.96248339861631,15.9483730442453,28.3492490053177));
#5117=CARTESIAN_POINT('',(4.96248339861631,16.4483730442453,28.3492490053177));
#5118=CARTESIAN_POINT('Ctrl Pts',(2.73397063463926,16.4483730442453,27.3976805210114));
#5119=CARTESIAN_POINT('Ctrl Pts',(2.73397063463926,15.9483730442453,27.3976805210114));
#5120=CARTESIAN_POINT('Ctrl Pts',(2.9858969719305,16.4483730442453,27.4040748057353));
#5121=CARTESIAN_POINT('Ctrl Pts',(2.9858969719305,15.9483730442453,27.4040748057353));
#5122=CARTESIAN_POINT('Ctrl Pts',(3.4531267623829,16.4483730442453,27.4159338290664));
#5123=CARTESIAN_POINT('Ctrl Pts',(3.4531267623829,15.9483730442453,27.4159338290664));
#5124=CARTESIAN_POINT('Ctrl Pts',(3.89519914249247,16.4483730442453,27.5659377207298));
#5125=CARTESIAN_POINT('Ctrl Pts',(3.89519914249247,15.9483730442453,27.5659377207298));
#5126=CARTESIAN_POINT('Ctrl Pts',(4.09890984743833,16.4483730442453,27.6350607872009));
#5127=CARTESIAN_POINT('Ctrl Pts',(4.09890984743833,15.9483730442453,27.6350607872009));
#5128=CARTESIAN_POINT('',(2.73397063463926,16.4483730442453,27.3976805210114));
#5129=CARTESIAN_POINT('Ctrl Pts',(2.73397063463926,16.4483730442453,27.3976805210114));
#5130=CARTESIAN_POINT('Ctrl Pts',(2.9858969719305,16.4483730442453,27.4040748057353));
#5131=CARTESIAN_POINT('Ctrl Pts',(3.4531267623829,16.4483730442453,27.4159338290664));
#5132=CARTESIAN_POINT('Ctrl Pts',(3.89519914249247,16.4483730442453,27.5659377207298));
#5133=CARTESIAN_POINT('Ctrl Pts',(4.09890984743833,16.4483730442453,27.6350607872009));
#5134=CARTESIAN_POINT('',(2.73397063463926,15.9483730442453,27.3976805210114));
#5135=CARTESIAN_POINT('',(2.73397063463926,16.4483730442453,27.3976805210114));
#5136=CARTESIAN_POINT('Ctrl Pts',(2.73397063463926,15.9483730442453,27.3976805210114));
#5137=CARTESIAN_POINT('Ctrl Pts',(2.9858969719305,15.9483730442453,27.4040748057353));
#5138=CARTESIAN_POINT('Ctrl Pts',(3.4531267623829,15.9483730442453,27.4159338290664));
#5139=CARTESIAN_POINT('Ctrl Pts',(3.89519914249247,15.9483730442453,27.5659377207298));
#5140=CARTESIAN_POINT('Ctrl Pts',(4.09890984743833,15.9483730442453,27.6350607872009));
#5141=CARTESIAN_POINT('Ctrl Pts',(1.57776211947202,16.4483730442453,27.6330145597458));
#5142=CARTESIAN_POINT('Ctrl Pts',(1.57776211947202,15.9483730442453,27.6330145597458));
#5143=CARTESIAN_POINT('Ctrl Pts',(1.7576923702197,16.4483730442453,27.5643963728723));
#5144=CARTESIAN_POINT('Ctrl Pts',(1.7576923702197,15.9483730442453,27.5643963728723));
#5145=CARTESIAN_POINT('Ctrl Pts',(2.12992883425544,16.4483730442453,27.4224403029832));
#5146=CARTESIAN_POINT('Ctrl Pts',(2.12992883425544,15.9483730442453,27.4224403029832));
#5147=CARTESIAN_POINT('Ctrl Pts',(2.52820941238735,16.4483730442453,27.4061147104962));
#5148=CARTESIAN_POINT('Ctrl Pts',(2.52820941238735,15.9483730442453,27.4061147104962));
#5149=CARTESIAN_POINT('Ctrl Pts',(2.73397063463926,16.4483730442453,27.3976805210114));
#5150=CARTESIAN_POINT('Ctrl Pts',(2.73397063463926,15.9483730442453,27.3976805210114));
#5151=CARTESIAN_POINT('',(1.57776211947202,16.4483730442453,27.6330145597458));
#5152=CARTESIAN_POINT('Ctrl Pts',(1.57776211947202,16.4483730442453,27.6330145597458));
#5153=CARTESIAN_POINT('Ctrl Pts',(1.7576923702197,16.4483730442453,27.5643963728723));
#5154=CARTESIAN_POINT('Ctrl Pts',(2.12992883425544,16.4483730442453,27.4224403029832));
#5155=CARTESIAN_POINT('Ctrl Pts',(2.52820941238735,16.4483730442453,27.4061147104962));
#5156=CARTESIAN_POINT('Ctrl Pts',(2.73397063463926,16.4483730442453,27.3976805210114));
#5157=CARTESIAN_POINT('',(1.57776211947202,15.9483730442453,27.6330145597458));
#5158=CARTESIAN_POINT('',(1.57776211947202,16.4483730442453,27.6330145597458));
#5159=CARTESIAN_POINT('Ctrl Pts',(1.57776211947202,15.9483730442453,27.6330145597458));
#5160=CARTESIAN_POINT('Ctrl Pts',(1.7576923702197,15.9483730442453,27.5643963728723));
#5161=CARTESIAN_POINT('Ctrl Pts',(2.12992883425544,15.9483730442453,27.4224403029832));
#5162=CARTESIAN_POINT('Ctrl Pts',(2.52820941238735,15.9483730442453,27.4061147104962));
#5163=CARTESIAN_POINT('Ctrl Pts',(2.73397063463926,15.9483730442453,27.3976805210114));
#5164=CARTESIAN_POINT('Ctrl Pts',(0.78990554064512,16.4483730442453,28.2919504642487));
#5165=CARTESIAN_POINT('Ctrl Pts',(0.78990554064512,15.9483730442453,28.2919504642487));
#5166=CARTESIAN_POINT('Ctrl Pts',(0.893721028640381,16.4483730442453,28.15750067402));
#5167=CARTESIAN_POINT('Ctrl Pts',(0.893721028640381,15.9483730442453,28.15750067402));
#5168=CARTESIAN_POINT('Ctrl Pts',(1.10776816945778,16.4483730442453,27.8802916203646));
#5169=CARTESIAN_POINT('Ctrl Pts',(1.10776816945778,15.9483730442453,27.8802916203646));
#5170=CARTESIAN_POINT('Ctrl Pts',(1.41799771013459,16.4483730442453,27.7170711173488));
#5171=CARTESIAN_POINT('Ctrl Pts',(1.41799771013459,15.9483730442453,27.7170711173488));
#5172=CARTESIAN_POINT('Ctrl Pts',(1.57776211947202,16.4483730442453,27.6330145597458));
#5173=CARTESIAN_POINT('Ctrl Pts',(1.57776211947202,15.9483730442453,27.6330145597458));
#5174=CARTESIAN_POINT('',(0.78990554064512,16.4483730442453,28.2919504642487));
#5175=CARTESIAN_POINT('Ctrl Pts',(0.78990554064512,16.4483730442453,28.2919504642487));
#5176=CARTESIAN_POINT('Ctrl Pts',(0.893721028640381,16.4483730442453,28.15750067402));
#5177=CARTESIAN_POINT('Ctrl Pts',(1.10776816945778,16.4483730442453,27.8802916203646));
#5178=CARTESIAN_POINT('Ctrl Pts',(1.41799771013459,16.4483730442453,27.7170711173488));
#5179=CARTESIAN_POINT('Ctrl Pts',(1.57776211947202,16.4483730442453,27.6330145597458));
#5180=CARTESIAN_POINT('',(0.789905540645121,15.9483730442453,28.2919504642487));
#5181=CARTESIAN_POINT('',(0.78990554064512,16.4483730442453,28.2919504642487));
#5182=CARTESIAN_POINT('Ctrl Pts',(0.78990554064512,15.9483730442453,28.2919504642487));
#5183=CARTESIAN_POINT('Ctrl Pts',(0.893721028640381,15.9483730442453,28.15750067402));
#5184=CARTESIAN_POINT('Ctrl Pts',(1.10776816945778,15.9483730442453,27.8802916203646));
#5185=CARTESIAN_POINT('Ctrl Pts',(1.41799771013459,15.9483730442453,27.7170711173488));
#5186=CARTESIAN_POINT('Ctrl Pts',(1.57776211947202,15.9483730442453,27.6330145597458));
#5187=CARTESIAN_POINT('Ctrl Pts',(0.515688411891458,16.4483730442453,29.194405913353));
#5188=CARTESIAN_POINT('Ctrl Pts',(0.515688411891458,15.9483730442453,29.194405913353));
#5189=CARTESIAN_POINT('Ctrl Pts',(0.527736984856023,16.4483730442453,29.0361342341792));
#5190=CARTESIAN_POINT('Ctrl Pts',(0.527736984856023,15.9483730442453,29.0361342341792));
#5191=CARTESIAN_POINT('Ctrl Pts',(0.552174672791875,16.4483730442453,28.7151174701105));
#5192=CARTESIAN_POINT('Ctrl Pts',(0.552174672791875,15.9483730442453,28.7151174701105));
#5193=CARTESIAN_POINT('Ctrl Pts',(0.709929142436357,16.4483730442453,28.4343104921038));
#5194=CARTESIAN_POINT('Ctrl Pts',(0.709929142436357,15.9483730442453,28.4343104921038));
#5195=CARTESIAN_POINT('Ctrl Pts',(0.78990554064512,16.4483730442453,28.2919504642487));
#5196=CARTESIAN_POINT('Ctrl Pts',(0.78990554064512,15.9483730442453,28.2919504642487));
#5197=CARTESIAN_POINT('',(0.515688411891458,16.4483730442453,29.194405913353));
#5198=CARTESIAN_POINT('Ctrl Pts',(0.515688411891458,16.4483730442453,29.194405913353));
#5199=CARTESIAN_POINT('Ctrl Pts',(0.527736984856023,16.4483730442453,29.0361342341792));
#5200=CARTESIAN_POINT('Ctrl Pts',(0.552174672791875,16.4483730442453,28.7151174701105));
#5201=CARTESIAN_POINT('Ctrl Pts',(0.709929142436357,16.4483730442453,28.4343104921038));
#5202=CARTESIAN_POINT('Ctrl Pts',(0.78990554064512,16.4483730442453,28.2919504642487));
#5203=CARTESIAN_POINT('',(0.515688411891458,15.9483730442453,29.194405913353));
#5204=CARTESIAN_POINT('',(0.515688411891458,16.4483730442453,29.194405913353));
#5205=CARTESIAN_POINT('Ctrl Pts',(0.515688411891458,15.9483730442453,29.194405913353));
#5206=CARTESIAN_POINT('Ctrl Pts',(0.527736984856023,15.9483730442453,29.0361342341792));
#5207=CARTESIAN_POINT('Ctrl Pts',(0.552174672791875,15.9483730442453,28.7151174701105));
#5208=CARTESIAN_POINT('Ctrl Pts',(0.709929142436357,15.9483730442453,28.4343104921038));
#5209=CARTESIAN_POINT('Ctrl Pts',(0.78990554064512,15.9483730442453,28.2919504642487));
#5210=CARTESIAN_POINT('Ctrl Pts',(0.765348426997659,16.4483730442453,30.0477489233017));
#5211=CARTESIAN_POINT('Ctrl Pts',(0.765348426997659,15.9483730442453,30.0477489233017));
#5212=CARTESIAN_POINT('Ctrl Pts',(0.692540068138724,16.4483730442453,29.9179812002944));
#5213=CARTESIAN_POINT('Ctrl Pts',(0.692540068138724,15.9483730442453,29.9179812002944));
#5214=CARTESIAN_POINT('Ctrl Pts',(0.543824053531158,16.4483730442453,29.6529218184763));
#5215=CARTESIAN_POINT('Ctrl Pts',(0.543824053531158,15.9483730442453,29.6529218184763));
#5216=CARTESIAN_POINT('Ctrl Pts',(0.52519636177255,16.4483730442453,29.3493533747055));
#5217=CARTESIAN_POINT('Ctrl Pts',(0.52519636177255,15.9483730442453,29.3493533747055));
#5218=CARTESIAN_POINT('Ctrl Pts',(0.515688411891458,16.4483730442453,29.194405913353));
#5219=CARTESIAN_POINT('Ctrl Pts',(0.515688411891458,15.9483730442453,29.194405913353));
#5220=CARTESIAN_POINT('',(0.765348426997659,16.4483730442453,30.0477489233017));
#5221=CARTESIAN_POINT('Ctrl Pts',(0.765348426997659,16.4483730442453,30.0477489233017));
#5222=CARTESIAN_POINT('Ctrl Pts',(0.692540068138724,16.4483730442453,29.9179812002944));
#5223=CARTESIAN_POINT('Ctrl Pts',(0.543824053531158,16.4483730442453,29.6529218184763));
#5224=CARTESIAN_POINT('Ctrl Pts',(0.52519636177255,16.4483730442453,29.3493533747055));
#5225=CARTESIAN_POINT('Ctrl Pts',(0.515688411891458,16.4483730442453,29.194405913353));
#5226=CARTESIAN_POINT('',(0.76534842699766,15.9483730442453,30.0477489233017));
#5227=CARTESIAN_POINT('',(0.765348426997659,16.4483730442453,30.0477489233017));
#5228=CARTESIAN_POINT('Ctrl Pts',(0.765348426997659,15.9483730442453,30.0477489233017));
#5229=CARTESIAN_POINT('Ctrl Pts',(0.692540068138724,15.9483730442453,29.9179812002944));
#5230=CARTESIAN_POINT('Ctrl Pts',(0.543824053531158,15.9483730442453,29.6529218184763));
#5231=CARTESIAN_POINT('Ctrl Pts',(0.52519636177255,15.9483730442453,29.3493533747055));
#5232=CARTESIAN_POINT('Ctrl Pts',(0.515688411891458,15.9483730442453,29.194405913353));
#5233=CARTESIAN_POINT('Ctrl Pts',(1.53888081759214,16.4483730442453,30.6596177220345));
#5234=CARTESIAN_POINT('Ctrl Pts',(1.53888081759214,15.9483730442453,30.6596177220345));
#5235=CARTESIAN_POINT('Ctrl Pts',(1.37899195725159,16.4483730442453,30.578449293571));
#5236=CARTESIAN_POINT('Ctrl Pts',(1.37899195725159,15.9483730442453,30.578449293571));
#5237=CARTESIAN_POINT('Ctrl Pts',(1.07935193654761,16.4483730442453,30.4263354469059));
#5238=CARTESIAN_POINT('Ctrl Pts',(1.07935193654761,15.9483730442453,30.4263354469059));
#5239=CARTESIAN_POINT('Ctrl Pts',(0.865219240770462,16.4483730442453,30.1681607755449));
#5240=CARTESIAN_POINT('Ctrl Pts',(0.865219240770462,15.9483730442453,30.1681607755449));
#5241=CARTESIAN_POINT('Ctrl Pts',(0.765348426997659,16.4483730442453,30.0477489233017));
#5242=CARTESIAN_POINT('Ctrl Pts',(0.765348426997659,15.9483730442453,30.0477489233017));
#5243=CARTESIAN_POINT('',(1.53888081759214,16.4483730442453,30.6596177220345));
#5244=CARTESIAN_POINT('Ctrl Pts',(1.53888081759214,16.4483730442453,30.6596177220345));
#5245=CARTESIAN_POINT('Ctrl Pts',(1.37899195725159,16.4483730442453,30.578449293571));
#5246=CARTESIAN_POINT('Ctrl Pts',(1.07935193654761,16.4483730442453,30.4263354469059));
#5247=CARTESIAN_POINT('Ctrl Pts',(0.865219240770462,16.4483730442453,30.1681607755449));
#5248=CARTESIAN_POINT('Ctrl Pts',(0.765348426997659,16.4483730442453,30.0477489233017));
#5249=CARTESIAN_POINT('',(1.53888081759214,15.9483730442453,30.6596177220345));
#5250=CARTESIAN_POINT('',(1.53888081759214,16.4483730442453,30.6596177220345));
#5251=CARTESIAN_POINT('Ctrl Pts',(1.53888081759214,15.9483730442453,30.6596177220345));
#5252=CARTESIAN_POINT('Ctrl Pts',(1.37899195725159,15.9483730442453,30.578449293571));
#5253=CARTESIAN_POINT('Ctrl Pts',(1.07935193654761,15.9483730442453,30.4263354469059));
#5254=CARTESIAN_POINT('Ctrl Pts',(0.865219240770462,15.9483730442453,30.1681607755449));
#5255=CARTESIAN_POINT('Ctrl Pts',(0.765348426997659,15.9483730442453,30.0477489233017));
#5256=CARTESIAN_POINT('Ctrl Pts',(2.86698674410581,16.4483730442453,31.0422917604446));
#5257=CARTESIAN_POINT('Ctrl Pts',(2.86698674410581,15.9483730442453,31.0422917604446));
#5258=CARTESIAN_POINT('Ctrl Pts',(2.59285718916747,16.4483730442453,30.9810479888036));
#5259=CARTESIAN_POINT('Ctrl Pts',(2.59285718916747,15.9483730442453,30.9810479888036));
#5260=CARTESIAN_POINT('Ctrl Pts',(2.14213922340446,16.4483730442453,30.8803522860877));
#5261=CARTESIAN_POINT('Ctrl Pts',(2.14213922340446,15.9483730442453,30.8803522860877));
#5262=CARTESIAN_POINT('Ctrl Pts',(1.70869966078404,16.4483730442453,30.7217550879772));
#5263=CARTESIAN_POINT('Ctrl Pts',(1.70869966078404,15.9483730442453,30.7217550879772));
#5264=CARTESIAN_POINT('Ctrl Pts',(1.53888081759214,16.4483730442453,30.6596177220345));
#5265=CARTESIAN_POINT('Ctrl Pts',(1.53888081759214,15.9483730442453,30.6596177220345));
#5266=CARTESIAN_POINT('',(2.86698674410581,16.4483730442453,31.0422917604446));
#5267=CARTESIAN_POINT('Ctrl Pts',(2.86698674410581,16.4483730442453,31.0422917604446));
#5268=CARTESIAN_POINT('Ctrl Pts',(2.59285718916747,16.4483730442453,30.9810479888036));
#5269=CARTESIAN_POINT('Ctrl Pts',(2.14213922340446,16.4483730442453,30.8803522860877));
#5270=CARTESIAN_POINT('Ctrl Pts',(1.70869966078404,16.4483730442453,30.7217550879772));
#5271=CARTESIAN_POINT('Ctrl Pts',(1.53888081759214,16.4483730442453,30.6596177220345));
#5272=CARTESIAN_POINT('',(2.86698674410581,15.9483730442453,31.0422917604446));
#5273=CARTESIAN_POINT('',(2.86698674410581,16.4483730442453,31.0422917604446));
#5274=CARTESIAN_POINT('Ctrl Pts',(2.86698674410581,15.9483730442453,31.0422917604446));
#5275=CARTESIAN_POINT('Ctrl Pts',(2.59285718916747,15.9483730442453,30.9810479888036));
#5276=CARTESIAN_POINT('Ctrl Pts',(2.14213922340446,15.9483730442453,30.8803522860877));
#5277=CARTESIAN_POINT('Ctrl Pts',(1.70869966078404,15.9483730442453,30.7217550879772));
#5278=CARTESIAN_POINT('Ctrl Pts',(1.53888081759214,15.9483730442453,30.6596177220345));
#5279=CARTESIAN_POINT('Ctrl Pts',(4.06412219256162,16.4483730442453,31.4699860811234));
#5280=CARTESIAN_POINT('Ctrl Pts',(4.06412219256162,15.9483730442453,31.4699860811234));
#5281=CARTESIAN_POINT('Ctrl Pts',(3.92822477031372,16.4483730442453,31.3942487445111));
#5282=CARTESIAN_POINT('Ctrl Pts',(3.92822477031372,15.9483730442453,31.3942487445111));
#5283=CARTESIAN_POINT('Ctrl Pts',(3.55468782134617,16.4483730442453,31.1860719213375));
#5284=CARTESIAN_POINT('Ctrl Pts',(3.55468782134617,15.9483730442453,31.1860719213375));
#5285=CARTESIAN_POINT('Ctrl Pts',(3.13438080297602,16.4483730442453,31.0981968070972));
#5286=CARTESIAN_POINT('Ctrl Pts',(3.13438080297602,15.9483730442453,31.0981968070972));
#5287=CARTESIAN_POINT('Ctrl Pts',(2.86698674410581,16.4483730442453,31.0422917604446));
#5288=CARTESIAN_POINT('Ctrl Pts',(2.86698674410581,15.9483730442453,31.0422917604446));
#5289=CARTESIAN_POINT('',(4.06412219256162,16.4483730442453,31.4699860811234));
#5290=CARTESIAN_POINT('Ctrl Pts',(4.06412219256162,16.4483730442453,31.4699860811234));
#5291=CARTESIAN_POINT('Ctrl Pts',(3.92822477031372,16.4483730442453,31.3942487445111));
#5292=CARTESIAN_POINT('Ctrl Pts',(3.55468782134617,16.4483730442453,31.1860719213375));
#5293=CARTESIAN_POINT('Ctrl Pts',(3.13438080297602,16.4483730442453,31.0981968070972));
#5294=CARTESIAN_POINT('Ctrl Pts',(2.86698674410581,16.4483730442453,31.0422917604446));
#5295=CARTESIAN_POINT('',(4.06412219256162,15.9483730442453,31.4699860811234));
#5296=CARTESIAN_POINT('',(4.06412219256162,16.4483730442453,31.4699860811234));
#5297=CARTESIAN_POINT('Ctrl Pts',(4.06412219256162,15.9483730442453,31.4699860811234));
#5298=CARTESIAN_POINT('Ctrl Pts',(3.92822477031372,15.9483730442453,31.3942487445111));
#5299=CARTESIAN_POINT('Ctrl Pts',(3.55468782134617,15.9483730442453,31.1860719213375));
#5300=CARTESIAN_POINT('Ctrl Pts',(3.13438080297602,15.9483730442453,31.0981968070972));
#5301=CARTESIAN_POINT('Ctrl Pts',(2.86698674410581,15.9483730442453,31.0422917604446));
#5302=CARTESIAN_POINT('Ctrl Pts',(4.29741000384092,16.4483730442453,32.0020463466644));
#5303=CARTESIAN_POINT('Ctrl Pts',(4.29741000384092,15.9483730442453,32.0020463466644));
#5304=CARTESIAN_POINT('Ctrl Pts',(4.28805400090814,16.4483730442453,31.8993732961784));
#5305=CARTESIAN_POINT('Ctrl Pts',(4.28805400090814,15.9483730442453,31.8993732961784));
#5306=CARTESIAN_POINT('Ctrl Pts',(4.26951332640392,16.4483730442453,31.6959073905886));
#5307=CARTESIAN_POINT('Ctrl Pts',(4.26951332640392,15.9483730442453,31.6959073905886));
#5308=CARTESIAN_POINT('Ctrl Pts',(4.13216282595461,16.4483730442453,31.5448278170125));
#5309=CARTESIAN_POINT('Ctrl Pts',(4.13216282595461,15.9483730442453,31.5448278170125));
#5310=CARTESIAN_POINT('Ctrl Pts',(4.06412219256162,16.4483730442453,31.4699860811234));
#5311=CARTESIAN_POINT('Ctrl Pts',(4.06412219256162,15.9483730442453,31.4699860811234));
#5312=CARTESIAN_POINT('',(4.29741000384092,16.4483730442453,32.0020463466644));
#5313=CARTESIAN_POINT('Ctrl Pts',(4.29741000384092,16.4483730442453,32.0020463466644));
#5314=CARTESIAN_POINT('Ctrl Pts',(4.28805400090814,16.4483730442453,31.8993732961784));
#5315=CARTESIAN_POINT('Ctrl Pts',(4.26951332640392,16.4483730442453,31.6959073905886));
#5316=CARTESIAN_POINT('Ctrl Pts',(4.13216282595461,16.4483730442453,31.5448278170125));
#5317=CARTESIAN_POINT('Ctrl Pts',(4.06412219256162,16.4483730442453,31.4699860811234));
#5318=CARTESIAN_POINT('',(4.29741000384092,15.9483730442453,32.0020463466644));
#5319=CARTESIAN_POINT('',(4.29741000384092,16.4483730442453,32.0020463466644));
#5320=CARTESIAN_POINT('Ctrl Pts',(4.29741000384092,15.9483730442453,32.0020463466644));
#5321=CARTESIAN_POINT('Ctrl Pts',(4.28805400090814,15.9483730442453,31.8993732961784));
#5322=CARTESIAN_POINT('Ctrl Pts',(4.26951332640392,15.9483730442453,31.6959073905886));
#5323=CARTESIAN_POINT('Ctrl Pts',(4.13216282595461,15.9483730442453,31.5448278170125));
#5324=CARTESIAN_POINT('Ctrl Pts',(4.06412219256162,15.9483730442453,31.4699860811234));
#5325=CARTESIAN_POINT('Ctrl Pts',(3.96793936938047,16.4483730442453,32.6384719610214));
#5326=CARTESIAN_POINT('Ctrl Pts',(3.96793936938047,15.9483730442453,32.6384719610214));
#5327=CARTESIAN_POINT('Ctrl Pts',(4.06399661283689,16.4483730442453,32.5483758414105));
#5328=CARTESIAN_POINT('Ctrl Pts',(4.06399661283689,15.9483730442453,32.5483758414105));
#5329=CARTESIAN_POINT('Ctrl Pts',(4.24936415309533,16.4483730442453,32.3745118465866));
#5330=CARTESIAN_POINT('Ctrl Pts',(4.24936415309533,15.9483730442453,32.3745118465866));
#5331=CARTESIAN_POINT('Ctrl Pts',(4.28178810570703,16.4483730442453,32.1231518741528));
#5332=CARTESIAN_POINT('Ctrl Pts',(4.28178810570703,15.9483730442453,32.1231518741528));
#5333=CARTESIAN_POINT('Ctrl Pts',(4.29741000384092,16.4483730442453,32.0020463466644));
#5334=CARTESIAN_POINT('Ctrl Pts',(4.29741000384092,15.9483730442453,32.0020463466644));
#5335=CARTESIAN_POINT('',(3.96793936938047,16.4483730442453,32.6384719610214));
#5336=CARTESIAN_POINT('Ctrl Pts',(3.96793936938047,16.4483730442453,32.6384719610214));
#5337=CARTESIAN_POINT('Ctrl Pts',(4.06399661283689,16.4483730442453,32.5483758414105));
#5338=CARTESIAN_POINT('Ctrl Pts',(4.24936415309533,16.4483730442453,32.3745118465866));
#5339=CARTESIAN_POINT('Ctrl Pts',(4.28178810570703,16.4483730442453,32.1231518741528));
#5340=CARTESIAN_POINT('Ctrl Pts',(4.29741000384092,16.4483730442453,32.0020463466644));
#5341=CARTESIAN_POINT('',(3.96793936938047,15.9483730442453,32.6384719610214));
#5342=CARTESIAN_POINT('',(3.96793936938047,16.4483730442453,32.6384719610214));
#5343=CARTESIAN_POINT('Ctrl Pts',(3.96793936938047,15.9483730442453,32.6384719610214));
#5344=CARTESIAN_POINT('Ctrl Pts',(4.06399661283689,15.9483730442453,32.5483758414105));
#5345=CARTESIAN_POINT('Ctrl Pts',(4.24936415309533,15.9483730442453,32.3745118465866));
#5346=CARTESIAN_POINT('Ctrl Pts',(4.28178810570703,15.9483730442453,32.1231518741528));
#5347=CARTESIAN_POINT('Ctrl Pts',(4.29741000384092,15.9483730442453,32.0020463466644));
#5348=CARTESIAN_POINT('Ctrl Pts',(2.91814421862364,16.4483730442453,32.9024555683136));
#5349=CARTESIAN_POINT('Ctrl Pts',(2.91814421862364,15.9483730442453,32.9024555683136));
#5350=CARTESIAN_POINT('Ctrl Pts',(3.13087205991215,16.4483730442453,32.8992242072034));
#5351=CARTESIAN_POINT('Ctrl Pts',(3.13087205991215,15.9483730442453,32.8992242072034));
#5352=CARTESIAN_POINT('Ctrl Pts',(3.50357269988641,16.4483730442453,32.8935628403298));
#5353=CARTESIAN_POINT('Ctrl Pts',(3.50357269988641,15.9483730442453,32.8935628403298));
#5354=CARTESIAN_POINT('Ctrl Pts',(3.8284804995667,16.4483730442453,32.7150810031108));
#5355=CARTESIAN_POINT('Ctrl Pts',(3.8284804995667,15.9483730442453,32.7150810031108));
#5356=CARTESIAN_POINT('Ctrl Pts',(3.96793936938047,16.4483730442453,32.6384719610214));
#5357=CARTESIAN_POINT('Ctrl Pts',(3.96793936938047,15.9483730442453,32.6384719610214));
#5358=CARTESIAN_POINT('',(2.91814421862364,16.4483730442453,32.9024555683136));
#5359=CARTESIAN_POINT('Ctrl Pts',(2.91814421862364,16.4483730442453,32.9024555683136));
#5360=CARTESIAN_POINT('Ctrl Pts',(3.13087205991215,16.4483730442453,32.8992242072034));
#5361=CARTESIAN_POINT('Ctrl Pts',(3.50357269988641,16.4483730442453,32.8935628403298));
#5362=CARTESIAN_POINT('Ctrl Pts',(3.8284804995667,16.4483730442453,32.7150810031108));
#5363=CARTESIAN_POINT('Ctrl Pts',(3.96793936938047,16.4483730442453,32.6384719610214));
#5364=CARTESIAN_POINT('',(2.91814421862364,15.9483730442453,32.9024555683136));
#5365=CARTESIAN_POINT('',(2.91814421862364,16.4483730442453,32.9024555683136));
#5366=CARTESIAN_POINT('Ctrl Pts',(2.91814421862364,15.9483730442453,32.9024555683136));
#5367=CARTESIAN_POINT('Ctrl Pts',(3.13087205991215,15.9483730442453,32.8992242072034));
#5368=CARTESIAN_POINT('Ctrl Pts',(3.50357269988641,15.9483730442453,32.8935628403298));
#5369=CARTESIAN_POINT('Ctrl Pts',(3.8284804995667,15.9483730442453,32.7150810031108));
#5370=CARTESIAN_POINT('Ctrl Pts',(3.96793936938047,15.9483730442453,32.6384719610214));
#5371=CARTESIAN_POINT('Ctrl Pts',(1.87244271486997,16.4483730442453,32.6118686199188));
#5372=CARTESIAN_POINT('Ctrl Pts',(1.87244271486997,15.9483730442453,32.6118686199188));
#5373=CARTESIAN_POINT('Ctrl Pts',(2.01505361146688,16.4483730442453,32.6963556905514));
#5374=CARTESIAN_POINT('Ctrl Pts',(2.01505361146688,15.9483730442453,32.6963556905514));
#5375=CARTESIAN_POINT('Ctrl Pts',(2.33580200447306,16.4483730442453,32.8863768795478));
#5376=CARTESIAN_POINT('Ctrl Pts',(2.33580200447306,15.9483730442453,32.8863768795478));
#5377=CARTESIAN_POINT('Ctrl Pts',(2.71020692016894,16.4483730442453,32.8967143408645));
#5378=CARTESIAN_POINT('Ctrl Pts',(2.71020692016894,15.9483730442453,32.8967143408645));
#5379=CARTESIAN_POINT('Ctrl Pts',(2.91814421862364,16.4483730442453,32.9024555683136));
#5380=CARTESIAN_POINT('Ctrl Pts',(2.91814421862364,15.9483730442453,32.9024555683136));
#5381=CARTESIAN_POINT('',(1.87244271486997,16.4483730442453,32.6118686199188));
#5382=CARTESIAN_POINT('Ctrl Pts',(1.87244271486997,16.4483730442453,32.6118686199188));
#5383=CARTESIAN_POINT('Ctrl Pts',(2.01505361146688,16.4483730442453,32.6963556905514));
#5384=CARTESIAN_POINT('Ctrl Pts',(2.33580200447306,16.4483730442453,32.8863768795478));
#5385=CARTESIAN_POINT('Ctrl Pts',(2.71020692016894,16.4483730442453,32.8967143408645));
#5386=CARTESIAN_POINT('Ctrl Pts',(2.91814421862364,16.4483730442453,32.9024555683136));
#5387=CARTESIAN_POINT('',(1.87244271486997,15.9483730442453,32.6118686199188));
#5388=CARTESIAN_POINT('',(1.87244271486997,16.4483730442453,32.6118686199188));
#5389=CARTESIAN_POINT('Ctrl Pts',(1.87244271486997,15.9483730442453,32.6118686199188));
#5390=CARTESIAN_POINT('Ctrl Pts',(2.01505361146688,15.9483730442453,32.6963556905514));
#5391=CARTESIAN_POINT('Ctrl Pts',(2.33580200447306,15.9483730442453,32.8863768795478));
#5392=CARTESIAN_POINT('Ctrl Pts',(2.71020692016894,15.9483730442453,32.8967143408645));
#5393=CARTESIAN_POINT('Ctrl Pts',(2.91814421862364,15.9483730442453,32.9024555683136));
#5394=CARTESIAN_POINT('Ctrl Pts',(1.45702695101499,16.4483730442453,31.7523872256279));
#5395=CARTESIAN_POINT('Ctrl Pts',(1.45702695101499,15.9483730442453,31.7523872256279));
#5396=CARTESIAN_POINT('Ctrl Pts',(1.48564031388216,16.4483730442453,31.926926862718));
#5397=CARTESIAN_POINT('Ctrl Pts',(1.48564031388216,15.9483730442453,31.926926862718));
#5398=CARTESIAN_POINT('Ctrl Pts',(1.53952520526821,16.4483730442453,32.2556211665237));
#5399=CARTESIAN_POINT('Ctrl Pts',(1.53952520526821,15.9483730442453,32.2556211665237));
#5400=CARTESIAN_POINT('Ctrl Pts',(1.76615526088406,16.4483730442453,32.4981328333703));
#5401=CARTESIAN_POINT('Ctrl Pts',(1.76615526088406,15.9483730442453,32.4981328333703));
#5402=CARTESIAN_POINT('Ctrl Pts',(1.87244271486997,16.4483730442453,32.6118686199188));
#5403=CARTESIAN_POINT('Ctrl Pts',(1.87244271486997,15.9483730442453,32.6118686199188));
#5404=CARTESIAN_POINT('',(1.45702695101499,16.4483730442453,31.7523872256279));
#5405=CARTESIAN_POINT('Ctrl Pts',(1.45702695101499,16.4483730442453,31.7523872256279));
#5406=CARTESIAN_POINT('Ctrl Pts',(1.48564031388216,16.4483730442453,31.926926862718));
#5407=CARTESIAN_POINT('Ctrl Pts',(1.53952520526821,16.4483730442453,32.2556211665237));
#5408=CARTESIAN_POINT('Ctrl Pts',(1.76615526088406,16.4483730442453,32.4981328333703));
#5409=CARTESIAN_POINT('Ctrl Pts',(1.87244271486997,16.4483730442453,32.6118686199188));
#5410=CARTESIAN_POINT('',(1.45702695101499,15.9483730442453,31.7523872256279));
#5411=CARTESIAN_POINT('',(1.45702695101499,16.4483730442453,31.7523872256279));
#5412=CARTESIAN_POINT('Ctrl Pts',(1.45702695101499,15.9483730442453,31.7523872256279));
#5413=CARTESIAN_POINT('Ctrl Pts',(1.48564031388216,15.9483730442453,31.926926862718));
#5414=CARTESIAN_POINT('Ctrl Pts',(1.53952520526821,15.9483730442453,32.2556211665237));
#5415=CARTESIAN_POINT('Ctrl Pts',(1.76615526088406,15.9483730442453,32.4981328333703));
#5416=CARTESIAN_POINT('Ctrl Pts',(1.87244271486997,15.9483730442453,32.6118686199188));
#5417=CARTESIAN_POINT('Origin',(0.69577073305845,16.4483730442453,31.8096860647202));
#5418=CARTESIAN_POINT('',(0.69577073305845,16.4483730442453,31.8096860647202));
#5419=CARTESIAN_POINT('',(0.994317145800709,16.4483730442453,31.7872148356362));
#5420=CARTESIAN_POINT('',(0.695770733058451,15.9483730442453,31.8096860647202));
#5421=CARTESIAN_POINT('',(0.69577073305845,16.4483730442453,31.8096860647202));
#5422=CARTESIAN_POINT('',(0.69577073305845,15.9483730442453,31.8096860647202));
#5423=CARTESIAN_POINT('Ctrl Pts',(0.9904513284564,16.4483730442453,32.7551158666611));
#5424=CARTESIAN_POINT('Ctrl Pts',(0.9904513284564,15.9483730442453,32.7551158666611));
#5425=CARTESIAN_POINT('Ctrl Pts',(0.90957528218356,16.4483730442453,32.6100863053129));
#5426=CARTESIAN_POINT('Ctrl Pts',(0.90957528218356,15.9483730442453,32.6100863053129));
#5427=CARTESIAN_POINT('Ctrl Pts',(0.745383905286133,16.4483730442453,32.3156529784383));
#5428=CARTESIAN_POINT('Ctrl Pts',(0.745383905286133,15.9483730442453,32.3156529784383));
#5429=CARTESIAN_POINT('Ctrl Pts',(0.712471443470978,16.4483730442453,31.9800038759972));
#5430=CARTESIAN_POINT('Ctrl Pts',(0.712471443470978,15.9483730442453,31.9800038759972));
#5431=CARTESIAN_POINT('Ctrl Pts',(0.69577073305845,16.4483730442453,31.8096860647202));
#5432=CARTESIAN_POINT('Ctrl Pts',(0.69577073305845,15.9483730442453,31.8096860647202));
#5433=CARTESIAN_POINT('',(0.9904513284564,16.4483730442453,32.7551158666611));
#5434=CARTESIAN_POINT('Ctrl Pts',(0.9904513284564,16.4483730442453,32.7551158666611));
#5435=CARTESIAN_POINT('Ctrl Pts',(0.90957528218356,16.4483730442453,32.6100863053129));
#5436=CARTESIAN_POINT('Ctrl Pts',(0.745383905286133,16.4483730442453,32.3156529784383));
#5437=CARTESIAN_POINT('Ctrl Pts',(0.712471443470978,16.4483730442453,31.9800038759972));
#5438=CARTESIAN_POINT('Ctrl Pts',(0.69577073305845,16.4483730442453,31.8096860647202));
#5439=CARTESIAN_POINT('',(0.9904513284564,15.9483730442453,32.7551158666611));
#5440=CARTESIAN_POINT('',(0.9904513284564,16.4483730442453,32.7551158666611));
#5441=CARTESIAN_POINT('Ctrl Pts',(0.9904513284564,15.9483730442453,32.7551158666611));
#5442=CARTESIAN_POINT('Ctrl Pts',(0.90957528218356,15.9483730442453,32.6100863053129));
#5443=CARTESIAN_POINT('Ctrl Pts',(0.745383905286133,15.9483730442453,32.3156529784383));
#5444=CARTESIAN_POINT('Ctrl Pts',(0.712471443470978,15.9483730442453,31.9800038759972));
#5445=CARTESIAN_POINT('Ctrl Pts',(0.69577073305845,15.9483730442453,31.8096860647202));
#5446=CARTESIAN_POINT('Ctrl Pts',(1.77421664446592,16.4483730442453,33.3874484300613));
#5447=CARTESIAN_POINT('Ctrl Pts',(1.77421664446592,15.9483730442453,33.3874484300613));
#5448=CARTESIAN_POINT('Ctrl Pts',(1.6154974914441,16.4483730442453,33.3093656091762));
#5449=CARTESIAN_POINT('Ctrl Pts',(1.6154974914441,15.9483730442453,33.3093656091762));
#5450=CARTESIAN_POINT('Ctrl Pts',(1.30645061884539,16.4483730442453,33.157328182446));
#5451=CARTESIAN_POINT('Ctrl Pts',(1.30645061884539,15.9483730442453,33.157328182446));
#5452=CARTESIAN_POINT('Ctrl Pts',(1.09386029691309,16.4483730442453,32.8867375567753));
#5453=CARTESIAN_POINT('Ctrl Pts',(1.09386029691309,15.9483730442453,32.8867375567753));
#5454=CARTESIAN_POINT('Ctrl Pts',(0.9904513284564,16.4483730442453,32.7551158666611));
#5455=CARTESIAN_POINT('Ctrl Pts',(0.9904513284564,15.9483730442453,32.7551158666611));
#5456=CARTESIAN_POINT('',(1.77421664446592,16.4483730442453,33.3874484300613));
#5457=CARTESIAN_POINT('Ctrl Pts',(1.77421664446592,16.4483730442453,33.3874484300613));
#5458=CARTESIAN_POINT('Ctrl Pts',(1.6154974914441,16.4483730442453,33.3093656091762));
#5459=CARTESIAN_POINT('Ctrl Pts',(1.30645061884539,16.4483730442453,33.157328182446));
#5460=CARTESIAN_POINT('Ctrl Pts',(1.09386029691309,16.4483730442453,32.8867375567753));
#5461=CARTESIAN_POINT('Ctrl Pts',(0.9904513284564,16.4483730442453,32.7551158666611));
#5462=CARTESIAN_POINT('',(1.77421664446592,15.9483730442453,33.3874484300613));
#5463=CARTESIAN_POINT('',(1.77421664446592,16.4483730442453,33.3874484300613));
#5464=CARTESIAN_POINT('Ctrl Pts',(1.77421664446592,15.9483730442453,33.3874484300613));
#5465=CARTESIAN_POINT('Ctrl Pts',(1.6154974914441,15.9483730442453,33.3093656091762));
#5466=CARTESIAN_POINT('Ctrl Pts',(1.30645061884539,15.9483730442453,33.157328182446));
#5467=CARTESIAN_POINT('Ctrl Pts',(1.09386029691309,15.9483730442453,32.8867375567753));
#5468=CARTESIAN_POINT('Ctrl Pts',(0.9904513284564,15.9483730442453,32.7551158666611));
#5469=CARTESIAN_POINT('Ctrl Pts',(2.95088624209165,16.4483730442453,33.6023190021515));
#5470=CARTESIAN_POINT('Ctrl Pts',(2.95088624209165,15.9483730442453,33.6023190021515));
#5471=CARTESIAN_POINT('Ctrl Pts',(2.73961579567209,16.4483730442453,33.5952223086744));
#5472=CARTESIAN_POINT('Ctrl Pts',(2.73961579567209,15.9483730442453,33.5952223086744));
#5473=CARTESIAN_POINT('Ctrl Pts',(2.33649556944251,16.4483730442453,33.5816812728672));
#5474=CARTESIAN_POINT('Ctrl Pts',(2.33649556944251,15.9483730442453,33.5816812728672));
#5475=CARTESIAN_POINT('Ctrl Pts',(1.95552509170451,16.4483730442453,33.4500793656478));
#5476=CARTESIAN_POINT('Ctrl Pts',(1.95552509170451,15.9483730442453,33.4500793656478));
#5477=CARTESIAN_POINT('Ctrl Pts',(1.77421664446592,16.4483730442453,33.3874484300613));
#5478=CARTESIAN_POINT('Ctrl Pts',(1.77421664446592,15.9483730442453,33.3874484300613));
#5479=CARTESIAN_POINT('',(2.95088624209165,16.4483730442453,33.6023190021515));
#5480=CARTESIAN_POINT('Ctrl Pts',(2.95088624209165,16.4483730442453,33.6023190021515));
#5481=CARTESIAN_POINT('Ctrl Pts',(2.73961579567209,16.4483730442453,33.5952223086744));
#5482=CARTESIAN_POINT('Ctrl Pts',(2.33649556944251,16.4483730442453,33.5816812728672));
#5483=CARTESIAN_POINT('Ctrl Pts',(1.95552509170451,16.4483730442453,33.4500793656478));
#5484=CARTESIAN_POINT('Ctrl Pts',(1.77421664446592,16.4483730442453,33.3874484300613));
#5485=CARTESIAN_POINT('',(2.95088624209165,15.9483730442453,33.6023190021515));
#5486=CARTESIAN_POINT('',(2.95088624209165,16.4483730442453,33.6023190021515));
#5487=CARTESIAN_POINT('Ctrl Pts',(2.95088624209165,15.9483730442453,33.6023190021515));
#5488=CARTESIAN_POINT('Ctrl Pts',(2.73961579567209,15.9483730442453,33.5952223086744));
#5489=CARTESIAN_POINT('Ctrl Pts',(2.33649556944251,15.9483730442453,33.5816812728672));
#5490=CARTESIAN_POINT('Ctrl Pts',(1.95552509170451,15.9483730442453,33.4500793656478));
#5491=CARTESIAN_POINT('Ctrl Pts',(1.77421664446592,15.9483730442453,33.3874484300613));
#5492=CARTESIAN_POINT('Ctrl Pts',(4.05184363573789,16.4483730442453,33.3976807594299));
#5493=CARTESIAN_POINT('Ctrl Pts',(4.05184363573789,15.9483730442453,33.3976807594299));
#5494=CARTESIAN_POINT('Ctrl Pts',(3.879168929851,16.4483730442453,33.4573505040042));
#5495=CARTESIAN_POINT('Ctrl Pts',(3.879168929851,15.9483730442453,33.4573505040042));
#5496=CARTESIAN_POINT('Ctrl Pts',(3.52258530413592,16.4483730442453,33.5805721058973));
#5497=CARTESIAN_POINT('Ctrl Pts',(3.52258530413592,15.9483730442453,33.5805721058973));
#5498=CARTESIAN_POINT('Ctrl Pts',(3.14541354470536,16.4483730442453,33.5949193659628));
#5499=CARTESIAN_POINT('Ctrl Pts',(3.14541354470536,15.9483730442453,33.5949193659628));
#5500=CARTESIAN_POINT('Ctrl Pts',(2.95088624209165,16.4483730442453,33.6023190021515));
#5501=CARTESIAN_POINT('Ctrl Pts',(2.95088624209165,15.9483730442453,33.6023190021515));
#5502=CARTESIAN_POINT('',(4.05184363573789,16.4483730442453,33.3976807594299));
#5503=CARTESIAN_POINT('Ctrl Pts',(4.05184363573789,16.4483730442453,33.3976807594299));
#5504=CARTESIAN_POINT('Ctrl Pts',(3.879168929851,16.4483730442453,33.4573505040042));
#5505=CARTESIAN_POINT('Ctrl Pts',(3.52258530413592,16.4483730442453,33.5805721058973));
#5506=CARTESIAN_POINT('Ctrl Pts',(3.14541354470536,16.4483730442453,33.5949193659628));
#5507=CARTESIAN_POINT('Ctrl Pts',(2.95088624209165,16.4483730442453,33.6023190021515));
#5508=CARTESIAN_POINT('',(4.05184363573789,15.9483730442453,33.3976807594299));
#5509=CARTESIAN_POINT('',(4.05184363573789,16.4483730442453,33.3976807594299));
#5510=CARTESIAN_POINT('Ctrl Pts',(4.05184363573789,15.9483730442453,33.3976807594299));
#5511=CARTESIAN_POINT('Ctrl Pts',(3.879168929851,15.9483730442453,33.4573505040042));
#5512=CARTESIAN_POINT('Ctrl Pts',(3.52258530413592,15.9483730442453,33.5805721058973));
#5513=CARTESIAN_POINT('Ctrl Pts',(3.14541354470536,15.9483730442453,33.5949193659628));
#5514=CARTESIAN_POINT('Ctrl Pts',(2.95088624209165,15.9483730442453,33.6023190021515));
#5515=CARTESIAN_POINT('Ctrl Pts',(4.80491255968809,16.4483730442453,32.7980896234512));
#5516=CARTESIAN_POINT('Ctrl Pts',(4.80491255968809,15.9483730442453,32.7980896234512));
#5517=CARTESIAN_POINT('Ctrl Pts',(4.70642409343261,16.4483730442453,32.9228784572608));
#5518=CARTESIAN_POINT('Ctrl Pts',(4.70642409343261,15.9483730442453,32.9228784572608));
#5519=CARTESIAN_POINT('Ctrl Pts',(4.5024982623781,16.4483730442453,33.1812606578215));
#5520=CARTESIAN_POINT('Ctrl Pts',(4.5024982623781,15.9483730442453,33.1812606578215));
#5521=CARTESIAN_POINT('Ctrl Pts',(4.20543603749835,16.4483730442453,33.3239203202149));
#5522=CARTESIAN_POINT('Ctrl Pts',(4.20543603749835,15.9483730442453,33.3239203202149));
#5523=CARTESIAN_POINT('Ctrl Pts',(4.05184363573789,16.4483730442453,33.3976807594299));
#5524=CARTESIAN_POINT('Ctrl Pts',(4.05184363573789,15.9483730442453,33.3976807594299));
#5525=CARTESIAN_POINT('',(4.80491255968809,16.4483730442453,32.7980896234512));
#5526=CARTESIAN_POINT('Ctrl Pts',(4.80491255968809,16.4483730442453,32.7980896234512));
#5527=CARTESIAN_POINT('Ctrl Pts',(4.70642409343261,16.4483730442453,32.9228784572608));
#5528=CARTESIAN_POINT('Ctrl Pts',(4.5024982623781,16.4483730442453,33.1812606578215));
#5529=CARTESIAN_POINT('Ctrl Pts',(4.20543603749835,16.4483730442453,33.3239203202149));
#5530=CARTESIAN_POINT('Ctrl Pts',(4.05184363573789,16.4483730442453,33.3976807594299));
#5531=CARTESIAN_POINT('',(4.80491255968809,15.9483730442453,32.7980896234512));
#5532=CARTESIAN_POINT('',(4.80491255968809,16.4483730442453,32.7980896234512));
#5533=CARTESIAN_POINT('Ctrl Pts',(4.80491255968809,15.9483730442453,32.7980896234512));
#5534=CARTESIAN_POINT('Ctrl Pts',(4.70642409343261,15.9483730442453,32.9228784572608));
#5535=CARTESIAN_POINT('Ctrl Pts',(4.5024982623781,15.9483730442453,33.1812606578215));
#5536=CARTESIAN_POINT('Ctrl Pts',(4.20543603749835,15.9483730442453,33.3239203202149));
#5537=CARTESIAN_POINT('Ctrl Pts',(4.05184363573789,15.9483730442453,33.3976807594299));
#5538=CARTESIAN_POINT('Ctrl Pts',(5.06275629252195,16.4483730442453,31.9488402605057));
#5539=CARTESIAN_POINT('Ctrl Pts',(5.06275629252195,15.9483730442453,31.9488402605057));
#5540=CARTESIAN_POINT('Ctrl Pts',(5.05158979070245,16.4483730442453,32.0984440491734));
#5541=CARTESIAN_POINT('Ctrl Pts',(5.05158979070245,15.9483730442453,32.0984440491734));
#5542=CARTESIAN_POINT('Ctrl Pts',(5.02903147018062,16.4483730442453,32.4006703211608));
#5543=CARTESIAN_POINT('Ctrl Pts',(5.02903147018062,15.9483730442453,32.4006703211608));
#5544=CARTESIAN_POINT('Ctrl Pts',(4.8801146664965,16.4483730442453,32.6647373384839));
#5545=CARTESIAN_POINT('Ctrl Pts',(4.8801146664965,15.9483730442453,32.6647373384839));
#5546=CARTESIAN_POINT('Ctrl Pts',(4.80491255968809,16.4483730442453,32.7980896234512));
#5547=CARTESIAN_POINT('Ctrl Pts',(4.80491255968809,15.9483730442453,32.7980896234512));
#5548=CARTESIAN_POINT('',(5.06275629252195,16.4483730442453,31.9488402605057));
#5549=CARTESIAN_POINT('Ctrl Pts',(5.06275629252195,16.4483730442453,31.9488402605057));
#5550=CARTESIAN_POINT('Ctrl Pts',(5.05158979070245,16.4483730442453,32.0984440491734));
#5551=CARTESIAN_POINT('Ctrl Pts',(5.02903147018062,16.4483730442453,32.4006703211608));
#5552=CARTESIAN_POINT('Ctrl Pts',(4.8801146664965,16.4483730442453,32.6647373384839));
#5553=CARTESIAN_POINT('Ctrl Pts',(4.80491255968809,16.4483730442453,32.7980896234512));
#5554=CARTESIAN_POINT('',(5.06275629252195,15.9483730442453,31.9488402605057));
#5555=CARTESIAN_POINT('',(5.06275629252195,16.4483730442453,31.9488402605057));
#5556=CARTESIAN_POINT('Ctrl Pts',(5.06275629252195,15.9483730442453,31.9488402605057));
#5557=CARTESIAN_POINT('Ctrl Pts',(5.05158979070245,15.9483730442453,32.0984440491734));
#5558=CARTESIAN_POINT('Ctrl Pts',(5.02903147018062,15.9483730442453,32.4006703211608));
#5559=CARTESIAN_POINT('Ctrl Pts',(4.8801146664965,15.9483730442453,32.6647373384839));
#5560=CARTESIAN_POINT('Ctrl Pts',(4.80491255968809,15.9483730442453,32.7980896234512));
#5561=CARTESIAN_POINT('Ctrl Pts',(4.85197877138853,16.4483730442453,31.2019097208977));
#5562=CARTESIAN_POINT('Ctrl Pts',(4.85197877138853,15.9483730442453,31.2019097208977));
#5563=CARTESIAN_POINT('Ctrl Pts',(4.91345305147936,16.4483730442453,31.3172528825493));
#5564=CARTESIAN_POINT('Ctrl Pts',(4.91345305147936,15.9483730442453,31.3172528825493));
#5565=CARTESIAN_POINT('Ctrl Pts',(5.0379385287029,16.4483730442453,31.5508228975451));
#5566=CARTESIAN_POINT('Ctrl Pts',(5.0379385287029,15.9483730442453,31.5508228975451));
#5567=CARTESIAN_POINT('Ctrl Pts',(5.0544158938788,16.4483730442453,31.8150802852642));
#5568=CARTESIAN_POINT('Ctrl Pts',(5.0544158938788,15.9483730442453,31.8150802852642));
#5569=CARTESIAN_POINT('Ctrl Pts',(5.06275629252195,16.4483730442453,31.9488402605057));
#5570=CARTESIAN_POINT('Ctrl Pts',(5.06275629252195,15.9483730442453,31.9488402605057));
#5571=CARTESIAN_POINT('',(4.85197877138853,16.4483730442453,31.2019097208977));
#5572=CARTESIAN_POINT('Ctrl Pts',(4.85197877138853,16.4483730442453,31.2019097208977));
#5573=CARTESIAN_POINT('Ctrl Pts',(4.91345305147936,16.4483730442453,31.3172528825493));
#5574=CARTESIAN_POINT('Ctrl Pts',(5.0379385287029,16.4483730442453,31.5508228975451));
#5575=CARTESIAN_POINT('Ctrl Pts',(5.0544158938788,16.4483730442453,31.8150802852642));
#5576=CARTESIAN_POINT('Ctrl Pts',(5.06275629252195,16.4483730442453,31.9488402605057));
#5577=CARTESIAN_POINT('',(4.85197877138853,15.9483730442453,31.2019097208977));
#5578=CARTESIAN_POINT('',(4.85197877138853,16.4483730442453,31.2019097208977));
#5579=CARTESIAN_POINT('Ctrl Pts',(4.85197877138853,15.9483730442453,31.2019097208977));
#5580=CARTESIAN_POINT('Ctrl Pts',(4.91345305147936,15.9483730442453,31.3172528825493));
#5581=CARTESIAN_POINT('Ctrl Pts',(5.0379385287029,15.9483730442453,31.5508228975451));
#5582=CARTESIAN_POINT('Ctrl Pts',(5.0544158938788,15.9483730442453,31.8150802852642));
#5583=CARTESIAN_POINT('Ctrl Pts',(5.06275629252195,15.9483730442453,31.9488402605057));
#5584=CARTESIAN_POINT('Ctrl Pts',(4.21146010607481,16.4483730442453,30.6432467103004));
#5585=CARTESIAN_POINT('Ctrl Pts',(4.21146010607481,15.9483730442453,30.6432467103004));
#5586=CARTESIAN_POINT('Ctrl Pts',(4.34340622333575,16.4483730442453,30.7194706695786));
#5587=CARTESIAN_POINT('Ctrl Pts',(4.34340622333575,15.9483730442453,30.7194706695786));
#5588=CARTESIAN_POINT('Ctrl Pts',(4.59373532882122,16.4483730442453,30.8640833034232));
#5589=CARTESIAN_POINT('Ctrl Pts',(4.59373532882122,15.9483730442453,30.8640833034232));
#5590=CARTESIAN_POINT('Ctrl Pts',(4.76906413164104,16.4483730442453,31.0934432466917));
#5591=CARTESIAN_POINT('Ctrl Pts',(4.76906413164104,15.9483730442453,31.0934432466917));
#5592=CARTESIAN_POINT('Ctrl Pts',(4.85197877138853,16.4483730442453,31.2019097208977));
#5593=CARTESIAN_POINT('Ctrl Pts',(4.85197877138853,15.9483730442453,31.2019097208977));
#5594=CARTESIAN_POINT('',(4.21146010607481,16.4483730442453,30.6432467103004));
#5595=CARTESIAN_POINT('Ctrl Pts',(4.21146010607481,16.4483730442453,30.6432467103004));
#5596=CARTESIAN_POINT('Ctrl Pts',(4.34340622333575,16.4483730442453,30.7194706695786));
#5597=CARTESIAN_POINT('Ctrl Pts',(4.59373532882122,16.4483730442453,30.8640833034232));
#5598=CARTESIAN_POINT('Ctrl Pts',(4.76906413164104,16.4483730442453,31.0934432466917));
#5599=CARTESIAN_POINT('Ctrl Pts',(4.85197877138853,16.4483730442453,31.2019097208977));
#5600=CARTESIAN_POINT('',(4.21146010607481,15.9483730442453,30.6432467103004));
#5601=CARTESIAN_POINT('',(4.21146010607481,16.4483730442453,30.6432467103004));
#5602=CARTESIAN_POINT('Ctrl Pts',(4.21146010607481,15.9483730442453,30.6432467103004));
#5603=CARTESIAN_POINT('Ctrl Pts',(4.34340622333575,15.9483730442453,30.7194706695786));
#5604=CARTESIAN_POINT('Ctrl Pts',(4.59373532882122,15.9483730442453,30.8640833034232));
#5605=CARTESIAN_POINT('Ctrl Pts',(4.76906413164104,15.9483730442453,31.0934432466917));
#5606=CARTESIAN_POINT('Ctrl Pts',(4.85197877138853,15.9483730442453,31.2019097208977));
#5607=CARTESIAN_POINT('Ctrl Pts',(3.05320595949888,16.4483730442453,30.2687581777573));
#5608=CARTESIAN_POINT('Ctrl Pts',(3.05320595949888,15.9483730442453,30.2687581777573));
#5609=CARTESIAN_POINT('Ctrl Pts',(3.29009670999423,16.4483730442453,30.3253574561752));
#5610=CARTESIAN_POINT('Ctrl Pts',(3.29009670999423,15.9483730442453,30.3253574561752));
#5611=CARTESIAN_POINT('Ctrl Pts',(3.68630098046239,16.4483730442453,30.4200208221686));
#5612=CARTESIAN_POINT('Ctrl Pts',(3.68630098046239,15.9483730442453,30.4200208221686));
#5613=CARTESIAN_POINT('Ctrl Pts',(4.06085296029691,16.4483730442453,30.5792291349873));
#5614=CARTESIAN_POINT('Ctrl Pts',(4.06085296029691,15.9483730442453,30.5792291349873));
#5615=CARTESIAN_POINT('Ctrl Pts',(4.21146010607481,16.4483730442453,30.6432467103004));
#5616=CARTESIAN_POINT('Ctrl Pts',(4.21146010607481,15.9483730442453,30.6432467103004));
#5617=CARTESIAN_POINT('',(3.05320595949888,16.4483730442453,30.2687581777573));
#5618=CARTESIAN_POINT('Ctrl Pts',(3.05320595949888,16.4483730442453,30.2687581777573));
#5619=CARTESIAN_POINT('Ctrl Pts',(3.29009670999423,16.4483730442453,30.3253574561752));
#5620=CARTESIAN_POINT('Ctrl Pts',(3.68630098046239,16.4483730442453,30.4200208221686));
#5621=CARTESIAN_POINT('Ctrl Pts',(4.06085296029691,16.4483730442453,30.5792291349873));
#5622=CARTESIAN_POINT('Ctrl Pts',(4.21146010607481,16.4483730442453,30.6432467103004));
#5623=CARTESIAN_POINT('',(3.05320595949888,15.9483730442453,30.2687581777573));
#5624=CARTESIAN_POINT('',(3.05320595949888,16.4483730442453,30.2687581777573));
#5625=CARTESIAN_POINT('Ctrl Pts',(3.05320595949888,15.9483730442453,30.2687581777573));
#5626=CARTESIAN_POINT('Ctrl Pts',(3.29009670999423,15.9483730442453,30.3253574561752));
#5627=CARTESIAN_POINT('Ctrl Pts',(3.68630098046239,15.9483730442453,30.4200208221686));
#5628=CARTESIAN_POINT('Ctrl Pts',(4.06085296029691,15.9483730442453,30.5792291349873));
#5629=CARTESIAN_POINT('Ctrl Pts',(4.21146010607481,15.9483730442453,30.6432467103004));
#5630=CARTESIAN_POINT('Ctrl Pts',(1.98499297350645,16.4483730442453,29.9761250019073));
#5631=CARTESIAN_POINT('Ctrl Pts',(1.98499297350645,15.9483730442453,29.9761250019073));
#5632=CARTESIAN_POINT('Ctrl Pts',(2.11390386857081,16.4483730442453,30.0174524441327));
#5633=CARTESIAN_POINT('Ctrl Pts',(2.11390386857081,15.9483730442453,30.0174524441327));
#5634=CARTESIAN_POINT('Ctrl Pts',(2.46568672400195,16.4483730442453,30.1302302324371));
#5635=CARTESIAN_POINT('Ctrl Pts',(2.46568672400195,15.9483730442453,30.1302302324371));
#5636=CARTESIAN_POINT('Ctrl Pts',(2.82534471102648,16.4483730442453,30.2150320209579));
#5637=CARTESIAN_POINT('Ctrl Pts',(2.82534471102648,15.9483730442453,30.2150320209579));
#5638=CARTESIAN_POINT('Ctrl Pts',(3.05320595949888,16.4483730442453,30.2687581777573));
#5639=CARTESIAN_POINT('Ctrl Pts',(3.05320595949888,15.9483730442453,30.2687581777573));
#5640=CARTESIAN_POINT('',(1.98499297350645,16.4483730442453,29.9761250019073));
#5641=CARTESIAN_POINT('Ctrl Pts',(1.98499297350645,16.4483730442453,29.9761250019073));
#5642=CARTESIAN_POINT('Ctrl Pts',(2.11390386857081,16.4483730442453,30.0174524441327));
#5643=CARTESIAN_POINT('Ctrl Pts',(2.46568672400195,16.4483730442453,30.1302302324371));
#5644=CARTESIAN_POINT('Ctrl Pts',(2.82534471102648,16.4483730442453,30.2150320209579));
#5645=CARTESIAN_POINT('Ctrl Pts',(3.05320595949888,16.4483730442453,30.2687581777573));
#5646=CARTESIAN_POINT('',(1.98499297350645,15.9483730442453,29.9761250019073));
#5647=CARTESIAN_POINT('',(1.98499297350645,16.4483730442453,29.9761250019073));
#5648=CARTESIAN_POINT('Ctrl Pts',(1.98499297350645,15.9483730442453,29.9761250019073));
#5649=CARTESIAN_POINT('Ctrl Pts',(2.11390386857081,15.9483730442453,30.0174524441327));
#5650=CARTESIAN_POINT('Ctrl Pts',(2.46568672400195,15.9483730442453,30.1302302324371));
#5651=CARTESIAN_POINT('Ctrl Pts',(2.82534471102648,15.9483730442453,30.2150320209579));
#5652=CARTESIAN_POINT('Ctrl Pts',(3.05320595949888,15.9483730442453,30.2687581777573));
#5653=CARTESIAN_POINT('Ctrl Pts',(1.44474839419126,16.4483730442453,29.6221008300781));
#5654=CARTESIAN_POINT('Ctrl Pts',(1.44474839419126,15.9483730442453,29.6221008300781));
#5655=CARTESIAN_POINT('Ctrl Pts',(1.51379454909208,16.4483730442453,29.6915513899072));
#5656=CARTESIAN_POINT('Ctrl Pts',(1.51379454909208,15.9483730442453,29.6915513899072));
#5657=CARTESIAN_POINT('Ctrl Pts',(1.6684675394873,16.4483730442453,29.847130303589));
#5658=CARTESIAN_POINT('Ctrl Pts',(1.6684675394873,15.9483730442453,29.847130303589));
#5659=CARTESIAN_POINT('Ctrl Pts',(1.87220441376358,16.4483730442453,29.9301598923961));
#5660=CARTESIAN_POINT('Ctrl Pts',(1.87220441376358,15.9483730442453,29.9301598923961));
#5661=CARTESIAN_POINT('Ctrl Pts',(1.98499297350645,16.4483730442453,29.9761250019073));
#5662=CARTESIAN_POINT('Ctrl Pts',(1.98499297350645,15.9483730442453,29.9761250019073));
#5663=CARTESIAN_POINT('',(1.44474839419126,16.4483730442453,29.6221008300781));
#5664=CARTESIAN_POINT('Ctrl Pts',(1.44474839419126,16.4483730442453,29.6221008300781));
#5665=CARTESIAN_POINT('Ctrl Pts',(1.51379454909208,16.4483730442453,29.6915513899072));
#5666=CARTESIAN_POINT('Ctrl Pts',(1.6684675394873,16.4483730442453,29.847130303589));
#5667=CARTESIAN_POINT('Ctrl Pts',(1.87220441376358,16.4483730442453,29.9301598923961));
#5668=CARTESIAN_POINT('Ctrl Pts',(1.98499297350645,16.4483730442453,29.9761250019073));
#5669=CARTESIAN_POINT('',(1.44474839419126,15.9483730442453,29.6221008300781));
#5670=CARTESIAN_POINT('',(1.44474839419126,16.4483730442453,29.6221008300781));
#5671=CARTESIAN_POINT('Ctrl Pts',(1.44474839419126,15.9483730442453,29.6221008300781));
#5672=CARTESIAN_POINT('Ctrl Pts',(1.51379454909208,15.9483730442453,29.6915513899072));
#5673=CARTESIAN_POINT('Ctrl Pts',(1.6684675394873,15.9483730442453,29.847130303589));
#5674=CARTESIAN_POINT('Ctrl Pts',(1.87220441376358,15.9483730442453,29.9301598923961));
#5675=CARTESIAN_POINT('Ctrl Pts',(1.98499297350645,15.9483730442453,29.9761250019073));
#5676=CARTESIAN_POINT('Ctrl Pts',(1.28103827685117,16.4483730442453,29.1289218664169));
#5677=CARTESIAN_POINT('Ctrl Pts',(1.28103827685117,15.9483730442453,29.1289218664169));
#5678=CARTESIAN_POINT('Ctrl Pts',(1.28743121548686,16.4483730442453,29.2195144374204));
#5679=CARTESIAN_POINT('Ctrl Pts',(1.28743121548686,15.9483730442453,29.2195144374204));
#5680=CARTESIAN_POINT('Ctrl Pts',(1.30002405870495,16.4483730442453,29.3979641470737));
#5681=CARTESIAN_POINT('Ctrl Pts',(1.30002405870495,15.9483730442453,29.3979641470737));
#5682=CARTESIAN_POINT('Ctrl Pts',(1.39700247218496,16.4483730442453,29.5481560263275));
#5683=CARTESIAN_POINT('Ctrl Pts',(1.39700247218496,15.9483730442453,29.5481560263275));
#5684=CARTESIAN_POINT('Ctrl Pts',(1.44474839419126,16.4483730442453,29.6221008300781));
#5685=CARTESIAN_POINT('Ctrl Pts',(1.44474839419126,15.9483730442453,29.6221008300781));
#5686=CARTESIAN_POINT('',(1.28103827685117,16.4483730442453,29.1289218664169));
#5687=CARTESIAN_POINT('Ctrl Pts',(1.28103827685117,16.4483730442453,29.1289218664169));
#5688=CARTESIAN_POINT('Ctrl Pts',(1.28743121548686,16.4483730442453,29.2195144374204));
#5689=CARTESIAN_POINT('Ctrl Pts',(1.30002405870495,16.4483730442453,29.3979641470737));
#5690=CARTESIAN_POINT('Ctrl Pts',(1.39700247218496,16.4483730442453,29.5481560263275));
#5691=CARTESIAN_POINT('Ctrl Pts',(1.44474839419126,16.4483730442453,29.6221008300781));
#5692=CARTESIAN_POINT('',(1.28103827685118,15.9483730442453,29.1289218664169));
#5693=CARTESIAN_POINT('',(1.28103827685117,16.4483730442453,29.1289218664169));
#5694=CARTESIAN_POINT('Ctrl Pts',(1.28103827685117,15.9483730442453,29.1289218664169));
#5695=CARTESIAN_POINT('Ctrl Pts',(1.28743121548686,15.9483730442453,29.2195144374204));
#5696=CARTESIAN_POINT('Ctrl Pts',(1.30002405870495,15.9483730442453,29.3979641470737));
#5697=CARTESIAN_POINT('Ctrl Pts',(1.39700247218496,15.9483730442453,29.5481560263275));
#5698=CARTESIAN_POINT('Ctrl Pts',(1.44474839419126,15.9483730442453,29.6221008300781));
#5699=CARTESIAN_POINT('Ctrl Pts',(1.45088767260313,16.4483730442453,28.6152794361115));
#5700=CARTESIAN_POINT('Ctrl Pts',(1.45088767260313,15.9483730442453,28.6152794361115));
#5701=CARTESIAN_POINT('Ctrl Pts',(1.40135008666938,16.4483730442453,28.6949798407461));
#5702=CARTESIAN_POINT('Ctrl Pts',(1.40135008666938,15.9483730442453,28.6949798407461));
#5703=CARTESIAN_POINT('Ctrl Pts',(1.30337991785977,16.4483730442453,28.8526028243668));
#5704=CARTESIAN_POINT('Ctrl Pts',(1.30337991785977,15.9483730442453,28.8526028243668));
#5705=CARTESIAN_POINT('Ctrl Pts',(1.2884292812365,16.4483730442453,29.0375107095213));
#5706=CARTESIAN_POINT('Ctrl Pts',(1.2884292812365,15.9483730442453,29.0375107095213));
#5707=CARTESIAN_POINT('Ctrl Pts',(1.28103827685117,16.4483730442453,29.1289218664169));
#5708=CARTESIAN_POINT('Ctrl Pts',(1.28103827685117,15.9483730442453,29.1289218664169));
#5709=CARTESIAN_POINT('',(1.45088767260313,16.4483730442453,28.6152794361115));
#5710=CARTESIAN_POINT('Ctrl Pts',(1.45088767260313,16.4483730442453,28.6152794361115));
#5711=CARTESIAN_POINT('Ctrl Pts',(1.40135008666938,16.4483730442453,28.6949798407461));
#5712=CARTESIAN_POINT('Ctrl Pts',(1.30337991785977,16.4483730442453,28.8526028243668));
#5713=CARTESIAN_POINT('Ctrl Pts',(1.2884292812365,16.4483730442453,29.0375107095213));
#5714=CARTESIAN_POINT('Ctrl Pts',(1.28103827685117,16.4483730442453,29.1289218664169));
#5715=CARTESIAN_POINT('',(1.45088767260313,15.9483730442453,28.6152794361115));
#5716=CARTESIAN_POINT('',(1.45088767260313,16.4483730442453,28.6152794361115));
#5717=CARTESIAN_POINT('Ctrl Pts',(1.45088767260313,15.9483730442453,28.6152794361115));
#5718=CARTESIAN_POINT('Ctrl Pts',(1.40135008666938,15.9483730442453,28.6949798407461));
#5719=CARTESIAN_POINT('Ctrl Pts',(1.30337991785977,15.9483730442453,28.8526028243668));
#5720=CARTESIAN_POINT('Ctrl Pts',(1.2884292812365,15.9483730442453,29.0375107095213));
#5721=CARTESIAN_POINT('Ctrl Pts',(1.28103827685117,15.9483730442453,29.1289218664169));
#5722=CARTESIAN_POINT('Ctrl Pts',(1.96862315386534,16.4483730442453,28.2448836565018));
#5723=CARTESIAN_POINT('Ctrl Pts',(1.96862315386534,15.9483730442453,28.2448836565018));
#5724=CARTESIAN_POINT('Ctrl Pts',(1.86229947316801,16.4483730442453,28.2911421275745));
#5725=CARTESIAN_POINT('Ctrl Pts',(1.86229947316801,15.9483730442453,28.2911421275745));
#5726=CARTESIAN_POINT('Ctrl Pts',(1.66291039326103,16.4483730442453,28.377890760848));
#5727=CARTESIAN_POINT('Ctrl Pts',(1.66291039326103,15.9483730442453,28.377890760848));
#5728=CARTESIAN_POINT('Ctrl Pts',(1.51835793053573,16.4483730442453,28.5397371777129));
#5729=CARTESIAN_POINT('Ctrl Pts',(1.51835793053573,15.9483730442453,28.5397371777129));
#5730=CARTESIAN_POINT('Ctrl Pts',(1.45088767260313,16.4483730442453,28.6152794361115));
#5731=CARTESIAN_POINT('Ctrl Pts',(1.45088767260313,15.9483730442453,28.6152794361115));
#5732=CARTESIAN_POINT('',(1.96862315386534,16.4483730442453,28.2448836565018));
#5733=CARTESIAN_POINT('Ctrl Pts',(1.96862315386534,16.4483730442453,28.2448836565018));
#5734=CARTESIAN_POINT('Ctrl Pts',(1.86229947316801,16.4483730442453,28.2911421275745));
#5735=CARTESIAN_POINT('Ctrl Pts',(1.66291039326103,16.4483730442453,28.377890760848));
#5736=CARTESIAN_POINT('Ctrl Pts',(1.51835793053573,16.4483730442453,28.5397371777129));
#5737=CARTESIAN_POINT('Ctrl Pts',(1.45088767260313,16.4483730442453,28.6152794361115));
#5738=CARTESIAN_POINT('',(1.96862315386534,15.9483730442453,28.2448836565018));
#5739=CARTESIAN_POINT('',(1.96862315386534,16.4483730442453,28.2448836565018));
#5740=CARTESIAN_POINT('Ctrl Pts',(1.96862315386534,15.9483730442453,28.2448836565018));
#5741=CARTESIAN_POINT('Ctrl Pts',(1.86229947316801,15.9483730442453,28.2911421275745));
#5742=CARTESIAN_POINT('Ctrl Pts',(1.66291039326103,15.9483730442453,28.377890760848));
#5743=CARTESIAN_POINT('Ctrl Pts',(1.51835793053573,15.9483730442453,28.5397371777129));
#5744=CARTESIAN_POINT('Ctrl Pts',(1.45088767260313,15.9483730442453,28.6152794361115));
#5745=CARTESIAN_POINT('Ctrl Pts',(2.77080630511045,16.4483730442453,28.109822511673));
#5746=CARTESIAN_POINT('Ctrl Pts',(2.77080630511045,15.9483730442453,28.109822511673));
#5747=CARTESIAN_POINT('Ctrl Pts',(2.62705539770232,16.4483730442453,28.1142284124609));
#5748=CARTESIAN_POINT('Ctrl Pts',(2.62705539770232,15.9483730442453,28.1142284124609));
#5749=CARTESIAN_POINT('Ctrl Pts',(2.3533174527125,16.4483730442453,28.1226183576046));
#5750=CARTESIAN_POINT('Ctrl Pts',(2.3533174527125,15.9483730442453,28.1226183576046));
#5751=CARTESIAN_POINT('Ctrl Pts',(2.09248289611661,16.4483730442453,28.2055179875718));
#5752=CARTESIAN_POINT('Ctrl Pts',(2.09248289611661,15.9483730442453,28.2055179875718));
#5753=CARTESIAN_POINT('Ctrl Pts',(1.96862315386534,16.4483730442453,28.2448836565018));
#5754=CARTESIAN_POINT('Ctrl Pts',(1.96862315386534,15.9483730442453,28.2448836565018));
#5755=CARTESIAN_POINT('',(2.77080630511045,16.4483730442453,28.109822511673));
#5756=CARTESIAN_POINT('Ctrl Pts',(2.77080630511045,16.4483730442453,28.109822511673));
#5757=CARTESIAN_POINT('Ctrl Pts',(2.62705539770232,16.4483730442453,28.1142284124609));
#5758=CARTESIAN_POINT('Ctrl Pts',(2.3533174527125,16.4483730442453,28.1226183576046));
#5759=CARTESIAN_POINT('Ctrl Pts',(2.09248289611661,16.4483730442453,28.2055179875718));
#5760=CARTESIAN_POINT('Ctrl Pts',(1.96862315386534,16.4483730442453,28.2448836565018));
#5761=CARTESIAN_POINT('',(2.77080630511045,15.9483730442453,28.109822511673));
#5762=CARTESIAN_POINT('',(2.77080630511045,16.4483730442453,28.109822511673));
#5763=CARTESIAN_POINT('Ctrl Pts',(2.77080630511045,15.9483730442453,28.109822511673));
#5764=CARTESIAN_POINT('Ctrl Pts',(2.62705539770232,15.9483730442453,28.1142284124609));
#5765=CARTESIAN_POINT('Ctrl Pts',(2.3533174527125,15.9483730442453,28.1226183576046));
#5766=CARTESIAN_POINT('Ctrl Pts',(2.09248289611661,15.9483730442453,28.2055179875718));
#5767=CARTESIAN_POINT('Ctrl Pts',(1.96862315386534,15.9483730442453,28.2448836565018));
#5768=CARTESIAN_POINT('Ctrl Pts',(3.69167899340391,16.4483730442453,28.2878574132919));
#5769=CARTESIAN_POINT('Ctrl Pts',(3.69167899340391,15.9483730442453,28.2878574132919));
#5770=CARTESIAN_POINT('Ctrl Pts',(3.54818560305155,16.4483730442453,28.2359482133785));
#5771=CARTESIAN_POINT('Ctrl Pts',(3.54818560305155,15.9483730442453,28.2359482133785));
#5772=CARTESIAN_POINT('Ctrl Pts',(3.25074027442727,16.4483730442453,28.1283463998807));
#5773=CARTESIAN_POINT('Ctrl Pts',(3.25074027442727,15.9483730442453,28.1283463998807));
#5774=CARTESIAN_POINT('Ctrl Pts',(2.93449086910195,16.4483730442453,28.1161402027692));
#5775=CARTESIAN_POINT('Ctrl Pts',(2.93449086910195,15.9483730442453,28.1161402027692));
#5776=CARTESIAN_POINT('Ctrl Pts',(2.77080630511045,16.4483730442453,28.109822511673));
#5777=CARTESIAN_POINT('Ctrl Pts',(2.77080630511045,15.9483730442453,28.109822511673));
#5778=CARTESIAN_POINT('',(3.69167899340391,16.4483730442453,28.2878574132919));
#5779=CARTESIAN_POINT('Ctrl Pts',(3.69167899340391,16.4483730442453,28.2878574132919));
#5780=CARTESIAN_POINT('Ctrl Pts',(3.54818560305155,16.4483730442453,28.2359482133785));
#5781=CARTESIAN_POINT('Ctrl Pts',(3.25074027442727,16.4483730442453,28.1283463998807));
#5782=CARTESIAN_POINT('Ctrl Pts',(2.93449086910195,16.4483730442453,28.1161402027692));
#5783=CARTESIAN_POINT('Ctrl Pts',(2.77080630511045,16.4483730442453,28.109822511673));
#5784=CARTESIAN_POINT('',(3.69167899340391,15.9483730442453,28.2878574132919));
#5785=CARTESIAN_POINT('',(3.69167899340391,16.4483730442453,28.2878574132919));
#5786=CARTESIAN_POINT('Ctrl Pts',(3.69167899340391,15.9483730442453,28.2878574132919));
#5787=CARTESIAN_POINT('Ctrl Pts',(3.54818560305155,15.9483730442453,28.2359482133785));
#5788=CARTESIAN_POINT('Ctrl Pts',(3.25074027442727,15.9483730442453,28.1283463998807));
#5789=CARTESIAN_POINT('Ctrl Pts',(2.93449086910195,15.9483730442453,28.1161402027692));
#5790=CARTESIAN_POINT('Ctrl Pts',(2.77080630511045,15.9483730442453,28.109822511673));
#5791=CARTESIAN_POINT('Ctrl Pts',(4.29536198824644,16.4483730442453,28.754433631897));
#5792=CARTESIAN_POINT('Ctrl Pts',(4.29536198824644,15.9483730442453,28.754433631897));
#5793=CARTESIAN_POINT('Ctrl Pts',(4.21760135250914,16.4483730442453,28.6611846860532));
#5794=CARTESIAN_POINT('Ctrl Pts',(4.21760135250914,15.9483730442453,28.6611846860532));
#5795=CARTESIAN_POINT('Ctrl Pts',(4.05113150169691,16.4483730442453,28.4615574845029));
#5796=CARTESIAN_POINT('Ctrl Pts',(4.05113150169691,15.9483730442453,28.4615574845029));
#5797=CARTESIAN_POINT('Ctrl Pts',(3.81663732318119,16.4483730442453,28.3482416651192));
#5798=CARTESIAN_POINT('Ctrl Pts',(3.81663732318119,15.9483730442453,28.3482416651192));
#5799=CARTESIAN_POINT('Ctrl Pts',(3.69167899340391,16.4483730442453,28.2878574132919));
#5800=CARTESIAN_POINT('Ctrl Pts',(3.69167899340391,15.9483730442453,28.2878574132919));
#5801=CARTESIAN_POINT('',(4.29536198824644,16.4483730442453,28.754433631897));
#5802=CARTESIAN_POINT('Ctrl Pts',(4.29536198824644,16.4483730442453,28.754433631897));
#5803=CARTESIAN_POINT('Ctrl Pts',(4.21760135250914,16.4483730442453,28.6611846860532));
#5804=CARTESIAN_POINT('Ctrl Pts',(4.05113150169691,16.4483730442453,28.4615574845029));
#5805=CARTESIAN_POINT('Ctrl Pts',(3.81663732318119,16.4483730442453,28.3482416651192));
#5806=CARTESIAN_POINT('Ctrl Pts',(3.69167899340391,16.4483730442453,28.2878574132919));
#5807=CARTESIAN_POINT('',(4.29536198824644,15.9483730442453,28.754433631897));
#5808=CARTESIAN_POINT('',(4.29536198824644,16.4483730442453,28.754433631897));
#5809=CARTESIAN_POINT('Ctrl Pts',(4.29536198824644,15.9483730442453,28.754433631897));
#5810=CARTESIAN_POINT('Ctrl Pts',(4.21760135250914,15.9483730442453,28.6611846860532));
#5811=CARTESIAN_POINT('Ctrl Pts',(4.05113150169691,15.9483730442453,28.4615574845029));
#5812=CARTESIAN_POINT('Ctrl Pts',(3.81663732318119,15.9483730442453,28.3482416651192));
#5813=CARTESIAN_POINT('Ctrl Pts',(3.69167899340391,15.9483730442453,28.2878574132919));
#5814=CARTESIAN_POINT('Ctrl Pts',(4.54297637194395,16.4483730442453,29.4931783676147));
#5815=CARTESIAN_POINT('Ctrl Pts',(4.54297637194395,15.9483730442453,29.4931783676147));
#5816=CARTESIAN_POINT('Ctrl Pts',(4.52184736050874,16.4483730442453,29.3536989525851));
#5817=CARTESIAN_POINT('Ctrl Pts',(4.52184736050874,15.9483730442453,29.3536989525851));
#5818=CARTESIAN_POINT('Ctrl Pts',(4.48230200765791,16.4483730442453,29.092647331704));
#5819=CARTESIAN_POINT('Ctrl Pts',(4.48230200765791,15.9483730442453,29.092647331704));
#5820=CARTESIAN_POINT('Ctrl Pts',(4.35475899631004,16.4483730442453,28.8618952761072));
#5821=CARTESIAN_POINT('Ctrl Pts',(4.35475899631004,15.9483730442453,28.8618952761072));
#5822=CARTESIAN_POINT('Ctrl Pts',(4.29536198824644,16.4483730442453,28.754433631897));
#5823=CARTESIAN_POINT('Ctrl Pts',(4.29536198824644,15.9483730442453,28.754433631897));
#5824=CARTESIAN_POINT('',(4.54297637194395,16.4483730442453,29.4931783676147));
#5825=CARTESIAN_POINT('Ctrl Pts',(4.54297637194395,16.4483730442453,29.4931783676147));
#5826=CARTESIAN_POINT('Ctrl Pts',(4.52184736050874,16.4483730442453,29.3536989525851));
#5827=CARTESIAN_POINT('Ctrl Pts',(4.48230200765791,16.4483730442453,29.092647331704));
#5828=CARTESIAN_POINT('Ctrl Pts',(4.35475899631004,16.4483730442453,28.8618952761072));
#5829=CARTESIAN_POINT('Ctrl Pts',(4.29536198824644,16.4483730442453,28.754433631897));
#5830=CARTESIAN_POINT('',(4.54297637194395,15.9483730442453,29.4931783676147));
#5831=CARTESIAN_POINT('',(4.54297637194395,16.4483730442453,29.4931783676147));
#5832=CARTESIAN_POINT('Ctrl Pts',(4.54297637194395,15.9483730442453,29.4931783676147));
#5833=CARTESIAN_POINT('Ctrl Pts',(4.52184736050874,15.9483730442453,29.3536989525851));
#5834=CARTESIAN_POINT('Ctrl Pts',(4.48230200765791,15.9483730442453,29.092647331704));
#5835=CARTESIAN_POINT('Ctrl Pts',(4.35475899631004,15.9483730442453,28.8618952761072));
#5836=CARTESIAN_POINT('Ctrl Pts',(4.29536198824644,15.9483730442453,28.754433631897));
#5837=CARTESIAN_POINT('Origin',(5.29195164889097,16.4483730442453,29.4276937246323));
#5838=CARTESIAN_POINT('',(5.29195164889097,16.4483730442453,29.4276937246323));
#5839=CARTESIAN_POINT('',(3.30985678931246,16.4483730442453,29.6009928684518));
#5840=CARTESIAN_POINT('',(5.29195164889097,15.9483730442453,29.4276937246323));
#5841=CARTESIAN_POINT('',(5.29195164889097,16.4483730442453,29.4276937246323));
#5842=CARTESIAN_POINT('',(5.29195164889097,15.9483730442453,29.4276937246323));
#5843=CARTESIAN_POINT('Ctrl Pts',(4.96248339861631,16.4483730442453,28.3492490053177));
#5844=CARTESIAN_POINT('Ctrl Pts',(4.96248339861631,15.9483730442453,28.3492490053177));
#5845=CARTESIAN_POINT('Ctrl Pts',(5.05451771907752,16.4483730442453,28.5147729609547));
#5846=CARTESIAN_POINT('Ctrl Pts',(5.05451771907752,15.9483730442453,28.5147729609547));
#5847=CARTESIAN_POINT('Ctrl Pts',(5.24123918281075,16.4483730442453,28.850591980692));
#5848=CARTESIAN_POINT('Ctrl Pts',(5.24123918281075,15.9483730442453,28.850591980692));
#5849=CARTESIAN_POINT('Ctrl Pts',(5.27488813902708,16.4483730442453,29.23351304163));
#5850=CARTESIAN_POINT('Ctrl Pts',(5.27488813902708,15.9483730442453,29.23351304163));
#5851=CARTESIAN_POINT('Ctrl Pts',(5.29195164889097,16.4483730442453,29.4276937246323));
#5852=CARTESIAN_POINT('Ctrl Pts',(5.29195164889097,15.9483730442453,29.4276937246323));
#5853=CARTESIAN_POINT('Ctrl Pts',(4.96248339861631,16.4483730442453,28.3492490053177));
#5854=CARTESIAN_POINT('Ctrl Pts',(5.05451771907752,16.4483730442453,28.5147729609547));
#5855=CARTESIAN_POINT('Ctrl Pts',(5.24123918281075,16.4483730442453,28.850591980692));
#5856=CARTESIAN_POINT('Ctrl Pts',(5.27488813902708,16.4483730442453,29.23351304163));
#5857=CARTESIAN_POINT('Ctrl Pts',(5.29195164889097,16.4483730442453,29.4276937246323));
#5858=CARTESIAN_POINT('Ctrl Pts',(4.96248339861631,15.9483730442453,28.3492490053177));
#5859=CARTESIAN_POINT('Ctrl Pts',(5.05451771907752,15.9483730442453,28.5147729609547));
#5860=CARTESIAN_POINT('Ctrl Pts',(5.24123918281075,15.9483730442453,28.850591980692));
#5861=CARTESIAN_POINT('Ctrl Pts',(5.27488813902708,15.9483730442453,29.23351304163));
#5862=CARTESIAN_POINT('Ctrl Pts',(5.29195164889097,15.9483730442453,29.4276937246323));
#5863=CARTESIAN_POINT('Origin',(-1.21444463943839E-6,15.9483730442453,30.5020462870598));
#5864=CARTESIAN_POINT('Ctrl Pts',(-9.25784493237734,16.4483730442453,32.9229196310043));
#5865=CARTESIAN_POINT('Ctrl Pts',(-9.25784493237734,15.9483730442453,32.9229196310043));
#5866=CARTESIAN_POINT('Ctrl Pts',(-8.98673537771645,16.4483730442453,32.8989045217594));
#5867=CARTESIAN_POINT('Ctrl Pts',(-8.98673537771645,15.9483730442453,32.8989045217594));
#5868=CARTESIAN_POINT('Ctrl Pts',(-8.44516141234039,16.4483730442453,32.8509314506553));
#5869=CARTESIAN_POINT('Ctrl Pts',(-8.44516141234039,15.9483730442453,32.8509314506553));
#5870=CARTESIAN_POINT('Ctrl Pts',(-8.01952359601169,16.4483730442453,32.512704552356));
#5871=CARTESIAN_POINT('Ctrl Pts',(-8.01952359601169,15.9483730442453,32.512704552356));
#5872=CARTESIAN_POINT('Ctrl Pts',(-7.80695820599795,16.4483730442453,32.3437925577164));
#5873=CARTESIAN_POINT('Ctrl Pts',(-7.80695820599795,15.9483730442453,32.3437925577164));
#5874=CARTESIAN_POINT('',(-9.25784493237734,16.4483730442453,32.9229196310043));
#5875=CARTESIAN_POINT('',(-7.80695820599795,16.4483730442453,32.3437925577164));
#5876=CARTESIAN_POINT('Ctrl Pts',(-9.25784493237734,16.4483730442453,32.9229196310043));
#5877=CARTESIAN_POINT('Ctrl Pts',(-8.98673537771645,16.4483730442453,32.8989045217594));
#5878=CARTESIAN_POINT('Ctrl Pts',(-8.44516141234039,16.4483730442453,32.8509314506553));
#5879=CARTESIAN_POINT('Ctrl Pts',(-8.01952359601169,16.4483730442453,32.512704552356));
#5880=CARTESIAN_POINT('Ctrl Pts',(-7.80695820599795,16.4483730442453,32.3437925577164));
#5881=CARTESIAN_POINT('',(-9.25784493237734,15.9483730442453,32.9229196310043));
#5882=CARTESIAN_POINT('',(-9.25784493237734,16.4483730442453,32.9229196310043));
#5883=CARTESIAN_POINT('',(-7.80695820599795,15.9483730442453,32.3437925577164));
#5884=CARTESIAN_POINT('Ctrl Pts',(-9.25784493237734,15.9483730442453,32.9229196310043));
#5885=CARTESIAN_POINT('Ctrl Pts',(-8.98673537771645,15.9483730442453,32.8989045217594));
#5886=CARTESIAN_POINT('Ctrl Pts',(-8.44516141234039,15.9483730442453,32.8509314506553));
#5887=CARTESIAN_POINT('Ctrl Pts',(-8.01952359601169,15.9483730442453,32.512704552356));
#5888=CARTESIAN_POINT('Ctrl Pts',(-7.80695820599795,15.9483730442453,32.3437925577164));
#5889=CARTESIAN_POINT('',(-7.80695820599795,16.4483730442453,32.3437925577164));
#5890=CARTESIAN_POINT('Ctrl Pts',(-10.3281035497785,16.4483730442453,32.6221009492874));
#5891=CARTESIAN_POINT('Ctrl Pts',(-10.3281035497785,15.9483730442453,32.6221009492874));
#5892=CARTESIAN_POINT('Ctrl Pts',(-10.1629953245933,16.4483730442453,32.7098351509699));
#5893=CARTESIAN_POINT('Ctrl Pts',(-10.1629953245933,15.9483730442453,32.7098351509699));
#5894=CARTESIAN_POINT('Ctrl Pts',(-9.82822292529933,16.4483730442453,32.8877244666865));
#5895=CARTESIAN_POINT('Ctrl Pts',(-9.82822292529933,15.9483730442453,32.8877244666865));
#5896=CARTESIAN_POINT('Ctrl Pts',(-9.4496881019678,16.4483730442453,32.9110819514992));
#5897=CARTESIAN_POINT('Ctrl Pts',(-9.4496881019678,15.9483730442453,32.9110819514992));
#5898=CARTESIAN_POINT('Ctrl Pts',(-9.25784493237734,16.4483730442453,32.9229196310043));
#5899=CARTESIAN_POINT('Ctrl Pts',(-9.25784493237734,15.9483730442453,32.9229196310043));
#5900=CARTESIAN_POINT('',(-10.3281035497785,16.4483730442453,32.6221009492874));
#5901=CARTESIAN_POINT('Ctrl Pts',(-10.3281035497785,16.4483730442453,32.6221009492874));
#5902=CARTESIAN_POINT('Ctrl Pts',(-10.1629953245933,16.4483730442453,32.7098351509699));
#5903=CARTESIAN_POINT('Ctrl Pts',(-9.82822292529933,16.4483730442453,32.8877244666865));
#5904=CARTESIAN_POINT('Ctrl Pts',(-9.4496881019678,16.4483730442453,32.9110819514992));
#5905=CARTESIAN_POINT('Ctrl Pts',(-9.25784493237734,16.4483730442453,32.9229196310043));
#5906=CARTESIAN_POINT('',(-10.3281035497785,15.9483730442453,32.6221009492874));
#5907=CARTESIAN_POINT('',(-10.3281035497785,16.4483730442453,32.6221009492874));
#5908=CARTESIAN_POINT('Ctrl Pts',(-10.3281035497785,15.9483730442453,32.6221009492874));
#5909=CARTESIAN_POINT('Ctrl Pts',(-10.1629953245933,15.9483730442453,32.7098351509699));
#5910=CARTESIAN_POINT('Ctrl Pts',(-9.82822292529933,15.9483730442453,32.8877244666865));
#5911=CARTESIAN_POINT('Ctrl Pts',(-9.4496881019678,15.9483730442453,32.9110819514992));
#5912=CARTESIAN_POINT('Ctrl Pts',(-9.25784493237734,15.9483730442453,32.9229196310043));
#5913=CARTESIAN_POINT('Ctrl Pts',(-11.0525240972638,16.4483730442453,31.7748975157738));
#5914=CARTESIAN_POINT('Ctrl Pts',(-11.0525240972638,15.9483730442453,31.7748975157738));
#5915=CARTESIAN_POINT('Ctrl Pts',(-10.9617896999776,16.4483730442453,31.9459312943195));
#5916=CARTESIAN_POINT('Ctrl Pts',(-10.9617896999776,15.9483730442453,31.9459312943195));
#5917=CARTESIAN_POINT('Ctrl Pts',(-10.7832725012035,16.4483730442453,32.282435111559));
#5918=CARTESIAN_POINT('Ctrl Pts',(-10.7832725012035,15.9483730442453,32.282435111559));
#5919=CARTESIAN_POINT('Ctrl Pts',(-10.4781448778562,16.4483730442453,32.5101339242172));
#5920=CARTESIAN_POINT('Ctrl Pts',(-10.4781448778562,15.9483730442453,32.5101339242172));
#5921=CARTESIAN_POINT('Ctrl Pts',(-10.3281035497785,16.4483730442453,32.6221009492874));
#5922=CARTESIAN_POINT('Ctrl Pts',(-10.3281035497785,15.9483730442453,32.6221009492874));
#5923=CARTESIAN_POINT('',(-11.0525240972638,16.4483730442453,31.7748975157738));
#5924=CARTESIAN_POINT('Ctrl Pts',(-11.0525240972638,16.4483730442453,31.7748975157738));
#5925=CARTESIAN_POINT('Ctrl Pts',(-10.9617896999776,16.4483730442453,31.9459312943195));
#5926=CARTESIAN_POINT('Ctrl Pts',(-10.7832725012035,16.4483730442453,32.282435111559));
#5927=CARTESIAN_POINT('Ctrl Pts',(-10.4781448778562,16.4483730442453,32.5101339242172));
#5928=CARTESIAN_POINT('Ctrl Pts',(-10.3281035497785,16.4483730442453,32.6221009492874));
#5929=CARTESIAN_POINT('',(-11.0525240972638,15.9483730442453,31.7748975157738));
#5930=CARTESIAN_POINT('',(-11.0525240972638,16.4483730442453,31.7748975157738));
#5931=CARTESIAN_POINT('Ctrl Pts',(-11.0525240972638,15.9483730442453,31.7748975157738));
#5932=CARTESIAN_POINT('Ctrl Pts',(-10.9617896999776,15.9483730442453,31.9459312943195));
#5933=CARTESIAN_POINT('Ctrl Pts',(-10.7832725012035,15.9483730442453,32.282435111559));
#5934=CARTESIAN_POINT('Ctrl Pts',(-10.4781448778562,15.9483730442453,32.5101339242172));
#5935=CARTESIAN_POINT('Ctrl Pts',(-10.3281035497785,15.9483730442453,32.6221009492874));
#5936=CARTESIAN_POINT('Ctrl Pts',(-11.3001384809613,16.4483730442453,30.4959067106247));
#5937=CARTESIAN_POINT('Ctrl Pts',(-11.3001384809613,15.9483730442453,30.4959067106247));
#5938=CARTESIAN_POINT('Ctrl Pts',(-11.2921195431169,16.4483730442453,30.7271051184573));
#5939=CARTESIAN_POINT('Ctrl Pts',(-11.2921195431169,15.9483730442453,30.7271051184573));
#5940=CARTESIAN_POINT('Ctrl Pts',(-11.2768674056033,16.4483730442453,31.1668478845931));
#5941=CARTESIAN_POINT('Ctrl Pts',(-11.2768674056033,15.9483730442453,31.1668478845931));
#5942=CARTESIAN_POINT('Ctrl Pts',(-11.124692014092,16.4483730442453,31.5792969626071));
#5943=CARTESIAN_POINT('Ctrl Pts',(-11.124692014092,15.9483730442453,31.5792969626071));
#5944=CARTESIAN_POINT('Ctrl Pts',(-11.0525240972638,16.4483730442453,31.7748975157738));
#5945=CARTESIAN_POINT('Ctrl Pts',(-11.0525240972638,15.9483730442453,31.7748975157738));
#5946=CARTESIAN_POINT('',(-11.3001384809613,16.4483730442453,30.4959067106247));
#5947=CARTESIAN_POINT('Ctrl Pts',(-11.3001384809613,16.4483730442453,30.4959067106247));
#5948=CARTESIAN_POINT('Ctrl Pts',(-11.2921195431169,16.4483730442453,30.7271051184573));
#5949=CARTESIAN_POINT('Ctrl Pts',(-11.2768674056033,16.4483730442453,31.1668478845931));
#5950=CARTESIAN_POINT('Ctrl Pts',(-11.124692014092,16.4483730442453,31.5792969626071));
#5951=CARTESIAN_POINT('Ctrl Pts',(-11.0525240972638,16.4483730442453,31.7748975157738));
#5952=CARTESIAN_POINT('',(-11.3001384809613,15.9483730442453,30.4959067106247));
#5953=CARTESIAN_POINT('',(-11.3001384809613,16.4483730442453,30.4959067106247));
#5954=CARTESIAN_POINT('Ctrl Pts',(-11.3001384809613,15.9483730442453,30.4959067106247));
#5955=CARTESIAN_POINT('Ctrl Pts',(-11.2921195431169,15.9483730442453,30.7271051184573));
#5956=CARTESIAN_POINT('Ctrl Pts',(-11.2768674056033,15.9483730442453,31.1668478845931));
#5957=CARTESIAN_POINT('Ctrl Pts',(-11.124692014092,15.9483730442453,31.5792969626071));
#5958=CARTESIAN_POINT('Ctrl Pts',(-11.0525240972638,15.9483730442453,31.7748975157738));
#5959=CARTESIAN_POINT('Ctrl Pts',(-10.7210102155805,16.4483730442453,28.7073668241501));
#5960=CARTESIAN_POINT('Ctrl Pts',(-10.7210102155805,15.9483730442453,28.7073668241501));
#5961=CARTESIAN_POINT('Ctrl Pts',(-10.8896147351744,16.4483730442453,28.9533253324456));
#5962=CARTESIAN_POINT('Ctrl Pts',(-10.8896147351744,15.9483730442453,28.9533253324456));
#5963=CARTESIAN_POINT('Ctrl Pts',(-11.2573963111919,16.4483730442453,29.4898412457419));
#5964=CARTESIAN_POINT('Ctrl Pts',(-11.2573963111919,15.9483730442453,29.4898412457419));
#5965=CARTESIAN_POINT('Ctrl Pts',(-11.2851228183138,16.4483730442453,30.1424679473731));
#5966=CARTESIAN_POINT('Ctrl Pts',(-11.2851228183138,15.9483730442453,30.1424679473731));
#5967=CARTESIAN_POINT('Ctrl Pts',(-11.3001384809613,16.4483730442453,30.4959067106247));
#5968=CARTESIAN_POINT('Ctrl Pts',(-11.3001384809613,15.9483730442453,30.4959067106247));
#5969=CARTESIAN_POINT('',(-10.7210102155805,16.4483730442453,28.7073668241501));
#5970=CARTESIAN_POINT('Ctrl Pts',(-10.7210102155805,16.4483730442453,28.7073668241501));
#5971=CARTESIAN_POINT('Ctrl Pts',(-10.8896147351744,16.4483730442453,28.9533253324456));
#5972=CARTESIAN_POINT('Ctrl Pts',(-11.2573963111919,16.4483730442453,29.4898412457419));
#5973=CARTESIAN_POINT('Ctrl Pts',(-11.2851228183138,16.4483730442453,30.1424679473731));
#5974=CARTESIAN_POINT('Ctrl Pts',(-11.3001384809613,16.4483730442453,30.4959067106247));
#5975=CARTESIAN_POINT('',(-10.7210102155805,15.9483730442453,28.7073668241501));
#5976=CARTESIAN_POINT('',(-10.7210102155805,16.4483730442453,28.7073668241501));
#5977=CARTESIAN_POINT('Ctrl Pts',(-10.7210102155805,15.9483730442453,28.7073668241501));
#5978=CARTESIAN_POINT('Ctrl Pts',(-10.8896147351744,15.9483730442453,28.9533253324456));
#5979=CARTESIAN_POINT('Ctrl Pts',(-11.2573963111919,15.9483730442453,29.4898412457419));
#5980=CARTESIAN_POINT('Ctrl Pts',(-11.2851228183138,15.9483730442453,30.1424679473731));
#5981=CARTESIAN_POINT('Ctrl Pts',(-11.3001384809613,15.9483730442453,30.4959067106247));
#5982=CARTESIAN_POINT('Ctrl Pts',(-9.24556637555361,16.4483730442453,28.0770798921585));
#5983=CARTESIAN_POINT('Ctrl Pts',(-9.24556637555361,15.9483730442453,28.0770798921585));
#5984=CARTESIAN_POINT('Ctrl Pts',(-9.5298201783132,16.4483730442453,28.101937268594));
#5985=CARTESIAN_POINT('Ctrl Pts',(-9.5298201783132,15.9483730442453,28.101937268594));
#5986=CARTESIAN_POINT('Ctrl Pts',(-10.0909705351443,16.4483730442453,28.1510086460787));
#5987=CARTESIAN_POINT('Ctrl Pts',(-10.0909705351443,15.9483730442453,28.1510086460787));
#5988=CARTESIAN_POINT('Ctrl Pts',(-10.5128407036218,16.4483730442453,28.5235421953217));
#5989=CARTESIAN_POINT('Ctrl Pts',(-10.5128407036218,15.9483730442453,28.5235421953217));
#5990=CARTESIAN_POINT('Ctrl Pts',(-10.7210102155805,16.4483730442453,28.7073668241501));
#5991=CARTESIAN_POINT('Ctrl Pts',(-10.7210102155805,15.9483730442453,28.7073668241501));
#5992=CARTESIAN_POINT('',(-9.24556637555361,16.4483730442453,28.0770798921585));
#5993=CARTESIAN_POINT('Ctrl Pts',(-9.24556637555361,16.4483730442453,28.0770798921585));
#5994=CARTESIAN_POINT('Ctrl Pts',(-9.5298201783132,16.4483730442453,28.101937268594));
#5995=CARTESIAN_POINT('Ctrl Pts',(-10.0909705351443,16.4483730442453,28.1510086460787));
#5996=CARTESIAN_POINT('Ctrl Pts',(-10.5128407036218,16.4483730442453,28.5235421953217));
#5997=CARTESIAN_POINT('Ctrl Pts',(-10.7210102155805,16.4483730442453,28.7073668241501));
#5998=CARTESIAN_POINT('',(-9.24556637555361,15.9483730442453,28.0770798921585));
#5999=CARTESIAN_POINT('',(-9.24556637555361,16.4483730442453,28.0770798921585));
#6000=CARTESIAN_POINT('Ctrl Pts',(-9.24556637555361,15.9483730442453,28.0770798921585));
#6001=CARTESIAN_POINT('Ctrl Pts',(-9.5298201783132,15.9483730442453,28.101937268594));
#6002=CARTESIAN_POINT('Ctrl Pts',(-10.0909705351443,15.9483730442453,28.1510086460787));
#6003=CARTESIAN_POINT('Ctrl Pts',(-10.5128407036218,15.9483730442453,28.5235421953217));
#6004=CARTESIAN_POINT('Ctrl Pts',(-10.7210102155805,15.9483730442453,28.7073668241501));
#6005=CARTESIAN_POINT('Ctrl Pts',(-7.78240109235048,16.4483730442453,28.7012275457382));
#6006=CARTESIAN_POINT('Ctrl Pts',(-7.78240109235048,15.9483730442453,28.7012275457382));
#6007=CARTESIAN_POINT('Ctrl Pts',(-7.99038659867284,16.4483730442453,28.5191879851567));
#6008=CARTESIAN_POINT('Ctrl Pts',(-7.99038659867284,15.9483730442453,28.5191879851567));
#6009=CARTESIAN_POINT('Ctrl Pts',(-8.4098881321849,16.4483730442453,28.1520187714259));
#6010=CARTESIAN_POINT('Ctrl Pts',(-8.4098881321849,15.9483730442453,28.1520187714259));
#6011=CARTESIAN_POINT('Ctrl Pts',(-8.96544843105514,16.4483730442453,28.1021992787047));
#6012=CARTESIAN_POINT('Ctrl Pts',(-8.96544843105514,15.9483730442453,28.1021992787047));
#6013=CARTESIAN_POINT('Ctrl Pts',(-9.24556637555361,16.4483730442453,28.0770798921585));
#6014=CARTESIAN_POINT('Ctrl Pts',(-9.24556637555361,15.9483730442453,28.0770798921585));
#6015=CARTESIAN_POINT('',(-7.78240109235048,16.4483730442453,28.7012275457382));
#6016=CARTESIAN_POINT('Ctrl Pts',(-7.78240109235048,16.4483730442453,28.7012275457382));
#6017=CARTESIAN_POINT('Ctrl Pts',(-7.99038659867284,16.4483730442453,28.5191879851567));
#6018=CARTESIAN_POINT('Ctrl Pts',(-8.4098881321849,16.4483730442453,28.1520187714259));
#6019=CARTESIAN_POINT('Ctrl Pts',(-8.96544843105514,16.4483730442453,28.1021992787047));
#6020=CARTESIAN_POINT('Ctrl Pts',(-9.24556637555361,16.4483730442453,28.0770798921585));
#6021=CARTESIAN_POINT('',(-7.78240109235048,15.9483730442453,28.7012275457382));
#6022=CARTESIAN_POINT('',(-7.78240109235048,16.4483730442453,28.7012275457382));
#6023=CARTESIAN_POINT('Ctrl Pts',(-7.78240109235048,15.9483730442453,28.7012275457382));
#6024=CARTESIAN_POINT('Ctrl Pts',(-7.99038659867284,15.9483730442453,28.5191879851567));
#6025=CARTESIAN_POINT('Ctrl Pts',(-8.4098881321849,15.9483730442453,28.1520187714259));
#6026=CARTESIAN_POINT('Ctrl Pts',(-8.96544843105514,15.9483730442453,28.1021992787047));
#6027=CARTESIAN_POINT('Ctrl Pts',(-9.24556637555361,15.9483730442453,28.0770798921585));
#6028=CARTESIAN_POINT('Ctrl Pts',(-7.19918156415224,16.4483730442453,30.4099591970444));
#6029=CARTESIAN_POINT('Ctrl Pts',(-7.19918156415224,15.9483730442453,30.4099591970444));
#6030=CARTESIAN_POINT('Ctrl Pts',(-7.21638629125397,16.4483730442453,30.0756313951555));
#6031=CARTESIAN_POINT('Ctrl Pts',(-7.21638629125397,15.9483730442453,30.0756313951555));
#6032=CARTESIAN_POINT('Ctrl Pts',(-7.2486651590273,16.4483730442453,29.4483780335467));
#6033=CARTESIAN_POINT('Ctrl Pts',(-7.2486651590273,15.9483730442453,29.4483780335467));
#6034=CARTESIAN_POINT('Ctrl Pts',(-7.61249403037872,16.4483730442453,28.939072023332));
#6035=CARTESIAN_POINT('Ctrl Pts',(-7.61249403037872,15.9483730442453,28.939072023332));
#6036=CARTESIAN_POINT('Ctrl Pts',(-7.78240109235048,16.4483730442453,28.7012275457382));
#6037=CARTESIAN_POINT('Ctrl Pts',(-7.78240109235048,15.9483730442453,28.7012275457382));
#6038=CARTESIAN_POINT('',(-7.19918156415224,16.4483730442453,30.4099591970444));
#6039=CARTESIAN_POINT('Ctrl Pts',(-7.19918156415224,16.4483730442453,30.4099591970444));
#6040=CARTESIAN_POINT('Ctrl Pts',(-7.21638629125397,16.4483730442453,30.0756313951555));
#6041=CARTESIAN_POINT('Ctrl Pts',(-7.2486651590273,16.4483730442453,29.4483780335467));
#6042=CARTESIAN_POINT('Ctrl Pts',(-7.61249403037872,16.4483730442453,28.939072023332));
#6043=CARTESIAN_POINT('Ctrl Pts',(-7.78240109235048,16.4483730442453,28.7012275457382));
#6044=CARTESIAN_POINT('',(-7.19918156415224,15.9483730442453,30.4099591970444));
#6045=CARTESIAN_POINT('',(-7.19918156415224,16.4483730442453,30.4099591970444));
#6046=CARTESIAN_POINT('Ctrl Pts',(-7.19918156415224,15.9483730442453,30.4099591970444));
#6047=CARTESIAN_POINT('Ctrl Pts',(-7.21638629125397,15.9483730442453,30.0756313951555));
#6048=CARTESIAN_POINT('Ctrl Pts',(-7.2486651590273,15.9483730442453,29.4483780335467));
#6049=CARTESIAN_POINT('Ctrl Pts',(-7.61249403037872,15.9483730442453,28.939072023332));
#6050=CARTESIAN_POINT('Ctrl Pts',(-7.78240109235048,15.9483730442453,28.7012275457382));
#6051=CARTESIAN_POINT('Ctrl Pts',(-7.80695820599795,16.4483730442453,32.3437925577164));
#6052=CARTESIAN_POINT('Ctrl Pts',(-7.80695820599795,15.9483730442453,32.3437925577164));
#6053=CARTESIAN_POINT('Ctrl Pts',(-7.63047127545299,16.4483730442453,32.0945655565874));
#6054=CARTESIAN_POINT('Ctrl Pts',(-7.63047127545299,15.9483730442453,32.0945655565874));
#6055=CARTESIAN_POINT('Ctrl Pts',(-7.22374902951273,16.4483730442453,31.5202104735503));
#6056=CARTESIAN_POINT('Ctrl Pts',(-7.22374902951273,15.9483730442453,31.5202104735503));
#6057=CARTESIAN_POINT('Ctrl Pts',(-7.20806174468401,16.4483730442453,30.8112717307686));
#6058=CARTESIAN_POINT('Ctrl Pts',(-7.20806174468401,15.9483730442453,30.8112717307686));
#6059=CARTESIAN_POINT('Ctrl Pts',(-7.19918156415224,16.4483730442453,30.4099591970444));
#6060=CARTESIAN_POINT('Ctrl Pts',(-7.19918156415224,15.9483730442453,30.4099591970444));
#6061=CARTESIAN_POINT('Ctrl Pts',(-7.80695820599795,16.4483730442453,32.3437925577164));
#6062=CARTESIAN_POINT('Ctrl Pts',(-7.63047127545299,16.4483730442453,32.0945655565874));
#6063=CARTESIAN_POINT('Ctrl Pts',(-7.22374902951273,16.4483730442453,31.5202104735503));
#6064=CARTESIAN_POINT('Ctrl Pts',(-7.20806174468401,16.4483730442453,30.8112717307686));
#6065=CARTESIAN_POINT('Ctrl Pts',(-7.19918156415224,16.4483730442453,30.4099591970444));
#6066=CARTESIAN_POINT('Ctrl Pts',(-7.80695820599795,15.9483730442453,32.3437925577164));
#6067=CARTESIAN_POINT('Ctrl Pts',(-7.63047127545299,15.9483730442453,32.0945655565874));
#6068=CARTESIAN_POINT('Ctrl Pts',(-7.22374902951273,15.9483730442453,31.5202104735503));
#6069=CARTESIAN_POINT('Ctrl Pts',(-7.20806174468401,15.9483730442453,30.8112717307686));
#6070=CARTESIAN_POINT('Ctrl Pts',(-7.19918156415224,15.9483730442453,30.4099591970444));
#6071=CARTESIAN_POINT('Ctrl Pts',(-7.73533488065005,16.4483730442453,27.8069576025009));
#6072=CARTESIAN_POINT('Ctrl Pts',(-7.73533488065005,15.9483730442453,27.8069576025009));
#6073=CARTESIAN_POINT('Ctrl Pts',(-7.52634788401319,16.4483730442453,27.9560090723871));
#6074=CARTESIAN_POINT('Ctrl Pts',(-7.52634788401319,15.9483730442453,27.9560090723871));
#6075=CARTESIAN_POINT('Ctrl Pts',(-7.10774452098582,16.4483730442453,28.2545608845219));
#6076=CARTESIAN_POINT('Ctrl Pts',(-7.10774452098582,15.9483730442453,28.2545608845219));
#6077=CARTESIAN_POINT('Ctrl Pts',(-6.8523235365788,16.4483730442453,28.7008190610578));
#6078=CARTESIAN_POINT('Ctrl Pts',(-6.8523235365788,15.9483730442453,28.7008190610578));
#6079=CARTESIAN_POINT('Ctrl Pts',(-6.72442103177309,16.4483730442453,28.9242836236954));
#6080=CARTESIAN_POINT('Ctrl Pts',(-6.72442103177309,15.9483730442453,28.9242836236954));
#6081=CARTESIAN_POINT('',(-7.73533488065005,16.4483730442453,27.8069576025009));
#6082=CARTESIAN_POINT('',(-6.72442103177309,16.4483730442453,28.9242836236954));
#6083=CARTESIAN_POINT('Ctrl Pts',(-7.73533488065005,16.4483730442453,27.8069576025009));
#6084=CARTESIAN_POINT('Ctrl Pts',(-7.52634788401319,16.4483730442453,27.9560090723871));
#6085=CARTESIAN_POINT('Ctrl Pts',(-7.10774452098582,16.4483730442453,28.2545608845219));
#6086=CARTESIAN_POINT('Ctrl Pts',(-6.8523235365788,16.4483730442453,28.7008190610578));
#6087=CARTESIAN_POINT('Ctrl Pts',(-6.72442103177309,16.4483730442453,28.9242836236954));
#6088=CARTESIAN_POINT('',(-7.73533488065005,15.9483730442453,27.8069576025009));
#6089=CARTESIAN_POINT('',(-7.73533488065005,16.4483730442453,27.8069576025009));
#6090=CARTESIAN_POINT('',(-6.72442103177309,15.9483730442453,28.9242836236954));
#6091=CARTESIAN_POINT('Ctrl Pts',(-7.73533488065005,15.9483730442453,27.8069576025009));
#6092=CARTESIAN_POINT('Ctrl Pts',(-7.52634788401319,15.9483730442453,27.9560090723871));
#6093=CARTESIAN_POINT('Ctrl Pts',(-7.10774452098582,15.9483730442453,28.2545608845219));
#6094=CARTESIAN_POINT('Ctrl Pts',(-6.8523235365788,15.9483730442453,28.7008190610578));
#6095=CARTESIAN_POINT('Ctrl Pts',(-6.72442103177309,15.9483730442453,28.9242836236954));
#6096=CARTESIAN_POINT('',(-6.72442103177309,16.4483730442453,28.9242836236954));
#6097=CARTESIAN_POINT('Ctrl Pts',(-9.24966002255678,16.4483730442453,27.3976805210114));
#6098=CARTESIAN_POINT('Ctrl Pts',(-9.24966002255678,15.9483730442453,27.3976805210114));
#6099=CARTESIAN_POINT('Ctrl Pts',(-8.97719906060292,16.4483730442453,27.4132580890351));
#6100=CARTESIAN_POINT('Ctrl Pts',(-8.97719906060292,15.9483730442453,27.4132580890351));
#6101=CARTESIAN_POINT('Ctrl Pts',(-8.44346359612316,16.4483730442453,27.4437736551735));
#6102=CARTESIAN_POINT('Ctrl Pts',(-8.44346359612316,15.9483730442453,27.4437736551735));
#6103=CARTESIAN_POINT('Ctrl Pts',(-7.96805646344528,16.4483730442453,27.6875997213403));
#6104=CARTESIAN_POINT('Ctrl Pts',(-7.96805646344528,15.9483730442453,27.6875997213403));
#6105=CARTESIAN_POINT('Ctrl Pts',(-7.73533488065005,16.4483730442453,27.8069576025009));
#6106=CARTESIAN_POINT('Ctrl Pts',(-7.73533488065005,15.9483730442453,27.8069576025009));
#6107=CARTESIAN_POINT('',(-9.24966002255678,16.4483730442453,27.3976805210114));
#6108=CARTESIAN_POINT('Ctrl Pts',(-9.24966002255678,16.4483730442453,27.3976805210114));
#6109=CARTESIAN_POINT('Ctrl Pts',(-8.97719906060292,16.4483730442453,27.4132580890351));
#6110=CARTESIAN_POINT('Ctrl Pts',(-8.44346359612316,16.4483730442453,27.4437736551735));
#6111=CARTESIAN_POINT('Ctrl Pts',(-7.96805646344528,16.4483730442453,27.6875997213403));
#6112=CARTESIAN_POINT('Ctrl Pts',(-7.73533488065005,16.4483730442453,27.8069576025009));
#6113=CARTESIAN_POINT('',(-9.24966002255678,15.9483730442453,27.3976805210114));
#6114=CARTESIAN_POINT('',(-9.24966002255678,16.4483730442453,27.3976805210114));
#6115=CARTESIAN_POINT('Ctrl Pts',(-9.24966002255678,15.9483730442453,27.3976805210114));
#6116=CARTESIAN_POINT('Ctrl Pts',(-8.97719906060292,15.9483730442453,27.4132580890351));
#6117=CARTESIAN_POINT('Ctrl Pts',(-8.44346359612316,15.9483730442453,27.4437736551735));
#6118=CARTESIAN_POINT('Ctrl Pts',(-7.96805646344528,15.9483730442453,27.6875997213403));
#6119=CARTESIAN_POINT('Ctrl Pts',(-7.73533488065005,15.9483730442453,27.8069576025009));
#6120=CARTESIAN_POINT('Ctrl Pts',(-10.706686027348,16.4483730442453,27.768076300621));
#6121=CARTESIAN_POINT('Ctrl Pts',(-10.706686027348,15.9483730442453,27.768076300621));
#6122=CARTESIAN_POINT('Ctrl Pts',(-10.4766469264168,16.4483730442453,27.6600445876805));
#6123=CARTESIAN_POINT('Ctrl Pts',(-10.4766469264168,15.9483730442453,27.6600445876805));
#6124=CARTESIAN_POINT('Ctrl Pts',(-10.0147749525573,16.4483730442453,27.4431387647432));
#6125=CARTESIAN_POINT('Ctrl Pts',(-10.0147749525573,15.9483730442453,27.4431387647432));
#6126=CARTESIAN_POINT('Ctrl Pts',(-9.50535780694407,16.4483730442453,27.4128724506792));
#6127=CARTESIAN_POINT('Ctrl Pts',(-9.50535780694407,15.9483730442453,27.4128724506792));
#6128=CARTESIAN_POINT('Ctrl Pts',(-9.24966002255678,16.4483730442453,27.3976805210114));
#6129=CARTESIAN_POINT('Ctrl Pts',(-9.24966002255678,15.9483730442453,27.3976805210114));
#6130=CARTESIAN_POINT('',(-10.706686027348,16.4483730442453,27.768076300621));
#6131=CARTESIAN_POINT('Ctrl Pts',(-10.706686027348,16.4483730442453,27.768076300621));
#6132=CARTESIAN_POINT('Ctrl Pts',(-10.4766469264168,16.4483730442453,27.6600445876805));
#6133=CARTESIAN_POINT('Ctrl Pts',(-10.0147749525573,16.4483730442453,27.4431387647432));
#6134=CARTESIAN_POINT('Ctrl Pts',(-9.50535780694407,16.4483730442453,27.4128724506792));
#6135=CARTESIAN_POINT('Ctrl Pts',(-9.24966002255678,16.4483730442453,27.3976805210114));
#6136=CARTESIAN_POINT('',(-10.706686027348,15.9483730442453,27.768076300621));
#6137=CARTESIAN_POINT('',(-10.706686027348,16.4483730442453,27.768076300621));
#6138=CARTESIAN_POINT('Ctrl Pts',(-10.706686027348,15.9483730442453,27.768076300621));
#6139=CARTESIAN_POINT('Ctrl Pts',(-10.4766469264168,15.9483730442453,27.6600445876805));
#6140=CARTESIAN_POINT('Ctrl Pts',(-10.0147749525573,15.9483730442453,27.4431387647432));
#6141=CARTESIAN_POINT('Ctrl Pts',(-9.50535780694407,15.9483730442453,27.4128724506792));
#6142=CARTESIAN_POINT('Ctrl Pts',(-9.24966002255678,15.9483730442453,27.3976805210114));
#6143=CARTESIAN_POINT('Ctrl Pts',(-11.750341899693,16.4483730442453,28.8587989807129));
#6144=CARTESIAN_POINT('Ctrl Pts',(-11.750341899693,15.9483730442453,28.8587989807129));
#6145=CARTESIAN_POINT('Ctrl Pts',(-11.6162839033045,16.4483730442453,28.6341083015439));
#6146=CARTESIAN_POINT('Ctrl Pts',(-11.6162839033045,15.9483730442453,28.6341083015439));
#6147=CARTESIAN_POINT('Ctrl Pts',(-11.3516459756602,16.4483730442453,28.1905564262499));
#6148=CARTESIAN_POINT('Ctrl Pts',(-11.3516459756602,15.9483730442453,28.1905564262499));
#6149=CARTESIAN_POINT('Ctrl Pts',(-10.9197807137767,16.4483730442453,27.9076636814015));
#6150=CARTESIAN_POINT('Ctrl Pts',(-10.9197807137767,15.9483730442453,27.9076636814015));
#6151=CARTESIAN_POINT('Ctrl Pts',(-10.706686027348,16.4483730442453,27.768076300621));
#6152=CARTESIAN_POINT('Ctrl Pts',(-10.706686027348,15.9483730442453,27.768076300621));
#6153=CARTESIAN_POINT('',(-11.750341899693,16.4483730442453,28.8587989807129));
#6154=CARTESIAN_POINT('Ctrl Pts',(-11.750341899693,16.4483730442453,28.8587989807129));
#6155=CARTESIAN_POINT('Ctrl Pts',(-11.6162839033045,16.4483730442453,28.6341083015439));
#6156=CARTESIAN_POINT('Ctrl Pts',(-11.3516459756602,16.4483730442453,28.1905564262499));
#6157=CARTESIAN_POINT('Ctrl Pts',(-10.9197807137767,16.4483730442453,27.9076636814015));
#6158=CARTESIAN_POINT('Ctrl Pts',(-10.706686027348,16.4483730442453,27.768076300621));
#6159=CARTESIAN_POINT('',(-11.750341899693,15.9483730442453,28.8587989807129));
#6160=CARTESIAN_POINT('',(-11.750341899693,16.4483730442453,28.8587989807129));
#6161=CARTESIAN_POINT('Ctrl Pts',(-11.750341899693,15.9483730442453,28.8587989807129));
#6162=CARTESIAN_POINT('Ctrl Pts',(-11.6162839033045,15.9483730442453,28.6341083015439));
#6163=CARTESIAN_POINT('Ctrl Pts',(-11.3516459756602,15.9483730442453,28.1905564262499));
#6164=CARTESIAN_POINT('Ctrl Pts',(-10.9197807137767,15.9483730442453,27.9076636814015));
#6165=CARTESIAN_POINT('Ctrl Pts',(-10.706686027348,15.9483730442453,27.768076300621));
#6166=CARTESIAN_POINT('Ctrl Pts',(-12.1186914518476,16.4483730442453,30.4918142557144));
#6167=CARTESIAN_POINT('Ctrl Pts',(-12.1186914518476,15.9483730442453,30.4918142557144));
#6168=CARTESIAN_POINT('Ctrl Pts',(-12.1053643042528,16.4483730442453,30.1996285226607));
#6169=CARTESIAN_POINT('Ctrl Pts',(-12.1053643042528,15.9483730442453,30.1996285226607));
#6170=CARTESIAN_POINT('Ctrl Pts',(-12.0795211069934,16.4483730442453,29.6330396496872));
#6171=CARTESIAN_POINT('Ctrl Pts',(-12.0795211069934,15.9483730442453,29.6330396496872));
#6172=CARTESIAN_POINT('Ctrl Pts',(-11.8577481612207,16.4483730442453,29.1114221535409));
#6173=CARTESIAN_POINT('Ctrl Pts',(-11.8577481612207,15.9483730442453,29.1114221535409));
#6174=CARTESIAN_POINT('Ctrl Pts',(-11.750341899693,16.4483730442453,28.8587989807129));
#6175=CARTESIAN_POINT('Ctrl Pts',(-11.750341899693,15.9483730442453,28.8587989807129));
#6176=CARTESIAN_POINT('',(-12.1186914518476,16.4483730442453,30.4918142557144));
#6177=CARTESIAN_POINT('Ctrl Pts',(-12.1186914518476,16.4483730442453,30.4918142557144));
#6178=CARTESIAN_POINT('Ctrl Pts',(-12.1053643042528,16.4483730442453,30.1996285226607));
#6179=CARTESIAN_POINT('Ctrl Pts',(-12.0795211069934,16.4483730442453,29.6330396496872));
#6180=CARTESIAN_POINT('Ctrl Pts',(-11.8577481612207,16.4483730442453,29.1114221535409));
#6181=CARTESIAN_POINT('Ctrl Pts',(-11.750341899693,16.4483730442453,28.8587989807129));
#6182=CARTESIAN_POINT('',(-12.1186914518476,15.9483730442453,30.4918142557144));
#6183=CARTESIAN_POINT('',(-12.1186914518476,16.4483730442453,30.4918142557144));
#6184=CARTESIAN_POINT('Ctrl Pts',(-12.1186914518476,15.9483730442453,30.4918142557144));
#6185=CARTESIAN_POINT('Ctrl Pts',(-12.1053643042528,15.9483730442453,30.1996285226607));
#6186=CARTESIAN_POINT('Ctrl Pts',(-12.0795211069934,15.9483730442453,29.6330396496872));
#6187=CARTESIAN_POINT('Ctrl Pts',(-11.8577481612207,15.9483730442453,29.1114221535409));
#6188=CARTESIAN_POINT('Ctrl Pts',(-11.750341899693,15.9483730442453,28.8587989807129));
#6189=CARTESIAN_POINT('Ctrl Pts',(-11.7687597349286,16.4483730442453,32.1023189425468));
#6190=CARTESIAN_POINT('Ctrl Pts',(-11.7687597349286,15.9483730442453,32.1023189425468));
#6191=CARTESIAN_POINT('Ctrl Pts',(-11.8707916178462,16.4483730442453,31.8529813576979));
#6192=CARTESIAN_POINT('Ctrl Pts',(-11.8707916178462,15.9483730442453,31.8529813576979));
#6193=CARTESIAN_POINT('Ctrl Pts',(-12.0819131127767,16.4483730442453,31.3370590582124));
#6194=CARTESIAN_POINT('Ctrl Pts',(-12.0819131127767,15.9483730442453,31.3370590582124));
#6195=CARTESIAN_POINT('Ctrl Pts',(-12.1061617967147,16.4483730442453,30.7797724981396));
#6196=CARTESIAN_POINT('Ctrl Pts',(-12.1061617967147,15.9483730442453,30.7797724981396));
#6197=CARTESIAN_POINT('Ctrl Pts',(-12.1186914518476,16.4483730442453,30.4918142557144));
#6198=CARTESIAN_POINT('Ctrl Pts',(-12.1186914518476,15.9483730442453,30.4918142557144));
#6199=CARTESIAN_POINT('',(-11.7687597349286,16.4483730442453,32.1023189425468));
#6200=CARTESIAN_POINT('Ctrl Pts',(-11.7687597349286,16.4483730442453,32.1023189425468));
#6201=CARTESIAN_POINT('Ctrl Pts',(-11.8707916178462,16.4483730442453,31.8529813576979));
#6202=CARTESIAN_POINT('Ctrl Pts',(-12.0819131127767,16.4483730442453,31.3370590582124));
#6203=CARTESIAN_POINT('Ctrl Pts',(-12.1061617967147,16.4483730442453,30.7797724981396));
#6204=CARTESIAN_POINT('Ctrl Pts',(-12.1186914518476,16.4483730442453,30.4918142557144));
#6205=CARTESIAN_POINT('',(-11.7687597349286,15.9483730442453,32.1023189425468));
#6206=CARTESIAN_POINT('',(-11.7687597349286,16.4483730442453,32.1023189425468));
#6207=CARTESIAN_POINT('Ctrl Pts',(-11.7687597349286,15.9483730442453,32.1023189425468));
#6208=CARTESIAN_POINT('Ctrl Pts',(-11.8707916178462,15.9483730442453,31.8529813576979));
#6209=CARTESIAN_POINT('Ctrl Pts',(-12.0819131127767,15.9483730442453,31.3370590582124));
#6210=CARTESIAN_POINT('Ctrl Pts',(-12.1061617967147,15.9483730442453,30.7797724981396));
#6211=CARTESIAN_POINT('Ctrl Pts',(-12.1186914518476,15.9483730442453,30.4918142557144));
#6212=CARTESIAN_POINT('Ctrl Pts',(-10.7517066076398,16.4483730442453,33.2094135284424));
#6213=CARTESIAN_POINT('Ctrl Pts',(-10.7517066076398,15.9483730442453,33.2094135284424));
#6214=CARTESIAN_POINT('Ctrl Pts',(-10.9611634360114,16.4483730442453,33.0634248202412));
#6215=CARTESIAN_POINT('Ctrl Pts',(-10.9611634360114,15.9483730442453,33.0634248202412));
#6216=CARTESIAN_POINT('Ctrl Pts',(-11.3822678264246,16.4483730442453,32.7699204907226));
#6217=CARTESIAN_POINT('Ctrl Pts',(-11.3822678264246,15.9483730442453,32.7699204907226));
#6218=CARTESIAN_POINT('Ctrl Pts',(-11.6394830572885,16.4483730442453,32.3256232556168));
#6219=CARTESIAN_POINT('Ctrl Pts',(-11.6394830572885,15.9483730442453,32.3256232556168));
#6220=CARTESIAN_POINT('Ctrl Pts',(-11.7687597349286,16.4483730442453,32.1023189425468));
#6221=CARTESIAN_POINT('Ctrl Pts',(-11.7687597349286,15.9483730442453,32.1023189425468));
#6222=CARTESIAN_POINT('',(-10.7517066076398,16.4483730442453,33.2094135284424));
#6223=CARTESIAN_POINT('Ctrl Pts',(-10.7517066076398,16.4483730442453,33.2094135284424));
#6224=CARTESIAN_POINT('Ctrl Pts',(-10.9611634360114,16.4483730442453,33.0634248202412));
#6225=CARTESIAN_POINT('Ctrl Pts',(-11.3822678264246,16.4483730442453,32.7699204907226));
#6226=CARTESIAN_POINT('Ctrl Pts',(-11.6394830572885,16.4483730442453,32.3256232556168));
#6227=CARTESIAN_POINT('Ctrl Pts',(-11.7687597349286,16.4483730442453,32.1023189425468));
#6228=CARTESIAN_POINT('',(-10.7517066076398,15.9483730442453,33.2094135284424));
#6229=CARTESIAN_POINT('',(-10.7517066076398,16.4483730442453,33.2094135284424));
#6230=CARTESIAN_POINT('Ctrl Pts',(-10.7517066076398,15.9483730442453,33.2094135284424));
#6231=CARTESIAN_POINT('Ctrl Pts',(-10.9611634360114,15.9483730442453,33.0634248202412));
#6232=CARTESIAN_POINT('Ctrl Pts',(-11.3822678264246,15.9483730442453,32.7699204907226));
#6233=CARTESIAN_POINT('Ctrl Pts',(-11.6394830572885,15.9483730442453,32.3256232556168));
#6234=CARTESIAN_POINT('Ctrl Pts',(-11.7687597349286,15.9483730442453,32.1023189425468));
#6235=CARTESIAN_POINT('Ctrl Pts',(-9.25375366955996,16.4483730442453,33.6064120531082));
#6236=CARTESIAN_POINT('Ctrl Pts',(-9.25375366955996,15.9483730442453,33.6064120531082));
#6237=CARTESIAN_POINT('Ctrl Pts',(-9.52180855961688,16.4483730442453,33.5910876458613));
#6238=CARTESIAN_POINT('Ctrl Pts',(-9.52180855961688,15.9483730442453,33.5910876458613));
#6239=CARTESIAN_POINT('Ctrl Pts',(-10.0484874767093,16.4483730442453,33.5609779835748));
#6240=CARTESIAN_POINT('Ctrl Pts',(-10.0484874767093,15.9483730442453,33.5609779835748));
#6241=CARTESIAN_POINT('Ctrl Pts',(-10.5201152645924,16.4483730442453,33.3251943437682));
#6242=CARTESIAN_POINT('Ctrl Pts',(-10.5201152645924,15.9483730442453,33.3251943437682));
#6243=CARTESIAN_POINT('Ctrl Pts',(-10.7517066076398,16.4483730442453,33.2094135284424));
#6244=CARTESIAN_POINT('Ctrl Pts',(-10.7517066076398,15.9483730442453,33.2094135284424));
#6245=CARTESIAN_POINT('',(-9.25375366955996,16.4483730442453,33.6064120531082));
#6246=CARTESIAN_POINT('Ctrl Pts',(-9.25375366955996,16.4483730442453,33.6064120531082));
#6247=CARTESIAN_POINT('Ctrl Pts',(-9.52180855961688,16.4483730442453,33.5910876458613));
#6248=CARTESIAN_POINT('Ctrl Pts',(-10.0484874767093,16.4483730442453,33.5609779835748));
#6249=CARTESIAN_POINT('Ctrl Pts',(-10.5201152645924,16.4483730442453,33.3251943437682));
#6250=CARTESIAN_POINT('Ctrl Pts',(-10.7517066076398,16.4483730442453,33.2094135284424));
#6251=CARTESIAN_POINT('',(-9.25375366955996,15.9483730442453,33.6064120531082));
#6252=CARTESIAN_POINT('',(-9.25375366955996,16.4483730442453,33.6064120531082));
#6253=CARTESIAN_POINT('Ctrl Pts',(-9.25375366955996,15.9483730442453,33.6064120531082));
#6254=CARTESIAN_POINT('Ctrl Pts',(-9.52180855961688,15.9483730442453,33.5910876458613));
#6255=CARTESIAN_POINT('Ctrl Pts',(-10.0484874767093,15.9483730442453,33.5609779835748));
#6256=CARTESIAN_POINT('Ctrl Pts',(-10.5201152645924,15.9483730442453,33.3251943437682));
#6257=CARTESIAN_POINT('Ctrl Pts',(-10.7517066076398,15.9483730442453,33.2094135284424));
#6258=CARTESIAN_POINT('Ctrl Pts',(-7.18281174451113,16.4483730442453,32.7612551450729));
#6259=CARTESIAN_POINT('Ctrl Pts',(-7.18281174451113,15.9483730442453,32.7612551450729));
#6260=CARTESIAN_POINT('Ctrl Pts',(-7.47452011778734,16.4483730442453,33.0077193847967));
#6261=CARTESIAN_POINT('Ctrl Pts',(-7.47452011778734,15.9483730442453,33.0077193847967));
#6262=CARTESIAN_POINT('Ctrl Pts',(-8.07232848913382,16.4483730442453,33.5128073398995));
#6263=CARTESIAN_POINT('Ctrl Pts',(-8.07232848913382,15.9483730442453,33.5128073398995));
#6264=CARTESIAN_POINT('Ctrl Pts',(-8.85367523497044,16.4483730442453,33.5747137045786));
#6265=CARTESIAN_POINT('Ctrl Pts',(-8.85367523497044,15.9483730442453,33.5747137045786));
#6266=CARTESIAN_POINT('Ctrl Pts',(-9.25375366955996,16.4483730442453,33.6064120531082));
#6267=CARTESIAN_POINT('Ctrl Pts',(-9.25375366955996,15.9483730442453,33.6064120531082));
#6268=CARTESIAN_POINT('',(-7.18281174451113,16.4483730442453,32.7612551450729));
#6269=CARTESIAN_POINT('Ctrl Pts',(-7.18281174451113,16.4483730442453,32.7612551450729));
#6270=CARTESIAN_POINT('Ctrl Pts',(-7.47452011778734,16.4483730442453,33.0077193847967));
#6271=CARTESIAN_POINT('Ctrl Pts',(-8.07232848913382,16.4483730442453,33.5128073398995));
#6272=CARTESIAN_POINT('Ctrl Pts',(-8.85367523497044,16.4483730442453,33.5747137045786));
#6273=CARTESIAN_POINT('Ctrl Pts',(-9.25375366955996,16.4483730442453,33.6064120531082));
#6274=CARTESIAN_POINT('',(-7.18281174451113,15.9483730442453,32.7612551450729));
#6275=CARTESIAN_POINT('',(-7.18281174451113,16.4483730442453,32.7612551450729));
#6276=CARTESIAN_POINT('Ctrl Pts',(-7.18281174451113,15.9483730442453,32.7612551450729));
#6277=CARTESIAN_POINT('Ctrl Pts',(-7.47452011778734,15.9483730442453,33.0077193847967));
#6278=CARTESIAN_POINT('Ctrl Pts',(-8.07232848913382,15.9483730442453,33.5128073398995));
#6279=CARTESIAN_POINT('Ctrl Pts',(-8.85367523497044,15.9483730442453,33.5747137045786));
#6280=CARTESIAN_POINT('Ctrl Pts',(-9.25375366955996,15.9483730442453,33.6064120531082));
#6281=CARTESIAN_POINT('Ctrl Pts',(-6.38062859326601,16.4483730442453,30.4222371578217));
#6282=CARTESIAN_POINT('Ctrl Pts',(-6.38062859326601,15.9483730442453,30.4222371578217));
#6283=CARTESIAN_POINT('Ctrl Pts',(-6.40383397721632,16.4483730442453,30.8817636165916));
#6284=CARTESIAN_POINT('Ctrl Pts',(-6.40383397721632,15.9483730442453,30.8817636165916));
#6285=CARTESIAN_POINT('Ctrl Pts',(-6.4472572528612,16.4483730442453,31.7416564814546));
#6286=CARTESIAN_POINT('Ctrl Pts',(-6.4472572528612,15.9483730442453,31.7416564814546));
#6287=CARTESIAN_POINT('Ctrl Pts',(-6.94913656743105,16.4483730442453,32.437343183449));
#6288=CARTESIAN_POINT('Ctrl Pts',(-6.94913656743105,15.9483730442453,32.437343183449));
#6289=CARTESIAN_POINT('Ctrl Pts',(-7.18281174451113,16.4483730442453,32.7612551450729));
#6290=CARTESIAN_POINT('Ctrl Pts',(-7.18281174451113,15.9483730442453,32.7612551450729));
#6291=CARTESIAN_POINT('',(-6.38062859326601,16.4483730442453,30.4222371578217));
#6292=CARTESIAN_POINT('Ctrl Pts',(-6.38062859326601,16.4483730442453,30.4222371578217));
#6293=CARTESIAN_POINT('Ctrl Pts',(-6.40383397721632,16.4483730442453,30.8817636165916));
#6294=CARTESIAN_POINT('Ctrl Pts',(-6.4472572528612,16.4483730442453,31.7416564814546));
#6295=CARTESIAN_POINT('Ctrl Pts',(-6.94913656743105,16.4483730442453,32.437343183449));
#6296=CARTESIAN_POINT('Ctrl Pts',(-7.18281174451113,16.4483730442453,32.7612551450729));
#6297=CARTESIAN_POINT('',(-6.38062859326601,15.9483730442453,30.4222371578217));
#6298=CARTESIAN_POINT('',(-6.38062859326601,16.4483730442453,30.4222371578217));
#6299=CARTESIAN_POINT('Ctrl Pts',(-6.38062859326601,15.9483730442453,30.4222371578217));
#6300=CARTESIAN_POINT('Ctrl Pts',(-6.40383397721632,15.9483730442453,30.8817636165916));
#6301=CARTESIAN_POINT('Ctrl Pts',(-6.4472572528612,15.9483730442453,31.7416564814546));
#6302=CARTESIAN_POINT('Ctrl Pts',(-6.94913656743105,15.9483730442453,32.437343183449));
#6303=CARTESIAN_POINT('Ctrl Pts',(-7.18281174451113,15.9483730442453,32.7612551450729));
#6304=CARTESIAN_POINT('Ctrl Pts',(-6.72442103177309,16.4483730442453,28.9242836236954));
#6305=CARTESIAN_POINT('Ctrl Pts',(-6.72442103177309,15.9483730442453,28.9242836236954));
#6306=CARTESIAN_POINT('Ctrl Pts',(-6.62414915518207,16.4483730442453,29.1638321317129));
#6307=CARTESIAN_POINT('Ctrl Pts',(-6.62414915518207,15.9483730442453,29.1638321317129));
#6308=CARTESIAN_POINT('Ctrl Pts',(-6.42341986461679,16.4483730442453,29.6433723946967));
#6309=CARTESIAN_POINT('Ctrl Pts',(-6.42341986461679,15.9483730442453,29.6433723946967));
#6310=CARTESIAN_POINT('Ctrl Pts',(-6.39490113715914,16.4483730442453,30.1624556377216));
#6311=CARTESIAN_POINT('Ctrl Pts',(-6.39490113715914,15.9483730442453,30.1624556377216));
#6312=CARTESIAN_POINT('Ctrl Pts',(-6.38062859326601,16.4483730442453,30.4222371578217));
#6313=CARTESIAN_POINT('Ctrl Pts',(-6.38062859326601,15.9483730442453,30.4222371578217));
#6314=CARTESIAN_POINT('Ctrl Pts',(-6.72442103177309,16.4483730442453,28.9242836236954));
#6315=CARTESIAN_POINT('Ctrl Pts',(-6.62414915518207,16.4483730442453,29.1638321317129));
#6316=CARTESIAN_POINT('Ctrl Pts',(-6.42341986461679,16.4483730442453,29.6433723946967));
#6317=CARTESIAN_POINT('Ctrl Pts',(-6.39490113715914,16.4483730442453,30.1624556377216));
#6318=CARTESIAN_POINT('Ctrl Pts',(-6.38062859326601,16.4483730442453,30.4222371578217));
#6319=CARTESIAN_POINT('Ctrl Pts',(-6.72442103177309,15.9483730442453,28.9242836236954));
#6320=CARTESIAN_POINT('Ctrl Pts',(-6.62414915518207,15.9483730442453,29.1638321317129));
#6321=CARTESIAN_POINT('Ctrl Pts',(-6.42341986461679,15.9483730442453,29.6433723946967));
#6322=CARTESIAN_POINT('Ctrl Pts',(-6.39490113715914,15.9483730442453,30.1624556377216));
#6323=CARTESIAN_POINT('Ctrl Pts',(-6.38062859326601,15.9483730442453,30.4222371578217));
#6324=CARTESIAN_POINT('Origin',(-1.21444463943839E-6,15.9483730442453,30.5020462870598));
#6325=CARTESIAN_POINT('Origin',(-15.4706707075238,16.4483730442453,32.7919503450394));
#6326=CARTESIAN_POINT('',(-15.4706707075238,16.4483730442453,32.7919503450394));
#6327=CARTESIAN_POINT('',(-13.9358820989728,16.4483730442453,32.7919503450394));
#6328=CARTESIAN_POINT('',(-7.73533535376191,16.4483730442453,32.7919503450394));
#6329=CARTESIAN_POINT('',(-15.4706707075238,15.9483730442453,32.7919503450394));
#6330=CARTESIAN_POINT('',(-15.4706707075238,16.4483730442453,32.7919503450394));
#6331=CARTESIAN_POINT('',(-13.9358820989728,15.9483730442453,32.7919503450394));
#6332=CARTESIAN_POINT('',(-15.4706707075238,15.9483730442453,32.7919503450394));
#6333=CARTESIAN_POINT('',(-13.9358820989728,16.4483730442453,32.7919503450394));
#6334=CARTESIAN_POINT('Ctrl Pts',(-16.2114610746503,16.4483730442453,32.7387448549271));
#6335=CARTESIAN_POINT('Ctrl Pts',(-16.2114610746503,15.9483730442453,32.7387448549271));
#6336=CARTESIAN_POINT('Ctrl Pts',(-16.1164747855874,16.4483730442453,32.754080053922));
#6337=CARTESIAN_POINT('Ctrl Pts',(-16.1164747855874,15.9483730442453,32.754080053922));
#6338=CARTESIAN_POINT('Ctrl Pts',(-15.8713839990355,16.4483730442453,32.7936490908921));
#6339=CARTESIAN_POINT('Ctrl Pts',(-15.8713839990355,15.9483730442453,32.7936490908921));
#6340=CARTESIAN_POINT('Ctrl Pts',(-15.6228710745031,16.4483730442453,32.7925955688132));
#6341=CARTESIAN_POINT('Ctrl Pts',(-15.6228710745031,15.9483730442453,32.7925955688132));
#6342=CARTESIAN_POINT('Ctrl Pts',(-15.4706707075238,16.4483730442453,32.7919503450394));
#6343=CARTESIAN_POINT('Ctrl Pts',(-15.4706707075238,15.9483730442453,32.7919503450394));
#6344=CARTESIAN_POINT('',(-16.2114610746503,16.4483730442453,32.7387448549271));
#6345=CARTESIAN_POINT('Ctrl Pts',(-16.2114610746503,16.4483730442453,32.7387448549271));
#6346=CARTESIAN_POINT('Ctrl Pts',(-16.1164747855874,16.4483730442453,32.754080053922));
#6347=CARTESIAN_POINT('Ctrl Pts',(-15.8713839990355,16.4483730442453,32.7936490908921));
#6348=CARTESIAN_POINT('Ctrl Pts',(-15.6228710745031,16.4483730442453,32.7925955688132));
#6349=CARTESIAN_POINT('Ctrl Pts',(-15.4706707075238,16.4483730442453,32.7919503450394));
#6350=CARTESIAN_POINT('',(-16.2114610746503,15.9483730442453,32.7387448549271));
#6351=CARTESIAN_POINT('',(-16.2114610746503,16.4483730442453,32.7387448549271));
#6352=CARTESIAN_POINT('Ctrl Pts',(-16.2114610746503,15.9483730442453,32.7387448549271));
#6353=CARTESIAN_POINT('Ctrl Pts',(-16.1164747855874,15.9483730442453,32.754080053922));
#6354=CARTESIAN_POINT('Ctrl Pts',(-15.8713839990355,15.9483730442453,32.7936490908921));
#6355=CARTESIAN_POINT('Ctrl Pts',(-15.6228710745031,15.9483730442453,32.7925955688132));
#6356=CARTESIAN_POINT('Ctrl Pts',(-15.4706707075238,15.9483730442453,32.7919503450394));
#6357=CARTESIAN_POINT('Ctrl Pts',(-16.7128267362714,16.4483730442453,32.3847200870514));
#6358=CARTESIAN_POINT('Ctrl Pts',(-16.7128267362714,15.9483730442453,32.3847200870514));
#6359=CARTESIAN_POINT('Ctrl Pts',(-16.6446232896882,16.4483730442453,32.4664165035095));
#6360=CARTESIAN_POINT('Ctrl Pts',(-16.6446232896882,15.9483730442453,32.4664165035095));
#6361=CARTESIAN_POINT('Ctrl Pts',(-16.5089053720174,16.4483730442453,32.6289840580586));
#6362=CARTESIAN_POINT('Ctrl Pts',(-16.5089053720174,15.9483730442453,32.6289840580586));
#6363=CARTESIAN_POINT('Ctrl Pts',(-16.3102730530827,16.4483730442453,32.7022819555241));
#6364=CARTESIAN_POINT('Ctrl Pts',(-16.3102730530827,15.9483730442453,32.7022819555241));
#6365=CARTESIAN_POINT('Ctrl Pts',(-16.2114610746503,16.4483730442453,32.7387448549271));
#6366=CARTESIAN_POINT('Ctrl Pts',(-16.2114610746503,15.9483730442453,32.7387448549271));
#6367=CARTESIAN_POINT('',(-16.7128267362714,16.4483730442453,32.3847200870514));
#6368=CARTESIAN_POINT('Ctrl Pts',(-16.7128267362714,16.4483730442453,32.3847200870514));
#6369=CARTESIAN_POINT('Ctrl Pts',(-16.6446232896882,16.4483730442453,32.4664165035095));
#6370=CARTESIAN_POINT('Ctrl Pts',(-16.5089053720174,16.4483730442453,32.6289840580586));
#6371=CARTESIAN_POINT('Ctrl Pts',(-16.3102730530827,16.4483730442453,32.7022819555241));
#6372=CARTESIAN_POINT('Ctrl Pts',(-16.2114610746503,16.4483730442453,32.7387448549271));
#6373=CARTESIAN_POINT('',(-16.7128267362714,15.9483730442453,32.3847200870514));
#6374=CARTESIAN_POINT('',(-16.7128267362714,16.4483730442453,32.3847200870514));
#6375=CARTESIAN_POINT('Ctrl Pts',(-16.7128267362714,15.9483730442453,32.3847200870514));
#6376=CARTESIAN_POINT('Ctrl Pts',(-16.6446232896882,15.9483730442453,32.4664165035095));
#6377=CARTESIAN_POINT('Ctrl Pts',(-16.5089053720174,15.9483730442453,32.6289840580586));
#6378=CARTESIAN_POINT('Ctrl Pts',(-16.3102730530827,15.9483730442453,32.7022819555241));
#6379=CARTESIAN_POINT('Ctrl Pts',(-16.2114610746503,15.9483730442453,32.7387448549271));
#6380=CARTESIAN_POINT('Ctrl Pts',(-16.9031419828534,16.4483730442453,31.7401089668274));
#6381=CARTESIAN_POINT('Ctrl Pts',(-16.9031419828534,15.9483730442453,31.7401089668274));
#6382=CARTESIAN_POINT('Ctrl Pts',(-16.8964313556998,16.4483730442453,31.859341122563));
#6383=CARTESIAN_POINT('Ctrl Pts',(-16.8964313556998,15.9483730442453,31.859341122563));
#6384=CARTESIAN_POINT('Ctrl Pts',(-16.8834811853526,16.4483730442453,32.089435373414));
#6385=CARTESIAN_POINT('Ctrl Pts',(-16.8834811853526,15.9483730442453,32.089435373414));
#6386=CARTESIAN_POINT('Ctrl Pts',(-16.7683151000744,16.4483730442453,32.2887081418371));
#6387=CARTESIAN_POINT('Ctrl Pts',(-16.7683151000744,15.9483730442453,32.2887081418371));
#6388=CARTESIAN_POINT('Ctrl Pts',(-16.7128267362714,16.4483730442453,32.3847200870514));
#6389=CARTESIAN_POINT('Ctrl Pts',(-16.7128267362714,15.9483730442453,32.3847200870514));
#6390=CARTESIAN_POINT('',(-16.9031419828534,16.4483730442453,31.7401089668274));
#6391=CARTESIAN_POINT('Ctrl Pts',(-16.9031419828534,16.4483730442453,31.7401089668274));
#6392=CARTESIAN_POINT('Ctrl Pts',(-16.8964313556998,16.4483730442453,31.859341122563));
#6393=CARTESIAN_POINT('Ctrl Pts',(-16.8834811853526,16.4483730442453,32.089435373414));
#6394=CARTESIAN_POINT('Ctrl Pts',(-16.7683151000744,16.4483730442453,32.2887081418371));
#6395=CARTESIAN_POINT('Ctrl Pts',(-16.7128267362714,16.4483730442453,32.3847200870514));
#6396=CARTESIAN_POINT('',(-16.9031419828534,15.9483730442453,31.7401089668274));
#6397=CARTESIAN_POINT('',(-16.9031419828534,16.4483730442453,31.7401089668274));
#6398=CARTESIAN_POINT('Ctrl Pts',(-16.9031419828534,15.9483730442453,31.7401089668274));
#6399=CARTESIAN_POINT('Ctrl Pts',(-16.8964313556998,15.9483730442453,31.859341122563));
#6400=CARTESIAN_POINT('Ctrl Pts',(-16.8834811853526,15.9483730442453,32.089435373414));
#6401=CARTESIAN_POINT('Ctrl Pts',(-16.7683151000744,15.9483730442453,32.2887081418371));
#6402=CARTESIAN_POINT('Ctrl Pts',(-16.7128267362714,15.9483730442453,32.3847200870514));
#6403=CARTESIAN_POINT('Ctrl Pts',(-16.579808242619,16.4483730442453,30.933833360672));
#6404=CARTESIAN_POINT('Ctrl Pts',(-16.579808242619,15.9483730442453,30.933833360672));
#6405=CARTESIAN_POINT('Ctrl Pts',(-16.6740427383522,16.4483730442453,31.0432137593001));
#6406=CARTESIAN_POINT('Ctrl Pts',(-16.6740427383522,15.9483730442453,31.0432137593001));
#6407=CARTESIAN_POINT('Ctrl Pts',(-16.8730039522058,16.4483730442453,31.2741531484645));
#6408=CARTESIAN_POINT('Ctrl Pts',(-16.8730039522058,15.9483730442453,31.2741531484645));
#6409=CARTESIAN_POINT('Ctrl Pts',(-16.8927488894571,16.4483730442453,31.5794242029349));
#6410=CARTESIAN_POINT('Ctrl Pts',(-16.8927488894571,15.9483730442453,31.5794242029349));
#6411=CARTESIAN_POINT('Ctrl Pts',(-16.9031419828534,16.4483730442453,31.7401089668274));
#6412=CARTESIAN_POINT('Ctrl Pts',(-16.9031419828534,15.9483730442453,31.7401089668274));
#6413=CARTESIAN_POINT('',(-16.579808242619,16.4483730442453,30.933833360672));
#6414=CARTESIAN_POINT('Ctrl Pts',(-16.579808242619,16.4483730442453,30.933833360672));
#6415=CARTESIAN_POINT('Ctrl Pts',(-16.6740427383522,16.4483730442453,31.0432137593001));
#6416=CARTESIAN_POINT('Ctrl Pts',(-16.8730039522058,16.4483730442453,31.2741531484645));
#6417=CARTESIAN_POINT('Ctrl Pts',(-16.8927488894571,16.4483730442453,31.5794242029349));
#6418=CARTESIAN_POINT('Ctrl Pts',(-16.9031419828534,16.4483730442453,31.7401089668274));
#6419=CARTESIAN_POINT('',(-16.579808242619,15.9483730442453,30.933833360672));
#6420=CARTESIAN_POINT('',(-16.579808242619,16.4483730442453,30.933833360672));
#6421=CARTESIAN_POINT('Ctrl Pts',(-16.579808242619,15.9483730442453,30.933833360672));
#6422=CARTESIAN_POINT('Ctrl Pts',(-16.6740427383522,15.9483730442453,31.0432137593001));
#6423=CARTESIAN_POINT('Ctrl Pts',(-16.8730039522058,15.9483730442453,31.2741531484645));
#6424=CARTESIAN_POINT('Ctrl Pts',(-16.8927488894571,15.9483730442453,31.5794242029349));
#6425=CARTESIAN_POINT('Ctrl Pts',(-16.9031419828534,15.9483730442453,31.7401089668274));
#6426=CARTESIAN_POINT('Ctrl Pts',(-15.4870405271649,16.4483730442453,30.6473394632339));
#6427=CARTESIAN_POINT('Ctrl Pts',(-15.4870405271649,15.9483730442453,30.6473394632339));
#6428=CARTESIAN_POINT('Ctrl Pts',(-15.7125564939218,16.4483730442453,30.6499062445708));
#6429=CARTESIAN_POINT('Ctrl Pts',(-15.7125564939218,15.9483730442453,30.6499062445708));
#6430=CARTESIAN_POINT('Ctrl Pts',(-16.1033578008424,16.4483730442453,30.6543542733088));
#6431=CARTESIAN_POINT('Ctrl Pts',(-16.1033578008424,15.9483730442453,30.6543542733088));
#6432=CARTESIAN_POINT('Ctrl Pts',(-16.4381931296629,16.4483730442453,30.8507639392685));
#6433=CARTESIAN_POINT('Ctrl Pts',(-16.4381931296629,15.9483730442453,30.8507639392685));
#6434=CARTESIAN_POINT('Ctrl Pts',(-16.579808242619,16.4483730442453,30.933833360672));
#6435=CARTESIAN_POINT('Ctrl Pts',(-16.579808242619,15.9483730442453,30.933833360672));
#6436=CARTESIAN_POINT('',(-15.4870405271649,16.4483730442453,30.6473394632339));
#6437=CARTESIAN_POINT('Ctrl Pts',(-15.4870405271649,16.4483730442453,30.6473394632339));
#6438=CARTESIAN_POINT('Ctrl Pts',(-15.7125564939218,16.4483730442453,30.6499062445708));
#6439=CARTESIAN_POINT('Ctrl Pts',(-16.1033578008424,16.4483730442453,30.6543542733088));
#6440=CARTESIAN_POINT('Ctrl Pts',(-16.4381931296629,16.4483730442453,30.8507639392685));
#6441=CARTESIAN_POINT('Ctrl Pts',(-16.579808242619,16.4483730442453,30.933833360672));
#6442=CARTESIAN_POINT('',(-15.4870405271649,15.9483730442453,30.6473394632339));
#6443=CARTESIAN_POINT('',(-15.4870405271649,16.4483730442453,30.6473394632339));
#6444=CARTESIAN_POINT('Ctrl Pts',(-15.4870405271649,15.9483730442453,30.6473394632339));
#6445=CARTESIAN_POINT('Ctrl Pts',(-15.7125564939218,15.9483730442453,30.6499062445708));
#6446=CARTESIAN_POINT('Ctrl Pts',(-16.1033578008424,15.9483730442453,30.6543542733088));
#6447=CARTESIAN_POINT('Ctrl Pts',(-16.4381931296629,15.9483730442453,30.8507639392685));
#6448=CARTESIAN_POINT('Ctrl Pts',(-16.579808242619,15.9483730442453,30.933833360672));
#6449=CARTESIAN_POINT('Origin',(-13.9358820989728,16.4483730442453,30.6473394632339));
#6450=CARTESIAN_POINT('',(-13.9358820989728,16.4483730442453,30.6473394632339));
#6451=CARTESIAN_POINT('',(-6.9679410494864,16.4483730442453,30.6473394632339));
#6452=CARTESIAN_POINT('',(-13.9358820989728,15.9483730442453,30.6473394632339));
#6453=CARTESIAN_POINT('',(-13.9358820989728,16.4483730442453,30.6473394632339));
#6454=CARTESIAN_POINT('',(-13.9358820989728,15.9483730442453,30.6473394632339));
#6455=CARTESIAN_POINT('Origin',(-13.9358820989728,16.4483730442453,32.7919503450394));
#6456=CARTESIAN_POINT('',(-13.9358820989728,16.4483730442453,23.6900366495985));
#6457=CARTESIAN_POINT('',(-13.9358820989728,15.9483730442453,32.7919503450394));
#6458=CARTESIAN_POINT('Origin',(-13.9358820989728,16.4483730442453,29.9392899274826));
#6459=CARTESIAN_POINT('',(-13.9358820989728,16.4483730442453,29.9392899274826));
#6460=CARTESIAN_POINT('',(-13.9358820989728,16.4483730442453,27.4999996423721));
#6461=CARTESIAN_POINT('',(-13.9358820989728,16.4483730442453,22.2637064408201));
#6462=CARTESIAN_POINT('',(-13.9358820989728,15.9483730442453,29.9392899274826));
#6463=CARTESIAN_POINT('',(-13.9358820989728,16.4483730442453,29.9392899274826));
#6464=CARTESIAN_POINT('',(-13.9358820989728,15.9483730442453,27.4999996423721));
#6465=CARTESIAN_POINT('',(-13.9358820989728,15.9483730442453,29.9392899274826));
#6466=CARTESIAN_POINT('',(-13.9358820989728,16.4483730442453,27.4999996423721));
#6467=CARTESIAN_POINT('Origin',(-15.4747619703412,16.4483730442453,29.9392899274826));
#6468=CARTESIAN_POINT('',(-15.4747619703412,16.4483730442453,29.9392899274826));
#6469=CARTESIAN_POINT('',(-7.73738098517061,16.4483730442453,29.9392899274826));
#6470=CARTESIAN_POINT('',(-15.4747619703412,15.9483730442453,29.9392899274826));
#6471=CARTESIAN_POINT('',(-15.4747619703412,16.4483730442453,29.9392899274826));
#6472=CARTESIAN_POINT('',(-15.4747619703412,15.9483730442453,29.9392899274826));
#6473=CARTESIAN_POINT('Ctrl Pts',(-17.2346582487226,16.4483730442453,30.4693039655685));
#6474=CARTESIAN_POINT('Ctrl Pts',(-17.2346582487226,15.9483730442453,30.4693039655685));
#6475=CARTESIAN_POINT('Ctrl Pts',(-17.0139434415445,16.4483730442453,30.315654150746));
#6476=CARTESIAN_POINT('Ctrl Pts',(-17.0139434415445,15.9483730442453,30.315654150746));
#6477=CARTESIAN_POINT('Ctrl Pts',(-16.4904884005572,16.4483730442453,29.9512528169888));
#6478=CARTESIAN_POINT('Ctrl Pts',(-16.4904884005572,15.9483730442453,29.9512528169888));
#6479=CARTESIAN_POINT('Ctrl Pts',(-15.8469515317564,16.4483730442453,29.943673452875));
#6480=CARTESIAN_POINT('Ctrl Pts',(-15.8469515317564,15.9483730442453,29.943673452875));
#6481=CARTESIAN_POINT('Ctrl Pts',(-15.4747619703412,16.4483730442453,29.9392899274826));
#6482=CARTESIAN_POINT('Ctrl Pts',(-15.4747619703412,15.9483730442453,29.9392899274826));
#6483=CARTESIAN_POINT('',(-17.2346582487226,16.4483730442453,30.4693039655685));
#6484=CARTESIAN_POINT('Ctrl Pts',(-17.2346582487226,16.4483730442453,30.4693039655685));
#6485=CARTESIAN_POINT('Ctrl Pts',(-17.0139434415445,16.4483730442453,30.315654150746));
#6486=CARTESIAN_POINT('Ctrl Pts',(-16.4904884005572,16.4483730442453,29.9512528169888));
#6487=CARTESIAN_POINT('Ctrl Pts',(-15.8469515317564,16.4483730442453,29.943673452875));
#6488=CARTESIAN_POINT('Ctrl Pts',(-15.4747619703412,16.4483730442453,29.9392899274826));
#6489=CARTESIAN_POINT('',(-17.2346582487226,15.9483730442453,30.4693039655685));
#6490=CARTESIAN_POINT('',(-17.2346582487226,16.4483730442453,30.4693039655685));
#6491=CARTESIAN_POINT('Ctrl Pts',(-17.2346582487226,15.9483730442453,30.4693039655685));
#6492=CARTESIAN_POINT('Ctrl Pts',(-17.0139434415445,15.9483730442453,30.315654150746));
#6493=CARTESIAN_POINT('Ctrl Pts',(-16.4904884005572,15.9483730442453,29.9512528169888));
#6494=CARTESIAN_POINT('Ctrl Pts',(-15.8469515317564,15.9483730442453,29.943673452875));
#6495=CARTESIAN_POINT('Ctrl Pts',(-15.4747619703412,15.9483730442453,29.9392899274826));
#6496=CARTESIAN_POINT('Ctrl Pts',(-17.7216901853681,16.4483730442453,31.7646654844284));
#6497=CARTESIAN_POINT('Ctrl Pts',(-17.7216901853681,15.9483730442453,31.7646654844284));
#6498=CARTESIAN_POINT('Ctrl Pts',(-17.7028153114986,16.4483730442453,31.5209158140509));
#6499=CARTESIAN_POINT('Ctrl Pts',(-17.7028153114986,15.9483730442453,31.5209158140509));
#6500=CARTESIAN_POINT('Ctrl Pts',(-17.6656970936911,16.4483730442453,31.0415720357486));
#6501=CARTESIAN_POINT('Ctrl Pts',(-17.6656970936911,15.9483730442453,31.0415720357486));
#6502=CARTESIAN_POINT('Ctrl Pts',(-17.3766988568895,16.4483730442453,30.6578839640345));
#6503=CARTESIAN_POINT('Ctrl Pts',(-17.3766988568895,15.9483730442453,30.6578839640345));
#6504=CARTESIAN_POINT('Ctrl Pts',(-17.2346582487226,16.4483730442453,30.4693039655685));
#6505=CARTESIAN_POINT('Ctrl Pts',(-17.2346582487226,15.9483730442453,30.4693039655685));
#6506=CARTESIAN_POINT('',(-17.7216901853681,16.4483730442453,31.7646654844284));
#6507=CARTESIAN_POINT('Ctrl Pts',(-17.7216901853681,16.4483730442453,31.7646654844284));
#6508=CARTESIAN_POINT('Ctrl Pts',(-17.7028153114986,16.4483730442453,31.5209158140509));
#6509=CARTESIAN_POINT('Ctrl Pts',(-17.6656970936911,16.4483730442453,31.0415720357486));
#6510=CARTESIAN_POINT('Ctrl Pts',(-17.3766988568895,16.4483730442453,30.6578839640345));
#6511=CARTESIAN_POINT('Ctrl Pts',(-17.2346582487226,16.4483730442453,30.4693039655685));
#6512=CARTESIAN_POINT('',(-17.7216901853681,15.9483730442453,31.7646654844284));
#6513=CARTESIAN_POINT('',(-17.7216901853681,16.4483730442453,31.7646654844284));
#6514=CARTESIAN_POINT('Ctrl Pts',(-17.7216901853681,15.9483730442453,31.7646654844284));
#6515=CARTESIAN_POINT('Ctrl Pts',(-17.7028153114986,15.9483730442453,31.5209158140509));
#6516=CARTESIAN_POINT('Ctrl Pts',(-17.6656970936911,15.9483730442453,31.0415720357486));
#6517=CARTESIAN_POINT('Ctrl Pts',(-17.3766988568895,15.9483730442453,30.6578839640345));
#6518=CARTESIAN_POINT('Ctrl Pts',(-17.2346582487226,15.9483730442453,30.4693039655685));
#6519=CARTESIAN_POINT('Ctrl Pts',(-17.539567001164,16.4483730442453,32.5832196474075));
#6520=CARTESIAN_POINT('Ctrl Pts',(-17.539567001164,15.9483730442453,32.5832196474075));
#6521=CARTESIAN_POINT('Ctrl Pts',(-17.5926820428965,16.4483730442453,32.4546378254322));
#6522=CARTESIAN_POINT('Ctrl Pts',(-17.5926820428965,15.9483730442453,32.4546378254322));
#6523=CARTESIAN_POINT('Ctrl Pts',(-17.7009736924221,16.4483730442453,32.1924835063066));
#6524=CARTESIAN_POINT('Ctrl Pts',(-17.7009736924221,15.9483730442453,32.1924835063066));
#6525=CARTESIAN_POINT('Ctrl Pts',(-17.7146975996216,16.4483730442453,31.9090699552852));
#6526=CARTESIAN_POINT('Ctrl Pts',(-17.7146975996216,15.9483730442453,31.9090699552852));
#6527=CARTESIAN_POINT('Ctrl Pts',(-17.7216901853681,16.4483730442453,31.7646654844284));
#6528=CARTESIAN_POINT('Ctrl Pts',(-17.7216901853681,15.9483730442453,31.7646654844284));
#6529=CARTESIAN_POINT('',(-17.539567001164,16.4483730442453,32.5832196474075));
#6530=CARTESIAN_POINT('Ctrl Pts',(-17.539567001164,16.4483730442453,32.5832196474075));
#6531=CARTESIAN_POINT('Ctrl Pts',(-17.5926820428965,16.4483730442453,32.4546378254322));
#6532=CARTESIAN_POINT('Ctrl Pts',(-17.7009736924221,16.4483730442453,32.1924835063066));
#6533=CARTESIAN_POINT('Ctrl Pts',(-17.7146975996216,16.4483730442453,31.9090699552852));
#6534=CARTESIAN_POINT('Ctrl Pts',(-17.7216901853681,16.4483730442453,31.7646654844284));
#6535=CARTESIAN_POINT('',(-17.539567001164,15.9483730442453,32.5832196474075));
#6536=CARTESIAN_POINT('',(-17.539567001164,16.4483730442453,32.5832196474075));
#6537=CARTESIAN_POINT('Ctrl Pts',(-17.539567001164,15.9483730442453,32.5832196474075));
#6538=CARTESIAN_POINT('Ctrl Pts',(-17.5926820428965,15.9483730442453,32.4546378254322));
#6539=CARTESIAN_POINT('Ctrl Pts',(-17.7009736924221,15.9483730442453,32.1924835063066));
#6540=CARTESIAN_POINT('Ctrl Pts',(-17.7146975996216,15.9483730442453,31.9090699552852));
#6541=CARTESIAN_POINT('Ctrl Pts',(-17.7216901853681,15.9483730442453,31.7646654844284));
#6542=CARTESIAN_POINT('Ctrl Pts',(-17.0586671903729,16.4483730442453,33.162346124649));
#6543=CARTESIAN_POINT('Ctrl Pts',(-17.0586671903729,15.9483730442453,33.162346124649));
#6544=CARTESIAN_POINT('Ctrl Pts',(-17.1543659176536,16.4483730442453,33.0845231777224));
#6545=CARTESIAN_POINT('Ctrl Pts',(-17.1543659176536,15.9483730442453,33.0845231777224));
#6546=CARTESIAN_POINT('Ctrl Pts',(-17.3526283450721,16.4483730442453,32.9232946347209));
#6547=CARTESIAN_POINT('Ctrl Pts',(-17.3526283450721,15.9483730442453,32.9232946347209));
#6548=CARTESIAN_POINT('Ctrl Pts',(-17.4758321107695,16.4483730442453,32.699164859037));
#6549=CARTESIAN_POINT('Ctrl Pts',(-17.4758321107695,15.9483730442453,32.699164859037));
#6550=CARTESIAN_POINT('Ctrl Pts',(-17.539567001164,16.4483730442453,32.5832196474075));
#6551=CARTESIAN_POINT('Ctrl Pts',(-17.539567001164,15.9483730442453,32.5832196474075));
#6552=CARTESIAN_POINT('',(-17.0586671903729,16.4483730442453,33.162346124649));
#6553=CARTESIAN_POINT('Ctrl Pts',(-17.0586671903729,16.4483730442453,33.162346124649));
#6554=CARTESIAN_POINT('Ctrl Pts',(-17.1543659176536,16.4483730442453,33.0845231777224));
#6555=CARTESIAN_POINT('Ctrl Pts',(-17.3526283450721,16.4483730442453,32.9232946347209));
#6556=CARTESIAN_POINT('Ctrl Pts',(-17.4758321107695,16.4483730442453,32.699164859037));
#6557=CARTESIAN_POINT('Ctrl Pts',(-17.539567001164,16.4483730442453,32.5832196474075));
#6558=CARTESIAN_POINT('',(-17.0586671903729,15.9483730442453,33.162346124649));
#6559=CARTESIAN_POINT('',(-17.0586671903729,16.4483730442453,33.162346124649));
#6560=CARTESIAN_POINT('Ctrl Pts',(-17.0586671903729,15.9483730442453,33.162346124649));
#6561=CARTESIAN_POINT('Ctrl Pts',(-17.1543659176536,15.9483730442453,33.0845231777224));
#6562=CARTESIAN_POINT('Ctrl Pts',(-17.3526283450721,15.9483730442453,32.9232946347209));
#6563=CARTESIAN_POINT('Ctrl Pts',(-17.4758321107695,15.9483730442453,32.699164859037));
#6564=CARTESIAN_POINT('Ctrl Pts',(-17.539567001164,15.9483730442453,32.5832196474075));
#6565=CARTESIAN_POINT('Ctrl Pts',(-16.3178720548749,16.4483730442453,33.4427007436752));
#6566=CARTESIAN_POINT('Ctrl Pts',(-16.3178720548749,15.9483730442453,33.4427007436752));
#6567=CARTESIAN_POINT('Ctrl Pts',(-16.456198761652,16.4483730442453,33.4146478891981));
#6568=CARTESIAN_POINT('Ctrl Pts',(-16.456198761652,15.9483730442453,33.4146478891981));
#6569=CARTESIAN_POINT('Ctrl Pts',(-16.7186323279754,16.4483730442453,33.3614259856515));
#6570=CARTESIAN_POINT('Ctrl Pts',(-16.7186323279754,15.9483730442453,33.3614259856515));
#6571=CARTESIAN_POINT('Ctrl Pts',(-16.9494919111936,16.4483730442453,33.2262648630122));
#6572=CARTESIAN_POINT('Ctrl Pts',(-16.9494919111936,15.9483730442453,33.2262648630122));
#6573=CARTESIAN_POINT('Ctrl Pts',(-17.0586671903729,16.4483730442453,33.162346124649));
#6574=CARTESIAN_POINT('Ctrl Pts',(-17.0586671903729,15.9483730442453,33.162346124649));
#6575=CARTESIAN_POINT('',(-16.3178720548749,16.4483730442453,33.4427007436752));
#6576=CARTESIAN_POINT('Ctrl Pts',(-16.3178720548749,16.4483730442453,33.4427007436752));
#6577=CARTESIAN_POINT('Ctrl Pts',(-16.456198761652,16.4483730442453,33.4146478891981));
#6578=CARTESIAN_POINT('Ctrl Pts',(-16.7186323279754,16.4483730442453,33.3614259856515));
#6579=CARTESIAN_POINT('Ctrl Pts',(-16.9494919111936,16.4483730442453,33.2262648630122));
#6580=CARTESIAN_POINT('Ctrl Pts',(-17.0586671903729,16.4483730442453,33.162346124649));
#6581=CARTESIAN_POINT('',(-16.3178720548749,15.9483730442453,33.4427007436752));
#6582=CARTESIAN_POINT('',(-16.3178720548749,16.4483730442453,33.4427007436752));
#6583=CARTESIAN_POINT('Ctrl Pts',(-16.3178720548749,15.9483730442453,33.4427007436752));
#6584=CARTESIAN_POINT('Ctrl Pts',(-16.456198761652,15.9483730442453,33.4146478891981));
#6585=CARTESIAN_POINT('Ctrl Pts',(-16.7186323279754,15.9483730442453,33.3614259856515));
#6586=CARTESIAN_POINT('Ctrl Pts',(-16.9494919111936,15.9483730442453,33.2262648630122));
#6587=CARTESIAN_POINT('Ctrl Pts',(-17.0586671903729,15.9483730442453,33.162346124649));
#6588=CARTESIAN_POINT('Ctrl Pts',(-15.4051866605878,16.4483730442453,33.4999998807907));
#6589=CARTESIAN_POINT('Ctrl Pts',(-15.4051866605878,15.9483730442453,33.4999998807907));
#6590=CARTESIAN_POINT('Ctrl Pts',(-15.5811268270123,16.4483730442453,33.4994524370171));
#6591=CARTESIAN_POINT('Ctrl Pts',(-15.5811268270123,15.9483730442453,33.4994524370171));
#6592=CARTESIAN_POINT('Ctrl Pts',(-15.8866107387352,16.4483730442453,33.4985019135021));
#6593=CARTESIAN_POINT('Ctrl Pts',(-15.8866107387352,15.9483730442453,33.4985019135021));
#6594=CARTESIAN_POINT('Ctrl Pts',(-16.1894498610365,16.4483730442453,33.4593173711809));
#6595=CARTESIAN_POINT('Ctrl Pts',(-16.1894498610365,15.9483730442453,33.4593173711809));
#6596=CARTESIAN_POINT('Ctrl Pts',(-16.3178720548749,16.4483730442453,33.4427007436752));
#6597=CARTESIAN_POINT('Ctrl Pts',(-16.3178720548749,15.9483730442453,33.4427007436752));
#6598=CARTESIAN_POINT('',(-15.4051866605878,16.4483730442453,33.4999998807907));
#6599=CARTESIAN_POINT('Ctrl Pts',(-15.4051866605878,16.4483730442453,33.4999998807907));
#6600=CARTESIAN_POINT('Ctrl Pts',(-15.5811268270123,16.4483730442453,33.4994524370171));
#6601=CARTESIAN_POINT('Ctrl Pts',(-15.8866107387352,16.4483730442453,33.4985019135021));
#6602=CARTESIAN_POINT('Ctrl Pts',(-16.1894498610365,16.4483730442453,33.4593173711809));
#6603=CARTESIAN_POINT('Ctrl Pts',(-16.3178720548749,16.4483730442453,33.4427007436752));
#6604=CARTESIAN_POINT('',(-15.4051866605878,15.9483730442453,33.4999998807907));
#6605=CARTESIAN_POINT('',(-15.4051866605878,16.4483730442453,33.4999998807907));
#6606=CARTESIAN_POINT('Ctrl Pts',(-15.4051866605878,15.9483730442453,33.4999998807907));
#6607=CARTESIAN_POINT('Ctrl Pts',(-15.5811268270123,15.9483730442453,33.4994524370171));
#6608=CARTESIAN_POINT('Ctrl Pts',(-15.8866107387352,15.9483730442453,33.4985019135021));
#6609=CARTESIAN_POINT('Ctrl Pts',(-16.1894498610365,15.9483730442453,33.4593173711809));
#6610=CARTESIAN_POINT('Ctrl Pts',(-16.3178720548749,15.9483730442453,33.4427007436752));
#6611=CARTESIAN_POINT('Origin',(-13.1418838575482,16.4483730442453,33.4999998807907));
#6612=CARTESIAN_POINT('',(-13.1418838575482,16.4483730442453,33.4999998807907));
#6613=CARTESIAN_POINT('',(-6.57094192877412,16.4483730442453,33.4999998807907));
#6614=CARTESIAN_POINT('',(-13.1418838575482,15.9483730442453,33.4999998807907));
#6615=CARTESIAN_POINT('',(-13.1418838575482,16.4483730442453,33.4999998807907));
#6616=CARTESIAN_POINT('',(-13.1418838575482,15.9483730442453,33.4999998807907));
#6617=CARTESIAN_POINT('Origin',(-13.1418838575482,16.4483730442453,27.4999996423721));
#6618=CARTESIAN_POINT('',(-13.1418838575482,16.4483730442453,27.4999996423721));
#6619=CARTESIAN_POINT('',(-13.1418838575482,16.4483730442453,21.0440612982649));
#6620=CARTESIAN_POINT('',(-13.1418838575482,15.9483730442453,27.4999996423721));
#6621=CARTESIAN_POINT('',(-13.1418838575482,16.4483730442453,27.4999996423721));
#6622=CARTESIAN_POINT('',(-13.1418838575482,15.9483730442453,27.4999996423721));
#6623=CARTESIAN_POINT('Origin',(-13.9358820989728,16.4483730442453,27.4999996423721));
#6624=CARTESIAN_POINT('',(-6.9679410494864,16.4483730442453,27.4999996423721));
#6625=CARTESIAN_POINT('',(-13.9358820989728,15.9483730442453,27.4999996423721));
#6626=CARTESIAN_POINT('Origin',(-1.21444463943839E-6,15.9483730442453,30.5020462870598));
#6627=CARTESIAN_POINT('Ctrl Pts',(-3.09413100033999,16.4483730442453,28.0770798921585));
#6628=CARTESIAN_POINT('Ctrl Pts',(-3.09413100033999,15.9483730442453,28.0770798921585));
#6629=CARTESIAN_POINT('Ctrl Pts',(-3.30565761161362,16.4483730442453,28.0912179229741));
#6630=CARTESIAN_POINT('Ctrl Pts',(-3.30565761161362,15.9483730442453,28.0912179229741));
#6631=CARTESIAN_POINT('Ctrl Pts',(-3.71707782268936,16.4483730442453,28.1187164565503));
#6632=CARTESIAN_POINT('Ctrl Pts',(-3.71707782268936,15.9483730442453,28.1187164565503));
#6633=CARTESIAN_POINT('Ctrl Pts',(-4.05806428090826,16.4483730442453,28.3496153647346));
#6634=CARTESIAN_POINT('Ctrl Pts',(-4.05806428090826,15.9483730442453,28.3496153647346));
#6635=CARTESIAN_POINT('Ctrl Pts',(-4.22373677045107,16.4483730442453,28.4618004560471));
#6636=CARTESIAN_POINT('Ctrl Pts',(-4.22373677045107,15.9483730442453,28.4618004560471));
#6637=CARTESIAN_POINT('',(-3.09413100033999,16.4483730442453,28.0770798921585));
#6638=CARTESIAN_POINT('',(-4.22373677045107,16.4483730442453,28.4618004560471));
#6639=CARTESIAN_POINT('Ctrl Pts',(-3.09413100033999,16.4483730442453,28.0770798921585));
#6640=CARTESIAN_POINT('Ctrl Pts',(-3.30565761161362,16.4483730442453,28.0912179229741));
#6641=CARTESIAN_POINT('Ctrl Pts',(-3.71707782268936,16.4483730442453,28.1187164565503));
#6642=CARTESIAN_POINT('Ctrl Pts',(-4.05806428090826,16.4483730442453,28.3496153647346));
#6643=CARTESIAN_POINT('Ctrl Pts',(-4.22373677045107,16.4483730442453,28.4618004560471));
#6644=CARTESIAN_POINT('',(-3.09413100033999,15.9483730442453,28.0770798921585));
#6645=CARTESIAN_POINT('',(-3.09413100033999,16.4483730442453,28.0770798921585));
#6646=CARTESIAN_POINT('',(-4.22373677045107,15.9483730442453,28.4618004560471));
#6647=CARTESIAN_POINT('Ctrl Pts',(-3.09413100033999,15.9483730442453,28.0770798921585));
#6648=CARTESIAN_POINT('Ctrl Pts',(-3.30565761161362,15.9483730442453,28.0912179229741));
#6649=CARTESIAN_POINT('Ctrl Pts',(-3.71707782268936,15.9483730442453,28.1187164565503));
#6650=CARTESIAN_POINT('Ctrl Pts',(-4.05806428090826,15.9483730442453,28.3496153647346));
#6651=CARTESIAN_POINT('Ctrl Pts',(-4.22373677045107,15.9483730442453,28.4618004560471));
#6652=CARTESIAN_POINT('',(-4.22373677045107,16.4483730442453,28.4618004560471));
#6653=CARTESIAN_POINT('Ctrl Pts',(-2.07503224164248,16.4483730442453,28.3594813346863));
#6654=CARTESIAN_POINT('Ctrl Pts',(-2.07503224164248,15.9483730442453,28.3594813346863));
#6655=CARTESIAN_POINT('Ctrl Pts',(-2.23514194706142,16.4483730442453,28.2771143229659));
#6656=CARTESIAN_POINT('Ctrl Pts',(-2.23514194706142,15.9483730442453,28.2771143229659));
#6657=CARTESIAN_POINT('Ctrl Pts',(-2.55529008296894,16.4483730442453,28.1124169662782));
#6658=CARTESIAN_POINT('Ctrl Pts',(-2.55529008296894,15.9483730442453,28.1124169662782));
#6659=CARTESIAN_POINT('Ctrl Pts',(-2.91454402158233,16.4483730442453,28.0888571684839));
#6660=CARTESIAN_POINT('Ctrl Pts',(-2.91454402158233,15.9483730442453,28.0888571684839));
#6661=CARTESIAN_POINT('Ctrl Pts',(-3.09413100033999,16.4483730442453,28.0770798921585));
#6662=CARTESIAN_POINT('Ctrl Pts',(-3.09413100033999,15.9483730442453,28.0770798921585));
#6663=CARTESIAN_POINT('',(-2.07503224164248,16.4483730442453,28.3594813346863));
#6664=CARTESIAN_POINT('Ctrl Pts',(-2.07503224164248,16.4483730442453,28.3594813346863));
#6665=CARTESIAN_POINT('Ctrl Pts',(-2.23514194706142,16.4483730442453,28.2771143229659));
#6666=CARTESIAN_POINT('Ctrl Pts',(-2.55529008296894,16.4483730442453,28.1124169662782));
#6667=CARTESIAN_POINT('Ctrl Pts',(-2.91454402158233,16.4483730442453,28.0888571684839));
#6668=CARTESIAN_POINT('Ctrl Pts',(-3.09413100033999,16.4483730442453,28.0770798921585));
#6669=CARTESIAN_POINT('',(-2.07503224164248,15.9483730442453,28.3594813346863));
#6670=CARTESIAN_POINT('',(-2.07503224164248,16.4483730442453,28.3594813346863));
#6671=CARTESIAN_POINT('Ctrl Pts',(-2.07503224164248,15.9483730442453,28.3594813346863));
#6672=CARTESIAN_POINT('Ctrl Pts',(-2.23514194706142,15.9483730442453,28.2771143229659));
#6673=CARTESIAN_POINT('Ctrl Pts',(-2.55529008296894,15.9483730442453,28.1124169662782));
#6674=CARTESIAN_POINT('Ctrl Pts',(-2.91454402158233,15.9483730442453,28.0888571684839));
#6675=CARTESIAN_POINT('Ctrl Pts',(-3.09413100033999,15.9483730442453,28.0770798921585));
#6676=CARTESIAN_POINT('Ctrl Pts',(-1.38130808621645,16.4483730442453,29.2128237485886));
#6677=CARTESIAN_POINT('Ctrl Pts',(-1.38130808621645,15.9483730442453,29.2128237485886));
#6678=CARTESIAN_POINT('Ctrl Pts',(-1.46350469267964,16.4483730442453,29.0360492781535));
#6679=CARTESIAN_POINT('Ctrl Pts',(-1.46350469267964,15.9483730442453,29.0360492781535));
#6680=CARTESIAN_POINT('Ctrl Pts',(-1.6231236220034,16.4483730442453,28.6927680538214));
#6681=CARTESIAN_POINT('Ctrl Pts',(-1.6231236220034,15.9483730442453,28.6927680538214));
#6682=CARTESIAN_POINT('Ctrl Pts',(-1.92743002164591,16.4483730442453,28.468339315043));
#6683=CARTESIAN_POINT('Ctrl Pts',(-1.92743002164591,15.9483730442453,28.468339315043));
#6684=CARTESIAN_POINT('Ctrl Pts',(-2.07503224164248,16.4483730442453,28.3594813346863));
#6685=CARTESIAN_POINT('Ctrl Pts',(-2.07503224164248,15.9483730442453,28.3594813346863));
#6686=CARTESIAN_POINT('',(-1.38130808621645,16.4483730442453,29.2128237485886));
#6687=CARTESIAN_POINT('Ctrl Pts',(-1.38130808621645,16.4483730442453,29.2128237485886));
#6688=CARTESIAN_POINT('Ctrl Pts',(-1.46350469267964,16.4483730442453,29.0360492781535));
#6689=CARTESIAN_POINT('Ctrl Pts',(-1.6231236220034,16.4483730442453,28.6927680538214));
#6690=CARTESIAN_POINT('Ctrl Pts',(-1.92743002164591,16.4483730442453,28.468339315043));
#6691=CARTESIAN_POINT('Ctrl Pts',(-2.07503224164248,16.4483730442453,28.3594813346863));
#6692=CARTESIAN_POINT('',(-1.38130808621645,15.9483730442453,29.2128237485886));
#6693=CARTESIAN_POINT('',(-1.38130808621645,16.4483730442453,29.2128237485886));
#6694=CARTESIAN_POINT('Ctrl Pts',(-1.38130808621645,15.9483730442453,29.2128237485886));
#6695=CARTESIAN_POINT('Ctrl Pts',(-1.46350469267964,15.9483730442453,29.0360492781535));
#6696=CARTESIAN_POINT('Ctrl Pts',(-1.6231236220034,15.9483730442453,28.6927680538214));
#6697=CARTESIAN_POINT('Ctrl Pts',(-1.92743002164591,15.9483730442453,28.468339315043));
#6698=CARTESIAN_POINT('Ctrl Pts',(-2.07503224164248,15.9483730442453,28.3594813346863));
#6699=CARTESIAN_POINT('Ctrl Pts',(-1.1582508161664,16.4483730442453,30.5491133928299));
#6700=CARTESIAN_POINT('Ctrl Pts',(-1.1582508161664,15.9483730442453,30.5491133928299));
#6701=CARTESIAN_POINT('Ctrl Pts',(-1.16524557020344,16.4483730442453,30.3081994181446));
#6702=CARTESIAN_POINT('Ctrl Pts',(-1.16524557020344,15.9483730442453,30.3081994181446));
#6703=CARTESIAN_POINT('Ctrl Pts',(-1.17848413750523,16.4483730442453,29.8522354412948));
#6704=CARTESIAN_POINT('Ctrl Pts',(-1.17848413750523,15.9483730442453,29.8522354412948));
#6705=CARTESIAN_POINT('Ctrl Pts',(-1.31630602668644,16.4483730442453,29.4177456879235));
#6706=CARTESIAN_POINT('Ctrl Pts',(-1.31630602668644,15.9483730442453,29.4177456879235));
#6707=CARTESIAN_POINT('Ctrl Pts',(-1.38130808621645,16.4483730442453,29.2128237485886));
#6708=CARTESIAN_POINT('Ctrl Pts',(-1.38130808621645,15.9483730442453,29.2128237485886));
#6709=CARTESIAN_POINT('',(-1.1582508161664,16.4483730442453,30.5491133928299));
#6710=CARTESIAN_POINT('Ctrl Pts',(-1.1582508161664,16.4483730442453,30.5491133928299));
#6711=CARTESIAN_POINT('Ctrl Pts',(-1.16524557020344,16.4483730442453,30.3081994181446));
#6712=CARTESIAN_POINT('Ctrl Pts',(-1.17848413750523,16.4483730442453,29.8522354412948));
#6713=CARTESIAN_POINT('Ctrl Pts',(-1.31630602668644,16.4483730442453,29.4177456879235));
#6714=CARTESIAN_POINT('Ctrl Pts',(-1.38130808621645,16.4483730442453,29.2128237485886));
#6715=CARTESIAN_POINT('',(-1.1582508161664,15.9483730442453,30.5491133928299));
#6716=CARTESIAN_POINT('',(-1.1582508161664,16.4483730442453,30.5491133928299));
#6717=CARTESIAN_POINT('Ctrl Pts',(-1.1582508161664,15.9483730442453,30.5491133928299));
#6718=CARTESIAN_POINT('Ctrl Pts',(-1.16524557020344,15.9483730442453,30.3081994181446));
#6719=CARTESIAN_POINT('Ctrl Pts',(-1.17848413750523,15.9483730442453,29.8522354412948));
#6720=CARTESIAN_POINT('Ctrl Pts',(-1.31630602668644,15.9483730442453,29.4177456879235));
#6721=CARTESIAN_POINT('Ctrl Pts',(-1.38130808621645,15.9483730442453,29.2128237485886));
#6722=CARTESIAN_POINT('Ctrl Pts',(-1.34651804715395,16.4483730442453,31.7012276649475));
#6723=CARTESIAN_POINT('Ctrl Pts',(-1.34651804715395,15.9483730442453,31.7012276649475));
#6724=CARTESIAN_POINT('Ctrl Pts',(-1.29160770925186,16.4483730442453,31.5133906163427));
#6725=CARTESIAN_POINT('Ctrl Pts',(-1.29160770925186,15.9483730442453,31.5133906163427));
#6726=CARTESIAN_POINT('Ctrl Pts',(-1.18160111181043,16.4483730442453,31.137080519193));
#6727=CARTESIAN_POINT('Ctrl Pts',(-1.18160111181043,15.9483730442453,31.137080519193));
#6728=CARTESIAN_POINT('Ctrl Pts',(-1.16604301293787,16.4483730442453,30.7453231373922));
#6729=CARTESIAN_POINT('Ctrl Pts',(-1.16604301293787,15.9483730442453,30.7453231373922));
#6730=CARTESIAN_POINT('Ctrl Pts',(-1.1582508161664,16.4483730442453,30.5491133928299));
#6731=CARTESIAN_POINT('Ctrl Pts',(-1.1582508161664,15.9483730442453,30.5491133928299));
#6732=CARTESIAN_POINT('',(-1.34651804715395,16.4483730442453,31.7012276649475));
#6733=CARTESIAN_POINT('Ctrl Pts',(-1.34651804715395,16.4483730442453,31.7012276649475));
#6734=CARTESIAN_POINT('Ctrl Pts',(-1.29160770925186,16.4483730442453,31.5133906163427));
#6735=CARTESIAN_POINT('Ctrl Pts',(-1.18160111181043,16.4483730442453,31.137080519193));
#6736=CARTESIAN_POINT('Ctrl Pts',(-1.16604301293787,16.4483730442453,30.7453231373922));
#6737=CARTESIAN_POINT('Ctrl Pts',(-1.1582508161664,16.4483730442453,30.5491133928299));
#6738=CARTESIAN_POINT('',(-1.34651804715395,15.9483730442453,31.7012276649475));
#6739=CARTESIAN_POINT('',(-1.34651804715395,16.4483730442453,31.7012276649475));
#6740=CARTESIAN_POINT('Ctrl Pts',(-1.34651804715395,15.9483730442453,31.7012276649475));
#6741=CARTESIAN_POINT('Ctrl Pts',(-1.29160770925186,15.9483730442453,31.5133906163427));
#6742=CARTESIAN_POINT('Ctrl Pts',(-1.18160111181043,15.9483730442453,31.137080519193));
#6743=CARTESIAN_POINT('Ctrl Pts',(-1.16604301293787,15.9483730442453,30.7453231373922));
#6744=CARTESIAN_POINT('Ctrl Pts',(-1.1582508161664,15.9483730442453,30.5491133928299));
#6745=CARTESIAN_POINT('Ctrl Pts',(-1.9993152692914,16.4483730442453,32.5914051532745));
#6746=CARTESIAN_POINT('Ctrl Pts',(-1.9993152692914,15.9483730442453,32.5914051532745));
#6747=CARTESIAN_POINT('Ctrl Pts',(-1.85571595891312,16.4483730442453,32.4706344757924));
#6748=CARTESIAN_POINT('Ctrl Pts',(-1.85571595891312,15.9483730442453,32.4706344757924));
#6749=CARTESIAN_POINT('Ctrl Pts',(-1.56598440391953,16.4483730442453,32.2269628586214));
#6750=CARTESIAN_POINT('Ctrl Pts',(-1.56598440391953,15.9483730442453,32.2269628586214));
#6751=CARTESIAN_POINT('Ctrl Pts',(-1.42009862751065,16.4483730442453,31.8774911307223));
#6752=CARTESIAN_POINT('Ctrl Pts',(-1.42009862751065,15.9483730442453,31.8774911307223));
#6753=CARTESIAN_POINT('Ctrl Pts',(-1.34651804715395,16.4483730442453,31.7012276649475));
#6754=CARTESIAN_POINT('Ctrl Pts',(-1.34651804715395,15.9483730442453,31.7012276649475));
#6755=CARTESIAN_POINT('',(-1.9993152692914,16.4483730442453,32.5914051532745));
#6756=CARTESIAN_POINT('Ctrl Pts',(-1.9993152692914,16.4483730442453,32.5914051532745));
#6757=CARTESIAN_POINT('Ctrl Pts',(-1.85571595891312,16.4483730442453,32.4706344757924));
#6758=CARTESIAN_POINT('Ctrl Pts',(-1.56598440391953,16.4483730442453,32.2269628586214));
#6759=CARTESIAN_POINT('Ctrl Pts',(-1.42009862751065,16.4483730442453,31.8774911307223));
#6760=CARTESIAN_POINT('Ctrl Pts',(-1.34651804715395,16.4483730442453,31.7012276649475));
#6761=CARTESIAN_POINT('',(-1.9993152692914,15.9483730442453,32.5914051532745));
#6762=CARTESIAN_POINT('',(-1.9993152692914,16.4483730442453,32.5914051532745));
#6763=CARTESIAN_POINT('Ctrl Pts',(-1.9993152692914,15.9483730442453,32.5914051532745));
#6764=CARTESIAN_POINT('Ctrl Pts',(-1.85571595891312,15.9483730442453,32.4706344757924));
#6765=CARTESIAN_POINT('Ctrl Pts',(-1.56598440391953,15.9483730442453,32.2269628586214));
#6766=CARTESIAN_POINT('Ctrl Pts',(-1.42009862751065,15.9483730442453,31.8774911307223));
#6767=CARTESIAN_POINT('Ctrl Pts',(-1.34651804715395,15.9483730442453,31.7012276649475));
#6768=CARTESIAN_POINT('Ctrl Pts',(-3.15552378445864,16.4483730442453,32.9229196310043));
#6769=CARTESIAN_POINT('Ctrl Pts',(-3.15552378445864,15.9483730442453,32.9229196310043));
#6770=CARTESIAN_POINT('Ctrl Pts',(-2.93890050810684,16.4483730442453,32.9121831147825));
#6771=CARTESIAN_POINT('Ctrl Pts',(-2.93890050810684,15.9483730442453,32.9121831147825));
#6772=CARTESIAN_POINT('Ctrl Pts',(-2.5268688615745,16.4483730442453,32.8917615583764));
#6773=CARTESIAN_POINT('Ctrl Pts',(-2.5268688615745,15.9483730442453,32.8917615583764));
#6774=CARTESIAN_POINT('Ctrl Pts',(-2.16902484524062,16.4483730442453,32.6880272953452));
#6775=CARTESIAN_POINT('Ctrl Pts',(-2.16902484524062,15.9483730442453,32.6880272953452));
#6776=CARTESIAN_POINT('Ctrl Pts',(-1.9993152692914,16.4483730442453,32.5914051532745));
#6777=CARTESIAN_POINT('Ctrl Pts',(-1.9993152692914,15.9483730442453,32.5914051532745));
#6778=CARTESIAN_POINT('',(-3.15552378445864,16.4483730442453,32.9229196310043));
#6779=CARTESIAN_POINT('Ctrl Pts',(-3.15552378445864,16.4483730442453,32.9229196310043));
#6780=CARTESIAN_POINT('Ctrl Pts',(-2.93890050810684,16.4483730442453,32.9121831147825));
#6781=CARTESIAN_POINT('Ctrl Pts',(-2.5268688615745,16.4483730442453,32.8917615583764));
#6782=CARTESIAN_POINT('Ctrl Pts',(-2.16902484524062,16.4483730442453,32.6880272953452));
#6783=CARTESIAN_POINT('Ctrl Pts',(-1.9993152692914,16.4483730442453,32.5914051532745));
#6784=CARTESIAN_POINT('',(-3.15552378445864,15.9483730442453,32.9229196310043));
#6785=CARTESIAN_POINT('',(-3.15552378445864,16.4483730442453,32.9229196310043));
#6786=CARTESIAN_POINT('Ctrl Pts',(-3.15552378445864,15.9483730442453,32.9229196310043));
#6787=CARTESIAN_POINT('Ctrl Pts',(-2.93890050810684,15.9483730442453,32.9121831147825));
#6788=CARTESIAN_POINT('Ctrl Pts',(-2.5268688615745,15.9483730442453,32.8917615583764));
#6789=CARTESIAN_POINT('Ctrl Pts',(-2.16902484524062,15.9483730442453,32.6880272953452));
#6790=CARTESIAN_POINT('Ctrl Pts',(-1.9993152692914,15.9483730442453,32.5914051532745));
#6791=CARTESIAN_POINT('Ctrl Pts',(-4.15415907651186,16.4483730442453,32.6241471767426));
#6792=CARTESIAN_POINT('Ctrl Pts',(-4.15415907651186,15.9483730442453,32.6241471767426));
#6793=CARTESIAN_POINT('Ctrl Pts',(-4.00859448228883,16.4483730442453,32.7112262963744));
#6794=CARTESIAN_POINT('Ctrl Pts',(-4.00859448228883,15.9483730442453,32.7112262963744));
#6795=CARTESIAN_POINT('Ctrl Pts',(-3.70164208408413,16.4483730442453,32.8948502383586));
#6796=CARTESIAN_POINT('Ctrl Pts',(-3.70164208408413,15.9483730442453,32.8948502383586));
#6797=CARTESIAN_POINT('Ctrl Pts',(-3.34371355052892,16.4483730442453,32.9132470519324));
#6798=CARTESIAN_POINT('Ctrl Pts',(-3.34371355052892,15.9483730442453,32.9132470519324));
#6799=CARTESIAN_POINT('Ctrl Pts',(-3.15552378445864,16.4483730442453,32.9229196310043));
#6800=CARTESIAN_POINT('Ctrl Pts',(-3.15552378445864,15.9483730442453,32.9229196310043));
#6801=CARTESIAN_POINT('',(-4.15415907651186,16.4483730442453,32.6241471767426));
#6802=CARTESIAN_POINT('Ctrl Pts',(-4.15415907651186,16.4483730442453,32.6241471767426));
#6803=CARTESIAN_POINT('Ctrl Pts',(-4.00859448228883,16.4483730442453,32.7112262963744));
#6804=CARTESIAN_POINT('Ctrl Pts',(-3.70164208408413,16.4483730442453,32.8948502383586));
#6805=CARTESIAN_POINT('Ctrl Pts',(-3.34371355052892,16.4483730442453,32.9132470519324));
#6806=CARTESIAN_POINT('Ctrl Pts',(-3.15552378445864,16.4483730442453,32.9229196310043));
#6807=CARTESIAN_POINT('',(-4.15415907651186,15.9483730442453,32.6241471767426));
#6808=CARTESIAN_POINT('',(-4.15415907651186,16.4483730442453,32.6241471767426));
#6809=CARTESIAN_POINT('Ctrl Pts',(-4.15415907651186,15.9483730442453,32.6241471767426));
#6810=CARTESIAN_POINT('Ctrl Pts',(-4.00859448228883,15.9483730442453,32.7112262963744));
#6811=CARTESIAN_POINT('Ctrl Pts',(-3.70164208408413,15.9483730442453,32.8948502383586));
#6812=CARTESIAN_POINT('Ctrl Pts',(-3.34371355052892,15.9483730442453,32.9132470519324));
#6813=CARTESIAN_POINT('Ctrl Pts',(-3.15552378445864,15.9483730442453,32.9229196310043));
#6814=CARTESIAN_POINT('Ctrl Pts',(-4.75989008694887,16.4483730442453,31.6705318689346));
#6815=CARTESIAN_POINT('Ctrl Pts',(-4.75989008694887,15.9483730442453,31.6705318689346));
#6816=CARTESIAN_POINT('Ctrl Pts',(-4.68912576295223,16.4483730442453,31.8686281859126));
#6817=CARTESIAN_POINT('Ctrl Pts',(-4.68912576295223,15.9483730442453,31.8686281859126));
#6818=CARTESIAN_POINT('Ctrl Pts',(-4.55883642042033,16.4483730442453,32.2333577196572));
#6819=CARTESIAN_POINT('Ctrl Pts',(-4.55883642042033,15.9483730442453,32.2333577196572));
#6820=CARTESIAN_POINT('Ctrl Pts',(-4.28106426040586,16.4483730442453,32.5015971781776));
#6821=CARTESIAN_POINT('Ctrl Pts',(-4.28106426040586,15.9483730442453,32.5015971781776));
#6822=CARTESIAN_POINT('Ctrl Pts',(-4.15415907651186,16.4483730442453,32.6241471767426));
#6823=CARTESIAN_POINT('Ctrl Pts',(-4.15415907651186,15.9483730442453,32.6241471767426));
#6824=CARTESIAN_POINT('',(-4.75989008694887,16.4483730442453,31.6705318689346));
#6825=CARTESIAN_POINT('Ctrl Pts',(-4.75989008694887,16.4483730442453,31.6705318689346));
#6826=CARTESIAN_POINT('Ctrl Pts',(-4.68912576295223,16.4483730442453,31.8686281859126));
#6827=CARTESIAN_POINT('Ctrl Pts',(-4.55883642042033,16.4483730442453,32.2333577196572));
#6828=CARTESIAN_POINT('Ctrl Pts',(-4.28106426040586,16.4483730442453,32.5015971781776));
#6829=CARTESIAN_POINT('Ctrl Pts',(-4.15415907651186,16.4483730442453,32.6241471767426));
#6830=CARTESIAN_POINT('',(-4.75989008694887,15.9483730442453,31.6705318689346));
#6831=CARTESIAN_POINT('',(-4.75989008694887,16.4483730442453,31.6705318689346));
#6832=CARTESIAN_POINT('Ctrl Pts',(-4.75989008694887,15.9483730442453,31.6705318689346));
#6833=CARTESIAN_POINT('Ctrl Pts',(-4.68912576295223,15.9483730442453,31.8686281859126));
#6834=CARTESIAN_POINT('Ctrl Pts',(-4.55883642042033,15.9483730442453,32.2333577196572));
#6835=CARTESIAN_POINT('Ctrl Pts',(-4.28106426040586,15.9483730442453,32.5015971781776));
#6836=CARTESIAN_POINT('Ctrl Pts',(-4.15415907651186,15.9483730442453,32.6241471767426));
#6837=CARTESIAN_POINT('Origin',(-5.54160738736391,16.4483730442453,31.8547066450119));
#6838=CARTESIAN_POINT('',(-5.54160738736391,16.4483730442453,31.8547066450119));
#6839=CARTESIAN_POINT('',(-0.989459738256306,16.4483730442453,30.7822079635833));
#6840=CARTESIAN_POINT('',(-5.54160738736391,15.9483730442453,31.8547066450119));
#6841=CARTESIAN_POINT('',(-5.54160738736391,16.4483730442453,31.8547066450119));
#6842=CARTESIAN_POINT('',(-5.54160738736391,15.9483730442453,31.8547066450119));
#6843=CARTESIAN_POINT('Ctrl Pts',(-4.68621874600649,16.4483730442453,33.1439288854599));
#6844=CARTESIAN_POINT('Ctrl Pts',(-4.68621874600649,15.9483730442453,33.1439288854599));
#6845=CARTESIAN_POINT('Ctrl Pts',(-4.87654449165932,16.4483730442453,32.9713239160482));
#6846=CARTESIAN_POINT('Ctrl Pts',(-4.87654449165932,15.9483730442453,32.9713239160482));
#6847=CARTESIAN_POINT('Ctrl Pts',(-5.27011837809042,16.4483730442453,32.6143947554888));
#6848=CARTESIAN_POINT('Ctrl Pts',(-5.27011837809042,15.9483730442453,32.6143947554888));
#6849=CARTESIAN_POINT('Ctrl Pts',(-5.44915162356682,16.4483730442453,32.113418939442));
#6850=CARTESIAN_POINT('Ctrl Pts',(-5.44915162356682,15.9483730442453,32.113418939442));
#6851=CARTESIAN_POINT('Ctrl Pts',(-5.54160738736391,16.4483730442453,31.8547066450119));
#6852=CARTESIAN_POINT('Ctrl Pts',(-5.54160738736391,15.9483730442453,31.8547066450119));
#6853=CARTESIAN_POINT('',(-4.68621874600649,16.4483730442453,33.1439288854599));
#6854=CARTESIAN_POINT('Ctrl Pts',(-4.68621874600649,16.4483730442453,33.1439288854599));
#6855=CARTESIAN_POINT('Ctrl Pts',(-4.87654449165932,16.4483730442453,32.9713239160482));
#6856=CARTESIAN_POINT('Ctrl Pts',(-5.27011837809042,16.4483730442453,32.6143947554888));
#6857=CARTESIAN_POINT('Ctrl Pts',(-5.44915162356682,16.4483730442453,32.113418939442));
#6858=CARTESIAN_POINT('Ctrl Pts',(-5.54160738736391,16.4483730442453,31.8547066450119));
#6859=CARTESIAN_POINT('',(-4.68621874600649,15.9483730442453,33.1439288854599));
#6860=CARTESIAN_POINT('',(-4.68621874600649,16.4483730442453,33.1439288854599));
#6861=CARTESIAN_POINT('Ctrl Pts',(-4.68621874600649,15.9483730442453,33.1439288854599));
#6862=CARTESIAN_POINT('Ctrl Pts',(-4.87654449165932,15.9483730442453,32.9713239160482));
#6863=CARTESIAN_POINT('Ctrl Pts',(-5.27011837809042,15.9483730442453,32.6143947554888));
#6864=CARTESIAN_POINT('Ctrl Pts',(-5.44915162356682,15.9483730442453,32.113418939442));
#6865=CARTESIAN_POINT('Ctrl Pts',(-5.54160738736391,15.9483730442453,31.8547066450119));
#6866=CARTESIAN_POINT('Ctrl Pts',(-3.17189360409975,16.4483730442453,33.6023190021515));
#6867=CARTESIAN_POINT('Ctrl Pts',(-3.17189360409975,15.9483730442453,33.6023190021515));
#6868=CARTESIAN_POINT('Ctrl Pts',(-3.45518975372153,16.4483730442453,33.5867695058508));
#6869=CARTESIAN_POINT('Ctrl Pts',(-3.45518975372153,15.9483730442453,33.5867695058508));
#6870=CARTESIAN_POINT('Ctrl Pts',(-3.99816240262988,16.4483730442453,33.5569669433846));
#6871=CARTESIAN_POINT('Ctrl Pts',(-3.99816240262988,15.9483730442453,33.5569669433846));
#6872=CARTESIAN_POINT('Ctrl Pts',(-4.46361580303723,16.4483730442453,33.2775567316928));
#6873=CARTESIAN_POINT('Ctrl Pts',(-4.46361580303723,15.9483730442453,33.2775567316928));
#6874=CARTESIAN_POINT('Ctrl Pts',(-4.68621874600649,16.4483730442453,33.1439288854599));
#6875=CARTESIAN_POINT('Ctrl Pts',(-4.68621874600649,15.9483730442453,33.1439288854599));
#6876=CARTESIAN_POINT('',(-3.17189360409975,16.4483730442453,33.6023190021515));
#6877=CARTESIAN_POINT('Ctrl Pts',(-3.17189360409975,16.4483730442453,33.6023190021515));
#6878=CARTESIAN_POINT('Ctrl Pts',(-3.45518975372153,16.4483730442453,33.5867695058508));
#6879=CARTESIAN_POINT('Ctrl Pts',(-3.99816240262988,16.4483730442453,33.5569669433846));
#6880=CARTESIAN_POINT('Ctrl Pts',(-4.46361580303723,16.4483730442453,33.2775567316928));
#6881=CARTESIAN_POINT('Ctrl Pts',(-4.68621874600649,16.4483730442453,33.1439288854599));
#6882=CARTESIAN_POINT('',(-3.17189360409975,15.9483730442453,33.6023190021515));
#6883=CARTESIAN_POINT('',(-3.17189360409975,16.4483730442453,33.6023190021515));
#6884=CARTESIAN_POINT('Ctrl Pts',(-3.17189360409975,15.9483730442453,33.6023190021515));
#6885=CARTESIAN_POINT('Ctrl Pts',(-3.45518975372153,15.9483730442453,33.5867695058508));
#6886=CARTESIAN_POINT('Ctrl Pts',(-3.99816240262988,15.9483730442453,33.5569669433846));
#6887=CARTESIAN_POINT('Ctrl Pts',(-4.46361580303723,15.9483730442453,33.2775567316928));
#6888=CARTESIAN_POINT('Ctrl Pts',(-4.68621874600649,15.9483730442453,33.1439288854599));
#6889=CARTESIAN_POINT('Ctrl Pts',(-1.71691561490298,16.4483730442453,33.2401087284088));
#6890=CARTESIAN_POINT('Ctrl Pts',(-1.71691561490298,15.9483730442453,33.2401087284088));
#6891=CARTESIAN_POINT('Ctrl Pts',(-1.94454336463435,16.4483730442453,33.345747849782));
#6892=CARTESIAN_POINT('Ctrl Pts',(-1.94454336463435,15.9483730442453,33.345747849782));
#6893=CARTESIAN_POINT('Ctrl Pts',(-2.40609535619218,16.4483730442453,33.5599482138138));
#6894=CARTESIAN_POINT('Ctrl Pts',(-2.40609535619218,15.9483730442453,33.5599482138138));
#6895=CARTESIAN_POINT('Ctrl Pts',(-2.9143164707129,16.4483730442453,33.5880675381018));
#6896=CARTESIAN_POINT('Ctrl Pts',(-2.9143164707129,15.9483730442453,33.5880675381018));
#6897=CARTESIAN_POINT('Ctrl Pts',(-3.17189360409975,16.4483730442453,33.6023190021515));
#6898=CARTESIAN_POINT('Ctrl Pts',(-3.17189360409975,15.9483730442453,33.6023190021515));
#6899=CARTESIAN_POINT('',(-1.71691561490298,16.4483730442453,33.2401087284088));
#6900=CARTESIAN_POINT('Ctrl Pts',(-1.71691561490298,16.4483730442453,33.2401087284088));
#6901=CARTESIAN_POINT('Ctrl Pts',(-1.94454336463435,16.4483730442453,33.345747849782));
#6902=CARTESIAN_POINT('Ctrl Pts',(-2.40609535619218,16.4483730442453,33.5599482138138));
#6903=CARTESIAN_POINT('Ctrl Pts',(-2.9143164707129,16.4483730442453,33.5880675381018));
#6904=CARTESIAN_POINT('Ctrl Pts',(-3.17189360409975,16.4483730442453,33.6023190021515));
#6905=CARTESIAN_POINT('',(-1.71691561490298,15.9483730442453,33.2401087284088));
#6906=CARTESIAN_POINT('',(-1.71691561490298,16.4483730442453,33.2401087284088));
#6907=CARTESIAN_POINT('Ctrl Pts',(-1.71691561490298,15.9483730442453,33.2401087284088));
#6908=CARTESIAN_POINT('Ctrl Pts',(-1.94454336463435,15.9483730442453,33.345747849782));
#6909=CARTESIAN_POINT('Ctrl Pts',(-2.40609535619218,15.9483730442453,33.5599482138138));
#6910=CARTESIAN_POINT('Ctrl Pts',(-2.9143164707129,15.9483730442453,33.5880675381018));
#6911=CARTESIAN_POINT('Ctrl Pts',(-3.17189360409975,15.9483730442453,33.6023190021515));
#6912=CARTESIAN_POINT('Ctrl Pts',(-0.697814472019675,16.4483730442453,32.1800818443298));
#6913=CARTESIAN_POINT('Ctrl Pts',(-0.697814472019675,15.9483730442453,32.1800818443298));
#6914=CARTESIAN_POINT('Ctrl Pts',(-0.828612500751104,16.4483730442453,32.398044372352));
#6915=CARTESIAN_POINT('Ctrl Pts',(-0.828612500751104,15.9483730442453,32.398044372352));
#6916=CARTESIAN_POINT('Ctrl Pts',(-1.08745356858024,16.4483730442453,32.8293784990753));
#6917=CARTESIAN_POINT('Ctrl Pts',(-1.08745356858024,15.9483730442453,32.8293784990753));
#6918=CARTESIAN_POINT('Ctrl Pts',(-1.50858905931494,16.4483730442453,33.1041735843397));
#6919=CARTESIAN_POINT('Ctrl Pts',(-1.50858905931494,15.9483730442453,33.1041735843397));
#6920=CARTESIAN_POINT('Ctrl Pts',(-1.71691561490298,16.4483730442453,33.2401087284088));
#6921=CARTESIAN_POINT('Ctrl Pts',(-1.71691561490298,15.9483730442453,33.2401087284088));
#6922=CARTESIAN_POINT('',(-0.697814472019675,16.4483730442453,32.1800818443298));
#6923=CARTESIAN_POINT('Ctrl Pts',(-0.697814472019675,16.4483730442453,32.1800818443298));
#6924=CARTESIAN_POINT('Ctrl Pts',(-0.828612500751104,16.4483730442453,32.398044372352));
#6925=CARTESIAN_POINT('Ctrl Pts',(-1.08745356858024,16.4483730442453,32.8293784990753));
#6926=CARTESIAN_POINT('Ctrl Pts',(-1.50858905931494,16.4483730442453,33.1041735843397));
#6927=CARTESIAN_POINT('Ctrl Pts',(-1.71691561490298,16.4483730442453,33.2401087284088));
#6928=CARTESIAN_POINT('',(-0.697814472019674,15.9483730442453,32.1800818443298));
#6929=CARTESIAN_POINT('',(-0.697814472019675,16.4483730442453,32.1800818443298));
#6930=CARTESIAN_POINT('Ctrl Pts',(-0.697814472019675,15.9483730442453,32.1800818443298));
#6931=CARTESIAN_POINT('Ctrl Pts',(-0.828612500751104,15.9483730442453,32.398044372352));
#6932=CARTESIAN_POINT('Ctrl Pts',(-1.08745356858024,15.9483730442453,32.8293784990753));
#6933=CARTESIAN_POINT('Ctrl Pts',(-1.50858905931494,15.9483730442453,33.1041735843397));
#6934=CARTESIAN_POINT('Ctrl Pts',(-1.71691561490298,15.9483730442453,33.2401087284088));
#6935=CARTESIAN_POINT('Ctrl Pts',(-0.339697845280173,16.4483730442453,30.5450203418732));
#6936=CARTESIAN_POINT('Ctrl Pts',(-0.339697845280173,15.9483730442453,30.5450203418732));
#6937=CARTESIAN_POINT('Ctrl Pts',(-0.351653596254701,16.4483730442453,30.8415048972801));
#6938=CARTESIAN_POINT('Ctrl Pts',(-0.351653596254701,15.9483730442453,30.8415048972801));
#6939=CARTESIAN_POINT('Ctrl Pts',(-0.374506744027735,16.4483730442453,31.4082284240222));
#6940=CARTESIAN_POINT('Ctrl Pts',(-0.374506744027735,15.9483730442453,31.4082284240222));
#6941=CARTESIAN_POINT('Ctrl Pts',(-0.593424671953408,16.4483730442453,31.9308653324734));
#6942=CARTESIAN_POINT('Ctrl Pts',(-0.593424671953408,15.9483730442453,31.9308653324734));
#6943=CARTESIAN_POINT('Ctrl Pts',(-0.697814472019675,16.4483730442453,32.1800818443298));
#6944=CARTESIAN_POINT('Ctrl Pts',(-0.697814472019675,15.9483730442453,32.1800818443298));
#6945=CARTESIAN_POINT('',(-0.339697845280173,16.4483730442453,30.5450203418732));
#6946=CARTESIAN_POINT('Ctrl Pts',(-0.339697845280173,16.4483730442453,30.5450203418732));
#6947=CARTESIAN_POINT('Ctrl Pts',(-0.351653596254701,16.4483730442453,30.8415048972801));
#6948=CARTESIAN_POINT('Ctrl Pts',(-0.374506744027735,16.4483730442453,31.4082284240222));
#6949=CARTESIAN_POINT('Ctrl Pts',(-0.593424671953408,16.4483730442453,31.9308653324734));
#6950=CARTESIAN_POINT('Ctrl Pts',(-0.697814472019675,16.4483730442453,32.1800818443298));
#6951=CARTESIAN_POINT('',(-0.339697845280172,15.9483730442453,30.5450203418732));
#6952=CARTESIAN_POINT('',(-0.339697845280173,16.4483730442453,30.5450203418732));
#6953=CARTESIAN_POINT('Ctrl Pts',(-0.339697845280173,15.9483730442453,30.5450203418732));
#6954=CARTESIAN_POINT('Ctrl Pts',(-0.351653596254701,15.9483730442453,30.8415048972801));
#6955=CARTESIAN_POINT('Ctrl Pts',(-0.374506744027735,15.9483730442453,31.4082284240222));
#6956=CARTESIAN_POINT('Ctrl Pts',(-0.593424671953408,15.9483730442453,31.9308653324734));
#6957=CARTESIAN_POINT('Ctrl Pts',(-0.697814472019675,15.9483730442453,32.1800818443298));
#6958=CARTESIAN_POINT('Ctrl Pts',(-0.6568875387311,16.4483730442453,28.9365615844727));
#6959=CARTESIAN_POINT('Ctrl Pts',(-0.6568875387311,15.9483730442453,28.9365615844727));
#6960=CARTESIAN_POINT('Ctrl Pts',(-0.564379430776288,16.4483730442453,29.1928043442383));
#6961=CARTESIAN_POINT('Ctrl Pts',(-0.564379430776288,15.9483730442453,29.1928043442383));
#6962=CARTESIAN_POINT('Ctrl Pts',(-0.376697577430921,16.4483730442453,29.7126735440564));
#6963=CARTESIAN_POINT('Ctrl Pts',(-0.376697577430921,15.9483730442453,29.7126735440564));
#6964=CARTESIAN_POINT('Ctrl Pts',(-0.35214731809588,16.4483730442453,30.2649567243734));
#6965=CARTESIAN_POINT('Ctrl Pts',(-0.35214731809588,15.9483730442453,30.2649567243734));
#6966=CARTESIAN_POINT('Ctrl Pts',(-0.339697845280173,16.4483730442453,30.5450203418732));
#6967=CARTESIAN_POINT('Ctrl Pts',(-0.339697845280173,15.9483730442453,30.5450203418732));
#6968=CARTESIAN_POINT('',(-0.6568875387311,16.4483730442453,28.9365615844727));
#6969=CARTESIAN_POINT('Ctrl Pts',(-0.6568875387311,16.4483730442453,28.9365615844727));
#6970=CARTESIAN_POINT('Ctrl Pts',(-0.564379430776288,16.4483730442453,29.1928043442383));
#6971=CARTESIAN_POINT('Ctrl Pts',(-0.376697577430921,16.4483730442453,29.7126735440564));
#6972=CARTESIAN_POINT('Ctrl Pts',(-0.35214731809588,16.4483730442453,30.2649567243734));
#6973=CARTESIAN_POINT('Ctrl Pts',(-0.339697845280173,16.4483730442453,30.5450203418732));
#6974=CARTESIAN_POINT('',(-0.6568875387311,15.9483730442453,28.9365615844727));
#6975=CARTESIAN_POINT('',(-0.6568875387311,16.4483730442453,28.9365615844727));
#6976=CARTESIAN_POINT('Ctrl Pts',(-0.6568875387311,15.9483730442453,28.9365615844727));
#6977=CARTESIAN_POINT('Ctrl Pts',(-0.564379430776288,15.9483730442453,29.1928043442383));
#6978=CARTESIAN_POINT('Ctrl Pts',(-0.376697577430921,15.9483730442453,29.7126735440564));
#6979=CARTESIAN_POINT('Ctrl Pts',(-0.35214731809588,15.9483730442453,30.2649567243734));
#6980=CARTESIAN_POINT('Ctrl Pts',(-0.339697845280173,15.9483730442453,30.5450203418732));
#6981=CARTESIAN_POINT('Ctrl Pts',(-1.58185387402773,16.4483730442453,27.792632818222));
#6982=CARTESIAN_POINT('Ctrl Pts',(-1.58185387402773,15.9483730442453,27.792632818222));
#6983=CARTESIAN_POINT('Ctrl Pts',(-1.38986275743362,16.4483730442453,27.9426713018213));
#6984=CARTESIAN_POINT('Ctrl Pts',(-1.38986275743362,15.9483730442453,27.9426713018213));
#6985=CARTESIAN_POINT('Ctrl Pts',(-0.993698392295507,16.4483730442453,28.2522684418133));
#6986=CARTESIAN_POINT('Ctrl Pts',(-0.993698392295507,15.9483730442453,28.2522684418133));
#6987=CARTESIAN_POINT('Ctrl Pts',(-0.771436027031448,16.4483730442453,28.7038352806247));
#6988=CARTESIAN_POINT('Ctrl Pts',(-0.771436027031448,15.9483730442453,28.7038352806247));
#6989=CARTESIAN_POINT('Ctrl Pts',(-0.6568875387311,16.4483730442453,28.9365615844727));
#6990=CARTESIAN_POINT('Ctrl Pts',(-0.6568875387311,15.9483730442453,28.9365615844727));
#6991=CARTESIAN_POINT('',(-1.58185387402773,16.4483730442453,27.792632818222));
#6992=CARTESIAN_POINT('Ctrl Pts',(-1.58185387402773,16.4483730442453,27.792632818222));
#6993=CARTESIAN_POINT('Ctrl Pts',(-1.38986275743362,16.4483730442453,27.9426713018213));
#6994=CARTESIAN_POINT('Ctrl Pts',(-0.993698392295507,16.4483730442453,28.2522684418133));
#6995=CARTESIAN_POINT('Ctrl Pts',(-0.771436027031448,16.4483730442453,28.7038352806247));
#6996=CARTESIAN_POINT('Ctrl Pts',(-0.6568875387311,16.4483730442453,28.9365615844727));
#6997=CARTESIAN_POINT('',(-1.58185387402773,15.9483730442453,27.792632818222));
#6998=CARTESIAN_POINT('',(-1.58185387402773,16.4483730442453,27.792632818222));
#6999=CARTESIAN_POINT('Ctrl Pts',(-1.58185387402773,15.9483730442453,27.792632818222));
#7000=CARTESIAN_POINT('Ctrl Pts',(-1.38986275743362,15.9483730442453,27.9426713018213));
#7001=CARTESIAN_POINT('Ctrl Pts',(-0.993698392295507,15.9483730442453,28.2522684418133));
#7002=CARTESIAN_POINT('Ctrl Pts',(-0.771436027031448,15.9483730442453,28.7038352806247));
#7003=CARTESIAN_POINT('Ctrl Pts',(-0.6568875387311,15.9483730442453,28.9365615844727));
#7004=CARTESIAN_POINT('Ctrl Pts',(-3.15961504727602,16.4483730442453,27.3976805210114));
#7005=CARTESIAN_POINT('Ctrl Pts',(-3.15961504727602,15.9483730442453,27.3976805210114));
#7006=CARTESIAN_POINT('Ctrl Pts',(-2.86066100096608,16.4483730442453,27.4084414425219));
#7007=CARTESIAN_POINT('Ctrl Pts',(-2.86066100096608,15.9483730442453,27.4084414425219));
#7008=CARTESIAN_POINT('Ctrl Pts',(-2.30545439564222,16.4483730442453,27.4284262354217));
#7009=CARTESIAN_POINT('Ctrl Pts',(-2.30545439564222,15.9483730442453,27.4284262354217));
#7010=CARTESIAN_POINT('Ctrl Pts',(-1.81036134983995,16.4483730442453,27.6776191823499));
#7011=CARTESIAN_POINT('Ctrl Pts',(-1.81036134983995,15.9483730442453,27.6776191823499));
#7012=CARTESIAN_POINT('Ctrl Pts',(-1.58185387402773,16.4483730442453,27.792632818222));
#7013=CARTESIAN_POINT('Ctrl Pts',(-1.58185387402773,15.9483730442453,27.792632818222));
#7014=CARTESIAN_POINT('',(-3.15961504727602,16.4483730442453,27.3976805210114));
#7015=CARTESIAN_POINT('Ctrl Pts',(-3.15961504727602,16.4483730442453,27.3976805210114));
#7016=CARTESIAN_POINT('Ctrl Pts',(-2.86066100096608,16.4483730442453,27.4084414425219));
#7017=CARTESIAN_POINT('Ctrl Pts',(-2.30545439564222,16.4483730442453,27.4284262354217));
#7018=CARTESIAN_POINT('Ctrl Pts',(-1.81036134983995,16.4483730442453,27.6776191823499));
#7019=CARTESIAN_POINT('Ctrl Pts',(-1.58185387402773,16.4483730442453,27.792632818222));
#7020=CARTESIAN_POINT('',(-3.15961504727602,15.9483730442453,27.3976805210114));
#7021=CARTESIAN_POINT('',(-3.15961504727602,16.4483730442453,27.3976805210114));
#7022=CARTESIAN_POINT('Ctrl Pts',(-3.15961504727602,15.9483730442453,27.3976805210114));
#7023=CARTESIAN_POINT('Ctrl Pts',(-2.86066100096608,15.9483730442453,27.4084414425219));
#7024=CARTESIAN_POINT('Ctrl Pts',(-2.30545439564222,15.9483730442453,27.4284262354217));
#7025=CARTESIAN_POINT('Ctrl Pts',(-1.81036134983995,15.9483730442453,27.6776191823499));
#7026=CARTESIAN_POINT('Ctrl Pts',(-1.58185387402773,15.9483730442453,27.792632818222));
#7027=CARTESIAN_POINT('Ctrl Pts',(-4.74556351453066,16.4483730442453,27.9113229513168));
#7028=CARTESIAN_POINT('Ctrl Pts',(-4.74556351453066,15.9483730442453,27.9113229513168));
#7029=CARTESIAN_POINT('Ctrl Pts',(-4.5123385014643,16.4483730442453,27.7615579347594));
#7030=CARTESIAN_POINT('Ctrl Pts',(-4.5123385014643,15.9483730442453,27.7615579347594));
#7031=CARTESIAN_POINT('Ctrl Pts',(-4.02954732523263,16.4483730442453,27.4515344619275));
#7032=CARTESIAN_POINT('Ctrl Pts',(-4.02954732523263,15.9483730442453,27.4515344619275));
#7033=CARTESIAN_POINT('Ctrl Pts',(-3.45606276363542,16.4483730442453,27.4160323838012));
#7034=CARTESIAN_POINT('Ctrl Pts',(-3.45606276363542,15.9483730442453,27.4160323838012));
#7035=CARTESIAN_POINT('Ctrl Pts',(-3.15961504727602,16.4483730442453,27.3976805210114));
#7036=CARTESIAN_POINT('Ctrl Pts',(-3.15961504727602,15.9483730442453,27.3976805210114));
#7037=CARTESIAN_POINT('',(-4.74556351453066,16.4483730442453,27.9113229513168));
#7038=CARTESIAN_POINT('Ctrl Pts',(-4.74556351453066,16.4483730442453,27.9113229513168));
#7039=CARTESIAN_POINT('Ctrl Pts',(-4.5123385014643,16.4483730442453,27.7615579347594));
#7040=CARTESIAN_POINT('Ctrl Pts',(-4.02954732523263,16.4483730442453,27.4515344619275));
#7041=CARTESIAN_POINT('Ctrl Pts',(-3.45606276363542,16.4483730442453,27.4160323838012));
#7042=CARTESIAN_POINT('Ctrl Pts',(-3.15961504727602,16.4483730442453,27.3976805210114));
#7043=CARTESIAN_POINT('',(-4.74556351453066,15.9483730442453,27.9113229513168));
#7044=CARTESIAN_POINT('',(-4.74556351453066,16.4483730442453,27.9113229513168));
#7045=CARTESIAN_POINT('Ctrl Pts',(-4.74556351453066,15.9483730442453,27.9113229513168));
#7046=CARTESIAN_POINT('Ctrl Pts',(-4.5123385014643,15.9483730442453,27.7615579347594));
#7047=CARTESIAN_POINT('Ctrl Pts',(-4.02954732523263,15.9483730442453,27.4515344619275));
#7048=CARTESIAN_POINT('Ctrl Pts',(-3.45606276363542,15.9483730442453,27.4160323838012));
#7049=CARTESIAN_POINT('Ctrl Pts',(-3.15961504727602,15.9483730442453,27.3976805210114));
#7050=CARTESIAN_POINT('Ctrl Pts',(-5.64392710477114,16.4483730442453,29.4031378030777));
#7051=CARTESIAN_POINT('Ctrl Pts',(-5.64392710477114,15.9483730442453,29.4031378030777));
#7052=CARTESIAN_POINT('Ctrl Pts',(-5.55043848202633,16.4483730442453,29.1016669481335));
#7053=CARTESIAN_POINT('Ctrl Pts',(-5.55043848202633,15.9483730442453,29.1016669481335));
#7054=CARTESIAN_POINT('Ctrl Pts',(-5.3729821031418,16.4483730442453,28.5294269825963));
#7055=CARTESIAN_POINT('Ctrl Pts',(-5.3729821031418,15.9483730442453,28.5294269825963));
#7056=CARTESIAN_POINT('Ctrl Pts',(-4.94708634271614,16.4483730442453,28.1098540034044));
#7057=CARTESIAN_POINT('Ctrl Pts',(-4.94708634271614,15.9483730442453,28.1098540034044));
#7058=CARTESIAN_POINT('Ctrl Pts',(-4.74556351453066,16.4483730442453,27.9113229513168));
#7059=CARTESIAN_POINT('Ctrl Pts',(-4.74556351453066,15.9483730442453,27.9113229513168));
#7060=CARTESIAN_POINT('',(-5.64392710477114,16.4483730442453,29.4031378030777));
#7061=CARTESIAN_POINT('Ctrl Pts',(-5.64392710477114,16.4483730442453,29.4031378030777));
#7062=CARTESIAN_POINT('Ctrl Pts',(-5.55043848202633,16.4483730442453,29.1016669481335));
#7063=CARTESIAN_POINT('Ctrl Pts',(-5.3729821031418,16.4483730442453,28.5294269825963));
#7064=CARTESIAN_POINT('Ctrl Pts',(-4.94708634271614,16.4483730442453,28.1098540034044));
#7065=CARTESIAN_POINT('Ctrl Pts',(-4.74556351453066,16.4483730442453,27.9113229513168));
#7066=CARTESIAN_POINT('',(-5.64392710477114,15.9483730442453,29.4031378030777));
#7067=CARTESIAN_POINT('',(-5.64392710477114,16.4483730442453,29.4031378030777));
#7068=CARTESIAN_POINT('Ctrl Pts',(-5.64392710477114,15.9483730442453,29.4031378030777));
#7069=CARTESIAN_POINT('Ctrl Pts',(-5.55043848202633,15.9483730442453,29.1016669481335));
#7070=CARTESIAN_POINT('Ctrl Pts',(-5.3729821031418,15.9483730442453,28.5294269825963));
#7071=CARTESIAN_POINT('Ctrl Pts',(-4.94708634271614,15.9483730442453,28.1098540034044));
#7072=CARTESIAN_POINT('Ctrl Pts',(-4.74556351453066,15.9483730442453,27.9113229513168));
#7073=CARTESIAN_POINT('Origin',(-4.84992886334658,16.4483730442453,29.6036829948425));
#7074=CARTESIAN_POINT('',(-4.84992886334658,16.4483730442453,29.6036829948425));
#7075=CARTESIAN_POINT('',(-4.35295650167505,16.4483730442453,29.7292064687918));
#7076=CARTESIAN_POINT('',(-4.84992886334658,15.9483730442453,29.6036829948425));
#7077=CARTESIAN_POINT('',(-4.84992886334658,16.4483730442453,29.6036829948425));
#7078=CARTESIAN_POINT('',(-4.84992886334658,15.9483730442453,29.6036829948425));
#7079=CARTESIAN_POINT('Ctrl Pts',(-4.22373677045107,16.4483730442453,28.4618004560471));
#7080=CARTESIAN_POINT('Ctrl Pts',(-4.22373677045107,15.9483730442453,28.4618004560471));
#7081=CARTESIAN_POINT('Ctrl Pts',(-4.36696382318081,16.4483730442453,28.6132073743863));
#7082=CARTESIAN_POINT('Ctrl Pts',(-4.36696382318081,15.9483730442453,28.6132073743863));
#7083=CARTESIAN_POINT('Ctrl Pts',(-4.6744024746937,16.4483730442453,28.9382042092494));
#7084=CARTESIAN_POINT('Ctrl Pts',(-4.6744024746937,15.9483730442453,28.9382042092494));
#7085=CARTESIAN_POINT('Ctrl Pts',(-4.78881690826709,16.4483730442453,29.3719872939075));
#7086=CARTESIAN_POINT('Ctrl Pts',(-4.78881690826709,15.9483730442453,29.3719872939075));
#7087=CARTESIAN_POINT('Ctrl Pts',(-4.84992886334658,16.4483730442453,29.6036829948425));
#7088=CARTESIAN_POINT('Ctrl Pts',(-4.84992886334658,15.9483730442453,29.6036829948425));
#7089=CARTESIAN_POINT('Ctrl Pts',(-4.22373677045107,16.4483730442453,28.4618004560471));
#7090=CARTESIAN_POINT('Ctrl Pts',(-4.36696382318081,16.4483730442453,28.6132073743863));
#7091=CARTESIAN_POINT('Ctrl Pts',(-4.6744024746937,16.4483730442453,28.9382042092494));
#7092=CARTESIAN_POINT('Ctrl Pts',(-4.78881690826709,16.4483730442453,29.3719872939075));
#7093=CARTESIAN_POINT('Ctrl Pts',(-4.84992886334658,16.4483730442453,29.6036829948425));
#7094=CARTESIAN_POINT('Ctrl Pts',(-4.22373677045107,15.9483730442453,28.4618004560471));
#7095=CARTESIAN_POINT('Ctrl Pts',(-4.36696382318081,15.9483730442453,28.6132073743863));
#7096=CARTESIAN_POINT('Ctrl Pts',(-4.6744024746937,15.9483730442453,28.9382042092494));
#7097=CARTESIAN_POINT('Ctrl Pts',(-4.78881690826709,15.9483730442453,29.3719872939075));
#7098=CARTESIAN_POINT('Ctrl Pts',(-4.84992886334658,15.9483730442453,29.6036829948425));
#7099=CARTESIAN_POINT('Origin',(-1.21444463943839E-6,15.9483730442453,30.5020462870598));
#7100=CARTESIAN_POINT('Origin',(-23.2264700010419,16.4483730442453,28.208048582077));
#7101=CARTESIAN_POINT('',(-23.2264700010419,16.4483730442453,28.208048582077));
#7102=CARTESIAN_POINT('',(-23.2264700010419,16.4483730442453,27.4999996423721));
#7103=CARTESIAN_POINT('',(-23.2264700010419,16.4483730442453,21.3980857681173));
#7104=CARTESIAN_POINT('',(-23.2264700010419,15.9483730442453,28.208048582077));
#7105=CARTESIAN_POINT('',(-23.2264700010419,16.4483730442453,28.208048582077));
#7106=CARTESIAN_POINT('',(-23.2264700010419,15.9483730442453,27.4999996423721));
#7107=CARTESIAN_POINT('',(-23.2264700010419,15.9483730442453,28.208048582077));
#7108=CARTESIAN_POINT('',(-23.2264700010419,16.4483730442453,27.4999996423721));
#7109=CARTESIAN_POINT('Origin',(-19.5429697111249,16.4483730442453,28.208048582077));
#7110=CARTESIAN_POINT('',(-19.5429697111249,16.4483730442453,28.208048582077));
#7111=CARTESIAN_POINT('',(-9.77148485556245,16.4483730442453,28.208048582077));
#7112=CARTESIAN_POINT('',(-19.5429697111249,15.9483730442453,28.208048582077));
#7113=CARTESIAN_POINT('',(-19.5429697111249,16.4483730442453,28.208048582077));
#7114=CARTESIAN_POINT('',(-19.5429697111249,15.9483730442453,28.208048582077));
#7115=CARTESIAN_POINT('Origin',(-19.5429697111249,16.4483730442453,30.2503403425217));
#7116=CARTESIAN_POINT('',(-19.5429697111249,16.4483730442453,30.2503403425217));
#7117=CARTESIAN_POINT('',(-19.5429697111249,16.4483730442453,22.4192316483396));
#7118=CARTESIAN_POINT('',(-19.5429697111249,15.9483730442453,30.2503403425217));
#7119=CARTESIAN_POINT('',(-19.5429697111249,16.4483730442453,30.2503403425217));
#7120=CARTESIAN_POINT('',(-19.5429697111249,15.9483730442453,30.2503403425217));
#7121=CARTESIAN_POINT('Origin',(-22.8622140958905,16.4483730442453,30.2503403425217));
#7122=CARTESIAN_POINT('',(-22.8622140958905,16.4483730442453,30.2503403425217));
#7123=CARTESIAN_POINT('',(-11.4311070479453,16.4483730442453,30.2503403425217));
#7124=CARTESIAN_POINT('',(-22.8622140958905,15.9483730442453,30.2503403425217));
#7125=CARTESIAN_POINT('',(-22.8622140958905,16.4483730442453,30.2503403425217));
#7126=CARTESIAN_POINT('',(-22.8622140958905,15.9483730442453,30.2503403425217));
#7127=CARTESIAN_POINT('Origin',(-22.8622140958905,16.4483730442453,30.9542971253395));
#7128=CARTESIAN_POINT('',(-22.8622140958905,16.4483730442453,30.9542971253395));
#7129=CARTESIAN_POINT('',(-22.8622140958905,16.4483730442453,22.7712100397486));
#7130=CARTESIAN_POINT('',(-22.8622140958905,15.9483730442453,30.9542971253395));
#7131=CARTESIAN_POINT('',(-22.8622140958905,16.4483730442453,30.9542971253395));
#7132=CARTESIAN_POINT('',(-22.8622140958905,15.9483730442453,30.9542971253395));
#7133=CARTESIAN_POINT('Origin',(-19.5429697111249,16.4483730442453,30.9542971253395));
#7134=CARTESIAN_POINT('',(-19.5429697111249,16.4483730442453,30.9542971253395));
#7135=CARTESIAN_POINT('',(-9.77148485556245,16.4483730442453,30.9542971253395));
#7136=CARTESIAN_POINT('',(-19.5429697111249,15.9483730442453,30.9542971253395));
#7137=CARTESIAN_POINT('',(-19.5429697111249,16.4483730442453,30.9542971253395));
#7138=CARTESIAN_POINT('',(-19.5429697111249,15.9483730442453,30.9542971253395));
#7139=CARTESIAN_POINT('Origin',(-19.5429697111249,16.4483730442453,32.7919503450394));
#7140=CARTESIAN_POINT('',(-19.5429697111249,16.4483730442453,32.7919503450394));
#7141=CARTESIAN_POINT('',(-19.5429697111249,16.4483730442453,23.6900366495985));
#7142=CARTESIAN_POINT('',(-19.5429697111249,15.9483730442453,32.7919503450394));
#7143=CARTESIAN_POINT('',(-19.5429697111249,16.4483730442453,32.7919503450394));
#7144=CARTESIAN_POINT('',(-19.5429697111249,15.9483730442453,32.7919503450394));
#7145=CARTESIAN_POINT('Origin',(-23.0873098447919,16.4483730442453,32.7919503450394));
#7146=CARTESIAN_POINT('',(-23.0873098447919,16.4483730442453,32.7919503450394));
#7147=CARTESIAN_POINT('',(-11.5436549223959,16.4483730442453,32.7919503450394));
#7148=CARTESIAN_POINT('',(-23.0873098447919,15.9483730442453,32.7919503450394));
#7149=CARTESIAN_POINT('',(-23.0873098447919,16.4483730442453,32.7919503450394));
#7150=CARTESIAN_POINT('',(-23.0873098447919,15.9483730442453,32.7919503450394));
#7151=CARTESIAN_POINT('Origin',(-23.0873098447919,16.4483730442453,33.4999998807907));
#7152=CARTESIAN_POINT('',(-23.0873098447919,16.4483730442453,33.4999998807907));
#7153=CARTESIAN_POINT('',(-23.0873098447919,16.4483730442453,24.0440614174742));
#7154=CARTESIAN_POINT('',(-23.0873098447919,15.9483730442453,33.4999998807907));
#7155=CARTESIAN_POINT('',(-23.0873098447919,16.4483730442453,33.4999998807907));
#7156=CARTESIAN_POINT('',(-23.0873098447919,15.9483730442453,33.4999998807907));
#7157=CARTESIAN_POINT('Origin',(-18.7489786222577,16.4483730442453,33.4999998807907));
#7158=CARTESIAN_POINT('',(-18.7489786222577,16.4483730442453,33.4999998807907));
#7159=CARTESIAN_POINT('',(-9.37448931112886,16.4483730442453,33.4999998807907));
#7160=CARTESIAN_POINT('',(-18.7489786222577,15.9483730442453,33.4999998807907));
#7161=CARTESIAN_POINT('',(-18.7489786222577,16.4483730442453,33.4999998807907));
#7162=CARTESIAN_POINT('',(-18.7489786222577,15.9483730442453,33.4999998807907));
#7163=CARTESIAN_POINT('Origin',(-18.7489786222577,16.4483730442453,27.4999996423721));
#7164=CARTESIAN_POINT('',(-18.7489786222577,16.4483730442453,27.4999996423721));
#7165=CARTESIAN_POINT('',(-18.7489786222577,16.4483730442453,21.0440612982649));
#7166=CARTESIAN_POINT('',(-18.7489786222577,15.9483730442453,27.4999996423721));
#7167=CARTESIAN_POINT('',(-18.7489786222577,16.4483730442453,27.4999996423721));
#7168=CARTESIAN_POINT('',(-18.7489786222577,15.9483730442453,27.4999996423721));
#7169=CARTESIAN_POINT('Origin',(-23.2264700010419,16.4483730442453,27.4999996423721));
#7170=CARTESIAN_POINT('',(-11.6132350005209,16.4483730442453,27.4999996423721));
#7171=CARTESIAN_POINT('',(-23.2264700010419,15.9483730442453,27.4999996423721));
#7172=CARTESIAN_POINT('Origin',(-1.21444463818676E-6,15.9483730442453,30.5020462870598));
#7173=CARTESIAN_POINT('Origin',(12.0122799798846,16.4483730442453,33.4999998807907));
#7174=CARTESIAN_POINT('',(12.0122799798846,16.4483730442453,33.4999998807907));
#7175=CARTESIAN_POINT('',(12.0122799798846,16.4483730442453,27.4999996423721));
#7176=CARTESIAN_POINT('',(12.0122799798846,16.4483730442453,24.0440614174742));
#7177=CARTESIAN_POINT('',(12.0122799798846,15.9483730442453,33.4999998807907));
#7178=CARTESIAN_POINT('',(12.0122799798846,16.4483730442453,33.4999998807907));
#7179=CARTESIAN_POINT('',(12.0122799798846,15.9483730442453,27.4999996423721));
#7180=CARTESIAN_POINT('',(12.0122799798846,15.9483730442453,33.4999998807907));
#7181=CARTESIAN_POINT('',(12.0122799798846,16.4483730442453,27.4999996423721));
#7182=CARTESIAN_POINT('Origin',(12.8062770292163,16.4483730442453,33.4999998807907));
#7183=CARTESIAN_POINT('',(12.8062770292163,16.4483730442453,33.4999998807907));
#7184=CARTESIAN_POINT('',(6.40313851460814,16.4483730442453,33.4999998807907));
#7185=CARTESIAN_POINT('',(12.8062770292163,15.9483730442453,33.4999998807907));
#7186=CARTESIAN_POINT('',(12.8062770292163,16.4483730442453,33.4999998807907));
#7187=CARTESIAN_POINT('',(12.8062770292163,15.9483730442453,33.4999998807907));
#7188=CARTESIAN_POINT('Origin',(12.8062770292163,16.4483730442453,27.4999996423721));
#7189=CARTESIAN_POINT('',(12.8062770292163,16.4483730442453,27.4999996423721));
#7190=CARTESIAN_POINT('',(12.8062770292163,16.4483730442453,21.0440612982649));
#7191=CARTESIAN_POINT('',(12.8062770292163,15.9483730442453,27.4999996423721));
#7192=CARTESIAN_POINT('',(12.8062770292163,16.4483730442453,27.4999996423721));
#7193=CARTESIAN_POINT('',(12.8062770292163,15.9483730442453,27.4999996423721));
#7194=CARTESIAN_POINT('Origin',(12.0122799798846,16.4483730442453,27.4999996423721));
#7195=CARTESIAN_POINT('',(6.00613998994231,16.4483730442453,27.4999996423721));
#7196=CARTESIAN_POINT('',(12.0122799798846,15.9483730442453,27.4999996423721));
#7197=CARTESIAN_POINT('Origin',(-1.21444464040721E-6,15.9483730442453,30.5020462870598));
#7198=CARTESIAN_POINT('Origin',(21.2332889959216,16.4483730442453,32.7919503450394));
#7199=CARTESIAN_POINT('',(21.2332889959216,16.4483730442453,32.7919503450394));
#7200=CARTESIAN_POINT('',(22.4324703738093,16.4483730442453,32.7919503450394));
#7201=CARTESIAN_POINT('',(10.6166444979608,16.4483730442453,32.7919503450394));
#7202=CARTESIAN_POINT('',(21.2332889959216,15.9483730442453,32.7919503450394));
#7203=CARTESIAN_POINT('',(21.2332889959216,16.4483730442453,32.7919503450394));
#7204=CARTESIAN_POINT('',(22.4324703738093,15.9483730442453,32.7919503450394));
#7205=CARTESIAN_POINT('',(21.2332889959216,15.9483730442453,32.7919503450394));
#7206=CARTESIAN_POINT('',(22.4324703738093,16.4483730442453,32.7919503450394));
#7207=CARTESIAN_POINT('Ctrl Pts',(20.3206012174487,16.4483730442453,32.7080490589142));
#7208=CARTESIAN_POINT('Ctrl Pts',(20.3206012174487,15.9483730442453,32.7080490589142));
#7209=CARTESIAN_POINT('Ctrl Pts',(20.4406526335252,16.4483730442453,32.7322834872512));
#7210=CARTESIAN_POINT('Ctrl Pts',(20.4406526335252,15.9483730442453,32.7322834872512));
#7211=CARTESIAN_POINT('Ctrl Pts',(20.7414222858747,16.4483730442453,32.7929989775306));
#7212=CARTESIAN_POINT('Ctrl Pts',(20.7414222858747,15.9483730442453,32.7929989775306));
#7213=CARTESIAN_POINT('Ctrl Pts',(21.0486752467048,16.4483730442453,32.7923439312931));
#7214=CARTESIAN_POINT('Ctrl Pts',(21.0486752467048,15.9483730442453,32.7923439312931));
#7215=CARTESIAN_POINT('Ctrl Pts',(21.2332889959216,16.4483730442453,32.7919503450394));
#7216=CARTESIAN_POINT('Ctrl Pts',(21.2332889959216,15.9483730442453,32.7919503450394));
#7217=CARTESIAN_POINT('',(20.3206012174487,16.4483730442453,32.7080490589142));
#7218=CARTESIAN_POINT('Ctrl Pts',(20.3206012174487,16.4483730442453,32.7080490589142));
#7219=CARTESIAN_POINT('Ctrl Pts',(20.4406526335252,16.4483730442453,32.7322834872512));
#7220=CARTESIAN_POINT('Ctrl Pts',(20.7414222858747,16.4483730442453,32.7929989775306));
#7221=CARTESIAN_POINT('Ctrl Pts',(21.0486752467048,16.4483730442453,32.7923439312931));
#7222=CARTESIAN_POINT('Ctrl Pts',(21.2332889959216,16.4483730442453,32.7919503450394));
#7223=CARTESIAN_POINT('',(20.3206012174487,15.9483730442453,32.7080490589142));
#7224=CARTESIAN_POINT('',(20.3206012174487,16.4483730442453,32.7080490589142));
#7225=CARTESIAN_POINT('Ctrl Pts',(20.3206012174487,15.9483730442453,32.7080490589142));
#7226=CARTESIAN_POINT('Ctrl Pts',(20.4406526335252,15.9483730442453,32.7322834872512));
#7227=CARTESIAN_POINT('Ctrl Pts',(20.7414222858747,15.9483730442453,32.7929989775306));
#7228=CARTESIAN_POINT('Ctrl Pts',(21.0486752467048,15.9483730442453,32.7923439312931));
#7229=CARTESIAN_POINT('Ctrl Pts',(21.2332889959216,15.9483730442453,32.7919503450394));
#7230=CARTESIAN_POINT('Ctrl Pts',(19.9113244339824,16.4483730442453,32.3969983458519));
#7231=CARTESIAN_POINT('Ctrl Pts',(19.9113244339824,15.9483730442453,32.3969983458519));
#7232=CARTESIAN_POINT('Ctrl Pts',(19.9646432094443,16.4483730442453,32.4668875282446));
#7233=CARTESIAN_POINT('Ctrl Pts',(19.9646432094443,15.9483730442453,32.4668875282446));
#7234=CARTESIAN_POINT('Ctrl Pts',(20.0724042004658,16.4483730442453,32.6081384757969));
#7235=CARTESIAN_POINT('Ctrl Pts',(20.0724042004658,15.9483730442453,32.6081384757969));
#7236=CARTESIAN_POINT('Ctrl Pts',(20.2372958637221,16.4483730442453,32.6745148667277));
#7237=CARTESIAN_POINT('Ctrl Pts',(20.2372958637221,15.9483730442453,32.6745148667277));
#7238=CARTESIAN_POINT('Ctrl Pts',(20.3206012174487,16.4483730442453,32.7080490589142));
#7239=CARTESIAN_POINT('Ctrl Pts',(20.3206012174487,15.9483730442453,32.7080490589142));
#7240=CARTESIAN_POINT('',(19.9113244339824,16.4483730442453,32.3969983458519));
#7241=CARTESIAN_POINT('Ctrl Pts',(19.9113244339824,16.4483730442453,32.3969983458519));
#7242=CARTESIAN_POINT('Ctrl Pts',(19.9646432094443,16.4483730442453,32.4668875282446));
#7243=CARTESIAN_POINT('Ctrl Pts',(20.0724042004658,16.4483730442453,32.6081384757969));
#7244=CARTESIAN_POINT('Ctrl Pts',(20.2372958637221,16.4483730442453,32.6745148667277));
#7245=CARTESIAN_POINT('Ctrl Pts',(20.3206012174487,16.4483730442453,32.7080490589142));
#7246=CARTESIAN_POINT('',(19.9113244339824,15.9483730442453,32.3969983458519));
#7247=CARTESIAN_POINT('',(19.9113244339824,16.4483730442453,32.3969983458519));
#7248=CARTESIAN_POINT('Ctrl Pts',(19.9113244339824,15.9483730442453,32.3969983458519));
#7249=CARTESIAN_POINT('Ctrl Pts',(19.9646432094443,15.9483730442453,32.4668875282446));
#7250=CARTESIAN_POINT('Ctrl Pts',(20.0724042004658,15.9483730442453,32.6081384757969));
#7251=CARTESIAN_POINT('Ctrl Pts',(20.2372958637221,15.9483730442453,32.6745148667277));
#7252=CARTESIAN_POINT('Ctrl Pts',(20.3206012174487,15.9483730442453,32.7080490589142));
#7253=CARTESIAN_POINT('Ctrl Pts',(19.7680774852633,16.4483730442453,31.8710773587227));
#7254=CARTESIAN_POINT('Ctrl Pts',(19.7680774852633,15.9483730442453,31.8710773587227));
#7255=CARTESIAN_POINT('Ctrl Pts',(19.7733417917468,16.4483730442453,31.9665462670705));
#7256=CARTESIAN_POINT('Ctrl Pts',(19.7733417917468,15.9483730442453,31.9665462670705));
#7257=CARTESIAN_POINT('Ctrl Pts',(19.7835809265232,16.4483730442453,32.152234357726));
#7258=CARTESIAN_POINT('Ctrl Pts',(19.7835809265232,15.9483730442453,32.152234357726));
#7259=CARTESIAN_POINT('Ctrl Pts',(19.8695534626546,16.4483730442453,32.3169627359533));
#7260=CARTESIAN_POINT('Ctrl Pts',(19.8695534626546,15.9483730442453,32.3169627359533));
#7261=CARTESIAN_POINT('Ctrl Pts',(19.9113244339824,16.4483730442453,32.3969983458519));
#7262=CARTESIAN_POINT('Ctrl Pts',(19.9113244339824,15.9483730442453,32.3969983458519));
#7263=CARTESIAN_POINT('',(19.7680774852633,16.4483730442453,31.8710773587227));
#7264=CARTESIAN_POINT('Ctrl Pts',(19.7680774852633,16.4483730442453,31.8710773587227));
#7265=CARTESIAN_POINT('Ctrl Pts',(19.7733417917468,16.4483730442453,31.9665462670705));
#7266=CARTESIAN_POINT('Ctrl Pts',(19.7835809265232,16.4483730442453,32.152234357726));
#7267=CARTESIAN_POINT('Ctrl Pts',(19.8695534626546,16.4483730442453,32.3169627359533));
#7268=CARTESIAN_POINT('Ctrl Pts',(19.9113244339824,16.4483730442453,32.3969983458519));
#7269=CARTESIAN_POINT('',(19.7680774852633,15.9483730442453,31.8710773587227));
#7270=CARTESIAN_POINT('',(19.7680774852633,16.4483730442453,31.8710773587227));
#7271=CARTESIAN_POINT('Ctrl Pts',(19.7680774852633,15.9483730442453,31.8710773587227));
#7272=CARTESIAN_POINT('Ctrl Pts',(19.7733417917468,15.9483730442453,31.9665462670705));
#7273=CARTESIAN_POINT('Ctrl Pts',(19.7835809265232,15.9483730442453,32.152234357726));
#7274=CARTESIAN_POINT('Ctrl Pts',(19.8695534626546,15.9483730442453,32.3169627359533));
#7275=CARTESIAN_POINT('Ctrl Pts',(19.9113244339824,15.9483730442453,32.3969983458519));
#7276=CARTESIAN_POINT('Ctrl Pts',(19.9215564653277,16.4483730442453,31.3472028970718));
#7277=CARTESIAN_POINT('Ctrl Pts',(19.9215564653277,15.9483730442453,31.3472028970718));
#7278=CARTESIAN_POINT('Ctrl Pts',(19.876825479126,16.4483730442453,31.4237247045045));
#7279=CARTESIAN_POINT('Ctrl Pts',(19.876825479126,15.9483730442453,31.4237247045045));
#7280=CARTESIAN_POINT('Ctrl Pts',(19.7823944664818,16.4483730442453,31.5852689130906));
#7281=CARTESIAN_POINT('Ctrl Pts',(19.7823944664818,15.9483730442453,31.5852689130906));
#7282=CARTESIAN_POINT('Ctrl Pts',(19.7730143423737,16.4483730442453,31.7725233803748));
#7283=CARTESIAN_POINT('Ctrl Pts',(19.7730143423737,15.9483730442453,31.7725233803748));
#7284=CARTESIAN_POINT('Ctrl Pts',(19.7680774852633,16.4483730442453,31.8710773587227));
#7285=CARTESIAN_POINT('Ctrl Pts',(19.7680774852633,15.9483730442453,31.8710773587227));
#7286=CARTESIAN_POINT('',(19.9215564653277,16.4483730442453,31.3472028970718));
#7287=CARTESIAN_POINT('Ctrl Pts',(19.9215564653277,16.4483730442453,31.3472028970718));
#7288=CARTESIAN_POINT('Ctrl Pts',(19.876825479126,16.4483730442453,31.4237247045045));
#7289=CARTESIAN_POINT('Ctrl Pts',(19.7823944664818,16.4483730442453,31.5852689130906));
#7290=CARTESIAN_POINT('Ctrl Pts',(19.7730143423737,16.4483730442453,31.7725233803748));
#7291=CARTESIAN_POINT('Ctrl Pts',(19.7680774852633,16.4483730442453,31.8710773587227));
#7292=CARTESIAN_POINT('',(19.9215564653277,15.9483730442453,31.3472028970718));
#7293=CARTESIAN_POINT('',(19.9215564653277,16.4483730442453,31.3472028970718));
#7294=CARTESIAN_POINT('Ctrl Pts',(19.9215564653277,15.9483730442453,31.3472028970718));
#7295=CARTESIAN_POINT('Ctrl Pts',(19.876825479126,15.9483730442453,31.4237247045045));
#7296=CARTESIAN_POINT('Ctrl Pts',(19.7823944664818,15.9483730442453,31.5852689130906));
#7297=CARTESIAN_POINT('Ctrl Pts',(19.7730143423737,15.9483730442453,31.7725233803748));
#7298=CARTESIAN_POINT('Ctrl Pts',(19.7680774852633,15.9483730442453,31.8710773587227));
#7299=CARTESIAN_POINT('Ctrl Pts',(20.377900056541,16.4483730442453,31.0484307408333));
#7300=CARTESIAN_POINT('Ctrl Pts',(20.377900056541,15.9483730442453,31.0484307408333));
#7301=CARTESIAN_POINT('Ctrl Pts',(20.2847301344338,16.4483730442453,31.0813484228734));
#7302=CARTESIAN_POINT('Ctrl Pts',(20.2847301344338,15.9483730442453,31.0813484228734));
#7303=CARTESIAN_POINT('Ctrl Pts',(20.1078521252459,16.4483730442453,31.1438408446191));
#7304=CARTESIAN_POINT('Ctrl Pts',(20.1078521252459,15.9483730442453,31.1438408446191));
#7305=CARTESIAN_POINT('Ctrl Pts',(19.981400231156,16.4483730442453,31.2818768929627));
#7306=CARTESIAN_POINT('Ctrl Pts',(19.981400231156,15.9483730442453,31.2818768929627));
#7307=CARTESIAN_POINT('Ctrl Pts',(19.9215564653277,16.4483730442453,31.3472028970718));
#7308=CARTESIAN_POINT('Ctrl Pts',(19.9215564653277,15.9483730442453,31.3472028970718));
#7309=CARTESIAN_POINT('',(20.377900056541,16.4483730442453,31.0484307408333));
#7310=CARTESIAN_POINT('Ctrl Pts',(20.377900056541,16.4483730442453,31.0484307408333));
#7311=CARTESIAN_POINT('Ctrl Pts',(20.2847301344338,16.4483730442453,31.0813484228734));
#7312=CARTESIAN_POINT('Ctrl Pts',(20.1078521252459,16.4483730442453,31.1438408446191));
#7313=CARTESIAN_POINT('Ctrl Pts',(19.981400231156,16.4483730442453,31.2818768929627));
#7314=CARTESIAN_POINT('Ctrl Pts',(19.9215564653277,16.4483730442453,31.3472028970718));
#7315=CARTESIAN_POINT('',(20.377900056541,15.9483730442453,31.0484307408333));
#7316=CARTESIAN_POINT('',(20.377900056541,16.4483730442453,31.0484307408333));
#7317=CARTESIAN_POINT('Ctrl Pts',(20.377900056541,15.9483730442453,31.0484307408333));
#7318=CARTESIAN_POINT('Ctrl Pts',(20.2847301344338,15.9483730442453,31.0813484228734));
#7319=CARTESIAN_POINT('Ctrl Pts',(20.1078521252459,15.9483730442453,31.1438408446191));
#7320=CARTESIAN_POINT('Ctrl Pts',(19.981400231156,15.9483730442453,31.2818768929627));
#7321=CARTESIAN_POINT('Ctrl Pts',(19.9215564653277,15.9483730442453,31.3472028970718));
#7322=CARTESIAN_POINT('Ctrl Pts',(21.1350623294711,16.4483730442453,30.9788536429405));
#7323=CARTESIAN_POINT('Ctrl Pts',(21.1350623294711,15.9483730442453,30.9788536429405));
#7324=CARTESIAN_POINT('Ctrl Pts',(20.9833548774192,16.4483730442453,30.9787606072341));
#7325=CARTESIAN_POINT('Ctrl Pts',(20.9833548774192,15.9483730442453,30.9787606072341));
#7326=CARTESIAN_POINT('Ctrl Pts',(20.7285255116778,16.4483730442453,30.9786043312586));
#7327=CARTESIAN_POINT('Ctrl Pts',(20.7285255116778,15.9483730442453,30.9786043312586));
#7328=CARTESIAN_POINT('Ctrl Pts',(20.4789114790436,16.4483730442453,31.0283145032468));
#7329=CARTESIAN_POINT('Ctrl Pts',(20.4789114790436,15.9483730442453,31.0283145032468));
#7330=CARTESIAN_POINT('Ctrl Pts',(20.377900056541,16.4483730442453,31.0484307408333));
#7331=CARTESIAN_POINT('Ctrl Pts',(20.377900056541,15.9483730442453,31.0484307408333));
#7332=CARTESIAN_POINT('',(21.1350623294711,16.4483730442453,30.9788536429405));
#7333=CARTESIAN_POINT('Ctrl Pts',(21.1350623294711,16.4483730442453,30.9788536429405));
#7334=CARTESIAN_POINT('Ctrl Pts',(20.9833548774192,16.4483730442453,30.9787606072341));
#7335=CARTESIAN_POINT('Ctrl Pts',(20.7285255116778,16.4483730442453,30.9786043312586));
#7336=CARTESIAN_POINT('Ctrl Pts',(20.4789114790436,16.4483730442453,31.0283145032468));
#7337=CARTESIAN_POINT('Ctrl Pts',(20.377900056541,16.4483730442453,31.0484307408333));
#7338=CARTESIAN_POINT('',(21.1350623294711,15.9483730442453,30.9788536429405));
#7339=CARTESIAN_POINT('',(21.1350623294711,16.4483730442453,30.9788536429405));
#7340=CARTESIAN_POINT('Ctrl Pts',(21.1350623294711,15.9483730442453,30.9788536429405));
#7341=CARTESIAN_POINT('Ctrl Pts',(20.9833548774192,15.9483730442453,30.9787606072341));
#7342=CARTESIAN_POINT('Ctrl Pts',(20.7285255116778,15.9483730442453,30.9786043312586));
#7343=CARTESIAN_POINT('Ctrl Pts',(20.4789114790436,15.9483730442453,31.0283145032468));
#7344=CARTESIAN_POINT('Ctrl Pts',(20.377900056541,15.9483730442453,31.0484307408333));
#7345=CARTESIAN_POINT('Origin',(22.4324703738093,16.4483730442453,30.9788536429405));
#7346=CARTESIAN_POINT('',(22.4324703738093,16.4483730442453,30.9788536429405));
#7347=CARTESIAN_POINT('',(11.2162351869047,16.4483730442453,30.9788536429405));
#7348=CARTESIAN_POINT('',(22.4324703738093,15.9483730442453,30.9788536429405));
#7349=CARTESIAN_POINT('',(22.4324703738093,16.4483730442453,30.9788536429405));
#7350=CARTESIAN_POINT('',(22.4324703738093,15.9483730442453,30.9788536429405));
#7351=CARTESIAN_POINT('Origin',(22.4324703738093,16.4483730442453,32.7919503450394));
#7352=CARTESIAN_POINT('',(22.4324703738093,16.4483730442453,23.6900366495985));
#7353=CARTESIAN_POINT('',(22.4324703738093,15.9483730442453,32.7919503450394));
#7354=CARTESIAN_POINT('Origin',(21.0450214669108,16.4483730442453,30.2708050012589));
#7355=CARTESIAN_POINT('',(21.0450214669108,16.4483730442453,30.2708050012589));
#7356=CARTESIAN_POINT('',(22.4324703738093,16.4483730442453,30.2708050012589));
#7357=CARTESIAN_POINT('',(10.5225107334554,16.4483730442453,30.2708050012589));
#7358=CARTESIAN_POINT('',(21.0450214669108,15.9483730442453,30.2708050012589));
#7359=CARTESIAN_POINT('',(21.0450214669108,16.4483730442453,30.2708050012589));
#7360=CARTESIAN_POINT('',(22.4324703738093,15.9483730442453,30.2708050012589));
#7361=CARTESIAN_POINT('',(21.0450214669108,15.9483730442453,30.2708050012589));
#7362=CARTESIAN_POINT('',(22.4324703738093,16.4483730442453,30.2708050012589));
#7363=CARTESIAN_POINT('Ctrl Pts',(20.1671225354075,16.4483730442453,30.1705321073532));
#7364=CARTESIAN_POINT('Ctrl Pts',(20.1671225354075,15.9483730442453,30.1705321073532));
#7365=CARTESIAN_POINT('Ctrl Pts',(20.2905953326328,16.4483730442453,30.1996277907759));
#7366=CARTESIAN_POINT('Ctrl Pts',(20.2905953326328,15.9483730442453,30.1996277907759));
#7367=CARTESIAN_POINT('Ctrl Pts',(20.5789085692973,16.4483730442453,30.267567214269));
#7368=CARTESIAN_POINT('Ctrl Pts',(20.5789085692973,15.9483730442453,30.267567214269));
#7369=CARTESIAN_POINT('Ctrl Pts',(20.8754669450729,16.4483730442453,30.2696272148734));
#7370=CARTESIAN_POINT('Ctrl Pts',(20.8754669450729,15.9483730442453,30.2696272148734));
#7371=CARTESIAN_POINT('Ctrl Pts',(21.0450214669108,16.4483730442453,30.2708050012589));
#7372=CARTESIAN_POINT('Ctrl Pts',(21.0450214669108,15.9483730442453,30.2708050012589));
#7373=CARTESIAN_POINT('',(20.1671225354075,16.4483730442453,30.1705321073532));
#7374=CARTESIAN_POINT('Ctrl Pts',(20.1671225354075,16.4483730442453,30.1705321073532));
#7375=CARTESIAN_POINT('Ctrl Pts',(20.2905953326328,16.4483730442453,30.1996277907759));
#7376=CARTESIAN_POINT('Ctrl Pts',(20.5789085692973,16.4483730442453,30.267567214269));
#7377=CARTESIAN_POINT('Ctrl Pts',(20.8754669450729,16.4483730442453,30.2696272148734));
#7378=CARTESIAN_POINT('Ctrl Pts',(21.0450214669108,16.4483730442453,30.2708050012589));
#7379=CARTESIAN_POINT('',(20.1671225354075,15.9483730442453,30.1705321073532));
#7380=CARTESIAN_POINT('',(20.1671225354075,16.4483730442453,30.1705321073532));
#7381=CARTESIAN_POINT('Ctrl Pts',(20.1671225354075,15.9483730442453,30.1705321073532));
#7382=CARTESIAN_POINT('Ctrl Pts',(20.2905953326328,15.9483730442453,30.1996277907759));
#7383=CARTESIAN_POINT('Ctrl Pts',(20.5789085692973,15.9483730442453,30.267567214269));
#7384=CARTESIAN_POINT('Ctrl Pts',(20.8754669450729,15.9483730442453,30.2696272148734));
#7385=CARTESIAN_POINT('Ctrl Pts',(21.0450214669108,15.9483730442453,30.2708050012589));
#7386=CARTESIAN_POINT('Ctrl Pts',(19.6903148815036,16.4483730442453,29.822646021843));
#7387=CARTESIAN_POINT('Ctrl Pts',(19.6903148815036,15.9483730442453,29.822646021843));
#7388=CARTESIAN_POINT('Ctrl Pts',(19.7539934557099,16.4483730442453,29.8993154509475));
#7389=CARTESIAN_POINT('Ctrl Pts',(19.7539934557099,15.9483730442453,29.8993154509475));
#7390=CARTESIAN_POINT('Ctrl Pts',(19.8835510231001,16.4483730442453,30.0553036283177));
#7391=CARTESIAN_POINT('Ctrl Pts',(19.8835510231001,15.9483730442453,30.0553036283177));
#7392=CARTESIAN_POINT('Ctrl Pts',(20.0715344546945,16.4483730442453,30.1316901621068));
#7393=CARTESIAN_POINT('Ctrl Pts',(20.0715344546945,15.9483730442453,30.1316901621068));
#7394=CARTESIAN_POINT('Ctrl Pts',(20.1671225354075,16.4483730442453,30.1705321073532));
#7395=CARTESIAN_POINT('Ctrl Pts',(20.1671225354075,15.9483730442453,30.1705321073532));
#7396=CARTESIAN_POINT('',(19.6903148815036,16.4483730442453,29.822646021843));
#7397=CARTESIAN_POINT('Ctrl Pts',(19.6903148815036,16.4483730442453,29.822646021843));
#7398=CARTESIAN_POINT('Ctrl Pts',(19.7539934557099,16.4483730442453,29.8993154509475));
#7399=CARTESIAN_POINT('Ctrl Pts',(19.8835510231001,16.4483730442453,30.0553036283177));
#7400=CARTESIAN_POINT('Ctrl Pts',(20.0715344546945,16.4483730442453,30.1316901621068));
#7401=CARTESIAN_POINT('Ctrl Pts',(20.1671225354075,16.4483730442453,30.1705321073532));
#7402=CARTESIAN_POINT('',(19.6903148815036,15.9483730442453,29.822646021843));
#7403=CARTESIAN_POINT('',(19.6903148815036,16.4483730442453,29.822646021843));
#7404=CARTESIAN_POINT('Ctrl Pts',(19.6903148815036,15.9483730442453,29.822646021843));
#7405=CARTESIAN_POINT('Ctrl Pts',(19.7539934557099,15.9483730442453,29.8993154509475));
#7406=CARTESIAN_POINT('Ctrl Pts',(19.8835510231001,15.9483730442453,30.0553036283177));
#7407=CARTESIAN_POINT('Ctrl Pts',(20.0715344546945,15.9483730442453,30.1316901621068));
#7408=CARTESIAN_POINT('Ctrl Pts',(20.1671225354075,15.9483730442453,30.1705321073532));
#7409=CARTESIAN_POINT('Ctrl Pts',(19.51841866225,16.4483730442453,29.2394264936447));
#7410=CARTESIAN_POINT('Ctrl Pts',(19.51841866225,15.9483730442453,29.2394264936447));
#7411=CARTESIAN_POINT('Ctrl Pts',(19.5247207451444,16.4483730442453,29.3463664332098));
#7412=CARTESIAN_POINT('Ctrl Pts',(19.5247207451444,15.9483730442453,29.3463664332098));
#7413=CARTESIAN_POINT('Ctrl Pts',(19.5369727192286,16.4483730442453,29.5542699771772));
#7414=CARTESIAN_POINT('Ctrl Pts',(19.5369727192286,15.9483730442453,29.5542699771772));
#7415=CARTESIAN_POINT('Ctrl Pts',(19.6401898439531,16.4483730442453,29.734918295059));
#7416=CARTESIAN_POINT('Ctrl Pts',(19.6401898439531,15.9483730442453,29.734918295059));
#7417=CARTESIAN_POINT('Ctrl Pts',(19.6903148815036,16.4483730442453,29.822646021843));
#7418=CARTESIAN_POINT('Ctrl Pts',(19.6903148815036,15.9483730442453,29.822646021843));
#7419=CARTESIAN_POINT('',(19.51841866225,16.4483730442453,29.2394264936447));
#7420=CARTESIAN_POINT('Ctrl Pts',(19.51841866225,16.4483730442453,29.2394264936447));
#7421=CARTESIAN_POINT('Ctrl Pts',(19.5247207451444,16.4483730442453,29.3463664332098));
#7422=CARTESIAN_POINT('Ctrl Pts',(19.5369727192286,16.4483730442453,29.5542699771772));
#7423=CARTESIAN_POINT('Ctrl Pts',(19.6401898439531,16.4483730442453,29.734918295059));
#7424=CARTESIAN_POINT('Ctrl Pts',(19.6903148815036,16.4483730442453,29.822646021843));
#7425=CARTESIAN_POINT('',(19.51841866225,15.9483730442453,29.2394264936447));
#7426=CARTESIAN_POINT('',(19.51841866225,16.4483730442453,29.2394264936447));
#7427=CARTESIAN_POINT('Ctrl Pts',(19.51841866225,15.9483730442453,29.2394264936447));
#7428=CARTESIAN_POINT('Ctrl Pts',(19.5247207451444,15.9483730442453,29.3463664332098));
#7429=CARTESIAN_POINT('Ctrl Pts',(19.5369727192286,15.9483730442453,29.5542699771772));
#7430=CARTESIAN_POINT('Ctrl Pts',(19.6401898439531,15.9483730442453,29.734918295059));
#7431=CARTESIAN_POINT('Ctrl Pts',(19.6903148815036,15.9483730442453,29.822646021843));
#7432=CARTESIAN_POINT('Ctrl Pts',(19.6371087953448,16.4483730442453,28.7339695692062));
#7433=CARTESIAN_POINT('Ctrl Pts',(19.6371087953448,15.9483730442453,28.7339695692062));
#7434=CARTESIAN_POINT('Ctrl Pts',(19.6025035470546,16.4483730442453,28.8114025548282));
#7435=CARTESIAN_POINT('Ctrl Pts',(19.6025035470546,15.9483730442453,28.8114025548282));
#7436=CARTESIAN_POINT('Ctrl Pts',(19.5306638892626,16.4483730442453,28.9721515586274));
#7437=CARTESIAN_POINT('Ctrl Pts',(19.5306638892626,15.9483730442453,28.9721515586274));
#7438=CARTESIAN_POINT('Ctrl Pts',(19.5225987923978,16.4483730442453,29.1481873510429));
#7439=CARTESIAN_POINT('Ctrl Pts',(19.5225987923978,15.9483730442453,29.1481873510429));
#7440=CARTESIAN_POINT('Ctrl Pts',(19.51841866225,16.4483730442453,29.2394264936447));
#7441=CARTESIAN_POINT('Ctrl Pts',(19.51841866225,15.9483730442453,29.2394264936447));
#7442=CARTESIAN_POINT('',(19.6371087953448,16.4483730442453,28.7339695692062));
#7443=CARTESIAN_POINT('Ctrl Pts',(19.6371087953448,16.4483730442453,28.7339695692062));
#7444=CARTESIAN_POINT('Ctrl Pts',(19.6025035470546,16.4483730442453,28.8114025548282));
#7445=CARTESIAN_POINT('Ctrl Pts',(19.5306638892626,16.4483730442453,28.9721515586274));
#7446=CARTESIAN_POINT('Ctrl Pts',(19.5225987923978,16.4483730442453,29.1481873510429));
#7447=CARTESIAN_POINT('Ctrl Pts',(19.51841866225,16.4483730442453,29.2394264936447));
#7448=CARTESIAN_POINT('',(19.6371087953448,15.9483730442453,28.7339695692062));
#7449=CARTESIAN_POINT('',(19.6371087953448,16.4483730442453,28.7339695692062));
#7450=CARTESIAN_POINT('Ctrl Pts',(19.6371087953448,15.9483730442453,28.7339695692062));
#7451=CARTESIAN_POINT('Ctrl Pts',(19.6025035470546,15.9483730442453,28.8114025548282));
#7452=CARTESIAN_POINT('Ctrl Pts',(19.5306638892626,15.9483730442453,28.9721515586274));
#7453=CARTESIAN_POINT('Ctrl Pts',(19.5225987923978,15.9483730442453,29.1481873510429));
#7454=CARTESIAN_POINT('Ctrl Pts',(19.51841866225,15.9483730442453,29.2394264936447));
#7455=CARTESIAN_POINT('Ctrl Pts',(19.9399737045169,16.4483730442453,28.4004088640213));
#7456=CARTESIAN_POINT('Ctrl Pts',(19.9399737045169,15.9483730442453,28.4004088640213));
#7457=CARTESIAN_POINT('Ctrl Pts',(19.8806504592666,16.4483730442453,28.4441988059161));
#7458=CARTESIAN_POINT('Ctrl Pts',(19.8806504592666,15.9483730442453,28.4441988059161));
#7459=CARTESIAN_POINT('Ctrl Pts',(19.7575392951082,16.4483730442453,28.5350743253243));
#7460=CARTESIAN_POINT('Ctrl Pts',(19.7575392951082,15.9483730442453,28.5350743253243));
#7461=CARTESIAN_POINT('Ctrl Pts',(19.6782112492838,16.4483730442453,28.6660874079896));
#7462=CARTESIAN_POINT('Ctrl Pts',(19.6782112492838,15.9483730442453,28.6660874079896));
#7463=CARTESIAN_POINT('Ctrl Pts',(19.6371087953448,16.4483730442453,28.7339695692062));
#7464=CARTESIAN_POINT('Ctrl Pts',(19.6371087953448,15.9483730442453,28.7339695692062));
#7465=CARTESIAN_POINT('',(19.9399737045169,16.4483730442453,28.4004088640213));
#7466=CARTESIAN_POINT('Ctrl Pts',(19.9399737045169,16.4483730442453,28.4004088640213));
#7467=CARTESIAN_POINT('Ctrl Pts',(19.8806504592666,16.4483730442453,28.4441988059161));
#7468=CARTESIAN_POINT('Ctrl Pts',(19.7575392951082,16.4483730442453,28.5350743253243));
#7469=CARTESIAN_POINT('Ctrl Pts',(19.6782112492838,16.4483730442453,28.6660874079896));
#7470=CARTESIAN_POINT('Ctrl Pts',(19.6371087953448,16.4483730442453,28.7339695692062));
#7471=CARTESIAN_POINT('',(19.9399737045169,15.9483730442453,28.4004088640213));
#7472=CARTESIAN_POINT('',(19.9399737045169,16.4483730442453,28.4004088640213));
#7473=CARTESIAN_POINT('Ctrl Pts',(19.9399737045169,15.9483730442453,28.4004088640213));
#7474=CARTESIAN_POINT('Ctrl Pts',(19.8806504592666,15.9483730442453,28.4441988059161));
#7475=CARTESIAN_POINT('Ctrl Pts',(19.7575392951082,15.9483730442453,28.5350743253243));
#7476=CARTESIAN_POINT('Ctrl Pts',(19.6782112492838,15.9483730442453,28.6660874079896));
#7477=CARTESIAN_POINT('Ctrl Pts',(19.6371087953448,15.9483730442453,28.7339695692062));
#7478=CARTESIAN_POINT('Ctrl Pts',(20.3983641192317,16.4483730442453,28.2366981506348));
#7479=CARTESIAN_POINT('Ctrl Pts',(20.3983641192317,15.9483730442453,28.2366981506348));
#7480=CARTESIAN_POINT('Ctrl Pts',(20.3129728843826,16.4483730442453,28.2544341744306));
#7481=CARTESIAN_POINT('Ctrl Pts',(20.3129728843826,15.9483730442453,28.2544341744306));
#7482=CARTESIAN_POINT('Ctrl Pts',(20.1524489257983,16.4483730442453,28.2877754975099));
#7483=CARTESIAN_POINT('Ctrl Pts',(20.1524489257983,15.9483730442453,28.2877754975099));
#7484=CARTESIAN_POINT('Ctrl Pts',(20.0077156498926,16.4483730442453,28.3644987785267));
#7485=CARTESIAN_POINT('Ctrl Pts',(20.0077156498926,15.9483730442453,28.3644987785267));
#7486=CARTESIAN_POINT('Ctrl Pts',(19.9399737045169,16.4483730442453,28.4004088640213));
#7487=CARTESIAN_POINT('Ctrl Pts',(19.9399737045169,15.9483730442453,28.4004088640213));
#7488=CARTESIAN_POINT('',(20.3983641192317,16.4483730442453,28.2366981506348));
#7489=CARTESIAN_POINT('Ctrl Pts',(20.3983641192317,16.4483730442453,28.2366981506348));
#7490=CARTESIAN_POINT('Ctrl Pts',(20.3129728843826,16.4483730442453,28.2544341744306));
#7491=CARTESIAN_POINT('Ctrl Pts',(20.1524489257983,16.4483730442453,28.2877754975099));
#7492=CARTESIAN_POINT('Ctrl Pts',(20.0077156498926,16.4483730442453,28.3644987785267));
#7493=CARTESIAN_POINT('Ctrl Pts',(19.9399737045169,16.4483730442453,28.4004088640213));
#7494=CARTESIAN_POINT('',(20.3983641192317,15.9483730442453,28.2366981506348));
#7495=CARTESIAN_POINT('',(20.3983641192317,16.4483730442453,28.2366981506348));
#7496=CARTESIAN_POINT('Ctrl Pts',(20.3983641192317,15.9483730442453,28.2366981506348));
#7497=CARTESIAN_POINT('Ctrl Pts',(20.3129728843826,15.9483730442453,28.2544341744306));
#7498=CARTESIAN_POINT('Ctrl Pts',(20.1524489257983,15.9483730442453,28.2877754975099));
#7499=CARTESIAN_POINT('Ctrl Pts',(20.0077156498926,15.9483730442453,28.3644987785267));
#7500=CARTESIAN_POINT('Ctrl Pts',(19.9399737045169,15.9483730442453,28.4004088640213));
#7501=CARTESIAN_POINT('Ctrl Pts',(20.9386095926166,16.4483730442453,28.208048582077));
#7502=CARTESIAN_POINT('Ctrl Pts',(20.9386095926166,15.9483730442453,28.208048582077));
#7503=CARTESIAN_POINT('Ctrl Pts',(20.829309913843,16.4483730442453,28.2078416217247));
#7504=CARTESIAN_POINT('Ctrl Pts',(20.829309913843,15.9483730442453,28.2078416217247));
#7505=CARTESIAN_POINT('Ctrl Pts',(20.6486214832776,16.4483730442453,28.2074994858496));
#7506=CARTESIAN_POINT('Ctrl Pts',(20.6486214832776,15.9483730442453,28.2074994858496));
#7507=CARTESIAN_POINT('Ctrl Pts',(20.4692374949132,16.4483730442453,28.2284290315756));
#7508=CARTESIAN_POINT('Ctrl Pts',(20.4692374949132,15.9483730442453,28.2284290315756));
#7509=CARTESIAN_POINT('Ctrl Pts',(20.3983641192317,16.4483730442453,28.2366981506348));
#7510=CARTESIAN_POINT('Ctrl Pts',(20.3983641192317,15.9483730442453,28.2366981506348));
#7511=CARTESIAN_POINT('',(20.9386095926166,16.4483730442453,28.208048582077));
#7512=CARTESIAN_POINT('Ctrl Pts',(20.9386095926166,16.4483730442453,28.208048582077));
#7513=CARTESIAN_POINT('Ctrl Pts',(20.829309913843,16.4483730442453,28.2078416217247));
#7514=CARTESIAN_POINT('Ctrl Pts',(20.6486214832776,16.4483730442453,28.2074994858496));
#7515=CARTESIAN_POINT('Ctrl Pts',(20.4692374949132,16.4483730442453,28.2284290315756));
#7516=CARTESIAN_POINT('Ctrl Pts',(20.3983641192317,16.4483730442453,28.2366981506348));
#7517=CARTESIAN_POINT('',(20.9386095926166,15.9483730442453,28.208048582077));
#7518=CARTESIAN_POINT('',(20.9386095926166,16.4483730442453,28.208048582077));
#7519=CARTESIAN_POINT('Ctrl Pts',(20.9386095926166,15.9483730442453,28.208048582077));
#7520=CARTESIAN_POINT('Ctrl Pts',(20.829309913843,15.9483730442453,28.2078416217247));
#7521=CARTESIAN_POINT('Ctrl Pts',(20.6486214832776,15.9483730442453,28.2074994858496));
#7522=CARTESIAN_POINT('Ctrl Pts',(20.4692374949132,15.9483730442453,28.2284290315756));
#7523=CARTESIAN_POINT('Ctrl Pts',(20.3983641192317,15.9483730442453,28.2366981506348));
#7524=CARTESIAN_POINT('Origin',(22.4324703738093,16.4483730442453,28.208048582077));
#7525=CARTESIAN_POINT('',(22.4324703738093,16.4483730442453,28.208048582077));
#7526=CARTESIAN_POINT('',(11.2162351869047,16.4483730442453,28.208048582077));
#7527=CARTESIAN_POINT('',(22.4324703738093,15.9483730442453,28.208048582077));
#7528=CARTESIAN_POINT('',(22.4324703738093,16.4483730442453,28.208048582077));
#7529=CARTESIAN_POINT('',(22.4324703738093,15.9483730442453,28.208048582077));
#7530=CARTESIAN_POINT('Origin',(22.4324703738093,16.4483730442453,30.2708050012589));
#7531=CARTESIAN_POINT('',(22.4324703738093,16.4483730442453,22.4294639777082));
#7532=CARTESIAN_POINT('',(22.4324703738093,15.9483730442453,30.2708050012589));
#7533=CARTESIAN_POINT('Ctrl Pts',(19.9706695005298,16.4483730442453,27.6002725362778));
#7534=CARTESIAN_POINT('Ctrl Pts',(19.9706695005298,15.9483730442453,27.6002725362778));
#7535=CARTESIAN_POINT('Ctrl Pts',(20.1167077961205,16.4483730442453,27.5710822363243));
#7536=CARTESIAN_POINT('Ctrl Pts',(20.1167077961205,15.9483730442453,27.5710822363243));
#7537=CARTESIAN_POINT('Ctrl Pts',(20.4360442821984,16.4483730442453,27.5072528977455));
#7538=CARTESIAN_POINT('Ctrl Pts',(20.4360442821984,15.9483730442453,27.5072528977455));
#7539=CARTESIAN_POINT('Ctrl Pts',(20.7618180206055,16.4483730442453,27.5025511802381));
#7540=CARTESIAN_POINT('Ctrl Pts',(20.7618180206055,15.9483730442453,27.5025511802381));
#7541=CARTESIAN_POINT('Ctrl Pts',(20.9386095926166,16.4483730442453,27.4999996423721));
#7542=CARTESIAN_POINT('Ctrl Pts',(20.9386095926166,15.9483730442453,27.4999996423721));
#7543=CARTESIAN_POINT('',(19.9706695005298,16.4483730442453,27.6002725362778));
#7544=CARTESIAN_POINT('',(20.9386095926166,16.4483730442453,27.4999996423721));
#7545=CARTESIAN_POINT('Ctrl Pts',(19.9706695005298,16.4483730442453,27.6002725362778));
#7546=CARTESIAN_POINT('Ctrl Pts',(20.1167077961205,16.4483730442453,27.5710822363243));
#7547=CARTESIAN_POINT('Ctrl Pts',(20.4360442821984,16.4483730442453,27.5072528977455));
#7548=CARTESIAN_POINT('Ctrl Pts',(20.7618180206055,16.4483730442453,27.5025511802381));
#7549=CARTESIAN_POINT('Ctrl Pts',(20.9386095926166,16.4483730442453,27.4999996423721));
#7550=CARTESIAN_POINT('',(19.9706695005298,15.9483730442453,27.6002725362778));
#7551=CARTESIAN_POINT('',(19.9706695005298,16.4483730442453,27.6002725362778));
#7552=CARTESIAN_POINT('',(20.9386095926166,15.9483730442453,27.4999996423721));
#7553=CARTESIAN_POINT('Ctrl Pts',(19.9706695005298,15.9483730442453,27.6002725362778));
#7554=CARTESIAN_POINT('Ctrl Pts',(20.1167077961205,15.9483730442453,27.5710822363243));
#7555=CARTESIAN_POINT('Ctrl Pts',(20.4360442821984,15.9483730442453,27.5072528977455));
#7556=CARTESIAN_POINT('Ctrl Pts',(20.7618180206055,15.9483730442453,27.5025511802381));
#7557=CARTESIAN_POINT('Ctrl Pts',(20.9386095926166,15.9483730442453,27.4999996423721));
#7558=CARTESIAN_POINT('',(20.9386095926166,16.4483730442453,27.4999996423721));
#7559=CARTESIAN_POINT('Ctrl Pts',(19.313779823482,16.4483730442453,27.896998167038));
#7560=CARTESIAN_POINT('Ctrl Pts',(19.313779823482,15.9483730442453,27.896998167038));
#7561=CARTESIAN_POINT('Ctrl Pts',(19.4099665746567,16.4483730442453,27.8347074562603));
#7562=CARTESIAN_POINT('Ctrl Pts',(19.4099665746567,15.9483730442453,27.8347074562603));
#7563=CARTESIAN_POINT('Ctrl Pts',(19.6137681253737,16.4483730442453,27.702725210299));
#7564=CARTESIAN_POINT('Ctrl Pts',(19.6137681253737,15.9483730442453,27.702725210299));
#7565=CARTESIAN_POINT('Ctrl Pts',(19.8473366379109,16.4483730442453,27.6356766631586));
#7566=CARTESIAN_POINT('Ctrl Pts',(19.8473366379109,15.9483730442453,27.6356766631586));
#7567=CARTESIAN_POINT('Ctrl Pts',(19.9706695005298,16.4483730442453,27.6002725362778));
#7568=CARTESIAN_POINT('Ctrl Pts',(19.9706695005298,15.9483730442453,27.6002725362778));
#7569=CARTESIAN_POINT('',(19.313779823482,16.4483730442453,27.896998167038));
#7570=CARTESIAN_POINT('Ctrl Pts',(19.313779823482,16.4483730442453,27.896998167038));
#7571=CARTESIAN_POINT('Ctrl Pts',(19.4099665746567,16.4483730442453,27.8347074562603));
#7572=CARTESIAN_POINT('Ctrl Pts',(19.6137681253737,16.4483730442453,27.702725210299));
#7573=CARTESIAN_POINT('Ctrl Pts',(19.8473366379109,16.4483730442453,27.6356766631586));
#7574=CARTESIAN_POINT('Ctrl Pts',(19.9706695005298,16.4483730442453,27.6002725362778));
#7575=CARTESIAN_POINT('',(19.313779823482,15.9483730442453,27.896998167038));
#7576=CARTESIAN_POINT('',(19.313779823482,16.4483730442453,27.896998167038));
#7577=CARTESIAN_POINT('Ctrl Pts',(19.313779823482,15.9483730442453,27.896998167038));
#7578=CARTESIAN_POINT('Ctrl Pts',(19.4099665746567,15.9483730442453,27.8347074562603));
#7579=CARTESIAN_POINT('Ctrl Pts',(19.6137681253737,15.9483730442453,27.702725210299));
#7580=CARTESIAN_POINT('Ctrl Pts',(19.8473366379109,15.9483730442453,27.6356766631586));
#7581=CARTESIAN_POINT('Ctrl Pts',(19.9706695005298,15.9483730442453,27.6002725362778));
#7582=CARTESIAN_POINT('Ctrl Pts',(18.8738069459796,16.4483730442453,28.4556611776352));
#7583=CARTESIAN_POINT('Ctrl Pts',(18.8738069459796,15.9483730442453,28.4556611776352));
#7584=CARTESIAN_POINT('Ctrl Pts',(18.9340271752235,16.4483730442453,28.3438561054898));
#7585=CARTESIAN_POINT('Ctrl Pts',(18.9340271752235,15.9483730442453,28.3438561054898));
#7586=CARTESIAN_POINT('Ctrl Pts',(19.0482647635762,16.4483730442453,28.131762229929));
#7587=CARTESIAN_POINT('Ctrl Pts',(19.0482647635762,15.9483730442453,28.131762229929));
#7588=CARTESIAN_POINT('Ctrl Pts',(19.2285376207646,16.4483730442453,27.9723679251482));
#7589=CARTESIAN_POINT('Ctrl Pts',(19.2285376207646,15.9483730442453,27.9723679251482));
#7590=CARTESIAN_POINT('Ctrl Pts',(19.313779823482,16.4483730442453,27.896998167038));
#7591=CARTESIAN_POINT('Ctrl Pts',(19.313779823482,15.9483730442453,27.896998167038));
#7592=CARTESIAN_POINT('',(18.8738069459796,16.4483730442453,28.4556611776352));
#7593=CARTESIAN_POINT('Ctrl Pts',(18.8738069459796,16.4483730442453,28.4556611776352));
#7594=CARTESIAN_POINT('Ctrl Pts',(18.9340271752235,16.4483730442453,28.3438561054898));
#7595=CARTESIAN_POINT('Ctrl Pts',(19.0482647635762,16.4483730442453,28.131762229929));
#7596=CARTESIAN_POINT('Ctrl Pts',(19.2285376207646,16.4483730442453,27.9723679251482));
#7597=CARTESIAN_POINT('Ctrl Pts',(19.313779823482,16.4483730442453,27.896998167038));
#7598=CARTESIAN_POINT('',(18.8738069459796,15.9483730442453,28.4556611776352));
#7599=CARTESIAN_POINT('',(18.8738069459796,16.4483730442453,28.4556611776352));
#7600=CARTESIAN_POINT('Ctrl Pts',(18.8738069459796,15.9483730442453,28.4556611776352));
#7601=CARTESIAN_POINT('Ctrl Pts',(18.9340271752235,15.9483730442453,28.3438561054898));
#7602=CARTESIAN_POINT('Ctrl Pts',(19.0482647635762,15.9483730442453,28.131762229929));
#7603=CARTESIAN_POINT('Ctrl Pts',(19.2285376207646,15.9483730442453,27.9723679251482));
#7604=CARTESIAN_POINT('Ctrl Pts',(19.313779823482,15.9483730442453,27.896998167038));
#7605=CARTESIAN_POINT('Ctrl Pts',(18.6957714483142,16.4483730442453,29.2394264936447));
#7606=CARTESIAN_POINT('Ctrl Pts',(18.6957714483142,15.9483730442453,29.2394264936447));
#7607=CARTESIAN_POINT('Ctrl Pts',(18.7028482361602,16.4483730442453,29.1020801864272));
#7608=CARTESIAN_POINT('Ctrl Pts',(18.7028482361602,15.9483730442453,29.1020801864272));
#7609=CARTESIAN_POINT('Ctrl Pts',(18.7168434563415,16.4483730442453,28.8304609359379));
#7610=CARTESIAN_POINT('Ctrl Pts',(18.7168434563415,15.9483730442453,28.8304609359379));
#7611=CARTESIAN_POINT('Ctrl Pts',(18.8218819519445,16.4483730442453,28.57964845174));
#7612=CARTESIAN_POINT('Ctrl Pts',(18.8218819519445,15.9483730442453,28.57964845174));
#7613=CARTESIAN_POINT('Ctrl Pts',(18.8738069459796,16.4483730442453,28.4556611776352));
#7614=CARTESIAN_POINT('Ctrl Pts',(18.8738069459796,15.9483730442453,28.4556611776352));
#7615=CARTESIAN_POINT('',(18.6957714483142,16.4483730442453,29.2394264936447));
#7616=CARTESIAN_POINT('Ctrl Pts',(18.6957714483142,16.4483730442453,29.2394264936447));
#7617=CARTESIAN_POINT('Ctrl Pts',(18.7028482361602,16.4483730442453,29.1020801864272));
#7618=CARTESIAN_POINT('Ctrl Pts',(18.7168434563415,16.4483730442453,28.8304609359379));
#7619=CARTESIAN_POINT('Ctrl Pts',(18.8218819519445,16.4483730442453,28.57964845174));
#7620=CARTESIAN_POINT('Ctrl Pts',(18.8738069459796,16.4483730442453,28.4556611776352));
#7621=CARTESIAN_POINT('',(18.6957714483142,15.9483730442453,29.2394264936447));
#7622=CARTESIAN_POINT('',(18.6957714483142,16.4483730442453,29.2394264936447));
#7623=CARTESIAN_POINT('Ctrl Pts',(18.6957714483142,15.9483730442453,29.2394264936447));
#7624=CARTESIAN_POINT('Ctrl Pts',(18.7028482361602,15.9483730442453,29.1020801864272));
#7625=CARTESIAN_POINT('Ctrl Pts',(18.7168434563415,15.9483730442453,28.8304609359379));
#7626=CARTESIAN_POINT('Ctrl Pts',(18.8218819519445,15.9483730442453,28.57964845174));
#7627=CARTESIAN_POINT('Ctrl Pts',(18.8738069459796,15.9483730442453,28.4556611776352));
#7628=CARTESIAN_POINT('Ctrl Pts',(18.9884052202105,16.4483730442453,30.1480218172073));
#7629=CARTESIAN_POINT('Ctrl Pts',(18.9884052202105,15.9483730442453,30.1480218172073));
#7630=CARTESIAN_POINT('Ctrl Pts',(18.9030651632433,16.4483730442453,30.0121580772483));
#7631=CARTESIAN_POINT('Ctrl Pts',(18.9030651632433,15.9483730442453,30.0121580772483));
#7632=CARTESIAN_POINT('Ctrl Pts',(18.7285863420803,16.4483730442453,29.7343829499602));
#7633=CARTESIAN_POINT('Ctrl Pts',(18.7285863420803,15.9483730442453,29.7343829499602));
#7634=CARTESIAN_POINT('Ctrl Pts',(18.7068673661891,16.4483730442453,29.4067894060492));
#7635=CARTESIAN_POINT('Ctrl Pts',(18.7068673661891,15.9483730442453,29.4067894060492));
#7636=CARTESIAN_POINT('Ctrl Pts',(18.6957714483142,16.4483730442453,29.2394264936447));
#7637=CARTESIAN_POINT('Ctrl Pts',(18.6957714483142,15.9483730442453,29.2394264936447));
#7638=CARTESIAN_POINT('',(18.9884052202105,16.4483730442453,30.1480218172073));
#7639=CARTESIAN_POINT('Ctrl Pts',(18.9884052202105,16.4483730442453,30.1480218172073));
#7640=CARTESIAN_POINT('Ctrl Pts',(18.9030651632433,16.4483730442453,30.0121580772483));
#7641=CARTESIAN_POINT('Ctrl Pts',(18.7285863420803,16.4483730442453,29.7343829499602));
#7642=CARTESIAN_POINT('Ctrl Pts',(18.7068673661891,16.4483730442453,29.4067894060492));
#7643=CARTESIAN_POINT('Ctrl Pts',(18.6957714483142,16.4483730442453,29.2394264936447));
#7644=CARTESIAN_POINT('',(18.9884052202105,15.9483730442453,30.1480218172073));
#7645=CARTESIAN_POINT('',(18.9884052202105,16.4483730442453,30.1480218172073));
#7646=CARTESIAN_POINT('Ctrl Pts',(18.9884052202105,15.9483730442453,30.1480218172073));
#7647=CARTESIAN_POINT('Ctrl Pts',(18.9030651632433,15.9483730442453,30.0121580772483));
#7648=CARTESIAN_POINT('Ctrl Pts',(18.7285863420803,15.9483730442453,29.7343829499602));
#7649=CARTESIAN_POINT('Ctrl Pts',(18.7068673661891,15.9483730442453,29.4067894060492));
#7650=CARTESIAN_POINT('Ctrl Pts',(18.6957714483142,15.9483730442453,29.2394264936447));
#7651=CARTESIAN_POINT('Ctrl Pts',(19.8253763243556,16.4483730442453,30.6923597455025));
#7652=CARTESIAN_POINT('Ctrl Pts',(19.8253763243556,15.9483730442453,30.6923597455025));
#7653=CARTESIAN_POINT('Ctrl Pts',(19.656747678192,16.4483730442453,30.6327475927034));
#7654=CARTESIAN_POINT('Ctrl Pts',(19.656747678192,15.9483730442453,30.6327475927034));
#7655=CARTESIAN_POINT('Ctrl Pts',(19.3334134268229,16.4483730442453,30.5184452411381));
#7656=CARTESIAN_POINT('Ctrl Pts',(19.3334134268229,15.9483730442453,30.5184452411381));
#7657=CARTESIAN_POINT('Ctrl Pts',(19.1000584697686,16.4483730442453,30.2679000641638));
#7658=CARTESIAN_POINT('Ctrl Pts',(19.1000584697686,15.9483730442453,30.2679000641638));
#7659=CARTESIAN_POINT('Ctrl Pts',(18.9884052202105,16.4483730442453,30.1480218172073));
#7660=CARTESIAN_POINT('Ctrl Pts',(18.9884052202105,15.9483730442453,30.1480218172073));
#7661=CARTESIAN_POINT('',(19.8253763243556,16.4483730442453,30.6923597455025));
#7662=CARTESIAN_POINT('Ctrl Pts',(19.8253763243556,16.4483730442453,30.6923597455025));
#7663=CARTESIAN_POINT('Ctrl Pts',(19.656747678192,16.4483730442453,30.6327475927034));
#7664=CARTESIAN_POINT('Ctrl Pts',(19.3334134268229,16.4483730442453,30.5184452411381));
#7665=CARTESIAN_POINT('Ctrl Pts',(19.1000584697686,16.4483730442453,30.2679000641638));
#7666=CARTESIAN_POINT('Ctrl Pts',(18.9884052202105,16.4483730442453,30.1480218172073));
#7667=CARTESIAN_POINT('',(19.8253763243556,15.9483730442453,30.6923597455025));
#7668=CARTESIAN_POINT('',(19.8253763243556,16.4483730442453,30.6923597455025));
#7669=CARTESIAN_POINT('Ctrl Pts',(19.8253763243556,15.9483730442453,30.6923597455025));
#7670=CARTESIAN_POINT('Ctrl Pts',(19.656747678192,15.9483730442453,30.6327475927034));
#7671=CARTESIAN_POINT('Ctrl Pts',(19.3334134268229,15.9483730442453,30.5184452411381));
#7672=CARTESIAN_POINT('Ctrl Pts',(19.1000584697686,15.9483730442453,30.2679000641638));
#7673=CARTESIAN_POINT('Ctrl Pts',(18.9884052202105,15.9483730442453,30.1480218172073));
#7674=CARTESIAN_POINT('Ctrl Pts',(19.1950896903872,16.4483730442453,31.2407910227776));
#7675=CARTESIAN_POINT('Ctrl Pts',(19.1950896903872,15.9483730442453,31.2407910227776));
#7676=CARTESIAN_POINT('Ctrl Pts',(19.2763826575903,16.4483730442453,31.1316406445332));
#7677=CARTESIAN_POINT('Ctrl Pts',(19.2763826575903,15.9483730442453,31.1316406445332));
#7678=CARTESIAN_POINT('Ctrl Pts',(19.4464056488718,16.4483730442453,30.903354306279));
#7679=CARTESIAN_POINT('Ctrl Pts',(19.4464056488718,15.9483730442453,30.903354306279));
#7680=CARTESIAN_POINT('Ctrl Pts',(19.6954219850258,16.4483730442453,30.7647127282574));
#7681=CARTESIAN_POINT('Ctrl Pts',(19.6954219850258,15.9483730442453,30.7647127282574));
#7682=CARTESIAN_POINT('Ctrl Pts',(19.8253763243556,16.4483730442453,30.6923597455025));
#7683=CARTESIAN_POINT('Ctrl Pts',(19.8253763243556,15.9483730442453,30.6923597455025));
#7684=CARTESIAN_POINT('',(19.1950896903872,16.4483730442453,31.2407910227776));
#7685=CARTESIAN_POINT('Ctrl Pts',(19.1950896903872,16.4483730442453,31.2407910227776));
#7686=CARTESIAN_POINT('Ctrl Pts',(19.2763826575903,16.4483730442453,31.1316406445332));
#7687=CARTESIAN_POINT('Ctrl Pts',(19.4464056488718,16.4483730442453,30.903354306279));
#7688=CARTESIAN_POINT('Ctrl Pts',(19.6954219850258,16.4483730442453,30.7647127282574));
#7689=CARTESIAN_POINT('Ctrl Pts',(19.8253763243556,16.4483730442453,30.6923597455025));
#7690=CARTESIAN_POINT('',(19.1950896903872,15.9483730442453,31.2407910227776));
#7691=CARTESIAN_POINT('',(19.1950896903872,16.4483730442453,31.2407910227776));
#7692=CARTESIAN_POINT('Ctrl Pts',(19.1950896903872,15.9483730442453,31.2407910227776));
#7693=CARTESIAN_POINT('Ctrl Pts',(19.2763826575903,15.9483730442453,31.1316406445332));
#7694=CARTESIAN_POINT('Ctrl Pts',(19.4464056488718,15.9483730442453,30.903354306279));
#7695=CARTESIAN_POINT('Ctrl Pts',(19.6954219850258,15.9483730442453,30.7647127282574));
#7696=CARTESIAN_POINT('Ctrl Pts',(19.8253763243556,15.9483730442453,30.6923597455025));
#7697=CARTESIAN_POINT('Ctrl Pts',(18.986358396709,16.4483730442453,31.9652112722397));
#7698=CARTESIAN_POINT('Ctrl Pts',(18.986358396709,15.9483730442453,31.9652112722397));
#7699=CARTESIAN_POINT('Ctrl Pts',(18.9953795451759,16.4483730442453,31.8383223200571));
#7700=CARTESIAN_POINT('Ctrl Pts',(18.9953795451759,15.9483730442453,31.8383223200571));
#7701=CARTESIAN_POINT('Ctrl Pts',(19.0135939411748,16.4483730442453,31.5821237183603));
#7702=CARTESIAN_POINT('Ctrl Pts',(19.0135939411748,15.9483730442453,31.5821237183603));
#7703=CARTESIAN_POINT('Ctrl Pts',(19.134211222429,16.4483730442453,31.3552830241676));
#7704=CARTESIAN_POINT('Ctrl Pts',(19.134211222429,15.9483730442453,31.3552830241676));
#7705=CARTESIAN_POINT('Ctrl Pts',(19.1950896903872,16.4483730442453,31.2407910227776));
#7706=CARTESIAN_POINT('Ctrl Pts',(19.1950896903872,15.9483730442453,31.2407910227776));
#7707=CARTESIAN_POINT('',(18.986358396709,16.4483730442453,31.9652112722397));
#7708=CARTESIAN_POINT('Ctrl Pts',(18.986358396709,16.4483730442453,31.9652112722397));
#7709=CARTESIAN_POINT('Ctrl Pts',(18.9953795451759,16.4483730442453,31.8383223200571));
#7710=CARTESIAN_POINT('Ctrl Pts',(19.0135939411748,16.4483730442453,31.5821237183603));
#7711=CARTESIAN_POINT('Ctrl Pts',(19.134211222429,16.4483730442453,31.3552830241676));
#7712=CARTESIAN_POINT('Ctrl Pts',(19.1950896903872,16.4483730442453,31.2407910227776));
#7713=CARTESIAN_POINT('',(18.986358396709,15.9483730442453,31.9652112722397));
#7714=CARTESIAN_POINT('',(18.986358396709,16.4483730442453,31.9652112722397));
#7715=CARTESIAN_POINT('Ctrl Pts',(18.986358396709,15.9483730442453,31.9652112722397));
#7716=CARTESIAN_POINT('Ctrl Pts',(18.9953795451759,15.9483730442453,31.8383223200571));
#7717=CARTESIAN_POINT('Ctrl Pts',(19.0135939411748,15.9483730442453,31.5821237183603));
#7718=CARTESIAN_POINT('Ctrl Pts',(19.134211222429,15.9483730442453,31.3552830241676));
#7719=CARTESIAN_POINT('Ctrl Pts',(19.1950896903872,15.9483730442453,31.2407910227776));
#7720=CARTESIAN_POINT('Ctrl Pts',(19.2216930314898,16.4483730442453,32.7571620941162));
#7721=CARTESIAN_POINT('Ctrl Pts',(19.2216930314898,15.9483730442453,32.7571620941162));
#7722=CARTESIAN_POINT('Ctrl Pts',(19.1530616015054,16.4483730442453,32.6309504669856));
#7723=CARTESIAN_POINT('Ctrl Pts',(19.1530616015054,15.9483730442453,32.6309504669856));
#7724=CARTESIAN_POINT('Ctrl Pts',(19.0184877135911,16.4483730442453,32.3834721707178));
#7725=CARTESIAN_POINT('Ctrl Pts',(19.0184877135911,15.9483730442453,32.3834721707178));
#7726=CARTESIAN_POINT('Ctrl Pts',(18.9969245484005,16.4483730442453,32.1027619122411));
#7727=CARTESIAN_POINT('Ctrl Pts',(18.9969245484005,15.9483730442453,32.1027619122411));
#7728=CARTESIAN_POINT('Ctrl Pts',(18.986358396709,16.4483730442453,31.9652112722397));
#7729=CARTESIAN_POINT('Ctrl Pts',(18.986358396709,15.9483730442453,31.9652112722397));
#7730=CARTESIAN_POINT('',(19.2216930314898,16.4483730442453,32.7571620941162));
#7731=CARTESIAN_POINT('Ctrl Pts',(19.2216930314898,16.4483730442453,32.7571620941162));
#7732=CARTESIAN_POINT('Ctrl Pts',(19.1530616015054,16.4483730442453,32.6309504669856));
#7733=CARTESIAN_POINT('Ctrl Pts',(19.0184877135911,16.4483730442453,32.3834721707178));
#7734=CARTESIAN_POINT('Ctrl Pts',(18.9969245484005,16.4483730442453,32.1027619122411));
#7735=CARTESIAN_POINT('Ctrl Pts',(18.986358396709,16.4483730442453,31.9652112722397));
#7736=CARTESIAN_POINT('',(19.2216930314898,15.9483730442453,32.7571620941162));
#7737=CARTESIAN_POINT('',(19.2216930314898,16.4483730442453,32.7571620941162));
#7738=CARTESIAN_POINT('Ctrl Pts',(19.2216930314898,15.9483730442453,32.7571620941162));
#7739=CARTESIAN_POINT('Ctrl Pts',(19.1530616015054,15.9483730442453,32.6309504669856));
#7740=CARTESIAN_POINT('Ctrl Pts',(19.0184877135911,15.9483730442453,32.3834721707178));
#7741=CARTESIAN_POINT('Ctrl Pts',(18.9969245484005,15.9483730442453,32.1027619122411));
#7742=CARTESIAN_POINT('Ctrl Pts',(18.986358396709,15.9483730442453,31.9652112722397));
#7743=CARTESIAN_POINT('Ctrl Pts',(19.8724431321025,16.4483730442453,33.3178713321686));
#7744=CARTESIAN_POINT('Ctrl Pts',(19.8724431321025,15.9483730442453,33.3178713321686));
#7745=CARTESIAN_POINT('Ctrl Pts',(19.7416591881857,16.4483730442453,33.2492725775504));
#7746=CARTESIAN_POINT('Ctrl Pts',(19.7416591881857,15.9483730442453,33.2492725775504));
#7747=CARTESIAN_POINT('Ctrl Pts',(19.4813033040269,16.4483730442453,33.1127107881139));
#7748=CARTESIAN_POINT('Ctrl Pts',(19.4813033040269,15.9483730442453,33.1127107881139));
#7749=CARTESIAN_POINT('Ctrl Pts',(19.3079608087922,16.4483730442453,32.8753099441769));
#7750=CARTESIAN_POINT('Ctrl Pts',(19.3079608087922,15.9483730442453,32.8753099441769));
#7751=CARTESIAN_POINT('Ctrl Pts',(19.2216930314898,16.4483730442453,32.7571620941162));
#7752=CARTESIAN_POINT('Ctrl Pts',(19.2216930314898,15.9483730442453,32.7571620941162));
#7753=CARTESIAN_POINT('',(19.8724431321025,16.4483730442453,33.3178713321686));
#7754=CARTESIAN_POINT('Ctrl Pts',(19.8724431321025,16.4483730442453,33.3178713321686));
#7755=CARTESIAN_POINT('Ctrl Pts',(19.7416591881857,16.4483730442453,33.2492725775504));
#7756=CARTESIAN_POINT('Ctrl Pts',(19.4813033040269,16.4483730442453,33.1127107881139));
#7757=CARTESIAN_POINT('Ctrl Pts',(19.3079608087922,16.4483730442453,32.8753099441769));
#7758=CARTESIAN_POINT('Ctrl Pts',(19.2216930314898,16.4483730442453,32.7571620941162));
#7759=CARTESIAN_POINT('',(19.8724431321025,15.9483730442453,33.3178713321686));
#7760=CARTESIAN_POINT('',(19.8724431321025,16.4483730442453,33.3178713321686));
#7761=CARTESIAN_POINT('Ctrl Pts',(19.8724431321025,15.9483730442453,33.3178713321686));
#7762=CARTESIAN_POINT('Ctrl Pts',(19.7416591881857,15.9483730442453,33.2492725775504));
#7763=CARTESIAN_POINT('Ctrl Pts',(19.4813033040269,15.9483730442453,33.1127107881139));
#7764=CARTESIAN_POINT('Ctrl Pts',(19.3079608087922,15.9483730442453,32.8753099441769));
#7765=CARTESIAN_POINT('Ctrl Pts',(19.2216930314898,15.9483730442453,32.7571620941162));
#7766=CARTESIAN_POINT('Ctrl Pts',(20.9754443690181,16.4483730442453,33.4999998807907));
#7767=CARTESIAN_POINT('Ctrl Pts',(20.9754443690181,15.9483730442453,33.4999998807907));
#7768=CARTESIAN_POINT('Ctrl Pts',(20.7669275151515,16.4483730442453,33.4961909213859));
#7769=CARTESIAN_POINT('Ctrl Pts',(20.7669275151515,15.9483730442453,33.4961909213859));
#7770=CARTESIAN_POINT('Ctrl Pts',(20.3897799718454,16.4483730442453,33.4893015997054));
#7771=CARTESIAN_POINT('Ctrl Pts',(20.3897799718454,15.9483730442453,33.4893015997054));
#7772=CARTESIAN_POINT('Ctrl Pts',(20.0322862015474,16.4483730442453,33.3708386409968));
#7773=CARTESIAN_POINT('Ctrl Pts',(20.0322862015474,15.9483730442453,33.3708386409968));
#7774=CARTESIAN_POINT('Ctrl Pts',(19.8724431321025,16.4483730442453,33.3178713321686));
#7775=CARTESIAN_POINT('Ctrl Pts',(19.8724431321025,15.9483730442453,33.3178713321686));
#7776=CARTESIAN_POINT('',(20.9754443690181,16.4483730442453,33.4999998807907));
#7777=CARTESIAN_POINT('Ctrl Pts',(20.9754443690181,16.4483730442453,33.4999998807907));
#7778=CARTESIAN_POINT('Ctrl Pts',(20.7669275151515,16.4483730442453,33.4961909213859));
#7779=CARTESIAN_POINT('Ctrl Pts',(20.3897799718454,16.4483730442453,33.4893015997054));
#7780=CARTESIAN_POINT('Ctrl Pts',(20.0322862015474,16.4483730442453,33.3708386409968));
#7781=CARTESIAN_POINT('Ctrl Pts',(19.8724431321025,16.4483730442453,33.3178713321686));
#7782=CARTESIAN_POINT('',(20.9754443690181,15.9483730442453,33.4999998807907));
#7783=CARTESIAN_POINT('',(20.9754443690181,16.4483730442453,33.4999998807907));
#7784=CARTESIAN_POINT('Ctrl Pts',(20.9754443690181,15.9483730442453,33.4999998807907));
#7785=CARTESIAN_POINT('Ctrl Pts',(20.7669275151515,15.9483730442453,33.4961909213859));
#7786=CARTESIAN_POINT('Ctrl Pts',(20.3897799718454,15.9483730442453,33.4893015997054));
#7787=CARTESIAN_POINT('Ctrl Pts',(20.0322862015474,15.9483730442453,33.3708386409968));
#7788=CARTESIAN_POINT('Ctrl Pts',(19.8724431321025,15.9483730442453,33.3178713321686));
#7789=CARTESIAN_POINT('Origin',(23.2264675721526,16.4483730442453,33.4999998807907));
#7790=CARTESIAN_POINT('',(23.2264675721526,16.4483730442453,33.4999998807907));
#7791=CARTESIAN_POINT('',(11.6132337860763,16.4483730442453,33.4999998807907));
#7792=CARTESIAN_POINT('',(23.2264675721526,15.9483730442453,33.4999998807907));
#7793=CARTESIAN_POINT('',(23.2264675721526,16.4483730442453,33.4999998807907));
#7794=CARTESIAN_POINT('',(23.2264675721526,15.9483730442453,33.4999998807907));
#7795=CARTESIAN_POINT('Origin',(23.2264675721526,16.4483730442453,27.4999996423721));
#7796=CARTESIAN_POINT('',(23.2264675721526,16.4483730442453,27.4999996423721));
#7797=CARTESIAN_POINT('',(23.2264675721526,16.4483730442453,21.0440612982649));
#7798=CARTESIAN_POINT('',(23.2264675721526,15.9483730442453,27.4999996423721));
#7799=CARTESIAN_POINT('',(23.2264675721526,16.4483730442453,27.4999996423721));
#7800=CARTESIAN_POINT('',(23.2264675721526,15.9483730442453,27.4999996423721));
#7801=CARTESIAN_POINT('Origin',(20.9386095926166,16.4483730442453,27.4999996423721));
#7802=CARTESIAN_POINT('',(10.4693047963083,16.4483730442453,27.4999996423721));
#7803=CARTESIAN_POINT('',(20.9386095926166,15.9483730442453,27.4999996423721));
#7804=CARTESIAN_POINT('Origin',(-1.21444463943839E-6,15.9483730442453,30.5020462870598));
#7805=CARTESIAN_POINT('Origin',(-2.25119771214044E-15,16.4483730442453,
14.5881229541576));
#7806=CARTESIAN_POINT('Origin',(-2.25119771214044E-15,16.4483730442453,
14.5881229541576));
#7807=CARTESIAN_POINT('Origin',(-2.25119771214044E-15,16.4483730442453,
14.5881229541576));
#7808=CARTESIAN_POINT('Origin',(-2.25119771214044E-15,16.4483730442453,
14.5881229541576));
#7809=CARTESIAN_POINT('Origin',(-2.25119771214044E-15,16.4483730442453,
14.5881229541576));
#7810=CARTESIAN_POINT('Origin',(-3.,16.4483730442453,3.666));
#7811=CARTESIAN_POINT('',(3.,16.4483730442453,3.666));
#7812=CARTESIAN_POINT('',(-3.,16.4483730442453,3.666));
#7813=CARTESIAN_POINT('',(-1.5,16.4483730442453,3.666));
#7814=CARTESIAN_POINT('',(3.,14.4483730442453,3.666));
#7815=CARTESIAN_POINT('',(3.,16.4483730442453,3.666));
#7816=CARTESIAN_POINT('',(-3.,14.4483730442453,3.666));
#7817=CARTESIAN_POINT('',(-1.5,14.4483730442453,3.666));
#7818=CARTESIAN_POINT('',(-3.,16.4483730442453,3.666));
#7819=CARTESIAN_POINT('Origin',(-3.,16.4483730442453,2.066));
#7820=CARTESIAN_POINT('',(-3.,16.4483730442453,0.466000000000002));
#7821=CARTESIAN_POINT('Origin',(-3.,16.4483730442453,2.066));
#7822=CARTESIAN_POINT('',(-3.,14.4483730442453,0.466000000000001));
#7823=CARTESIAN_POINT('Origin',(-3.,14.4483730442453,2.066));
#7824=CARTESIAN_POINT('',(-3.,16.4483730442453,0.466000000000001));
#7825=CARTESIAN_POINT('Origin',(3.,16.4483730442453,0.466000000000001));
#7826=CARTESIAN_POINT('',(3.,16.4483730442453,0.466));
#7827=CARTESIAN_POINT('',(1.5,16.4483730442453,0.466));
#7828=CARTESIAN_POINT('',(3.,14.4483730442453,0.466000000000001));
#7829=CARTESIAN_POINT('',(1.5,14.4483730442453,0.466000000000001));
#7830=CARTESIAN_POINT('',(3.,16.4483730442453,0.466000000000001));
#7831=CARTESIAN_POINT('Origin',(3.,16.4483730442453,2.066));
#7832=CARTESIAN_POINT('Origin',(3.,16.4483730442453,2.066));
#7833=CARTESIAN_POINT('Origin',(3.,14.4483730442453,2.066));
#7834=CARTESIAN_POINT('Origin',(0.,14.4483730442453,2.066));
#7835=CARTESIAN_POINT('',(-10.2,14.4483730442453,-1.484));
#7836=CARTESIAN_POINT('',(-10.2,14.4483730442453,5.616));
#7837=CARTESIAN_POINT('',(-10.2,14.4483730442453,-1.484));
#7838=CARTESIAN_POINT('',(10.2,14.4483730442453,-1.484));
#7839=CARTESIAN_POINT('',(10.2,14.4483730442453,-1.484));
#7840=CARTESIAN_POINT('',(10.2,14.4483730442453,5.616));
#7841=CARTESIAN_POINT('',(10.2,14.4483730442453,5.616));
#7842=CARTESIAN_POINT('',(-10.2,14.4483730442453,5.616));
#7843=CARTESIAN_POINT('',(7.05,14.4483730442453,2.07));
#7844=CARTESIAN_POINT('Origin',(8.,14.4483730442453,2.07));
#7845=CARTESIAN_POINT('',(-8.95,14.4483730442453,2.07));
#7846=CARTESIAN_POINT('Origin',(-8.,14.4483730442453,2.07));
#7847=CARTESIAN_POINT('Origin',(-2.25119771214044E-15,16.4483730442453,
14.5881229541576));
#7848=CARTESIAN_POINT('',(31.5,16.4483730442453,-8.96587254384628));
#7849=CARTESIAN_POINT('',(31.5,16.4483730442453,41.5831514699088));
#7850=CARTESIAN_POINT('',(31.5,16.4483730442453,16.8987511009411));
#7851=CARTESIAN_POINT('',(-31.5,16.4483730442453,-8.96587254384628));
#7852=CARTESIAN_POINT('',(-3.86081016631529E-15,16.4483730442453,-8.96587254384628));
#7853=CARTESIAN_POINT('',(-31.5,16.4483730442453,41.5831514699088));
#7854=CARTESIAN_POINT('',(-31.5,16.4483730442453,16.8987511009411));
#7855=CARTESIAN_POINT('',(-29.5,16.4483730442453,43.7115070148607));
#7856=CARTESIAN_POINT('Origin',(-29.5,16.4483730442453,41.5831514699088));
#7857=CARTESIAN_POINT('',(29.5,16.4483730442453,43.7115070148607));
#7858=CARTESIAN_POINT('',(-1.48106189425303E-15,16.4483730442453,43.7115070148607));
#7859=CARTESIAN_POINT('Origin',(29.5,16.4483730442453,41.5831514699088));
#7860=CARTESIAN_POINT('',(25.,16.4483730442453,37.9));
#7861=CARTESIAN_POINT('Origin',(25.,16.4483730442453,40.));
#7862=CARTESIAN_POINT('',(-25.,16.4483730442453,37.9));
#7863=CARTESIAN_POINT('Origin',(-25.,16.4483730442453,40.));
#7864=CARTESIAN_POINT('',(-8.95,16.4483730442453,2.07));
#7865=CARTESIAN_POINT('Origin',(-8.,16.4483730442453,2.07));
#7866=CARTESIAN_POINT('',(7.05,16.4483730442453,2.07));
#7867=CARTESIAN_POINT('Origin',(8.,16.4483730442453,2.07));
#7868=CARTESIAN_POINT('Origin',(10.2,13.9483730442453,-1.484));
#7869=CARTESIAN_POINT('',(10.2,13.9483730442453,-1.484));
#7870=CARTESIAN_POINT('',(-10.2,13.9483730442453,-1.484));
#7871=CARTESIAN_POINT('',(5.1,13.9483730442453,-1.484));
#7872=CARTESIAN_POINT('',(10.2,13.9483730442453,-1.484));
#7873=CARTESIAN_POINT('',(-10.2,13.9483730442453,-1.484));
#7874=CARTESIAN_POINT('Origin',(10.2,13.9483730442453,5.616));
#7875=CARTESIAN_POINT('',(10.2,13.9483730442453,5.616));
#7876=CARTESIAN_POINT('',(10.2,13.9483730442453,10.1020614770788));
#7877=CARTESIAN_POINT('',(10.2,13.9483730442453,5.616));
#7878=CARTESIAN_POINT('Origin',(-10.2,13.9483730442453,5.616));
#7879=CARTESIAN_POINT('',(-10.2,13.9483730442453,5.616));
#7880=CARTESIAN_POINT('',(-5.1,13.9483730442453,5.616));
#7881=CARTESIAN_POINT('',(-10.2,13.9483730442453,5.616));
#7882=CARTESIAN_POINT('Origin',(-10.2,13.9483730442453,-1.484));
#7883=CARTESIAN_POINT('',(-10.2,13.9483730442453,6.5520614770788));
#7884=CARTESIAN_POINT('Origin',(32.5,-11.7080291998516,19.2093792477246));
#7885=CARTESIAN_POINT('',(32.5,15.4483730442453,41.5831514699088));
#7886=CARTESIAN_POINT('',(32.5,15.4483730442453,-8.96587254384628));
#7887=CARTESIAN_POINT('',(32.5,15.4483730442453,16.8987511009411));
#7888=CARTESIAN_POINT('',(32.5,13.9483730442453,42.1291068213081));
#7889=CARTESIAN_POINT('',(32.5,1.50982666468998,46.6563674610059));
#7890=CARTESIAN_POINT('',(32.5,13.9483730442453,-8.96587254384628));
#7891=CARTESIAN_POINT('',(32.5,13.9483730442453,20.8915334461087));
#7892=CARTESIAN_POINT('',(32.5,-10.6450194748769,-8.96587254384628));
#7893=CARTESIAN_POINT('Origin',(-9.19091946847121E-16,-9.58200974990223,
-8.96587254384628));
#7894=CARTESIAN_POINT('Origin',(31.5,15.4483730442453,-8.96587254384628));
#7895=CARTESIAN_POINT('',(-32.5,13.9483730442453,-8.96587254384628));
#7896=CARTESIAN_POINT('',(-2.63829304722598E-15,13.9483730442453,-8.96587254384628));
#7897=CARTESIAN_POINT('',(-32.5,15.4483730442453,-8.96587254384628));
#7898=CARTESIAN_POINT('',(-32.5,-10.6450194748769,-8.96587254384628));
#7899=CARTESIAN_POINT('Origin',(-31.5,15.4483730442453,-8.96587254384628));
#7900=CARTESIAN_POINT('Origin',(-25.,15.7733730442453,40.));
#7901=CARTESIAN_POINT('',(-25.,15.5483730442453,38.8));
#7902=CARTESIAN_POINT('',(-25.,15.7733730442453,38.575));
#7903=CARTESIAN_POINT('Origin',(-25.,15.5483730442453,40.));
#7904=CARTESIAN_POINT('Origin',(25.,15.7733730442453,40.));
#7905=CARTESIAN_POINT('',(25.,15.5483730442453,38.8));
#7906=CARTESIAN_POINT('',(25.,15.7733730442453,38.575));
#7907=CARTESIAN_POINT('Origin',(25.,15.5483730442453,40.));
#7908=CARTESIAN_POINT('Origin',(-32.5,-11.7080291998516,19.2093792477246));
#7909=CARTESIAN_POINT('',(-32.5,15.4483730442453,41.5831514699088));
#7910=CARTESIAN_POINT('',(-32.5,15.4483730442453,16.8987511009411));
#7911=CARTESIAN_POINT('',(-32.5,13.9483730442453,42.1291068213081));
#7912=CARTESIAN_POINT('',(-32.5,13.9483730442453,27.9575334461087));
#7913=CARTESIAN_POINT('',(-32.5,1.50982666468997,46.6563674610059));
#7914=CARTESIAN_POINT('Origin',(-29.5,1.50982666468997,46.6563674610059));
#7915=CARTESIAN_POINT('',(-29.5,15.790393187571,44.6511996356466));
#7916=CARTESIAN_POINT('Origin',(-29.5,15.4483730442453,41.5831514699088));
#7917=CARTESIAN_POINT('',(-29.5,13.9483730442453,45.3216401387359));
#7918=CARTESIAN_POINT('Origin',(-29.5,13.9483730442453,42.1291068213081));
#7919=CARTESIAN_POINT('',(-29.5,2.53588709466698,49.4754453233636));
#7920=CARTESIAN_POINT('Origin',(4.82066578370293E-16,5.38625557107277,48.4379960412612));
#7921=CARTESIAN_POINT('',(29.5,15.790393187571,44.6511996356466));
#7922=CARTESIAN_POINT('',(-1.44452171210578E-15,15.790393187571,44.6511996356466));
#7923=CARTESIAN_POINT('',(29.5,13.9483730442453,45.3216401387359));
#7924=CARTESIAN_POINT('',(1.28162452454024E-16,13.9483730442453,45.3216401387359));
#7925=CARTESIAN_POINT('',(29.5,2.53588709466698,49.4754453233636));
#7926=CARTESIAN_POINT('Origin',(29.5,1.50982666468998,46.6563674610059));
#7927=CARTESIAN_POINT('Origin',(29.5,15.4483730442453,41.5831514699088));
#7928=CARTESIAN_POINT('Origin',(29.5,13.9483730442453,42.1291068213081));
#7929=CARTESIAN_POINT('Origin',(31.5,15.4483730442453,16.8987511009411));
#7930=CARTESIAN_POINT('Origin',(31.5,15.4483730442453,41.5831514699088));
#7931=CARTESIAN_POINT('Ctrl Pts',(31.5,16.4483730442453,41.5831514699088));
#7932=CARTESIAN_POINT('Ctrl Pts',(31.5,16.4483730442453,42.2199539598372));
#7933=CARTESIAN_POINT('Ctrl Pts',(30.997728977886,16.4483730442453,43.3224273035631));
#7934=CARTESIAN_POINT('Ctrl Pts',(29.9487989505128,16.4483730442453,43.7115070148607));
#7935=CARTESIAN_POINT('Ctrl Pts',(29.5,16.4483730442453,43.7115070148607));
#7936=CARTESIAN_POINT('Ctrl Pts',(31.7991993003419,16.4483730442453,41.5831514699088));
#7937=CARTESIAN_POINT('Ctrl Pts',(31.7792849891201,16.4475698309877,42.3044399314048));
#7938=CARTESIAN_POINT('Ctrl Pts',(31.1827855154591,16.4481262436945,43.5214083801191));
#7939=CARTESIAN_POINT('Ctrl Pts',(30.0044584766361,16.4483730442453,43.9442175817932));
#7940=CARTESIAN_POINT('Ctrl Pts',(29.5,16.4483730442453,43.9442175817932));
#7941=CARTESIAN_POINT('Ctrl Pts',(32.3170532875743,16.1971216482159,41.5831514699089));
#7942=CARTESIAN_POINT('Ctrl Pts',(32.2654387686914,16.2320374267016,42.4495619596403));
#7943=CARTESIAN_POINT('Ctrl Pts',(31.5056892885209,16.2839556095349,43.867626269045));
#7944=CARTESIAN_POINT('Ctrl Pts',(30.1012009761916,16.3001203911369,44.3498202707415));
#7945=CARTESIAN_POINT('Ctrl Pts',(29.5,16.3001203911369,44.3498202707415));
#7946=CARTESIAN_POINT('Ctrl Pts',(32.5,15.6727725195017,41.5831514699088));
#7947=CARTESIAN_POINT('Ctrl Pts',(32.4768198140603,15.7606956568127,42.5013378420062));
#7948=CARTESIAN_POINT('Ctrl Pts',(31.6988139649782,15.9053763293629,44.053120989311));
#7949=CARTESIAN_POINT('Ctrl Pts',(30.15900895353,15.9544004894651,44.5915058595548));
#7950=CARTESIAN_POINT('Ctrl Pts',(29.5,15.9544004894651,44.5915058595548));
#7951=CARTESIAN_POINT('Ctrl Pts',(32.5,15.4483730442453,41.5831514699088));
#7952=CARTESIAN_POINT('Ctrl Pts',(32.5,15.5507052318312,42.5011093345128));
#7953=CARTESIAN_POINT('Ctrl Pts',(31.746593466829,15.7278692831703,44.0903369088322));
#7954=CARTESIAN_POINT('Ctrl Pts',(30.1731984257692,15.790393187571,44.6511996356466));
#7955=CARTESIAN_POINT('Ctrl Pts',(29.5,15.790393187571,44.6511996356466));
#7956=CARTESIAN_POINT('Origin',(29.5,15.4483730442453,43.7115070148607));
#7957=CARTESIAN_POINT('Origin',(-1.40496768731351E-15,15.4483730442453,
43.7115070148607));
#7958=CARTESIAN_POINT('Origin',(-29.5,15.4483730442453,43.7115070148607));
#7959=CARTESIAN_POINT('Ctrl Pts',(-29.5,16.4483730442453,43.7115070148607));
#7960=CARTESIAN_POINT('Ctrl Pts',(-29.9487989505128,16.4483730442453,43.7115070148607));
#7961=CARTESIAN_POINT('Ctrl Pts',(-30.997728977886,16.4483730442453,43.3224273035631));
#7962=CARTESIAN_POINT('Ctrl Pts',(-31.5,16.4483730442453,42.2199539598372));
#7963=CARTESIAN_POINT('Ctrl Pts',(-31.5,16.4483730442453,41.5831514699088));
#7964=CARTESIAN_POINT('Ctrl Pts',(-29.5,16.4483730442453,43.9442175817932));
#7965=CARTESIAN_POINT('Ctrl Pts',(-30.0044584766361,16.4483730442453,43.9442175817932));
#7966=CARTESIAN_POINT('Ctrl Pts',(-31.1827855154591,16.4481262436945,43.5214083801191));
#7967=CARTESIAN_POINT('Ctrl Pts',(-31.7792849891201,16.4475698309877,42.3044399314048));
#7968=CARTESIAN_POINT('Ctrl Pts',(-31.7991993003419,16.4483730442453,41.5831514699088));
#7969=CARTESIAN_POINT('Ctrl Pts',(-29.5,16.3001203911369,44.3498202707415));
#7970=CARTESIAN_POINT('Ctrl Pts',(-30.1012009761916,16.3001203911369,44.3498202707415));
#7971=CARTESIAN_POINT('Ctrl Pts',(-31.5056892885209,16.2839556095349,43.867626269045));
#7972=CARTESIAN_POINT('Ctrl Pts',(-32.2654387686914,16.2320374267016,42.4495619596402));
#7973=CARTESIAN_POINT('Ctrl Pts',(-32.3170532875743,16.1971216482159,41.5831514699088));
#7974=CARTESIAN_POINT('Ctrl Pts',(-29.5,15.9544004894651,44.5915058595548));
#7975=CARTESIAN_POINT('Ctrl Pts',(-30.15900895353,15.9544004894651,44.5915058595548));
#7976=CARTESIAN_POINT('Ctrl Pts',(-31.6988139649782,15.9053763293629,44.053120989311));
#7977=CARTESIAN_POINT('Ctrl Pts',(-32.4768198140603,15.7606956568127,42.5013378420062));
#7978=CARTESIAN_POINT('Ctrl Pts',(-32.5,15.6727725195017,41.5831514699088));
#7979=CARTESIAN_POINT('Ctrl Pts',(-29.5,15.790393187571,44.6511996356466));
#7980=CARTESIAN_POINT('Ctrl Pts',(-30.1731984257692,15.790393187571,44.6511996356466));
#7981=CARTESIAN_POINT('Ctrl Pts',(-31.746593466829,15.7278692831703,44.0903369088322));
#7982=CARTESIAN_POINT('Ctrl Pts',(-32.5,15.5507052318312,42.5011093345128));
#7983=CARTESIAN_POINT('Ctrl Pts',(-32.5,15.4483730442453,41.5831514699088));
#7984=CARTESIAN_POINT('Origin',(-31.5,15.4483730442453,41.5831514699088));
#7985=CARTESIAN_POINT('Origin',(-31.5,15.4483730442453,16.8987511009411));
#7986=CARTESIAN_POINT('Origin',(25.,15.6983730442453,40.));
#7987=CARTESIAN_POINT('',(25.,13.9483730442453,38.8));
#7988=CARTESIAN_POINT('',(25.,15.6983730442453,38.8));
#7989=CARTESIAN_POINT('Origin',(25.,13.9483730442453,40.));
#7990=CARTESIAN_POINT('Origin',(-25.,15.6983730442453,40.));
#7991=CARTESIAN_POINT('',(-25.,13.9483730442453,38.8));
#7992=CARTESIAN_POINT('',(-25.,15.6983730442453,38.8));
#7993=CARTESIAN_POINT('Origin',(-25.,13.9483730442453,40.));
#7994=CARTESIAN_POINT('Origin',(-2.06096219479164E-15,13.9483730442453,
14.5881229541576));
#7995=CARTESIAN_POINT('Origin',(-8.,11.65,2.07));
#7996=CARTESIAN_POINT('',(-8.95,11.65,2.07));
#7997=CARTESIAN_POINT('Origin',(8.,11.65,2.07));
#7998=CARTESIAN_POINT('',(7.05,11.65,2.07));
#7999=UNCERTAINTY_MEASURE_WITH_UNIT(LENGTH_MEASURE(0.01),#8003,
'DISTANCE_ACCURACY_VALUE',
'Maximum model space distance between geometric entities at asserted c
onnectivities');
#8000=UNCERTAINTY_MEASURE_WITH_UNIT(LENGTH_MEASURE(0.01),#8003,
'DISTANCE_ACCURACY_VALUE',
'Maximum model space distance between geometric entities at asserted c
onnectivities');
#8001=(
GEOMETRIC_REPRESENTATION_CONTEXT(3)
GLOBAL_UNCERTAINTY_ASSIGNED_CONTEXT((#7999))
GLOBAL_UNIT_ASSIGNED_CONTEXT((#8003,#8005,#8006))
REPRESENTATION_CONTEXT('','3D')
);
#8002=(
GEOMETRIC_REPRESENTATION_CONTEXT(3)
GLOBAL_UNCERTAINTY_ASSIGNED_CONTEXT((#8000))
GLOBAL_UNIT_ASSIGNED_CONTEXT((#8003,#8005,#8006))
REPRESENTATION_CONTEXT('','3D')
);
#8003=(
LENGTH_UNIT()
NAMED_UNIT(*)
SI_UNIT(.MILLI.,.METRE.)
);
#8004=(
LENGTH_UNIT()
NAMED_UNIT(*)
SI_UNIT($,.METRE.)
);
#8005=(
NAMED_UNIT(*)
PLANE_ANGLE_UNIT()
SI_UNIT($,.RADIAN.)
);
#8006=(
NAMED_UNIT(*)
SI_UNIT($,.STERADIAN.)
SOLID_ANGLE_UNIT()
);
#8007=SHAPE_DEFINITION_REPRESENTATION(#8008,#8009);
#8008=PRODUCT_DEFINITION_SHAPE('',$,#8011);
#8009=SHAPE_REPRESENTATION('',(#4031),#8001);
#8010=PRODUCT_DEFINITION_CONTEXT('part definition',#8015,'design');
#8011=PRODUCT_DEFINITION('2026-09-23-14-38-00-057','back-plate',#8012,#8010);
#8012=PRODUCT_DEFINITION_FORMATION('',$,#8017);
#8013=PRODUCT_RELATED_PRODUCT_CATEGORY('back-plate','back-plate',(#8017));
#8014=APPLICATION_PROTOCOL_DEFINITION('international standard',
'automotive_design',2009,#8015);
#8015=APPLICATION_CONTEXT(
'Core Data for Automotive Mechanical Design Process');
#8016=PRODUCT_CONTEXT('part definition',#8015,'mechanical');
#8017=PRODUCT('2026-09-23-14-38-00-057','back-plate',$,(#8016));
#8018=PRESENTATION_STYLE_ASSIGNMENT((#8020));
#8019=PRESENTATION_STYLE_ASSIGNMENT((#8021));
#8020=SURFACE_STYLE_USAGE(.BOTH.,#8022);
#8021=SURFACE_STYLE_USAGE(.BOTH.,#8023);
#8022=SURFACE_SIDE_STYLE('',(#8024));
#8023=SURFACE_SIDE_STYLE('',(#8025));
#8024=SURFACE_STYLE_FILL_AREA(#8026);
#8025=SURFACE_STYLE_FILL_AREA(#8027);
#8026=FILL_AREA_STYLE('Steel - Satin',(#8028));
#8027=FILL_AREA_STYLE('Opaque(76,76,76)',(#8029));
#8028=FILL_AREA_STYLE_COLOUR('Steel - Satin',#8030);
#8029=FILL_AREA_STYLE_COLOUR('Opaque(76,76,76)',#8031);
#8030=COLOUR_RGB('Steel - Satin',0.627450980392157,0.627450980392157,0.627450980392157);
#8031=COLOUR_RGB('Opaque(76,76,76)',0.298039215686275,0.298039215686275,
0.298039215686275);
ENDSEC;
END-ISO-10303-21;
